trial_id,gesture_label,gesture_name,repeat_index,stage,frame_index,prediction_time_s,raw_label,raw_name,smoothed_label,smoothed_name,confidence,proportional,window_start_sample,window_end_sample,vote2_label,vote2_name,vote2_confidence,vote3_label,vote3_name,vote3_confidence,vote4_label,vote4_name,vote4_confidence,vote5_label,vote5_name,vote5_confidence,prob_rest,prob_power,prob_open,prob_flexion,prob_extension
power_01,1,POWER,1,countdown,0,0.196893,2,OPEN,2,OPEN,0.738393,1.000000,0,100,0,REST,0.000000,0,REST,0.000000,0,REST,0.000000,0,REST,0.000000,0.00000009,0.23224486,0.73839309,0.00013590,0.02922606
power_01,1,POWER,1,countdown,1,0.296042,1,POWER,2,OPEN,0.966521,1.000000,50,150,0,REST,0.000000,0,REST,0.000000,0,REST,0.000000,0,REST,0.000000,0.00818166,0.96652051,0.02507978,0.00020915,0.00000890
power_01,1,POWER,1,countdown,2,0.398895,1,POWER,1,POWER,0.994304,0.640351,100,200,1,POWER,1.000000,1,POWER,0.666667,0,REST,0.000000,0,REST,0.000000,0.00234266,0.99430405,0.00243697,0.00091611,0.00000020
power_01,1,POWER,1,countdown,3,0.495946,1,POWER,1,POWER,0.996012,0.309594,150,250,1,POWER,1.000000,1,POWER,1.000000,1,POWER,0.750000,1,POWER,0.600000,0.00114871,0.99601190,0.00060386,0.00223552,0.00000002
power_01,1,POWER,1,countdown,4,0.597844,1,POWER,1,POWER,0.995617,0.116298,200,300,1,POWER,1.000000,1,POWER,1.000000,1,POWER,1.000000,1,POWER,0.800000,0.00072647,0.99561714,0.00032521,0.00333117,0.00000001
power_01,1,POWER,1,countdown,5,0.696292,1,POWER,1,POWER,0.984055,0.005235,250,350,1,POWER,1.000000,1,POWER,1.000000,1,POWER,1.000000,1,POWER,1.000000,0.00837813,0.98405465,0.00052230,0.00704481,0.00000010
power_01,1,POWER,1,countdown,6,0.800961,1,POWER,1,POWER,0.919684,0.000000,300,400,1,POWER,1.000000,1,POWER,1.000000,1,POWER,1.000000,1,POWER,1.000000,0.06952691,0.91968426,0.00096826,0.00982037,0.00000021
power_01,1,POWER,1,countdown,7,0.901000,1,POWER,1,POWER,0.932099,0.000000,350,450,1,POWER,1.000000,1,POWER,1.000000,1,POWER,1.000000,1,POWER,1.000000,0.05446445,0.93209946,0.00081342,0.01262264,0.00000004
power_01,1,POWER,1,countdown,8,0.997420,1,POWER,1,POWER,0.909430,0.000000,400,500,1,POWER,1.000000,1,POWER,1.000000,1,POWER,1.000000,1,POWER,1.000000,0.06971730,0.90943037,0.00086644,0.01998584,0.00000005
power_01,1,POWER,1,countdown,9,1.097736,1,POWER,1,POWER,0.777980,0.000000,450,550,1,POWER,1.000000,1,POWER,1.000000,1,POWER,1.000000,1,POWER,1.000000,0.20889014,0.77797973,0.00160841,0.01152169,0.00000003
power_01,1,POWER,1,countdown,10,1.198043,0,REST,1,POWER,0.968704,0.000000,500,600,0,REST,0.000000,1,POWER,0.666667,1,POWER,0.750000,1,POWER,0.800000,0.96870388,0.03069402,0.00040597,0.00019612,0.00000000
power_01,1,POWER,1,countdown,11,1.300560,0,REST,1,POWER,0.971934,0.000000,550,650,0,REST,1.000000,0,REST,0.666667,0,REST,0.000000,1,POWER,0.600000,0.97193360,0.02657552,0.00122469,0.00026618,0.00000001
power_01,1,POWER,1,countdown,12,1.398340,0,REST,0,REST,0.761580,0.000000,600,700,0,REST,1.000000,0,REST,1.000000,0,REST,0.750000,0,REST,0.600000,0.76157988,0.21862914,0.01364573,0.00614508,0.00000017
power_01,1,POWER,1,countdown,13,1.497851,0,REST,0,REST,0.892067,0.000000,650,750,0,REST,1.000000,0,REST,1.000000,0,REST,1.000000,0,REST,0.800000,0.89206732,0.10266013,0.00198004,0.00329237,0.00000014
power_01,1,POWER,1,countdown,14,1.598319,0,REST,0,REST,0.964761,0.000000,700,800,0,REST,1.000000,0,REST,1.000000,0,REST,1.000000,0,REST,1.000000,0.96476128,0.03358465,0.00060883,0.00104470,0.00000054
power_01,1,POWER,1,countdown,15,1.698714,0,REST,0,REST,0.989773,0.000000,750,850,0,REST,1.000000,0,REST,1.000000,0,REST,1.000000,0,REST,1.000000,0.98977308,0.00862395,0.00137576,0.00022618,0.00000104
power_01,1,POWER,1,countdown,16,1.798930,0,REST,0,REST,0.989636,0.000000,800,900,0,REST,1.000000,0,REST,1.000000,0,REST,1.000000,0,REST,1.000000,0.98963617,0.00833159,0.00181993,0.00021034,0.00000197
power_01,1,POWER,1,countdown,17,1.902152,0,REST,0,REST,0.981024,0.000000,850,950,0,REST,1.000000,0,REST,1.000000,0,REST,1.000000,0,REST,1.000000,0.98102353,0.01718097,0.00122235,0.00057297,0.00000018
power_01,1,POWER,1,countdown,18,1.999372,0,REST,0,REST,0.993965,0.000000,900,1000,0,REST,1.000000,0,REST,1.000000,0,REST,1.000000,0,REST,1.000000,0.99396516,0.00410945,0.00171766,0.00020728,0.00000045
power_01,1,POWER,1,countdown,19,2.099526,0,REST,0,REST,0.965217,0.000000,950,1050,0,REST,1.000000,0,REST,1.000000,0,REST,1.000000,0,REST,1.000000,0.96521693,0.02109149,0.01291033,0.00077838,0.00000286
power_01,1,POWER,1,countdown,20,2.203027,0,REST,0,REST,0.921944,0.000000,1000,1100,0,REST,1.000000,0,REST,1.000000,0,REST,1.000000,0,REST,1.000000,0.92194418,0.05941474,0.01660345,0.00203723,0.00000039
power_01,1,POWER,1,countdown,21,2.302706,0,REST,0,REST,0.933271,0.000000,1050,1150,0,REST,1.000000,0,REST,1.000000,0,REST,1.000000,0,REST,1.000000,0.93327124,0.05249145,0.01162594,0.00261115,0.00000021
power_01,1,POWER,1,countdown,22,2.399867,0,REST,0,REST,0.968764,0.000000,1100,1200,0,REST,1.000000,0,REST,1.000000,0,REST,1.000000,0,REST,1.000000,0.96876368,0.02253448,0.00725510,0.00144659,0.00000014
power_01,1,POWER,1,countdown,23,2.506443,0,REST,0,REST,0.980768,0.000000,1150,1250,0,REST,1.000000,0,REST,1.000000,0,REST,1.000000,0,REST,1.000000,0.98076814,0.01680178,0.00177108,0.00065897,0.00000002
power_01,1,POWER,1,countdown,24,2.600112,0,REST,0,REST,0.953777,0.000000,1200,1300,0,REST,1.000000,0,REST,1.000000,0,REST,1.000000,0,REST,1.000000,0.95377678,0.04239183,0.00138941,0.00244183,0.00000015
power_01,1,POWER,1,countdown,25,2.701011,0,REST,0,REST,0.818950,0.000000,1250,1350,0,REST,1.000000,0,REST,1.000000,0,REST,1.000000,0,REST,1.000000,0.81894955,0.16779583,0.00650660,0.00674780,0.00000022
power_01,1,POWER,1,countdown,26,2.801843,0,REST,0,REST,0.687122,0.000000,1300,1400,0,REST,1.000000,0,REST,1.000000,0,REST,1.000000,0,REST,1.000000,0.68712160,0.29968013,0.00416287,0.00903539,0.00000001
power_01,1,POWER,1,countdown,27,2.901578,0,REST,0,REST,0.873570,0.000000,1350,1450,0,REST,1.000000,0,REST,1.000000,0,REST,1.000000,0,REST,1.000000,0.87356968,0.12003351,0.00298280,0.00341398,0.00000002
power_01,1,POWER,1,active,28,3.001649,0,REST,0,REST,0.903450,0.000000,1400,1500,0,REST,1.000000,0,REST,1.000000,0,REST,1.000000,0,REST,1.000000,0.90345005,0.09058840,0.00473724,0.00122427,0.00000004
power_01,1,POWER,1,active,29,3.101563,0,REST,0,REST,0.540388,0.000000,1450,1550,0,REST,1.000000,0,REST,1.000000,0,REST,1.000000,0,REST,1.000000,0.54038774,0.44109348,0.01202669,0.00649143,0.00000067
power_01,1,POWER,1,active,30,3.201295,2,OPEN,0,REST,0.674295,0.000000,1500,1600,0,REST,0.000000,0,REST,0.666667,0,REST,0.750000,0,REST,0.800000,0.00019718,0.30914279,0.67429481,0.01556690,0.00079833
power_01,1,POWER,1,active,31,3.301609,3,FLEXION,0,REST,0.999532,0.000000,1550,1650,0,REST,0.000000,0,REST,0.000000,0,REST,0.000000,0,REST,0.600000,0.00000000,0.00046463,0.00000284,0.99953242,0.00000010
power_01,1,POWER,1,active,32,3.401852,3,FLEXION,0,REST,0.836818,0.000000,1600,1700,3,FLEXION,1.000000,3,FLEXION,0.666667,0,REST,0.000000,0,REST,0.000000,0.00000000,0.16318170,0.00000004,0.83681826,0.00000000
power_01,1,POWER,1,active,33,3.502492,3,FLEXION,3,FLEXION,0.597660,1.000000,1650,1750,3,FLEXION,1.000000,3,FLEXION,1.000000,3,FLEXION,0.750000,3,FLEXION,0.600000,0.00000000,0.40233951,0.00000034,0.59766015,0.00000000
power_01,1,POWER,1,active,34,3.602323,1,POWER,3,FLEXION,0.795844,0.751966,1700,1800,0,REST,0.000000,3,FLEXION,0.666667,3,FLEXION,0.750000,3,FLEXION,0.600000,0.00000022,0.79584429,0.00000044,0.20415505,0.00000000
power_01,1,POWER,1,active,35,3.702573,1,POWER,3,FLEXION,0.988244,0.639743,1750,1850,1,POWER,1.000000,1,POWER,0.666667,0,REST,0.000000,3,FLEXION,0.600000,0.00000029,0.98824381,0.00000454,0.01175137,0.00000000
power_01,1,POWER,1,active,36,3.803025,1,POWER,1,POWER,0.968588,0.977884,1800,1900,1,POWER,1.000000,1,POWER,1.000000,1,POWER,0.750000,1,POWER,0.600000,0.00001004,0.96858784,0.00073195,0.03066793,0.00000223
power_01,1,POWER,1,active,37,3.903392,1,POWER,1,POWER,0.944409,0.756767,1850,1950,1,POWER,1.000000,1,POWER,1.000000,1,POWER,1.000000,1,POWER,0.800000,0.00049617,0.94440905,0.04751221,0.00682169,0.00076088
power_01,1,POWER,1,active,38,4.003212,1,POWER,1,POWER,0.918615,0.593051,1900,2000,1,POWER,1.000000,1,POWER,1.000000,1,POWER,1.000000,1,POWER,1.000000,0.00132912,0.91861497,0.07899865,0.00104319,0.00001408
power_01,1,POWER,1,active,39,4.103057,1,POWER,1,POWER,0.990434,0.544265,1950,2050,1,POWER,1.000000,1,POWER,1.000000,1,POWER,1.000000,1,POWER,1.000000,0.00075797,0.99043397,0.00876351,0.00004450,0.00000005
power_01,1,POWER,1,active,40,4.204433,1,POWER,1,POWER,0.976241,0.554458,2000,2100,1,POWER,1.000000,1,POWER,1.000000,1,POWER,1.000000,1,POWER,1.000000,0.00109483,0.97624082,0.00132010,0.02134424,0.00000001
power_01,1,POWER,1,active,41,4.303642,3,FLEXION,1,POWER,0.573024,0.540507,2050,2150,0,REST,0.000000,1,POWER,0.666667,1,POWER,0.750000,1,POWER,0.800000,0.00127739,0.42486784,0.00083085,0.57302392,0.00000000
power_01,1,POWER,1,active,42,4.403951,1,POWER,1,POWER,0.808419,0.529341,2100,2200,0,REST,0.000000,1,POWER,0.666667,1,POWER,0.750000,1,POWER,0.800000,0.00633580,0.80841946,0.00623399,0.17901074,0.00000001
power_01,1,POWER,1,active,43,4.504829,1,POWER,1,POWER,0.950073,0.593918,2150,2250,1,POWER,1.000000,1,POWER,0.666667,1,POWER,0.750000,1,POWER,0.800000,0.00796109,0.95007317,0.03765395,0.00430791,0.00000388
power_01,1,POWER,1,active,44,4.604880,1,POWER,1,POWER,0.952160,0.625162,2200,2300,1,POWER,1.000000,1,POWER,1.000000,1,POWER,0.750000,1,POWER,0.800000,0.00456916,0.95215971,0.04253540,0.00065261,0.00008312
power_01,1,POWER,1,active,45,4.704887,1,POWER,1,POWER,0.975672,0.547608,2250,2350,1,POWER,1.000000,1,POWER,1.000000,1,POWER,1.000000,1,POWER,0.800000,0.00759297,0.97567195,0.01455856,0.00216424,0.00001228
power_01,1,POWER,1,active,46,4.804695,1,POWER,1,POWER,0.970521,0.595714,2300,2400,1,POWER,1.000000,1,POWER,1.000000,1,POWER,1.000000,1,POWER,1.000000,0.00098108,0.97052142,0.00344071,0.02505589,0.00000091
power_01,1,POWER,1,active,47,4.904914,1,POWER,1,POWER,0.990549,0.644829,2350,2450,1,POWER,1.000000,1,POWER,1.000000,1,POWER,1.000000,1,POWER,1.000000,0.00017140,0.99054889,0.00630506,0.00297451,0.00000013
power_01,1,POWER,1,active,48,5.005113,1,POWER,1,POWER,0.992120,0.637505,2400,2500,1,POWER,1.000000,1,POWER,1.000000,1,POWER,1.000000,1,POWER,1.000000,0.00014812,0.99212038,0.00126558,0.00646591,0.00000001
power_01,1,POWER,1,active,49,5.105174,1,POWER,1,POWER,0.982742,0.586967,2450,2550,1,POWER,1.000000,1,POWER,1.000000,1,POWER,1.000000,1,POWER,1.000000,0.00113696,0.98274180,0.00324872,0.01287241,0.00000011
power_01,1,POWER,1,active,50,5.205748,1,POWER,1,POWER,0.749294,0.483997,2500,2600,1,POWER,1.000000,1,POWER,1.000000,1,POWER,1.000000,1,POWER,1.000000,0.00835370,0.74929429,0.24110203,0.00123844,0.00001154
power_01,1,POWER,1,active,51,5.306330,1,POWER,1,POWER,0.971120,0.471719,2550,2650,1,POWER,1.000000,1,POWER,1.000000,1,POWER,1.000000,1,POWER,1.000000,0.00410181,0.97112002,0.01167623,0.01310169,0.00000026
power_01,1,POWER,1,active,52,5.405716,1,POWER,1,POWER,0.984081,0.482382,2600,2700,1,POWER,1.000000,1,POWER,1.000000,1,POWER,1.000000,1,POWER,1.000000,0.00129818,0.98408087,0.00423113,0.01038981,0.00000002
power_02,1,POWER,2,countdown,0,0.198478,1,POWER,1,POWER,0.565405,1.000000,0,100,0,REST,0.000000,0,REST,0.000000,0,REST,0.000000,0,REST,0.000000,0.00000044,0.56540484,0.42540055,0.00063068,0.00856348
power_02,1,POWER,2,countdown,1,0.298477,1,POWER,1,POWER,0.987835,1.000000,50,150,1,POWER,1.000000,1,POWER,0.666667,0,REST,0.000000,0,REST,0.000000,0.00747832,0.98783488,0.00446256,0.00022175,0.00000248
power_02,1,POWER,2,countdown,2,0.398566,1,POWER,1,POWER,0.996474,0.649381,100,200,1,POWER,1.000000,1,POWER,1.000000,1,POWER,0.750000,1,POWER,0.600000,0.00172472,0.99647431,0.00119116,0.00060971,0.00000010
power_02,1,POWER,2,countdown,3,0.498265,1,POWER,1,POWER,0.995524,0.318317,150,250,1,POWER,1.000000,1,POWER,1.000000,1,POWER,1.000000,1,POWER,0.800000,0.00182600,0.99552406,0.00058559,0.00206433,0.00000002
power_02,1,POWER,2,countdown,4,0.598404,1,POWER,1,POWER,0.992229,0.138011,200,300,1,POWER,1.000000,1,POWER,1.000000,1,POWER,1.000000,1,POWER,1.000000,0.00251865,0.99222855,0.00035624,0.00489655,0.00000001
power_02,1,POWER,2,countdown,5,0.700140,1,POWER,1,POWER,0.990280,0.031631,250,350,1,POWER,1.000000,1,POWER,1.000000,1,POWER,1.000000,1,POWER,1.000000,0.00434485,0.99028023,0.00094070,0.00443414,0.00000008
power_02,1,POWER,2,countdown,6,0.799850,1,POWER,1,POWER,0.914892,0.000000,300,400,1,POWER,1.000000,1,POWER,1.000000,1,POWER,1.000000,1,POWER,1.000000,0.07721329,0.91489159,0.00354063,0.00435407,0.00000042
power_02,1,POWER,2,countdown,7,0.899680,1,POWER,1,POWER,0.778692,0.000000,350,450,1,POWER,1.000000,1,POWER,1.000000,1,POWER,1.000000,1,POWER,1.000000,0.19472392,0.77869215,0.01860870,0.00797357,0.00000166
power_02,1,POWER,2,countdown,8,0.999722,1,POWER,1,POWER,0.744611,0.000000,400,500,1,POWER,1.000000,1,POWER,1.000000,1,POWER,1.000000,1,POWER,1.000000,0.19616066,0.74461132,0.04827961,0.01094030,0.00000812
power_02,1,POWER,2,countdown,9,1.101276,0,REST,1,POWER,0.520616,0.000000,450,550,0,REST,0.000000,1,POWER,0.666667,1,POWER,0.750000,1,POWER,0.800000,0.52061570,0.46144615,0.01459967,0.00333832,0.00000017
power_02,1,POWER,2,countdown,10,1.199525,0,REST,1,POWER,0.789420,0.000000,500,600,0,REST,1.000000,0,REST,0.666667,0,REST,0.000000,1,POWER,0.600000,0.78941996,0.19404109,0.01532590,0.00121299,0.00000005
power_02,1,POWER,2,countdown,11,1.300087,0,REST,0,REST,0.882924,0.000000,550,650,0,REST,1.000000,0,REST,1.000000,0,REST,0.750000,0,REST,0.600000,0.88292358,0.10974261,0.00655622,0.00077753,0.00000005
power_02,1,POWER,2,countdown,12,1.400199,0,REST,0,REST,0.926747,0.000000,600,700,0,REST,1.000000,0,REST,1.000000,0,REST,1.000000,0,REST,0.800000,0.92674659,0.07016346,0.00214514,0.00094477,0.00000004
power_02,1,POWER,2,countdown,13,1.500151,0,REST,0,REST,0.907297,0.000000,650,750,0,REST,1.000000,0,REST,1.000000,0,REST,1.000000,0,REST,1.000000,0.90729664,0.08186541,0.00963806,0.00119928,0.00000061
power_02,1,POWER,2,countdown,14,1.601599,0,REST,0,REST,0.551113,0.000000,700,800,0,REST,1.000000,0,REST,1.000000,0,REST,1.000000,0,REST,1.000000,0.55111269,0.43074279,0.01410942,0.00403470,0.00000039
power_02,1,POWER,2,countdown,15,1.702340,0,REST,0,REST,0.812645,0.000000,750,850,0,REST,1.000000,0,REST,1.000000,0,REST,1.000000,0,REST,1.000000,0.81264486,0.17672428,0.00930015,0.00133055,0.00000016
power_02,1,POWER,2,countdown,16,1.801264,0,REST,0,REST,0.887468,0.000000,800,900,0,REST,1.000000,0,REST,1.000000,0,REST,1.000000,0,REST,1.000000,0.88746760,0.08687767,0.02520140,0.00045296,0.00000037
power_02,1,POWER,2,countdown,17,1.901432,0,REST,0,REST,0.480938,0.000000,850,950,0,REST,1.000000,0,REST,1.000000,0,REST,1.000000,0,REST,1.000000,0.48093820,0.47486288,0.03988516,0.00431310,0.00000067
power_02,1,POWER,2,countdown,18,2.001725,0,REST,0,REST,0.687463,0.000000,900,1000,0,REST,1.000000,0,REST,1.000000,0,REST,1.000000,0,REST,1.000000,0.68746277,0.29066082,0.02021242,0.00166383,0.00000017
power_02,1,POWER,2,countdown,19,2.101115,0,REST,0,REST,0.740519,0.000000,950,1050,0,REST,1.000000,0,REST,1.000000,0,REST,1.000000,0,REST,1.000000,0.74051937,0.22244771,0.03560719,0.00142524,0.00000049
power_02,1,POWER,2,countdown,20,2.201506,0,REST,0,REST,0.510988,0.000000,1000,1100,0,REST,1.000000,0,REST,1.000000,0,REST,1.000000,0,REST,1.000000,0.41534165,0.51098805,0.06264138,0.01102622,0.00000270
power_02,1,POWER,2,countdown,21,2.301870,0,REST,0,REST,0.628062,0.000000,1050,1150,0,REST,1.000000,0,REST,1.000000,0,REST,1.000000,0,REST,1.000000,0.62806169,0.33364763,0.03412043,0.00416518,0.00000507
power_02,1,POWER,2,countdown,22,2.403433,0,REST,0,REST,0.906444,0.000000,1100,1200,0,REST,1.000000,0,REST,1.000000,0,REST,1.000000,0,REST,1.000000,0.90644448,0.08153836,0.01157305,0.00042773,0.00001638
power_02,1,POWER,2,countdown,23,2.502330,0,REST,0,REST,0.954131,0.000000,1150,1250,0,REST,1.000000,0,REST,1.000000,0,REST,1.000000,0,REST,1.000000,0.95413072,0.03826220,0.00728965,0.00031584,0.00000158
power_02,1,POWER,2,countdown,24,2.602486,0,REST,0,REST,0.925057,0.000000,1200,1300,0,REST,1.000000,0,REST,1.000000,0,REST,1.000000,0,REST,1.000000,0.92505682,0.06695422,0.00733811,0.00065072,0.00000014
power_02,1,POWER,2,countdown,25,2.702435,0,REST,0,REST,0.936700,0.000000,1250,1350,0,REST,1.000000,0,REST,1.000000,0,REST,1.000000,0,REST,1.000000,0.93670014,0.05920383,0.00379109,0.00030487,0.00000007
power_02,1,POWER,2,countdown,26,2.802671,0,REST,0,REST,0.958340,0.000000,1300,1400,0,REST,1.000000,0,REST,1.000000,0,REST,1.000000,0,REST,1.000000,0.95834001,0.03498342,0.00634598,0.00033013,0.00000046
power_02,1,POWER,2,countdown,27,2.903912,0,REST,0,REST,0.869593,0.000000,1350,1450,0,REST,1.000000,0,REST,1.000000,0,REST,1.000000,0,REST,1.000000,0.86959336,0.11221111,0.01641314,0.00178029,0.00000210
power_02,1,POWER,2,active,28,3.008552,0,REST,0,REST,0.881689,0.000000,1400,1500,0,REST,1.000000,0,REST,1.000000,0,REST,1.000000,0,REST,1.000000,0.88168907,0.08579609,0.03121287,0.00129941,0.00000257
power_02,1,POWER,2,active,29,3.104688,1,POWER,0,REST,0.853606,0.000000,1450,1550,0,REST,0.000000,0,REST,0.666667,0,REST,0.750000,0,REST,0.800000,0.00002603,0.85360634,0.05495984,0.09140368,0.00000411
power_02,1,POWER,2,active,30,3.206674,1,POWER,0,REST,0.999776,0.000000,1500,1600,1,POWER,1.000000,1,POWER,0.666667,0,REST,0.000000,0,REST,0.600000,0.00000000,0.99977573,0.00000011,0.00022415,0.00000000
power_02,1,POWER,2,active,31,3.303608,1,POWER,1,POWER,0.999973,1.000000,1550,1650,1,POWER,1.000000,1,POWER,1.000000,1,POWER,0.750000,1,POWER,0.600000,0.00000000,0.99997332,0.00000002,0.00002666,0.00000000
power_02,1,POWER,2,active,32,3.404478,1,POWER,1,POWER,0.990955,1.000000,1600,1700,1,POWER,1.000000,1,POWER,1.000000,1,POWER,1.000000,1,POWER,0.800000,0.00000000,0.99095510,0.00000020,0.00904471,0.00000000
power_02,1,POWER,2,active,33,3.504971,3,FLEXION,1,POWER,0.711332,1.000000,1650,1750,0,REST,0.000000,1,POWER,0.666667,1,POWER,0.750000,1,POWER,0.800000,0.00000000,0.28866821,0.00000000,0.71133179,0.00000000
power_02,1,POWER,2,active,34,3.605277,3,FLEXION,1,POWER,0.985914,1.000000,1700,1800,3,FLEXION,1.000000,3,FLEXION,0.666667,0,REST,0.000000,1,POWER,0.600000,0.00000000,0.01408644,0.00000000,0.98591356,0.00000000
power_02,1,POWER,2,active,35,3.704389,3,FLEXION,3,FLEXION,0.999243,0.971426,1750,1850,3,FLEXION,1.000000,3,FLEXION,1.000000,3,FLEXION,0.750000,3,FLEXION,0.600000,0.00000000,0.00075679,0.00000000,0.99924321,0.00000000
power_02,1,POWER,2,active,36,3.805061,3,FLEXION,3,FLEXION,0.999966,0.821382,1800,1900,3,FLEXION,1.000000,3,FLEXION,1.000000,3,FLEXION,1.000000,3,FLEXION,0.800000,0.00000000,0.00003378,0.00000000,0.99996622,0.00000000
power_02,1,POWER,2,active,37,3.905504,3,FLEXION,3,FLEXION,0.999537,0.703652,1850,1950,3,FLEXION,1.000000,3,FLEXION,1.000000,3,FLEXION,1.000000,3,FLEXION,1.000000,0.00000000,0.00046317,0.00000001,0.99953682,0.00000000
power_02,1,POWER,2,active,38,4.005284,3,FLEXION,3,FLEXION,0.991557,0.845318,1900,2000,3,FLEXION,1.000000,3,FLEXION,1.000000,3,FLEXION,1.000000,3,FLEXION,1.000000,0.00000001,0.00844241,0.00000059,0.99155700,0.00000000
power_02,1,POWER,2,active,39,4.108903,3,FLEXION,3,FLEXION,0.882160,0.915111,1950,2050,3,FLEXION,1.000000,3,FLEXION,1.000000,3,FLEXION,1.000000,3,FLEXION,1.000000,0.00000002,0.11783923,0.00000034,0.88216040,0.00000000
power_02,1,POWER,2,active,40,4.206015,1,POWER,3,FLEXION,0.973914,0.767207,2000,2100,0,REST,0.000000,3,FLEXION,0.666667,3,FLEXION,0.750000,3,FLEXION,0.800000,0.00000020,0.97391396,0.00002102,0.02606481,0.00000000
power_02,1,POWER,2,active,41,4.306486,1,POWER,3,FLEXION,0.984019,0.633339,2050,2150,1,POWER,1.000000,1,POWER,0.666667,0,REST,0.000000,3,FLEXION,0.600000,0.00000137,0.98401874,0.00007086,0.01590896,0.00000007
power_02,1,POWER,2,active,42,4.406491,3,FLEXION,3,FLEXION,0.628597,0.604810,2100,2200,0,REST,0.000000,1,POWER,0.666667,0,REST,0.000000,3,FLEXION,0.600000,0.00000035,0.37140148,0.00000092,0.62859725,0.00000000
power_02,1,POWER,2,active,43,4.506429,3,FLEXION,3,FLEXION,0.918909,0.619213,2150,2250,3,FLEXION,1.000000,3,FLEXION,0.666667,0,REST,0.000000,3,FLEXION,0.600000,0.00000004,0.08109048,0.00000056,0.91890892,0.00000000
power_02,1,POWER,2,active,44,4.606517,3,FLEXION,3,FLEXION,0.834584,0.569642,2200,2300,3,FLEXION,1.000000,3,FLEXION,1.000000,3,FLEXION,0.750000,3,FLEXION,0.600000,0.00000030,0.16540174,0.00001347,0.83458449,0.00000000
power_02,1,POWER,2,active,45,4.706607,1,POWER,3,FLEXION,0.920596,0.484606,2250,2350,0,REST,0.000000,3,FLEXION,0.666667,3,FLEXION,0.750000,3,FLEXION,0.600000,0.00013781,0.92059588,0.00070173,0.07856445,0.00000013
power_02,1,POWER,2,active,46,4.807322,1,POWER,3,FLEXION,0.765754,0.473886,2300,2400,1,POWER,1.000000,1,POWER,0.666667,0,REST,0.000000,3,FLEXION,0.600000,0.00004911,0.76575449,0.00003890,0.23415731,0.00000018
power_02,1,POWER,2,active,47,4.907665,0,REST,3,FLEXION,0.536386,0.529830,2350,2450,0,REST,0.000000,1,POWER,0.666667,0,REST,0.000000,0,REST,0.000000,0.00000057,0.46360696,0.00000620,0.53638627,0.00000000
power_02,1,POWER,2,active,48,5.007447,1,POWER,1,POWER,0.924810,0.885675,2400,2500,0,REST,0.000000,1,POWER,0.666667,1,POWER,0.750000,1,POWER,0.600000,0.00001305,0.92481012,0.00039609,0.07478075,0.00000000
power_02,1,POWER,2,active,49,5.107397,1,POWER,1,POWER,0.933856,0.879002,2450,2550,1,POWER,1.000000,1,POWER,0.666667,1,POWER,0.750000,1,POWER,0.800000,0.00013772,0.93385631,0.00010289,0.06590307,0.00000000
power_02,1,POWER,2,active,50,5.207672,1,POWER,1,POWER,0.995980,0.848021,2500,2600,1,POWER,1.000000,1,POWER,1.000000,1,POWER,0.750000,1,POWER,0.800000,0.00036740,0.99597995,0.00071197,0.00294054,0.00000015
power_02,1,POWER,2,active,51,5.308600,1,POWER,1,POWER,0.915697,0.869131,2550,2650,1,POWER,1.000000,1,POWER,1.000000,1,POWER,1.000000,1,POWER,0.800000,0.00023787,0.91569707,0.08307242,0.00057043,0.00042220
power_02,1,POWER,2,active,52,5.408586,1,POWER,1,POWER,0.972968,0.892697,2600,2700,1,POWER,1.000000,1,POWER,1.000000,1,POWER,1.000000,1,POWER,1.000000,0.00007483,0.97296821,0.01430620,0.01264248,0.00000829
power_02,1,POWER,2,active,53,5.508541,1,POWER,1,POWER,0.933331,0.773295,2650,2750,1,POWER,1.000000,1,POWER,1.000000,1,POWER,1.000000,1,POWER,1.000000,0.00002957,0.93333117,0.00071202,0.06592721,0.00000002
power_02,1,POWER,2,active,54,5.609568,1,POWER,1,POWER,0.981783,0.705748,2700,2800,1,POWER,1.000000,1,POWER,1.000000,1,POWER,1.000000,1,POWER,1.000000,0.00013789,0.98178258,0.00437903,0.01369858,0.00000192
power_02,1,POWER,2,active,55,5.708783,1,POWER,1,POWER,0.964876,0.785086,2750,2850,1,POWER,1.000000,1,POWER,1.000000,1,POWER,1.000000,1,POWER,1.000000,0.00029946,0.96487638,0.03440432,0.00040799,0.00001186
power_02,1,POWER,2,active,56,5.808573,1,POWER,1,POWER,0.988361,0.833014,2800,2900,1,POWER,1.000000,1,POWER,1.000000,1,POWER,1.000000,1,POWER,1.000000,0.00006337,0.98836074,0.00658988,0.00498596,0.00000004
power_02,1,POWER,2,active,57,5.909250,1,POWER,1,POWER,0.987772,0.746688,2850,2950,1,POWER,1.000000,1,POWER,1.000000,1,POWER,1.000000,1,POWER,1.000000,0.00005238,0.98777211,0.00232198,0.00985350,0.00000002
power_02,1,POWER,2,active,58,6.009453,1,POWER,1,POWER,0.991349,0.623677,2900,3000,1,POWER,1.000000,1,POWER,1.000000,1,POWER,1.000000,1,POWER,1.000000,0.00028933,0.99134916,0.00334406,0.00501744,0.00000002
power_03,1,POWER,3,countdown,0,0.198871,2,OPEN,2,OPEN,0.681167,1.000000,0,100,0,REST,0.000000,0,REST,0.000000,0,REST,0.000000,0,REST,0.000000,0.00000024,0.31158413,0.68116711,0.00040711,0.00684141
power_03,1,POWER,3,countdown,1,0.298834,1,POWER,2,OPEN,0.994216,1.000000,50,150,0,REST,0.000000,0,REST,0.000000,0,REST,0.000000,0,REST,0.000000,0.00419005,0.99421603,0.00139741,0.00019538,0.00000112
power_03,1,POWER,3,countdown,2,0.399008,1,POWER,1,POWER,0.992707,0.664304,100,200,1,POWER,1.000000,1,POWER,0.666667,0,REST,0.000000,0,REST,0.000000,0.00533786,0.99270739,0.00062003,0.00133451,0.00000020
power_03,1,POWER,3,countdown,3,0.502054,1,POWER,1,POWER,0.988380,0.349766,150,250,1,POWER,1.000000,1,POWER,1.000000,1,POWER,0.750000,1,POWER,0.600000,0.00747363,0.98838025,0.00040628,0.00373978,0.00000006
power_03,1,POWER,3,countdown,4,0.599862,1,POWER,1,POWER,0.926379,0.157416,200,300,1,POWER,1.000000,1,POWER,1.000000,1,POWER,1.000000,1,POWER,0.800000,0.06756434,0.92637878,0.00151554,0.00454119,0.00000015
power_03,1,POWER,3,countdown,5,0.699881,0,REST,1,POWER,0.605162,0.048351,250,350,0,REST,0.000000,1,POWER,0.666667,1,POWER,0.750000,1,POWER,0.800000,0.60516171,0.38864082,0.00253886,0.00365820,0.00000041
power_03,1,POWER,3,countdown,6,0.800065,1,POWER,1,POWER,0.645630,0.004735,300,400,0,REST,0.000000,1,POWER,0.666667,1,POWER,0.750000,1,POWER,0.800000,0.34356748,0.64562965,0.00477362,0.00602814,0.00000111
power_03,1,POWER,3,countdown,7,0.899856,0,REST,1,POWER,0.589194,0.000000,350,450,0,REST,0.000000,0,REST,0.666667,0,REST,0.000000,1,POWER,0.600000,0.58919445,0.39776569,0.00969425,0.00334518,0.00000044
power_03,1,POWER,3,countdown,8,1.001321,0,REST,0,REST,0.828269,0.000000,400,500,0,REST,1.000000,0,REST,0.666667,0,REST,0.750000,0,REST,0.600000,0.82826947,0.13834428,0.03129728,0.00208705,0.00000192
power_03,1,POWER,3,countdown,9,1.100633,0,REST,0,REST,0.614424,0.000000,450,550,0,REST,1.000000,0,REST,1.000000,0,REST,0.750000,0,REST,0.800000,0.61442386,0.23765205,0.14404685,0.00385742,0.00001982
power_03,1,POWER,3,countdown,10,1.200756,0,REST,0,REST,0.582537,0.000000,500,600,0,REST,1.000000,0,REST,1.000000,0,REST,1.000000,0,REST,0.800000,0.58253713,0.33943655,0.07245451,0.00554453,0.00002727
power_03,1,POWER,3,countdown,11,1.305507,0,REST,0,REST,0.759632,0.000000,550,650,0,REST,1.000000,0,REST,1.000000,0,REST,1.000000,0,REST,1.000000,0.75963153,0.20106540,0.03774904,0.00154467,0.00000936
power_03,1,POWER,3,countdown,12,1.401018,0,REST,0,REST,0.730557,0.000000,600,700,0,REST,1.000000,0,REST,1.000000,0,REST,1.000000,0,REST,1.000000,0.73055730,0.17361459,0.09365250,0.00213722,0.00003839
power_03,1,POWER,3,countdown,13,1.500960,0,REST,0,REST,0.643439,0.000000,650,750,0,REST,1.000000,0,REST,1.000000,0,REST,1.000000,0,REST,1.000000,0.64343901,0.26364738,0.08833132,0.00452873,0.00005356
power_03,1,POWER,3,countdown,14,1.601099,0,REST,0,REST,0.828187,0.000000,700,800,0,REST,1.000000,0,REST,1.000000,0,REST,1.000000,0,REST,1.000000,0.82818685,0.10055411,0.07072185,0.00049960,0.00003759
power_03,1,POWER,3,countdown,15,1.702645,0,REST,0,REST,0.945144,0.000000,750,850,0,REST,1.000000,0,REST,1.000000,0,REST,1.000000,0,REST,1.000000,0.94514405,0.03805194,0.01644320,0.00035156,0.00000925
power_03,1,POWER,3,countdown,16,1.801787,0,REST,0,REST,0.600848,0.000000,800,900,0,REST,1.000000,0,REST,1.000000,0,REST,1.000000,0,REST,1.000000,0.60084831,0.31401581,0.08176160,0.00335508,0.00001920
power_03,1,POWER,3,countdown,17,1.906266,0,REST,0,REST,0.477648,0.000000,850,950,0,REST,1.000000,0,REST,1.000000,0,REST,1.000000,0,REST,1.000000,0.36797413,0.47764828,0.14986574,0.00447992,0.00003193
power_03,1,POWER,3,countdown,18,2.002152,0,REST,0,REST,0.568342,0.000000,900,1000,0,REST,1.000000,0,REST,1.000000,0,REST,1.000000,0,REST,1.000000,0.56834169,0.37577331,0.05354794,0.00233422,0.00000284
power_03,1,POWER,3,countdown,19,2.102748,0,REST,0,REST,0.782546,0.000000,950,1050,0,REST,1.000000,0,REST,1.000000,0,REST,1.000000,0,REST,1.000000,0.78254581,0.17791635,0.03860455,0.00093273,0.00000056
power_03,1,POWER,3,countdown,20,2.210291,0,REST,0,REST,0.929518,0.000000,1000,1100,0,REST,1.000000,0,REST,1.000000,0,REST,1.000000,0,REST,1.000000,0.92951775,0.06171848,0.00801457,0.00074896,0.00000024
power_03,1,POWER,3,countdown,21,2.303337,0,REST,0,REST,0.852318,0.000000,1050,1150,0,REST,1.000000,0,REST,1.000000,0,REST,1.000000,0,REST,1.000000,0.85231819,0.13375507,0.01218104,0.00174475,0.00000095
power_03,1,POWER,3,countdown,22,2.402893,0,REST,0,REST,0.788303,0.000000,1100,1200,0,REST,1.000000,0,REST,1.000000,0,REST,1.000000,0,REST,1.000000,0.78830272,0.16062938,0.04951091,0.00155640,0.00000060
power_03,1,POWER,3,countdown,23,2.503075,0,REST,0,REST,0.708441,0.000000,1150,1250,0,REST,1.000000,0,REST,1.000000,0,REST,1.000000,0,REST,1.000000,0.70844080,0.19414301,0.09642534,0.00098888,0.00000197
power_03,1,POWER,3,countdown,24,2.606300,0,REST,0,REST,0.650756,0.000000,1200,1300,0,REST,1.000000,0,REST,1.000000,0,REST,1.000000,0,REST,1.000000,0.65075642,0.25815624,0.08920757,0.00187215,0.00000761
power_03,1,POWER,3,countdown,25,2.703652,0,REST,0,REST,0.826946,0.000000,1250,1350,0,REST,1.000000,0,REST,1.000000,0,REST,1.000000,0,REST,1.000000,0.82694590,0.10203475,0.07016078,0.00085452,0.00000406
power_03,1,POWER,3,countdown,26,2.803873,0,REST,0,REST,0.705231,0.000000,1300,1400,0,REST,1.000000,0,REST,1.000000,0,REST,1.000000,0,REST,1.000000,0.70523115,0.14777782,0.14605026,0.00092976,0.00001100
power_03,1,POWER,3,countdown,27,2.907075,0,REST,0,REST,0.777355,0.000000,1350,1450,0,REST,1.000000,0,REST,1.000000,0,REST,1.000000,0,REST,1.000000,0.77735517,0.11797844,0.10387849,0.00078656,0.00000134
power_03,1,POWER,3,active,28,3.003887,0,REST,0,REST,0.576048,0.000000,1400,1500,0,REST,1.000000,0,REST,1.000000,0,REST,1.000000,0,REST,1.000000,0.57604802,0.22950950,0.19269988,0.00173633,0.00000627
power_03,1,POWER,3,active,29,3.104284,2,OPEN,0,REST,0.909115,0.000000,1450,1550,0,REST,0.000000,0,REST,0.666667,0,REST,0.750000,0,REST,0.800000,0.00024180,0.06427958,0.90911472,0.02627047,0.00009342
power_03,1,POWER,3,active,30,3.204768,2,OPEN,0,REST,0.998249,0.000000,1500,1600,2,OPEN,1.000000,2,OPEN,0.666667,0,REST,0.000000,0,REST,0.600000,0.00000000,0.00004753,0.99824886,0.00001635,0.00168726
power_03,1,POWER,3,active,31,3.305847,4,EXTENSION,0,REST,0.999989,0.000000,1550,1650,0,REST,0.000000,2,OPEN,0.666667,0,REST,0.000000,0,REST,0.000000,0.00000000,0.00000000,0.00001102,0.00000000,0.99998898
power_03,1,POWER,3,active,32,3.405145,4,EXTENSION,0,REST,0.999982,0.000000,1600,1700,4,EXTENSION,1.000000,4,EXTENSION,0.666667,0,REST,0.000000,0,REST,0.000000,0.00000000,0.00000000,0.00001748,0.00000060,0.99998192
power_03,1,POWER,3,active,33,3.505478,3,FLEXION,0,REST,0.999826,0.000000,1650,1750,0,REST,0.000000,4,EXTENSION,0.666667,0,REST,0.000000,0,REST,0.000000,0.00000000,0.00016604,0.00000800,0.99982588,0.00000008
power_03,1,POWER,3,active,34,3.605768,3,FLEXION,0,REST,0.983493,0.000000,1700,1800,3,FLEXION,1.000000,3,FLEXION,0.666667,0,REST,0.000000,0,REST,0.000000,0.00000000,0.00793712,0.00111710,0.98349328,0.00745250
power_03,1,POWER,3,active,35,3.705853,4,EXTENSION,4,EXTENSION,0.999426,1.000000,1750,1850,0,REST,0.000000,3,FLEXION,0.666667,0,REST,0.000000,4,EXTENSION,0.600000,0.00000000,0.00000105,0.00057194,0.00000070,0.99942631
power_03,1,POWER,3,active,36,3.805720,4,EXTENSION,4,EXTENSION,0.900388,1.000000,1800,1900,4,EXTENSION,1.000000,4,EXTENSION,0.666667,0,REST,0.000000,4,EXTENSION,0.600000,0.00000000,0.00328821,0.09630978,0.00001356,0.90038845
power_03,1,POWER,3,active,37,3.905482,2,OPEN,4,EXTENSION,0.961387,0.800120,1850,1950,0,REST,0.000000,4,EXTENSION,0.666667,0,REST,0.000000,0,REST,0.000000,0.00000131,0.03598686,0.96138692,0.00001226,0.00261266
power_03,1,POWER,3,active,38,4.006752,2,OPEN,4,EXTENSION,0.966069,0.883075,1900,2000,2,OPEN,1.000000,2,OPEN,0.666667,0,REST,0.000000,0,REST,0.000000,0.00000022,0.02506401,0.96606912,0.00000209,0.00886457
power_03,1,POWER,3,active,39,4.106166,2,OPEN,2,OPEN,0.866766,1.000000,1950,2050,2,OPEN,1.000000,2,OPEN,1.000000,2,OPEN,0.750000,2,OPEN,0.600000,0.00000000,0.00646636,0.86676578,0.00965374,0.11711412
power_03,1,POWER,3,active,40,4.206848,2,OPEN,2,OPEN,0.902253,1.000000,2000,2100,2,OPEN,1.000000,2,OPEN,1.000000,2,OPEN,1.000000,2,OPEN,0.800000,0.00000006,0.02472336,0.90225278,0.00001709,0.07300670
power_03,1,POWER,3,active,41,4.306371,2,OPEN,2,OPEN,0.608549,1.000000,2050,2150,2,OPEN,1.000000,2,OPEN,1.000000,2,OPEN,1.000000,2,OPEN,1.000000,0.00000146,0.01366017,0.60854950,0.00000010,0.37778877
power_03,1,POWER,3,active,42,4.406458,2,OPEN,2,OPEN,0.853893,1.000000,2100,2200,2,OPEN,1.000000,2,OPEN,1.000000,2,OPEN,1.000000,2,OPEN,1.000000,0.00000297,0.06228002,0.85389276,0.00003858,0.08378566
power_03,1,POWER,3,active,43,4.507427,2,OPEN,2,OPEN,0.587400,1.000000,2150,2250,2,OPEN,1.000000,2,OPEN,1.000000,2,OPEN,1.000000,2,OPEN,1.000000,0.00000658,0.39383719,0.58740026,0.00009259,0.01866338
power_03,1,POWER,3,active,44,4.607318,4,EXTENSION,2,OPEN,0.948463,1.000000,2200,2300,0,REST,0.000000,2,OPEN,0.666667,2,OPEN,0.750000,2,OPEN,0.800000,0.00000001,0.00129380,0.05024330,0.00000005,0.94846284
power_03,1,POWER,3,active,45,4.707728,4,EXTENSION,2,OPEN,0.976280,1.000000,2250,2350,4,EXTENSION,1.000000,4,EXTENSION,0.666667,0,REST,0.000000,2,OPEN,0.600000,0.00000001,0.00087222,0.02284795,0.00000025,0.97627957
power_03,1,POWER,3,active,46,4.807987,4,EXTENSION,4,EXTENSION,0.844230,0.629071,2300,2400,4,EXTENSION,1.000000,4,EXTENSION,1.000000,4,EXTENSION,0.750000,4,EXTENSION,0.600000,0.00001557,0.05623966,0.09914678,0.00036782,0.84423018
power_03,1,POWER,3,active,47,4.907820,1,POWER,4,EXTENSION,0.859652,0.630472,2350,2450,0,REST,0.000000,4,EXTENSION,0.666667,4,EXTENSION,0.750000,4,EXTENSION,0.600000,0.00010255,0.85965232,0.09411371,0.00126118,0.04487024
power_03,1,POWER,3,active,48,5.009773,1,POWER,4,EXTENSION,0.992626,0.565846,2400,2500,1,POWER,1.000000,1,POWER,0.666667,0,REST,0.000000,4,EXTENSION,0.600000,0.00004012,0.99262563,0.00713114,0.00017953,0.00002358
power_03,1,POWER,3,active,49,5.108783,1,POWER,1,POWER,0.995919,0.801202,2450,2550,1,POWER,1.000000,1,POWER,1.000000,1,POWER,0.750000,1,POWER,0.600000,0.00006771,0.99591899,0.00323971,0.00075592,0.00001766
power_03,1,POWER,3,active,50,5.208452,1,POWER,1,POWER,0.847105,0.739307,2500,2600,1,POWER,1.000000,1,POWER,1.000000,1,POWER,1.000000,1,POWER,0.800000,0.00034929,0.84710457,0.15113264,0.00026642,0.00114707
power_03,1,POWER,3,active,51,5.309155,1,POWER,1,POWER,0.710406,0.715508,2550,2650,1,POWER,1.000000,1,POWER,1.000000,1,POWER,1.000000,1,POWER,1.000000,0.00084542,0.71040552,0.28807531,0.00031776,0.00035600
power_03,1,POWER,3,active,52,5.409395,1,POWER,1,POWER,0.897633,0.671701,2600,2700,1,POWER,1.000000,1,POWER,1.000000,1,POWER,1.000000,1,POWER,1.000000,0.00058913,0.89763346,0.10086474,0.00083057,0.00008210
power_03,1,POWER,3,active,53,5.509677,1,POWER,1,POWER,0.829937,0.690295,2650,2750,1,POWER,1.000000,1,POWER,1.000000,1,POWER,1.000000,1,POWER,1.000000,0.00017695,0.82993669,0.16551379,0.00018192,0.00419066
power_03,1,POWER,3,active,54,5.612831,1,POWER,1,POWER,0.567563,0.770091,2700,2800,1,POWER,1.000000,1,POWER,1.000000,1,POWER,1.000000,1,POWER,1.000000,0.00006957,0.56756268,0.42405235,0.00006568,0.00824973
power_03,1,POWER,3,active,55,5.709747,2,OPEN,1,POWER,0.921851,0.782508,2750,2850,0,REST,0.000000,1,POWER,0.666667,1,POWER,0.750000,1,POWER,0.800000,0.00006107,0.07649912,0.92185063,0.00008876,0.00150042
power_03,1,POWER,3,active,56,5.810892,2,OPEN,1,POWER,0.987409,0.718146,2800,2900,2,OPEN,1.000000,2,OPEN,0.666667,0,REST,0.000000,1,POWER,0.600000,0.00011339,0.00320752,0.98740884,0.00000533,0.00926492
power_03,1,POWER,3,active,57,5.909602,2,OPEN,2,OPEN,0.680386,0.693094,2850,2950,2,OPEN,1.000000,2,OPEN,1.000000,2,OPEN,0.750000,2,OPEN,0.600000,0.00619616,0.30944317,0.68038608,0.00006388,0.00391071
power_03,1,POWER,3,active,58,6.009820,1,POWER,2,OPEN,0.725470,0.771537,2900,3000,0,REST,0.000000,2,OPEN,0.666667,2,OPEN,0.750000,2,OPEN,0.600000,0.00396196,0.72547041,0.26753882,0.00020795,0.00282086
power_03,1,POWER,3,active,59,6.109872,2,OPEN,2,OPEN,0.900198,0.757832,2950,3050,0,REST,0.000000,2,OPEN,0.666667,2,OPEN,0.750000,2,OPEN,0.800000,0.00035437,0.09622676,0.90019774,0.00048563,0.00273550
power_03,1,POWER,3,active,60,6.216535,2,OPEN,2,OPEN,0.791210,0.646829,3000,3100,2,OPEN,1.000000,2,OPEN,0.666667,2,OPEN,0.750000,2,OPEN,0.800000,0.00087749,0.20716001,0.79121036,0.00028925,0.00046289
power_03,1,POWER,3,active,61,6.310518,2,OPEN,2,OPEN,0.939840,0.761927,3050,3150,2,OPEN,1.000000,2,OPEN,1.000000,2,OPEN,0.750000,2,OPEN,0.800000,0.00028894,0.04626411,0.93983974,0.00002286,0.01358434
power_03,1,POWER,3,active,62,6.412597,2,OPEN,2,OPEN,0.878513,0.709006,3100,3200,2,OPEN,1.000000,2,OPEN,1.000000,2,OPEN,1.000000,2,OPEN,0.800000,0.00107348,0.11995205,0.87851283,0.00033861,0.00012304
power_03,1,POWER,3,active,63,6.511297,1,POWER,2,OPEN,0.625659,0.587781,3150,3250,0,REST,0.000000,2,OPEN,0.666667,2,OPEN,0.750000,2,OPEN,0.800000,0.00822084,0.62565908,0.36313509,0.00297689,0.00000810
power_03,1,POWER,3,active,64,6.611384,2,OPEN,2,OPEN,0.668048,0.645701,3200,3300,0,REST,0.000000,2,OPEN,0.666667,2,OPEN,0.750000,2,OPEN,0.800000,0.00243425,0.32750138,0.66804829,0.00070887,0.00130721
power_03,1,POWER,3,active,65,6.711108,2,OPEN,2,OPEN,0.559388,0.595872,3250,3350,2,OPEN,1.000000,2,OPEN,0.666667,2,OPEN,0.750000,2,OPEN,0.800000,0.00756770,0.43000612,0.55938806,0.00011547,0.00292265
power_03,1,POWER,3,active,66,6.811594,1,POWER,2,OPEN,0.784147,0.575372,3300,3400,0,REST,0.000000,2,OPEN,0.666667,0,REST,0.000000,2,OPEN,0.600000,0.01521821,0.78414732,0.20049271,0.00008104,0.00006072
power_03,1,POWER,3,active,67,6.911832,1,POWER,1,POWER,0.952993,0.531434,3350,3450,1,POWER,1.000000,1,POWER,0.666667,0,REST,0.000000,1,POWER,0.600000,0.00129088,0.95299330,0.04555538,0.00016011,0.00000033
power_03,1,POWER,3,active,68,7.011704,1,POWER,1,POWER,0.920884,0.528083,3400,3500,1,POWER,1.000000,1,POWER,1.000000,1,POWER,0.750000,1,POWER,0.600000,0.00107883,0.92088446,0.07777465,0.00026082,0.00000124
power_03,1,POWER,3,active,69,7.111831,1,POWER,1,POWER,0.967536,0.642197,3450,3550,1,POWER,1.000000,1,POWER,1.000000,1,POWER,1.000000,1,POWER,0.800000,0.00044903,0.96753577,0.03184837,0.00015921,0.00000761
power_03,1,POWER,3,active,70,7.212476,1,POWER,1,POWER,0.911414,0.647162,3500,3600,1,POWER,1.000000,1,POWER,1.000000,1,POWER,1.000000,1,POWER,1.000000,0.00024123,0.91141402,0.08815830,0.00018412,0.00000232
power_03,1,POWER,3,active,71,7.312778,1,POWER,1,POWER,0.624638,0.518877,3550,3650,1,POWER,1.000000,1,POWER,1.000000,1,POWER,1.000000,1,POWER,1.000000,0.00125689,0.62463830,0.37383803,0.00026490,0.00000187
power_03,1,POWER,3,active,72,7.412838,2,OPEN,1,POWER,0.572107,0.547469,3600,3700,0,REST,0.000000,1,POWER,0.666667,1,POWER,0.750000,1,POWER,0.800000,0.00204009,0.42551750,0.57210689,0.00022839,0.00010713
power_03,1,POWER,3,active,73,7.513248,2,OPEN,1,POWER,0.658371,0.559222,3650,3750,2,OPEN,1.000000,2,OPEN,0.666667,0,REST,0.000000,1,POWER,0.600000,0.00093010,0.34038317,0.65837124,0.00021574,0.00009975
power_03,1,POWER,3,active,74,7.613634,1,POWER,1,POWER,0.793640,0.575903,3700,3800,0,REST,0.000000,2,OPEN,0.666667,0,REST,0.000000,1,POWER,0.600000,0.00034620,0.79364036,0.20579935,0.00018026,0.00003382
power_03,1,POWER,3,active,75,7.713488,1,POWER,1,POWER,0.850607,0.735697,3750,3850,1,POWER,1.000000,1,POWER,0.666667,0,REST,0.000000,1,POWER,0.600000,0.00014304,0.85060736,0.14875033,0.00049700,0.00000227
power_03,1,POWER,3,active,76,7.818946,1,POWER,1,POWER,0.819831,0.715336,3800,3900,1,POWER,1.000000,1,POWER,1.000000,1,POWER,0.750000,1,POWER,0.600000,0.00043717,0.81983078,0.17864717,0.00108473,0.00000016
power_03,1,POWER,3,active,77,7.914306,2,OPEN,1,POWER,0.840951,0.582222,3850,3950,0,REST,0.000000,1,POWER,0.666667,1,POWER,0.750000,1,POWER,0.600000,0.01011222,0.14882502,0.84095061,0.00005498,0.00005717
power_03,1,POWER,3,active,78,8.014538,1,POWER,1,POWER,0.922007,0.600995,3900,4000,0,REST,0.000000,1,POWER,0.666667,1,POWER,0.750000,1,POWER,0.800000,0.00375081,0.92200738,0.07372194,0.00043721,0.00008267
power_03,1,POWER,3,active,79,8.114738,1,POWER,1,POWER,0.998345,0.934999,3950,4050,1,POWER,1.000000,1,POWER,0.666667,1,POWER,0.750000,1,POWER,0.800000,0.00000646,0.99834482,0.00008307,0.00156493,0.00000071
power_03,1,POWER,3,active,80,8.216829,1,POWER,1,POWER,0.989607,1.000000,4000,4100,1,POWER,1.000000,1,POWER,1.000000,1,POWER,0.750000,1,POWER,0.800000,0.00000114,0.98960687,0.00003354,0.01035830,0.00000015
power_03,1,POWER,3,active,81,8.314883,1,POWER,1,POWER,0.997804,1.000000,4050,4150,1,POWER,1.000000,1,POWER,1.000000,1,POWER,1.000000,1,POWER,0.800000,0.00000201,0.99780370,0.00014848,0.00204434,0.00000147
power_03,1,POWER,3,active,82,8.415205,1,POWER,1,POWER,0.999260,0.964278,4100,4200,1,POWER,1.000000,1,POWER,1.000000,1,POWER,1.000000,1,POWER,1.000000,0.00000505,0.99926022,0.00072103,0.00001237,0.00000133
power_03,1,POWER,3,active,83,8.516227,1,POWER,1,POWER,0.943729,0.920477,4150,4250,1,POWER,1.000000,1,POWER,1.000000,1,POWER,1.000000,1,POWER,1.000000,0.00005519,0.94372941,0.05612910,0.00006391,0.00002238
power_03,1,POWER,3,active,84,8.615448,1,POWER,1,POWER,0.561419,0.921569,4200,4300,1,POWER,1.000000,1,POWER,1.000000,1,POWER,1.000000,1,POWER,1.000000,0.00011743,0.56141853,0.43820178,0.00004276,0.00021950
power_03,1,POWER,3,active,85,8.715970,1,POWER,1,POWER,0.974439,0.819883,4250,4350,1,POWER,1.000000,1,POWER,1.000000,1,POWER,1.000000,1,POWER,1.000000,0.00007500,0.97443861,0.02540326,0.00007990,0.00000323
power_03,1,POWER,3,active,86,8.817259,1,POWER,1,POWER,0.897389,0.728799,4300,4400,1,POWER,1.000000,1,POWER,1.000000,1,POWER,1.000000,1,POWER,1.000000,0.00022202,0.89738899,0.10138865,0.00006279,0.00093755
power_03,1,POWER,3,active,87,8.916568,1,POWER,1,POWER,0.987064,0.862665,4350,4450,1,POWER,1.000000,1,POWER,1.000000,1,POWER,1.000000,1,POWER,1.000000,0.00003646,0.98706443,0.01269673,0.00014137,0.00006100
power_03,1,POWER,3,active,88,9.017625,1,POWER,1,POWER,0.998406,0.944107,4400,4500,1,POWER,1.000000,1,POWER,1.000000,1,POWER,1.000000,1,POWER,1.000000,0.00001138,0.99840642,0.00156545,0.00000662,0.00001012
power_03,1,POWER,3,active,89,9.116706,1,POWER,1,POWER,0.991958,0.836863,4450,4550,1,POWER,1.000000,1,POWER,1.000000,1,POWER,1.000000,1,POWER,1.000000,0.00002690,0.99195850,0.00763245,0.00007409,0.00030805
power_03,1,POWER,3,active,90,9.215998,1,POWER,1,POWER,0.754076,0.727282,4500,4600,1,POWER,1.000000,1,POWER,1.000000,1,POWER,1.000000,1,POWER,1.000000,0.00007427,0.75407588,0.01838952,0.22746015,0.00000018
power_03,1,POWER,3,active,91,9.317094,1,POWER,1,POWER,0.835751,0.609524,4550,4650,1,POWER,1.000000,1,POWER,1.000000,1,POWER,1.000000,1,POWER,1.000000,0.00271299,0.83575100,0.11395367,0.04758180,0.00000054
power_03,1,POWER,3,active,92,9.417175,1,POWER,1,POWER,0.873070,0.636263,4600,4700,1,POWER,1.000000,1,POWER,1.000000,1,POWER,1.000000,1,POWER,1.000000,0.00824108,0.87307022,0.10560089,0.01300243,0.00008539
power_03,1,POWER,3,active,93,9.517022,1,POWER,1,POWER,0.987816,0.707197,4650,4750,1,POWER,1.000000,1,POWER,1.000000,1,POWER,1.000000,1,POWER,1.000000,0.00119582,0.98781615,0.00475561,0.00622811,0.00000431
power_03,1,POWER,3,active,94,9.616865,1,POWER,1,POWER,0.999225,0.705020,4700,4800,1,POWER,1.000000,1,POWER,1.000000,1,POWER,1.000000,1,POWER,1.000000,0.00008451,0.99922513,0.00054947,0.00014045,0.00000045
power_03,1,POWER,3,active,95,9.720422,1,POWER,1,POWER,0.987992,0.700076,4750,4850,1,POWER,1.000000,1,POWER,1.000000,1,POWER,1.000000,1,POWER,1.000000,0.00027849,0.98799187,0.01111721,0.00061015,0.00000229
power_04,1,POWER,4,countdown,0,0.198331,2,OPEN,2,OPEN,0.994119,1.000000,0,100,0,REST,0.000000,0,REST,0.000000,0,REST,0.000000,0,REST,0.000000,0.00000000,0.00020898,0.99411884,0.00003033,0.00564185
power_04,1,POWER,4,countdown,1,0.298604,1,POWER,2,OPEN,0.974795,1.000000,50,150,0,REST,0.000000,0,REST,0.000000,0,REST,0.000000,0,REST,0.000000,0.01651188,0.97479464,0.00681879,0.00187020,0.00000449
power_04,1,POWER,4,countdown,2,0.399092,1,POWER,1,POWER,0.987930,0.716302,100,200,1,POWER,1.000000,1,POWER,0.666667,0,REST,0.000000,0,REST,0.000000,0.00374269,0.98792990,0.00084041,0.00748691,0.00000009
power_04,1,POWER,4,countdown,3,0.500057,1,POWER,1,POWER,0.978917,0.378618,150,250,1,POWER,1.000000,1,POWER,1.000000,1,POWER,0.750000,1,POWER,0.600000,0.00214123,0.97891712,0.00050171,0.01843990,0.00000004
power_04,1,POWER,4,countdown,4,0.598906,1,POWER,1,POWER,0.985748,0.160911,200,300,1,POWER,1.000000,1,POWER,1.000000,1,POWER,1.000000,1,POWER,0.800000,0.00496619,0.98574814,0.00076486,0.00852074,0.00000007
power_04,1,POWER,4,countdown,5,0.700020,1,POWER,1,POWER,0.968588,0.057842,250,350,1,POWER,1.000000,1,POWER,1.000000,1,POWER,1.000000,1,POWER,1.000000,0.02328094,0.96858767,0.00243617,0.00569483,0.00000039
power_04,1,POWER,4,countdown,6,0.800657,1,POWER,1,POWER,0.764238,0.020592,300,400,1,POWER,1.000000,1,POWER,1.000000,1,POWER,1.000000,1,POWER,1.000000,0.21638340,0.76423781,0.00545051,0.01392651,0.00000177
power_04,1,POWER,4,countdown,7,0.899201,1,POWER,1,POWER,0.667308,0.000000,350,450,1,POWER,1.000000,1,POWER,1.000000,1,POWER,1.000000,1,POWER,1.000000,0.28839266,0.66730815,0.02569724,0.01859342,0.00000852
power_04,1,POWER,4,countdown,8,0.999740,1,POWER,1,POWER,0.708633,0.000000,400,500,1,POWER,1.000000,1,POWER,1.000000,1,POWER,1.000000,1,POWER,1.000000,0.24637169,0.70863252,0.02415116,0.02083905,0.00000559
power_04,1,POWER,4,countdown,9,1.100330,1,POWER,1,POWER,0.615557,0.000000,450,550,1,POWER,1.000000,1,POWER,1.000000,1,POWER,1.000000,1,POWER,1.000000,0.36725407,0.61555716,0.00249948,0.01468900,0.00000028
power_04,1,POWER,4,countdown,10,1.200460,1,POWER,1,POWER,0.720279,0.000000,500,600,1,POWER,1.000000,1,POWER,1.000000,1,POWER,1.000000,1,POWER,1.000000,0.26208267,0.72027883,0.01000793,0.00762974,0.00000084
power_04,1,POWER,4,countdown,11,1.299898,0,REST,1,POWER,0.602619,0.000000,550,650,0,REST,0.000000,1,POWER,0.666667,1,POWER,0.750000,1,POWER,0.800000,0.60261922,0.36612156,0.02662795,0.00462945,0.00000183
power_04,1,POWER,4,countdown,12,1.400535,0,REST,1,POWER,0.670000,0.000000,600,700,0,REST,1.000000,0,REST,0.666667,0,REST,0.000000,1,POWER,0.600000,0.66999951,0.30950696,0.01636959,0.00412303,0.00000092
power_04,1,POWER,4,countdown,13,1.502239,1,POWER,1,POWER,0.888091,0.000000,650,750,0,REST,0.000000,0,REST,0.666667,0,REST,0.000000,1,POWER,0.600000,0.08576290,0.88809132,0.00919874,0.01694675,0.00000028
power_04,1,POWER,4,countdown,14,1.605313,1,POWER,1,POWER,0.755592,0.000000,700,800,1,POWER,1.000000,1,POWER,0.666667,0,REST,0.000000,1,POWER,0.600000,0.22837660,0.75559224,0.00793172,0.00809932,0.00000013
power_04,1,POWER,4,countdown,15,1.703900,0,REST,0,REST,0.895632,0.000000,750,850,0,REST,0.000000,1,POWER,0.666667,0,REST,0.000000,0,REST,0.600000,0.89563181,0.09471874,0.00916860,0.00048067,0.00000018
power_04,1,POWER,4,countdown,16,1.801602,0,REST,0,REST,0.970944,0.000000,800,900,0,REST,1.000000,0,REST,0.666667,0,REST,0.000000,0,REST,0.600000,0.97094408,0.02020707,0.00868654,0.00016191,0.00000041
power_04,1,POWER,4,countdown,17,1.901056,0,REST,0,REST,0.929911,0.000000,850,950,0,REST,1.000000,0,REST,1.000000,0,REST,0.750000,0,REST,0.600000,0.92991080,0.06078834,0.00869602,0.00060210,0.00000274
power_04,1,POWER,4,countdown,18,2.005801,0,REST,0,REST,0.846176,0.000000,900,1000,0,REST,1.000000,0,REST,1.000000,0,REST,1.000000,0,REST,0.800000,0.84617640,0.12658672,0.02649881,0.00073618,0.00000189
power_04,1,POWER,4,countdown,19,2.103948,0,REST,0,REST,0.511245,0.000000,950,1050,0,REST,1.000000,0,REST,1.000000,0,REST,1.000000,0,REST,1.000000,0.43619107,0.51124460,0.04988120,0.00268256,0.00000056
power_04,1,POWER,4,countdown,20,2.202433,1,POWER,0,REST,0.598280,0.000000,1000,1100,0,REST,0.000000,0,REST,0.666667,0,REST,0.750000,0,REST,0.800000,0.37632884,0.59827957,0.01725480,0.00813633,0.00000046
power_04,1,POWER,4,countdown,21,2.302382,0,REST,0,REST,0.529365,0.000000,1050,1150,0,REST,0.000000,0,REST,0.666667,0,REST,0.750000,0,REST,0.800000,0.45722059,0.52936481,0.00533567,0.00807890,0.00000003
power_04,1,POWER,4,countdown,22,2.406453,0,REST,0,REST,0.683112,0.000000,1100,1200,0,REST,1.000000,0,REST,0.666667,0,REST,0.750000,0,REST,0.800000,0.68311152,0.30408303,0.00942954,0.00337588,0.00000002
power_04,1,POWER,4,countdown,23,2.502930,0,REST,0,REST,0.666364,0.000000,1150,1250,0,REST,1.000000,0,REST,1.000000,0,REST,0.750000,0,REST,0.800000,0.66636440,0.29280458,0.03879138,0.00203935,0.00000029
power_04,1,POWER,4,countdown,24,2.606007,0,REST,0,REST,0.891233,0.000000,1200,1300,0,REST,1.000000,0,REST,1.000000,0,REST,1.000000,0,REST,0.800000,0.89123292,0.09120952,0.01679143,0.00076496,0.00000117
power_04,1,POWER,4,countdown,25,2.704494,0,REST,0,REST,0.895334,0.000000,1250,1350,0,REST,1.000000,0,REST,1.000000,0,REST,1.000000,0,REST,1.000000,0.89533392,0.08309943,0.02000538,0.00155841,0.00000285
power_04,1,POWER,4,countdown,26,2.803830,1,POWER,0,REST,0.773570,0.000000,1300,1400,0,REST,0.000000,0,REST,0.666667,0,REST,0.750000,0,REST,0.800000,0.02719954,0.77357024,0.15650237,0.04272173,0.00000613
power_04,1,POWER,4,countdown,27,2.905081,0,REST,0,REST,0.488549,0.000000,1350,1450,0,REST,0.000000,0,REST,0.666667,0,REST,0.750000,0,REST,0.800000,0.00000074,0.46455231,0.48854941,0.04688920,0.00000833
power_04,1,POWER,4,active,28,3.004848,3,FLEXION,0,REST,0.633484,0.000000,1400,1500,0,REST,0.000000,0,REST,0.000000,0,REST,0.000000,0,REST,0.600000,0.00000000,0.36637591,0.00014044,0.63348365,0.00000000
power_04,1,POWER,4,active,29,3.105662,1,POWER,0,REST,0.716174,0.000000,1450,1550,0,REST,0.000000,0,REST,0.000000,0,REST,0.000000,0,REST,0.000000,0.00000000,0.71617408,0.00000000,0.28382591,0.00000000
power_04,1,POWER,4,active,30,3.203796,1,POWER,1,POWER,0.962721,1.000000,1500,1600,1,POWER,1.000000,1,POWER,0.666667,0,REST,0.000000,1,POWER,0.600000,0.00000000,0.96272076,0.00000000,0.03727924,0.00000000
power_04,1,POWER,4,active,31,3.306104,3,FLEXION,1,POWER,0.842477,1.000000,1550,1650,0,REST,0.000000,1,POWER,0.666667,0,REST,0.000000,0,REST,0.000000,0.00000000,0.15752287,0.00000000,0.84247713,0.00000000
power_04,1,POWER,4,active,32,3.406312,3,FLEXION,3,FLEXION,0.638150,0.588970,1600,1700,3,FLEXION,1.000000,3,FLEXION,0.666667,0,REST,0.000000,3,FLEXION,0.600000,0.00000033,0.36184815,0.00000128,0.63815024,0.00000000
power_04,1,POWER,4,active,33,3.506926,1,POWER,1,POWER,0.971822,0.963524,1650,1750,0,REST,0.000000,3,FLEXION,0.666667,0,REST,0.000000,1,POWER,0.600000,0.00000323,0.97182198,0.00001320,0.02816160,0.00000000
power_04,1,POWER,4,active,34,3.605166,1,POWER,1,POWER,0.917556,0.962681,1700,1800,1,POWER,1.000000,1,POWER,0.666667,0,REST,0.000000,1,POWER,0.600000,0.00000381,0.91755620,0.00000303,0.08243696,0.00000000
power_04,1,POWER,4,active,35,3.708091,1,POWER,1,POWER,0.996199,0.843421,1750,1850,1,POWER,1.000000,1,POWER,1.000000,1,POWER,0.750000,1,POWER,0.600000,0.00000098,0.99619862,0.00001736,0.00378305,0.00000000
power_04,1,POWER,4,active,36,3.807741,1,POWER,1,POWER,0.992816,0.913878,1800,1900,1,POWER,1.000000,1,POWER,1.000000,1,POWER,1.000000,1,POWER,0.800000,0.00000057,0.99281586,0.00001719,0.00716638,0.00000000
power_04,1,POWER,4,active,37,3.908664,1,POWER,1,POWER,0.998706,0.958117,1850,1950,1,POWER,1.000000,1,POWER,1.000000,1,POWER,1.000000,1,POWER,1.000000,0.00000237,0.99870637,0.00003092,0.00125997,0.00000037
power_04,1,POWER,4,active,38,4.007504,1,POWER,1,POWER,0.998145,0.797843,1900,2000,1,POWER,1.000000,1,POWER,1.000000,1,POWER,1.000000,1,POWER,1.000000,0.00009519,0.99814461,0.00121585,0.00052823,0.00001612
power_04,1,POWER,4,active,39,4.107290,1,POWER,1,POWER,0.956394,0.749354,1950,2050,1,POWER,1.000000,1,POWER,1.000000,1,POWER,1.000000,1,POWER,1.000000,0.00001076,0.95639423,0.00015731,0.04343770,0.00000000
power_04,1,POWER,4,active,40,4.208901,1,POWER,1,POWER,0.864076,0.726350,2000,2100,1,POWER,1.000000,1,POWER,1.000000,1,POWER,1.000000,1,POWER,1.000000,0.00000674,0.86407648,0.00023613,0.13568065,0.00000000
power_04,1,POWER,4,active,41,4.306119,1,POWER,1,POWER,0.807482,0.677129,2050,2150,1,POWER,1.000000,1,POWER,1.000000,1,POWER,1.000000,1,POWER,1.000000,0.00008491,0.80748186,0.00153851,0.19089471,0.00000001
power_04,1,POWER,4,active,42,4.406934,1,POWER,1,POWER,0.981539,0.653908,2100,2200,1,POWER,1.000000,1,POWER,1.000000,1,POWER,1.000000,1,POWER,1.000000,0.00041332,0.98153859,0.00180619,0.01624187,0.00000003
power_04,1,POWER,4,active,43,4.507120,1,POWER,1,POWER,0.708172,0.675221,2150,2250,1,POWER,1.000000,1,POWER,1.000000,1,POWER,1.000000,1,POWER,1.000000,0.00003306,0.70817157,0.00023194,0.29156343,0.00000000
power_05,1,POWER,5,countdown,0,0.200113,2,OPEN,2,OPEN,0.998662,1.000000,0,100,0,REST,0.000000,0,REST,0.000000,0,REST,0.000000,0,REST,0.000000,0.00000000,0.00000223,0.99866198,0.00000189,0.00133390
power_05,1,POWER,5,countdown,1,0.300730,1,POWER,2,OPEN,0.960270,1.000000,50,150,0,REST,0.000000,0,REST,0.000000,0,REST,0.000000,0,REST,0.000000,0.02133118,0.96026976,0.01121589,0.00718030,0.00000288
power_05,1,POWER,5,countdown,2,0.400243,1,POWER,1,POWER,0.985168,0.714292,100,200,1,POWER,1.000000,1,POWER,0.666667,0,REST,0.000000,0,REST,0.000000,0.00388061,0.98516829,0.00215058,0.00880032,0.00000020
power_05,1,POWER,5,countdown,3,0.499531,1,POWER,1,POWER,0.991848,0.354139,150,250,1,POWER,1.000000,1,POWER,1.000000,1,POWER,0.750000,1,POWER,0.600000,0.00248779,0.99184783,0.00115198,0.00451235,0.00000004
power_05,1,POWER,5,countdown,4,0.599282,1,POWER,1,POWER,0.989366,0.156441,200,300,1,POWER,1.000000,1,POWER,1.000000,1,POWER,1.000000,1,POWER,0.800000,0.00480322,0.98936637,0.00059407,0.00523632,0.00000002
power_05,1,POWER,5,countdown,5,0.701549,1,POWER,1,POWER,0.988588,0.052292,250,350,1,POWER,1.000000,1,POWER,1.000000,1,POWER,1.000000,1,POWER,1.000000,0.00185832,0.98858772,0.00033780,0.00921615,0.00000001
power_05,1,POWER,5,countdown,6,0.799303,1,POWER,1,POWER,0.981012,0.006060,300,400,1,POWER,1.000000,1,POWER,1.000000,1,POWER,1.000000,1,POWER,1.000000,0.00843525,0.98101201,0.00262728,0.00792527,0.00000020
power_05,1,POWER,5,countdown,7,0.901236,1,POWER,1,POWER,0.798405,0.000000,350,450,1,POWER,1.000000,1,POWER,1.000000,1,POWER,1.000000,1,POWER,1.000000,0.18913845,0.79840496,0.00621767,0.00623847,0.00000046
power_05,1,POWER,5,countdown,8,1.000339,0,REST,1,POWER,0.517079,0.000000,400,500,0,REST,0.000000,1,POWER,0.666667,1,POWER,0.750000,1,POWER,0.800000,0.51707869,0.46471226,0.00949581,0.00871235,0.00000089
power_05,1,POWER,5,countdown,9,1.100995,0,REST,1,POWER,0.612047,0.000000,450,550,0,REST,1.000000,0,REST,0.666667,0,REST,0.000000,1,POWER,0.600000,0.61204693,0.35600000,0.02762330,0.00432506,0.00000470
power_05,1,POWER,5,countdown,10,1.201733,0,REST,0,REST,0.661990,0.000000,500,600,0,REST,1.000000,0,REST,1.000000,0,REST,0.750000,0,REST,0.600000,0.66198969,0.31191184,0.02403246,0.00206510,0.00000090
power_05,1,POWER,5,countdown,11,1.304057,0,REST,0,REST,0.637457,0.000000,550,650,0,REST,1.000000,0,REST,1.000000,0,REST,1.000000,0,REST,0.800000,0.63745673,0.32399700,0.03627239,0.00227327,0.00000061
power_05,1,POWER,5,countdown,12,1.405170,0,REST,0,REST,0.613540,0.000000,600,700,0,REST,1.000000,0,REST,1.000000,0,REST,1.000000,0,REST,1.000000,0.61353971,0.32183313,0.06120486,0.00342136,0.00000094
power_05,1,POWER,5,countdown,13,1.501170,0,REST,0,REST,0.876974,0.000000,650,750,0,REST,1.000000,0,REST,1.000000,0,REST,1.000000,0,REST,1.000000,0.87697413,0.09402761,0.02779524,0.00120185,0.00000117
power_05,1,POWER,5,countdown,14,1.601331,0,REST,0,REST,0.957056,0.000000,700,800,0,REST,1.000000,0,REST,1.000000,0,REST,1.000000,0,REST,1.000000,0.95705611,0.02832815,0.01431047,0.00030282,0.00000245
power_05,1,POWER,5,countdown,15,1.703096,0,REST,0,REST,0.785492,0.000000,750,850,0,REST,1.000000,0,REST,1.000000,0,REST,1.000000,0,REST,1.000000,0.78549168,0.17710861,0.03581344,0.00158399,0.00000229
power_05,1,POWER,5,countdown,16,1.803278,1,POWER,0,REST,0.750997,0.000000,800,900,0,REST,0.000000,0,REST,0.666667,0,REST,0.750000,0,REST,0.800000,0.18666889,0.75099706,0.05401327,0.00832042,0.00000036
power_05,1,POWER,5,countdown,17,1.903192,1,POWER,0,REST,0.601477,0.000000,850,950,1,POWER,1.000000,1,POWER,0.666667,0,REST,0.000000,0,REST,0.600000,0.37020437,0.60147744,0.01731446,0.01100336,0.00000037
power_05,1,POWER,5,countdown,18,2.002175,0,REST,0,REST,0.964041,0.000000,900,1000,0,REST,0.000000,1,POWER,0.666667,0,REST,0.000000,0,REST,0.600000,0.96404051,0.03405353,0.00139378,0.00051211,0.00000007
power_05,1,POWER,5,countdown,19,2.102502,0,REST,0,REST,0.867838,0.000000,950,1050,0,REST,1.000000,0,REST,0.666667,0,REST,0.000000,0,REST,0.600000,0.86783793,0.12613675,0.00442856,0.00159666,0.00000011
power_05,1,POWER,5,countdown,20,2.202217,0,REST,0,REST,0.686037,0.000000,1000,1100,0,REST,1.000000,0,REST,1.000000,0,REST,0.750000,0,REST,0.600000,0.68603681,0.27402613,0.03418963,0.00574654,0.00000089
power_05,1,POWER,5,countdown,21,2.305181,0,REST,0,REST,0.491903,0.000000,1050,1150,0,REST,1.000000,0,REST,1.000000,0,REST,1.000000,0,REST,0.800000,0.45069556,0.49190253,0.04238839,0.01501320,0.00000032
power_05,1,POWER,5,countdown,22,2.403133,1,POWER,0,REST,0.760507,0.000000,1100,1200,0,REST,0.000000,0,REST,0.666667,0,REST,0.750000,0,REST,0.800000,0.18107707,0.76050672,0.04151210,0.01690376,0.00000035
power_05,1,POWER,5,countdown,23,2.504086,1,POWER,0,REST,0.799424,0.000000,1150,1250,1,POWER,1.000000,1,POWER,0.666667,0,REST,0.000000,0,REST,0.600000,0.15767254,0.79942350,0.03316985,0.00973362,0.00000048
power_05,1,POWER,5,countdown,24,2.606233,1,POWER,1,POWER,0.621117,0.000000,1200,1300,1,POWER,1.000000,1,POWER,1.000000,1,POWER,0.750000,1,POWER,0.600000,0.35745051,0.62111658,0.01434101,0.00709179,0.00000011
power_05,1,POWER,5,countdown,25,2.703253,0,REST,1,POWER,0.832223,0.000000,1250,1350,0,REST,0.000000,1,POWER,0.666667,1,POWER,0.750000,1,POWER,0.600000,0.83222255,0.15433424,0.01195165,0.00149134,0.00000022
power_05,1,POWER,5,countdown,26,2.803342,0,REST,1,POWER,0.928007,0.000000,1300,1400,0,REST,1.000000,0,REST,0.666667,0,REST,0.000000,1,POWER,0.600000,0.92800710,0.05139271,0.01990939,0.00069007,0.00000073
power_05,1,POWER,5,countdown,27,2.905228,0,REST,0,REST,0.944186,0.000000,1350,1450,0,REST,1.000000,0,REST,1.000000,0,REST,0.750000,0,REST,0.600000,0.94418555,0.02605001,0.02929323,0.00046972,0.00000148
power_05,1,POWER,5,active,28,3.004193,0,REST,0,REST,0.758814,0.000000,1400,1500,0,REST,1.000000,0,REST,1.000000,0,REST,1.000000,0,REST,0.800000,0.75881444,0.11863449,0.12147740,0.00107053,0.00000313
power_05,1,POWER,5,active,29,3.105855,1,POWER,0,REST,0.561026,0.000000,1450,1550,0,REST,0.000000,0,REST,0.666667,0,REST,0.750000,0,REST,0.800000,0.00097676,0.56102587,0.34075000,0.09718451,0.00006285
power_05,1,POWER,5,active,30,3.206982,1,POWER,0,REST,0.946356,0.000000,1500,1600,1,POWER,1.000000,1,POWER,0.666667,0,REST,0.000000,0,REST,0.600000,0.00000000,0.94635603,0.03528926,0.01835228,0.00000243
power_05,1,POWER,5,active,31,3.306211,1,POWER,1,POWER,0.889251,1.000000,1550,1650,1,POWER,1.000000,1,POWER,1.000000,1,POWER,0.750000,1,POWER,0.600000,0.00000000,0.88925111,0.00000295,0.11074594,0.00000000
power_05,1,POWER,5,active,32,3.406313,3,FLEXION,1,POWER,0.972424,1.000000,1600,1700,0,REST,0.000000,1,POWER,0.666667,1,POWER,0.750000,1,POWER,0.600000,0.00000000,0.02757630,0.00000000,0.97242370,0.00000000
power_05,1,POWER,5,active,33,3.506169,1,POWER,1,POWER,0.998372,1.000000,1650,1750,0,REST,0.000000,1,POWER,0.666667,1,POWER,0.750000,1,POWER,0.800000,0.00000010,0.99837165,0.00000072,0.00162754,0.00000000
power_05,1,POWER,5,active,34,3.606221,1,POWER,1,POWER,0.998444,0.901159,1700,1800,1,POWER,1.000000,1,POWER,0.666667,1,POWER,0.750000,1,POWER,0.800000,0.00000219,0.99844423,0.00004413,0.00150946,0.00000000
power_05,1,POWER,5,active,35,3.705837,1,POWER,1,POWER,0.706661,0.974171,1750,1850,1,POWER,1.000000,1,POWER,1.000000,1,POWER,0.750000,1,POWER,0.800000,0.00000263,0.70666122,0.00000702,0.29332913,0.00000000
power_05,1,POWER,5,active,36,3.806037,1,POWER,1,POWER,0.963746,0.890318,1800,1900,1,POWER,1.000000,1,POWER,1.000000,1,POWER,1.000000,1,POWER,0.800000,0.00000292,0.96374569,0.00001344,0.03623795,0.00000000
power_05,1,POWER,5,active,37,3.909136,3,FLEXION,1,POWER,0.636377,0.813198,1850,1950,0,REST,0.000000,1,POWER,0.666667,1,POWER,0.750000,1,POWER,0.800000,0.00000109,0.36362105,0.00000086,0.63637700,0.00000000
power_05,1,POWER,5,active,38,4.013259,1,POWER,1,POWER,0.835959,0.841905,1900,2000,0,REST,0.000000,1,POWER,0.666667,1,POWER,0.750000,1,POWER,0.800000,0.00001004,0.83595940,0.00000427,0.16402630,0.00000000
power_05,1,POWER,5,active,39,4.107879,1,POWER,1,POWER,0.989448,0.708990,1950,2050,1,POWER,1.000000,1,POWER,0.666667,1,POWER,0.750000,1,POWER,0.800000,0.00039016,0.98944813,0.00323265,0.00692904,0.00000001
power_05,1,POWER,5,active,40,4.206180,1,POWER,1,POWER,0.980692,0.696396,2000,2100,1,POWER,1.000000,1,POWER,1.000000,1,POWER,0.750000,1,POWER,0.800000,0.00089363,0.98069232,0.00416337,0.01425063,0.00000005
power_05,1,POWER,5,active,41,4.307615,1,POWER,1,POWER,0.955991,0.685969,2050,2150,1,POWER,1.000000,1,POWER,1.000000,1,POWER,1.000000,1,POWER,0.800000,0.00262542,0.95599074,0.00480102,0.03658262,0.00000020
power_05,1,POWER,5,active,42,4.407019,1,POWER,1,POWER,0.977066,0.666468,2100,2200,1,POWER,1.000000,1,POWER,1.000000,1,POWER,1.000000,1,POWER,1.000000,0.00220804,0.97706636,0.01816956,0.00255589,0.00000015
power_05,1,POWER,5,active,43,4.512550,1,POWER,1,POWER,0.997936,0.690736,2150,2250,1,POWER,1.000000,1,POWER,1.000000,1,POWER,1.000000,1,POWER,1.000000,0.00023604,0.99793586,0.00094453,0.00088357,0.00000000
power_05,1,POWER,5,active,44,4.608245,1,POWER,1,POWER,0.984880,0.667856,2200,2300,1,POWER,1.000000,1,POWER,1.000000,1,POWER,1.000000,1,POWER,1.000000,0.00045265,0.98487962,0.00030303,0.01436470,0.00000000
power_05,1,POWER,5,active,45,4.708921,1,POWER,1,POWER,0.974594,0.687330,2250,2350,1,POWER,1.000000,1,POWER,1.000000,1,POWER,1.000000,1,POWER,1.000000,0.00015146,0.97459379,0.00147691,0.02377783,0.00000000
power_05,1,POWER,5,active,46,4.807382,1,POWER,1,POWER,0.936832,0.641941,2300,2400,1,POWER,1.000000,1,POWER,1.000000,1,POWER,1.000000,1,POWER,1.000000,0.00011852,0.93683165,0.00148490,0.06156492,0.00000000
power_05,1,POWER,5,active,47,4.907790,0,REST,1,POWER,0.536422,0.722421,2350,2450,0,REST,0.000000,1,POWER,0.666667,1,POWER,0.750000,1,POWER,0.800000,0.00009240,0.53642205,0.00009569,0.46338986,0.00000000
power_05,1,POWER,5,active,48,5.009490,1,POWER,1,POWER,0.967601,0.751688,2400,2500,0,REST,0.000000,1,POWER,0.666667,1,POWER,0.750000,1,POWER,0.800000,0.00000632,0.96760073,0.00002242,0.03237053,0.00000000
power_05,1,POWER,5,active,49,5.110070,1,POWER,1,POWER,0.907203,0.628341,2450,2550,1,POWER,1.000000,1,POWER,0.666667,1,POWER,0.750000,1,POWER,0.800000,0.00002292,0.90720262,0.00010463,0.09266983,0.00000000
power_05,1,POWER,5,active,50,5.208173,1,POWER,1,POWER,0.913377,0.621555,2500,2600,1,POWER,1.000000,1,POWER,1.000000,1,POWER,0.750000,1,POWER,0.800000,0.00087381,0.91337731,0.00053582,0.08521307,0.00000000
power_05,1,POWER,5,active,51,5.311441,1,POWER,1,POWER,0.993656,0.641450,2550,2650,1,POWER,1.000000,1,POWER,1.000000,1,POWER,1.000000,1,POWER,0.800000,0.00138618,0.99365611,0.00314860,0.00180745,0.00000166
power_05,1,POWER,5,active,52,5.409425,1,POWER,1,POWER,0.989572,0.586373,2600,2700,1,POWER,1.000000,1,POWER,1.000000,1,POWER,1.000000,1,POWER,1.000000,0.00054579,0.98957223,0.00204437,0.00783757,0.00000004
power_05,1,POWER,5,active,53,5.509334,1,POWER,1,POWER,0.986580,0.561767,2650,2750,1,POWER,1.000000,1,POWER,1.000000,1,POWER,1.000000,1,POWER,1.000000,0.00186622,0.98657971,0.00952173,0.00203229,0.00000005
power_05,1,POWER,5,active,54,5.608901,1,POWER,1,POWER,0.998091,0.740345,2700,2800,1,POWER,1.000000,1,POWER,1.000000,1,POWER,1.000000,1,POWER,1.000000,0.00019632,0.99809053,0.00159995,0.00011314,0.00000005
power_05,1,POWER,5,active,55,5.709179,1,POWER,1,POWER,0.999562,0.757091,2750,2850,1,POWER,1.000000,1,POWER,1.000000,1,POWER,1.000000,1,POWER,1.000000,0.00011228,0.99956213,0.00006641,0.00025916,0.00000002
power_05,1,POWER,5,active,56,5.811126,1,POWER,1,POWER,0.996993,0.672371,2800,2900,1,POWER,1.000000,1,POWER,1.000000,1,POWER,1.000000,1,POWER,1.000000,0.00023046,0.99699331,0.00101305,0.00176307,0.00000011
power_05,1,POWER,5,active,57,5.911215,1,POWER,1,POWER,0.986902,0.684418,2850,2950,1,POWER,1.000000,1,POWER,1.000000,1,POWER,1.000000,1,POWER,1.000000,0.00116668,0.98690199,0.01169455,0.00023536,0.00000141
power_05,1,POWER,5,active,58,6.011666,1,POWER,1,POWER,0.987674,0.675612,2900,3000,1,POWER,1.000000,1,POWER,1.000000,1,POWER,1.000000,1,POWER,1.000000,0.00783187,0.98767371,0.00448362,0.00001012,0.00000067
open_01,2,OPEN,1,countdown,0,0.194620,2,OPEN,2,OPEN,0.999941,1.000000,0,100,0,REST,0.000000,0,REST,0.000000,0,REST,0.000000,0,REST,0.000000,0.00000000,0.00000006,0.99994141,0.00000191,0.00005662
open_01,2,OPEN,1,countdown,1,0.294327,1,POWER,2,OPEN,0.887907,1.000000,50,150,0,REST,0.000000,0,REST,0.000000,0,REST,0.000000,0,REST,0.000000,0.04079500,0.88790655,0.03654067,0.03475699,0.00000079
open_01,2,OPEN,1,countdown,2,0.393700,1,POWER,1,POWER,0.968951,0.713196,100,200,1,POWER,1.000000,1,POWER,0.666667,0,REST,0.000000,0,REST,0.000000,0.00539720,0.96895119,0.00280814,0.02284342,0.00000005
open_01,2,OPEN,1,countdown,3,0.494869,1,POWER,1,POWER,0.983104,0.353421,150,250,1,POWER,1.000000,1,POWER,1.000000,1,POWER,0.750000,1,POWER,0.600000,0.00173209,0.98310442,0.00074622,0.01441726,0.00000001
open_01,2,OPEN,1,countdown,4,0.595600,1,POWER,1,POWER,0.987079,0.143713,200,300,1,POWER,1.000000,1,POWER,1.000000,1,POWER,1.000000,1,POWER,0.800000,0.00149640,0.98707933,0.00065284,0.01077141,0.00000001
open_01,2,OPEN,1,countdown,5,0.696365,1,POWER,1,POWER,0.985156,0.020316,250,350,1,POWER,1.000000,1,POWER,1.000000,1,POWER,1.000000,1,POWER,1.000000,0.00111780,0.98515638,0.00018798,0.01353783,0.00000000
open_01,2,OPEN,1,countdown,6,0.794699,1,POWER,1,POWER,0.973632,0.000000,300,400,1,POWER,1.000000,1,POWER,1.000000,1,POWER,1.000000,1,POWER,1.000000,0.00767497,0.97363245,0.00047361,0.01821896,0.00000001
open_01,2,OPEN,1,countdown,7,0.895183,1,POWER,1,POWER,0.736703,0.000000,350,450,1,POWER,1.000000,1,POWER,1.000000,1,POWER,1.000000,1,POWER,1.000000,0.23686081,0.73670280,0.01294750,0.01348811,0.00000078
open_01,2,OPEN,1,countdown,8,0.995348,0,REST,1,POWER,0.754060,0.000000,400,500,0,REST,0.000000,1,POWER,0.666667,1,POWER,0.750000,1,POWER,0.800000,0.75405993,0.22684470,0.01574154,0.00334562,0.00000822
open_01,2,OPEN,1,countdown,9,1.097504,0,REST,1,POWER,0.925518,0.000000,450,550,0,REST,1.000000,0,REST,0.666667,0,REST,0.000000,1,POWER,0.600000,0.92551803,0.06918143,0.00451890,0.00076789,0.00001376
open_01,2,OPEN,1,countdown,10,1.198926,0,REST,0,REST,0.902446,0.000000,500,600,0,REST,1.000000,0,REST,1.000000,0,REST,0.750000,0,REST,0.600000,0.90244578,0.08974833,0.00632743,0.00147440,0.00000406
open_01,2,OPEN,1,countdown,11,1.302078,0,REST,0,REST,0.806938,0.000000,550,650,0,REST,1.000000,0,REST,1.000000,0,REST,1.000000,0,REST,0.800000,0.80693769,0.16350234,0.02634644,0.00321215,0.00000138
open_01,2,OPEN,1,countdown,12,1.397511,0,REST,0,REST,0.851642,0.000000,600,700,0,REST,1.000000,0,REST,1.000000,0,REST,1.000000,0,REST,1.000000,0.85164180,0.12994883,0.01567358,0.00273452,0.00000127
open_01,2,OPEN,1,countdown,13,1.496165,0,REST,0,REST,0.936861,0.000000,650,750,0,REST,1.000000,0,REST,1.000000,0,REST,1.000000,0,REST,1.000000,0.93686087,0.05625121,0.00614661,0.00074065,0.00000066
open_01,2,OPEN,1,countdown,14,1.597668,0,REST,0,REST,0.948675,0.000000,700,800,0,REST,1.000000,0,REST,1.000000,0,REST,1.000000,0,REST,1.000000,0.94867507,0.04522520,0.00542020,0.00067920,0.00000032
open_01,2,OPEN,1,countdown,15,1.698097,0,REST,0,REST,0.958284,0.000000,750,850,0,REST,1.000000,0,REST,1.000000,0,REST,1.000000,0,REST,1.000000,0.95828355,0.03224687,0.00891150,0.00055703,0.00000105
open_01,2,OPEN,1,countdown,16,1.798262,0,REST,0,REST,0.626695,0.000000,800,900,0,REST,1.000000,0,REST,1.000000,0,REST,1.000000,0,REST,1.000000,0.62669470,0.33003350,0.03727812,0.00599113,0.00000255
open_01,2,OPEN,1,countdown,17,1.896769,0,REST,0,REST,0.562521,0.000000,850,950,0,REST,1.000000,0,REST,1.000000,0,REST,1.000000,0,REST,1.000000,0.56252069,0.41781635,0.01428585,0.00537444,0.00000267
open_01,2,OPEN,1,countdown,18,1.997274,0,REST,0,REST,0.965551,0.000000,900,1000,0,REST,1.000000,0,REST,1.000000,0,REST,1.000000,0,REST,1.000000,0.96555130,0.03176113,0.00228900,0.00039831,0.00000025
open_01,2,OPEN,1,countdown,19,2.100308,0,REST,0,REST,0.952592,0.000000,950,1050,0,REST,1.000000,0,REST,1.000000,0,REST,1.000000,0,REST,1.000000,0.95259172,0.04201612,0.00490488,0.00048711,0.00000017
open_01,2,OPEN,1,countdown,20,2.199300,0,REST,0,REST,0.721815,0.000000,1000,1100,0,REST,1.000000,0,REST,1.000000,0,REST,1.000000,0,REST,1.000000,0.72181503,0.26232267,0.01382297,0.00203909,0.00000024
open_01,2,OPEN,1,countdown,21,2.299165,0,REST,0,REST,0.868577,0.000000,1050,1150,0,REST,1.000000,0,REST,1.000000,0,REST,1.000000,0,REST,1.000000,0.86857717,0.12637305,0.00344140,0.00160835,0.00000003
open_01,2,OPEN,1,countdown,22,2.397732,0,REST,0,REST,0.908622,0.000000,1100,1200,0,REST,1.000000,0,REST,1.000000,0,REST,1.000000,0,REST,1.000000,0.90862152,0.08737230,0.00261628,0.00138987,0.00000004
open_01,2,OPEN,1,countdown,23,2.498442,0,REST,0,REST,0.907863,0.000000,1150,1250,0,REST,1.000000,0,REST,1.000000,0,REST,1.000000,0,REST,1.000000,0.90786321,0.08268575,0.00703038,0.00242008,0.00000057
open_01,2,OPEN,1,countdown,24,2.598714,0,REST,0,REST,0.953132,0.000000,1200,1300,0,REST,1.000000,0,REST,1.000000,0,REST,1.000000,0,REST,1.000000,0.95313234,0.04113288,0.00462210,0.00111187,0.00000081
open_01,2,OPEN,1,countdown,25,2.698815,0,REST,0,REST,0.869489,0.000000,1250,1350,0,REST,1.000000,0,REST,1.000000,0,REST,1.000000,0,REST,1.000000,0.86948944,0.11985474,0.00821801,0.00243524,0.00000256
open_01,2,OPEN,1,countdown,26,2.800249,0,REST,0,REST,0.743694,0.000000,1300,1400,0,REST,1.000000,0,REST,1.000000,0,REST,1.000000,0,REST,1.000000,0.74369397,0.23728184,0.01226404,0.00675381,0.00000635
open_01,2,OPEN,1,countdown,27,2.899261,0,REST,0,REST,0.635252,0.000000,1350,1450,0,REST,1.000000,0,REST,1.000000,0,REST,1.000000,0,REST,1.000000,0.63525184,0.34889877,0.00888419,0.00696440,0.00000080
open_01,2,OPEN,1,active,28,3.000615,0,REST,0,REST,0.861490,0.000000,1400,1500,0,REST,1.000000,0,REST,1.000000,0,REST,1.000000,0,REST,1.000000,0.86149006,0.13047367,0.00666591,0.00137011,0.00000025
open_01,2,OPEN,1,active,29,3.099581,0,REST,0,REST,0.810222,0.000000,1450,1550,0,REST,1.000000,0,REST,1.000000,0,REST,1.000000,0,REST,1.000000,0.81022223,0.18040271,0.00812075,0.00125408,0.00000024
open_01,2,OPEN,1,active,30,3.200509,1,POWER,0,REST,0.892090,0.000000,1500,1600,0,REST,0.000000,0,REST,0.666667,0,REST,0.750000,0,REST,0.800000,0.01080039,0.89208992,0.08770282,0.00934015,0.00006672
open_01,2,OPEN,1,active,31,3.301638,4,EXTENSION,0,REST,0.954970,0.000000,1550,1650,0,REST,0.000000,0,REST,0.000000,0,REST,0.000000,0,REST,0.600000,0.00000269,0.00019582,0.04480195,0.00002945,0.95497009
open_01,2,OPEN,1,active,32,3.401314,4,EXTENSION,0,REST,0.999868,0.000000,1600,1700,4,EXTENSION,1.000000,4,EXTENSION,0.666667,0,REST,0.000000,0,REST,0.000000,0.00000000,0.00000001,0.00013166,0.00000001,0.99986833
open_01,2,OPEN,1,active,33,3.500553,4,EXTENSION,4,EXTENSION,0.996941,0.272668,1650,1750,4,EXTENSION,1.000000,4,EXTENSION,1.000000,4,EXTENSION,0.750000,4,EXTENSION,0.600000,0.00000007,0.00000026,0.00305811,0.00000028,0.99694128
open_01,2,OPEN,1,active,34,3.602219,2,OPEN,4,EXTENSION,0.551630,0.203973,1700,1800,0,REST,0.000000,4,EXTENSION,0.666667,4,EXTENSION,0.750000,4,EXTENSION,0.600000,0.00002674,0.00016661,0.55163024,0.00013711,0.44803930
open_01,2,OPEN,1,active,35,3.701988,2,OPEN,4,EXTENSION,0.959716,0.184212,1750,1850,2,OPEN,1.000000,2,OPEN,0.666667,0,REST,0.000000,4,EXTENSION,0.600000,0.00544346,0.00581518,0.95971599,0.00197901,0.02704637
open_01,2,OPEN,1,active,36,3.807132,2,OPEN,2,OPEN,0.938010,0.468323,1800,1900,2,OPEN,1.000000,2,OPEN,1.000000,2,OPEN,0.750000,2,OPEN,0.600000,0.00927496,0.00801197,0.93800992,0.00798679,0.03671636
open_01,2,OPEN,1,active,37,3.902947,2,OPEN,2,OPEN,0.934934,0.403604,1850,1950,2,OPEN,1.000000,2,OPEN,1.000000,2,OPEN,1.000000,2,OPEN,0.800000,0.00248934,0.04528198,0.93493426,0.00547844,0.01181598
open_01,2,OPEN,1,active,38,4.001301,2,OPEN,2,OPEN,0.827595,0.354836,1900,2000,2,OPEN,1.000000,2,OPEN,1.000000,2,OPEN,1.000000,2,OPEN,1.000000,0.00322710,0.02249346,0.82759470,0.00036906,0.14631568
open_01,2,OPEN,1,active,39,4.101666,2,OPEN,2,OPEN,0.835262,0.395365,1950,2050,2,OPEN,1.000000,2,OPEN,1.000000,2,OPEN,1.000000,2,OPEN,1.000000,0.00190066,0.01759539,0.83526204,0.00090503,0.14433688
open_01,2,OPEN,1,active,40,4.204618,2,OPEN,2,OPEN,0.896962,0.424842,2000,2100,2,OPEN,1.000000,2,OPEN,1.000000,2,OPEN,1.000000,2,OPEN,1.000000,0.00548261,0.01114516,0.89696177,0.00024224,0.08616822
open_01,2,OPEN,1,active,41,4.302633,2,OPEN,2,OPEN,0.972601,0.350881,2050,2150,2,OPEN,1.000000,2,OPEN,1.000000,2,OPEN,1.000000,2,OPEN,1.000000,0.01541230,0.00236552,0.97260111,0.00004881,0.00957226
open_01,2,OPEN,1,active,42,4.403461,2,OPEN,2,OPEN,0.871776,0.306179,2100,2200,2,OPEN,1.000000,2,OPEN,1.000000,2,OPEN,1.000000,2,OPEN,1.000000,0.07189198,0.04717333,0.87177625,0.00065519,0.00850326
open_01,2,OPEN,1,active,43,4.502601,0,REST,2,OPEN,0.431909,0.303615,2150,2250,0,REST,0.000000,2,OPEN,0.666667,2,OPEN,0.750000,2,OPEN,0.800000,0.07893582,0.07446561,0.41186287,0.00282699,0.43190871
open_01,2,OPEN,1,active,44,4.604298,0,REST,2,OPEN,0.541271,0.310021,2200,2300,0,REST,1.000000,0,REST,0.666667,0,REST,0.000000,2,OPEN,0.600000,0.05496635,0.26645133,0.54127064,0.04144075,0.09587093
open_01,2,OPEN,1,active,45,4.702654,1,POWER,2,OPEN,0.594631,0.353205,2250,2350,0,REST,0.000000,0,REST,0.666667,0,REST,0.000000,0,REST,0.000000,0.01881530,0.59463060,0.32750576,0.05209243,0.00695591
open_01,2,OPEN,1,active,46,4.804544,2,OPEN,2,OPEN,0.637846,0.369366,2300,2400,0,REST,0.000000,0,REST,0.000000,0,REST,0.000000,0,REST,0.000000,0.01347345,0.27646380,0.63784583,0.00937726,0.06283967
open_01,2,OPEN,1,active,47,4.904728,2,OPEN,2,OPEN,0.898959,0.325957,2350,2450,2,OPEN,1.000000,2,OPEN,0.666667,0,REST,0.000000,0,REST,0.000000,0.00333579,0.08036396,0.89895929,0.00265275,0.01468821
open_01,2,OPEN,1,active,48,5.004606,2,OPEN,2,OPEN,0.956272,0.311293,2400,2500,2,OPEN,1.000000,2,OPEN,1.000000,2,OPEN,0.750000,2,OPEN,0.600000,0.00290943,0.03802951,0.95627153,0.00149904,0.00129049
open_01,2,OPEN,1,active,49,5.104561,2,OPEN,2,OPEN,0.908888,0.316461,2450,2550,2,OPEN,1.000000,2,OPEN,1.000000,2,OPEN,1.000000,2,OPEN,0.800000,0.00667463,0.06850073,0.90888759,0.00178136,0.01415569
open_01,2,OPEN,1,active,50,5.206537,2,OPEN,2,OPEN,0.897549,0.353425,2500,2600,2,OPEN,1.000000,2,OPEN,1.000000,2,OPEN,1.000000,2,OPEN,1.000000,0.00714730,0.07164811,0.89754887,0.00167983,0.02197589
open_01,2,OPEN,1,active,51,5.303462,2,OPEN,2,OPEN,0.942219,0.342100,2550,2650,2,OPEN,1.000000,2,OPEN,1.000000,2,OPEN,1.000000,2,OPEN,1.000000,0.02169476,0.03239122,0.94221912,0.00120978,0.00248512
open_01,2,OPEN,1,active,52,5.404582,2,OPEN,2,OPEN,0.819234,0.331953,2600,2700,2,OPEN,1.000000,2,OPEN,1.000000,2,OPEN,1.000000,2,OPEN,1.000000,0.08612678,0.07838584,0.81923422,0.00135070,0.01490246
open_01,2,OPEN,1,active,53,5.504696,2,OPEN,2,OPEN,0.823426,0.346901,2650,2750,2,OPEN,1.000000,2,OPEN,1.000000,2,OPEN,1.000000,2,OPEN,1.000000,0.03728013,0.08987500,0.82342579,0.00110218,0.04831690
open_01,2,OPEN,1,active,54,5.604199,2,OPEN,2,OPEN,0.924337,0.294702,2700,2800,2,OPEN,1.000000,2,OPEN,1.000000,2,OPEN,1.000000,2,OPEN,1.000000,0.02590318,0.03010481,0.92433723,0.00091551,0.01873927
open_01,2,OPEN,1,active,55,5.704927,2,OPEN,2,OPEN,0.739229,0.360961,2750,2850,2,OPEN,1.000000,2,OPEN,1.000000,2,OPEN,1.000000,2,OPEN,1.000000,0.00488633,0.01288360,0.73922876,0.00005466,0.24294665
open_01,2,OPEN,1,active,56,5.804833,4,EXTENSION,2,OPEN,0.562533,0.370925,2800,2900,0,REST,0.000000,2,OPEN,0.666667,2,OPEN,0.750000,2,OPEN,0.800000,0.00074956,0.00459353,0.43210429,0.00001917,0.56253345
open_01,2,OPEN,1,active,57,5.905597,0,REST,2,OPEN,0.498947,0.419859,2850,2950,0,REST,0.000000,0,REST,0.000000,0,REST,0.000000,2,OPEN,0.600000,0.00139746,0.00666293,0.49894703,0.00037396,0.49261862
open_01,2,OPEN,1,active,58,6.005739,4,EXTENSION,2,OPEN,0.640720,0.429225,2900,3000,0,REST,0.000000,4,EXTENSION,0.666667,0,REST,0.000000,0,REST,0.000000,0.00090116,0.00722195,0.35105083,0.00010643,0.64071963
open_01,2,OPEN,1,active,59,6.106044,4,EXTENSION,4,EXTENSION,0.991550,0.143204,2950,3050,4,EXTENSION,1.000000,4,EXTENSION,0.666667,4,EXTENSION,0.750000,4,EXTENSION,0.600000,0.00000941,0.00005746,0.00838291,0.00000014,0.99155009
open_01,2,OPEN,1,active,60,6.205572,4,EXTENSION,4,EXTENSION,0.957917,0.262238,3000,3100,4,EXTENSION,1.000000,4,EXTENSION,1.000000,4,EXTENSION,0.750000,4,EXTENSION,0.800000,0.00014890,0.00024262,0.04168814,0.00000309,0.95791725
open_01,2,OPEN,1,active,61,6.305664,2,OPEN,4,EXTENSION,0.895813,0.239532,3050,3150,0,REST,0.000000,4,EXTENSION,0.666667,4,EXTENSION,0.750000,4,EXTENSION,0.600000,0.01431073,0.06288149,0.89581305,0.00983711,0.01715761
open_01,2,OPEN,1,active,62,6.406341,2,OPEN,4,EXTENSION,0.717762,0.186759,3100,3200,2,OPEN,1.000000,2,OPEN,0.666667,0,REST,0.000000,4,EXTENSION,0.600000,0.01410305,0.23526638,0.71776156,0.01292689,0.01994212
open_01,2,OPEN,1,active,63,6.509497,2,OPEN,2,OPEN,0.724948,0.481034,3150,3250,2,OPEN,1.000000,2,OPEN,1.000000,2,OPEN,0.750000,2,OPEN,0.600000,0.03353053,0.03439693,0.72494780,0.00123361,0.20589113
open_01,2,OPEN,1,active,64,6.607071,4,EXTENSION,2,OPEN,0.940475,0.407654,3200,3300,0,REST,0.000000,2,OPEN,0.666667,2,OPEN,0.750000,2,OPEN,0.600000,0.00047042,0.00052725,0.05851672,0.00001014,0.94047548
open_01,2,OPEN,1,active,65,6.708172,2,OPEN,2,OPEN,0.674620,0.361546,3250,3350,0,REST,0.000000,2,OPEN,0.666667,2,OPEN,0.750000,2,OPEN,0.800000,0.00117183,0.00645188,0.67461985,0.00000476,0.31775168
open_01,2,OPEN,1,active,66,6.806567,2,OPEN,2,OPEN,0.965313,0.323042,3300,3400,2,OPEN,1.000000,2,OPEN,0.666667,2,OPEN,0.750000,2,OPEN,0.800000,0.00158598,0.01361745,0.96531335,0.00001069,0.01947252
open_01,2,OPEN,1,active,67,6.909144,4,EXTENSION,2,OPEN,0.607064,0.365123,3350,3450,0,REST,0.000000,2,OPEN,0.666667,0,REST,0.000000,2,OPEN,0.600000,0.00091079,0.00209850,0.38991776,0.00000889,0.60706406
open_01,2,OPEN,1,active,68,7.011613,2,OPEN,2,OPEN,0.852873,0.365289,3400,3500,0,REST,0.000000,2,OPEN,0.666667,2,OPEN,0.750000,2,OPEN,0.600000,0.00951598,0.01757979,0.85287343,0.00008243,0.11994837
open_01,2,OPEN,1,active,69,7.109491,2,OPEN,2,OPEN,0.938346,0.352527,3450,3550,2,OPEN,1.000000,2,OPEN,0.666667,2,OPEN,0.750000,2,OPEN,0.800000,0.01029808,0.04156396,0.93834601,0.00027445,0.00951750
open_01,2,OPEN,1,active,70,7.209331,4,EXTENSION,2,OPEN,0.588499,0.445503,3500,3600,0,REST,0.000000,2,OPEN,0.666667,0,REST,0.000000,2,OPEN,0.600000,0.00251056,0.00805905,0.40083110,0.00010001,0.58849928
open_01,2,OPEN,1,active,71,7.307724,4,EXTENSION,4,EXTENSION,0.887218,0.148104,3550,3650,4,EXTENSION,1.000000,4,EXTENSION,0.666667,0,REST,0.000000,4,EXTENSION,0.600000,0.00167028,0.02054633,0.09000898,0.00055650,0.88721790
open_01,2,OPEN,1,active,72,7.409431,2,OPEN,2,OPEN,0.814813,0.251426,3600,3700,0,REST,0.000000,4,EXTENSION,0.666667,0,REST,0.000000,2,OPEN,0.600000,0.01308111,0.13542521,0.81481294,0.01596188,0.02071886
open_01,2,OPEN,1,active,73,7.512157,2,OPEN,2,OPEN,0.921254,0.226808,3650,3750,2,OPEN,1.000000,2,OPEN,0.666667,0,REST,0.000000,2,OPEN,0.600000,0.01470418,0.03904974,0.92125430,0.00110829,0.02388349
open_01,2,OPEN,1,active,74,7.611546,2,OPEN,2,OPEN,0.738230,0.284321,3700,3800,2,OPEN,1.000000,2,OPEN,1.000000,2,OPEN,0.750000,2,OPEN,0.600000,0.00247909,0.00593901,0.73822973,0.00002970,0.25332248
open_01,2,OPEN,1,active,75,7.710137,2,OPEN,2,OPEN,0.883620,0.261190,3750,3850,2,OPEN,1.000000,2,OPEN,1.000000,2,OPEN,1.000000,2,OPEN,0.800000,0.01209172,0.01105142,0.88361986,0.00021642,0.09302058
open_01,2,OPEN,1,active,76,7.808988,4,EXTENSION,2,OPEN,0.651452,0.275318,3800,3900,0,REST,0.000000,2,OPEN,0.666667,2,OPEN,0.750000,2,OPEN,0.800000,0.01420385,0.00929216,0.32499950,0.00005217,0.65145232
open_01,2,OPEN,1,active,77,7.908762,4,EXTENSION,2,OPEN,0.931392,0.342341,3850,3950,4,EXTENSION,1.000000,4,EXTENSION,0.666667,0,REST,0.000000,2,OPEN,0.600000,0.00016844,0.00028105,0.06815684,0.00000154,0.93139213
open_01,2,OPEN,1,active,78,8.010636,2,OPEN,2,OPEN,0.660369,0.335151,3900,4000,0,REST,0.000000,4,EXTENSION,0.666667,0,REST,0.000000,2,OPEN,0.600000,0.00356013,0.00291399,0.66036923,0.00006024,0.33309641
open_01,2,OPEN,1,active,79,8.110555,2,OPEN,2,OPEN,0.951614,0.284384,3950,4050,2,OPEN,1.000000,2,OPEN,0.666667,0,REST,0.000000,2,OPEN,0.600000,0.01073466,0.01427459,0.95161398,0.00018727,0.02318950
open_01,2,OPEN,1,active,80,8.211395,2,OPEN,2,OPEN,0.816687,0.322965,4000,4100,2,OPEN,1.000000,2,OPEN,1.000000,2,OPEN,0.750000,2,OPEN,0.600000,0.01356888,0.02141971,0.81668739,0.00005277,0.14827124
open_01,2,OPEN,1,active,81,8.313010,4,EXTENSION,2,OPEN,0.641723,0.335965,4050,4150,0,REST,0.000000,2,OPEN,0.666667,2,OPEN,0.750000,2,OPEN,0.600000,0.00934481,0.03792324,0.31090316,0.00010594,0.64172285
open_01,2,OPEN,1,active,82,8.410574,4,EXTENSION,2,OPEN,0.947198,0.340746,4100,4200,4,EXTENSION,1.000000,4,EXTENSION,0.666667,0,REST,0.000000,2,OPEN,0.600000,0.00009611,0.00040796,0.05229654,0.00000115,0.94719824
open_01,2,OPEN,1,active,83,8.510721,4,EXTENSION,4,EXTENSION,0.607096,0.029569,4150,4250,4,EXTENSION,1.000000,4,EXTENSION,1.000000,4,EXTENSION,0.750000,4,EXTENSION,0.600000,0.00144890,0.00072908,0.39071791,0.00000785,0.60709627
open_01,2,OPEN,1,active,84,8.610863,2,OPEN,4,EXTENSION,0.892749,0.032619,4200,4300,0,REST,0.000000,4,EXTENSION,0.666667,4,EXTENSION,0.750000,4,EXTENSION,0.600000,0.04767833,0.05004836,0.89274866,0.00177353,0.00775113
open_01,2,OPEN,1,active,85,8.711704,2,OPEN,4,EXTENSION,0.898354,0.095515,4250,4350,2,OPEN,1.000000,2,OPEN,0.666667,0,REST,0.000000,4,EXTENSION,0.600000,0.03714418,0.03602705,0.89835413,0.00114441,0.02733023
open_01,2,OPEN,1,active,86,8.812677,0,REST,4,EXTENSION,0.537267,0.033981,4300,4400,0,REST,0.000000,2,OPEN,0.666667,0,REST,0.000000,0,REST,0.000000,0.12825265,0.00693492,0.53726686,0.00026663,0.32727894
open_01,2,OPEN,1,active,87,8.911212,4,EXTENSION,4,EXTENSION,0.564073,0.061944,4350,4450,0,REST,0.000000,0,REST,0.000000,0,REST,0.000000,0,REST,0.000000,0.23342022,0.02846546,0.17355750,0.00048414,0.56407269
open_01,2,OPEN,1,active,88,9.011764,4,EXTENSION,4,EXTENSION,0.979762,0.104301,4400,4500,4,EXTENSION,1.000000,4,EXTENSION,0.666667,0,REST,0.000000,0,REST,0.000000,0.00052752,0.00382680,0.01585958,0.00002409,0.97976200
open_01,2,OPEN,1,active,89,9.111690,4,EXTENSION,4,EXTENSION,0.943498,0.111922,4450,4550,4,EXTENSION,1.000000,4,EXTENSION,1.000000,4,EXTENSION,0.750000,4,EXTENSION,0.600000,0.00070197,0.00296160,0.05283270,0.00000614,0.94349758
open_01,2,OPEN,1,active,90,9.214300,2,OPEN,4,EXTENSION,0.710950,0.121798,4500,4600,0,REST,0.000000,4,EXTENSION,0.666667,4,EXTENSION,0.750000,4,EXTENSION,0.600000,0.08373319,0.15475966,0.71095042,0.00033184,0.05022488
open_01,2,OPEN,1,active,91,9.312740,1,POWER,4,EXTENSION,0.737927,0.083923,4550,4650,0,REST,0.000000,0,REST,0.000000,0,REST,0.000000,4,EXTENSION,0.600000,0.05401382,0.73792737,0.20493348,0.00285472,0.00027060
open_01,2,OPEN,1,active,92,9.414052,2,OPEN,4,EXTENSION,0.631852,0.041163,4600,4700,0,REST,0.000000,2,OPEN,0.666667,0,REST,0.000000,0,REST,0.000000,0.21391446,0.14997195,0.63185215,0.00242907,0.00183237
open_01,2,OPEN,1,active,93,9.513743,2,OPEN,2,OPEN,0.691559,0.248194,4650,4750,2,OPEN,1.000000,2,OPEN,0.666667,2,OPEN,0.750000,2,OPEN,0.600000,0.14684595,0.15360978,0.69155889,0.00585348,0.00213190
open_01,2,OPEN,1,active,94,9.612636,1,POWER,2,OPEN,0.665202,0.364185,4700,4800,0,REST,0.000000,2,OPEN,0.666667,0,REST,0.000000,2,OPEN,0.600000,0.08665687,0.66520233,0.22659031,0.00688269,0.01466780
open_01,2,OPEN,1,active,95,9.713827,1,POWER,1,POWER,0.621347,0.381087,4750,4850,1,POWER,1.000000,1,POWER,0.666667,0,REST,0.000000,1,POWER,0.600000,0.04775637,0.62134672,0.25417589,0.00129142,0.07542961
open_01,2,OPEN,1,active,96,9.812469,2,OPEN,2,OPEN,0.591160,0.316206,4800,4900,0,REST,0.000000,1,POWER,0.666667,0,REST,0.000000,2,OPEN,0.600000,0.07818285,0.30955333,0.59116019,0.00868662,0.01241700
open_01,2,OPEN,1,active,97,9.914791,0,REST,2,OPEN,0.363792,0.301305,4850,4950,0,REST,0.000000,0,REST,0.000000,0,REST,0.000000,0,REST,0.000000,0.34429829,0.24480855,0.36379172,0.04661180,0.00048963
open_01,2,OPEN,1,active,98,10.015790,1,POWER,1,POWER,0.562930,0.324225,4900,5000,0,REST,0.000000,0,REST,0.000000,0,REST,0.000000,1,POWER,0.600000,0.37771352,0.56293001,0.04436695,0.01459091,0.00039860
open_01,2,OPEN,1,active,99,10.113869,1,POWER,1,POWER,0.844832,0.346021,4950,5050,1,POWER,1.000000,1,POWER,0.666667,0,REST,0.000000,1,POWER,0.600000,0.12817852,0.84483243,0.01632899,0.01058928,0.00007078
open_01,2,OPEN,1,active,100,10.213581,1,POWER,1,POWER,0.788315,0.397507,5000,5100,1,POWER,1.000000,1,POWER,1.000000,1,POWER,0.750000,1,POWER,0.600000,0.06260514,0.78831462,0.02314875,0.12592192,0.00000957
open_01,2,OPEN,1,active,101,10.315782,1,POWER,1,POWER,0.805923,0.411664,5050,5150,1,POWER,1.000000,1,POWER,1.000000,1,POWER,1.000000,1,POWER,0.800000,0.03769642,0.80592311,0.07882548,0.07748240,0.00007258
open_01,2,OPEN,1,active,102,10.413732,0,REST,1,POWER,0.522681,0.418071,5100,5200,0,REST,0.000000,1,POWER,0.666667,1,POWER,0.750000,1,POWER,0.800000,0.15997802,0.52268148,0.30712212,0.00824689,0.00197150
open_01,2,OPEN,1,active,103,10.514608,1,POWER,1,POWER,0.598838,0.403966,5150,5250,0,REST,0.000000,1,POWER,0.666667,1,POWER,0.750000,1,POWER,0.800000,0.09333115,0.59883837,0.28347555,0.00570133,0.01865360
open_01,2,OPEN,1,active,104,10.614774,2,OPEN,1,POWER,0.577747,0.301145,5200,5300,0,REST,0.000000,0,REST,0.000000,0,REST,0.000000,1,POWER,0.600000,0.03368609,0.38017511,0.57774739,0.00206201,0.00632940
open_01,2,OPEN,1,active,105,10.714545,2,OPEN,1,POWER,0.684635,0.225535,5250,5350,2,OPEN,1.000000,2,OPEN,0.666667,0,REST,0.000000,0,REST,0.000000,0.09523193,0.21794039,0.68463476,0.00193003,0.00026290
open_01,2,OPEN,1,active,106,10.819561,0,REST,1,POWER,0.581891,0.193855,5300,5400,0,REST,0.000000,2,OPEN,0.666667,0,REST,0.000000,0,REST,0.000000,0.58189069,0.19591362,0.22046228,0.00164644,0.00008696
open_01,2,OPEN,1,active,107,10.914888,0,REST,1,POWER,0.416747,0.201350,5350,5450,0,REST,1.000000,0,REST,0.666667,0,REST,0.000000,0,REST,0.000000,0.41674659,0.36994698,0.19317457,0.01990941,0.00022246
open_01,2,OPEN,1,active,108,11.015687,2,OPEN,2,OPEN,0.628116,0.137151,5400,5500,0,REST,0.000000,0,REST,0.666667,0,REST,0.000000,2,OPEN,0.600000,0.07716440,0.28482104,0.62811619,0.00977640,0.00012198
open_01,2,OPEN,1,active,109,11.116061,2,OPEN,2,OPEN,0.623381,0.100787,5450,5550,2,OPEN,1.000000,2,OPEN,0.666667,0,REST,0.000000,2,OPEN,0.600000,0.19301229,0.18250102,0.62338102,0.00107834,0.00002733
open_01,2,OPEN,1,active,110,11.216681,0,REST,0,REST,0.410770,0.000000,5500,5600,0,REST,0.000000,2,OPEN,0.666667,0,REST,0.000000,0,REST,0.600000,0.41077027,0.29702474,0.28050365,0.01133747,0.00036387
open_01,2,OPEN,1,active,111,11.315747,0,REST,0,REST,0.438595,0.000000,5550,5650,0,REST,1.000000,0,REST,0.666667,0,REST,0.000000,0,REST,0.600000,0.14505446,0.43859533,0.34691091,0.04754147,0.02189782
open_01,2,OPEN,1,active,112,11.415913,0,REST,0,REST,0.415609,0.000000,5600,5700,0,REST,1.000000,0,REST,1.000000,0,REST,0.750000,0,REST,0.600000,0.07801811,0.15734458,0.34599726,0.00303104,0.41560901
open_01,2,OPEN,1,active,113,11.516659,4,EXTENSION,0,REST,0.900248,0.000000,5650,5750,0,REST,0.000000,0,REST,0.666667,0,REST,0.750000,0,REST,0.600000,0.00045833,0.00233884,0.09689152,0.00006335,0.90024796
open_01,2,OPEN,1,active,114,11.616594,0,REST,0,REST,0.512082,0.000000,5700,5800,0,REST,0.000000,0,REST,0.666667,0,REST,0.750000,0,REST,0.800000,0.00003694,0.00063039,0.51208168,0.00034006,0.48691094
open_01,2,OPEN,1,active,115,11.717120,2,OPEN,0,REST,0.711833,0.000000,5750,5850,0,REST,0.000000,0,REST,0.000000,0,REST,0.000000,0,REST,0.600000,0.00015792,0.00044693,0.71183339,0.00015810,0.28740366
open_01,2,OPEN,1,active,116,11.817380,4,EXTENSION,0,REST,0.862564,0.000000,5800,5900,0,REST,0.000000,0,REST,0.000000,0,REST,0.000000,0,REST,0.000000,0.00000056,0.00019696,0.13719512,0.00004327,0.86256409
open_01,2,OPEN,1,active,117,11.916807,4,EXTENSION,4,EXTENSION,0.999270,0.758337,5850,5950,4,EXTENSION,1.000000,4,EXTENSION,0.666667,0,REST,0.000000,4,EXTENSION,0.600000,0.00000000,0.00000044,0.00072909,0.00000001,0.99927046
open_01,2,OPEN,1,active,118,12.017380,4,EXTENSION,4,EXTENSION,0.999883,0.767624,5900,6000,4,EXTENSION,1.000000,4,EXTENSION,1.000000,4,EXTENSION,0.750000,4,EXTENSION,0.600000,0.00000000,0.00000000,0.00011735,0.00000000,0.99988264
open_01,2,OPEN,1,active,119,12.118792,4,EXTENSION,4,EXTENSION,0.996274,0.772032,5950,6050,4,EXTENSION,1.000000,4,EXTENSION,1.000000,4,EXTENSION,1.000000,4,EXTENSION,0.800000,0.00000002,0.00000082,0.00369450,0.00003095,0.99627372
open_01,2,OPEN,1,active,120,12.218122,4,EXTENSION,4,EXTENSION,1.000000,0.844622,6000,6100,4,EXTENSION,1.000000,4,EXTENSION,1.000000,4,EXTENSION,1.000000,4,EXTENSION,1.000000,0.00000000,0.00000000,0.00000048,0.00000000,0.99999952
open_01,2,OPEN,1,active,121,12.318117,4,EXTENSION,4,EXTENSION,1.000000,0.789031,6050,6150,4,EXTENSION,1.000000,4,EXTENSION,1.000000,4,EXTENSION,1.000000,4,EXTENSION,1.000000,0.00000000,0.00000000,0.00000031,0.00000000,0.99999969
open_01,2,OPEN,1,active,122,12.425775,4,EXTENSION,4,EXTENSION,0.998367,0.712170,6100,6200,4,EXTENSION,1.000000,4,EXTENSION,1.000000,4,EXTENSION,1.000000,4,EXTENSION,1.000000,0.00000000,0.00000016,0.00163155,0.00000132,0.99836697
open_01,2,OPEN,1,active,123,12.519775,4,EXTENSION,4,EXTENSION,0.998385,0.739004,6150,6250,4,EXTENSION,1.000000,4,EXTENSION,1.000000,4,EXTENSION,1.000000,4,EXTENSION,1.000000,0.00000001,0.00000065,0.00159758,0.00001661,0.99838514
open_01,2,OPEN,1,active,124,12.618602,4,EXTENSION,4,EXTENSION,0.998058,0.602523,6200,6300,4,EXTENSION,1.000000,4,EXTENSION,1.000000,4,EXTENSION,1.000000,4,EXTENSION,1.000000,0.00000003,0.00000089,0.00194091,0.00000039,0.99805778
open_01,2,OPEN,1,active,125,12.718967,4,EXTENSION,4,EXTENSION,0.999375,0.586552,6250,6350,4,EXTENSION,1.000000,4,EXTENSION,1.000000,4,EXTENSION,1.000000,4,EXTENSION,1.000000,0.00000001,0.00000007,0.00062486,0.00000000,0.99937507
open_01,2,OPEN,1,active,126,12.819278,4,EXTENSION,4,EXTENSION,0.877772,0.746708,6300,6400,4,EXTENSION,1.000000,4,EXTENSION,1.000000,4,EXTENSION,1.000000,4,EXTENSION,1.000000,0.00000035,0.00001482,0.12217007,0.00004307,0.87777169
open_01,2,OPEN,1,active,127,12.918765,4,EXTENSION,4,EXTENSION,0.792369,0.706963,6350,6450,4,EXTENSION,1.000000,4,EXTENSION,1.000000,4,EXTENSION,1.000000,4,EXTENSION,1.000000,0.00000066,0.00005560,0.20737647,0.00019796,0.79236931
open_01,2,OPEN,1,active,128,13.020099,4,EXTENSION,4,EXTENSION,0.979625,0.562834,6400,6500,4,EXTENSION,1.000000,4,EXTENSION,1.000000,4,EXTENSION,1.000000,4,EXTENSION,1.000000,0.00000075,0.00002084,0.02035194,0.00000107,0.97962539
open_01,2,OPEN,1,active,129,13.120363,4,EXTENSION,4,EXTENSION,0.895811,0.648806,6450,6550,4,EXTENSION,1.000000,4,EXTENSION,1.000000,4,EXTENSION,1.000000,4,EXTENSION,1.000000,0.00000576,0.00006537,0.10405964,0.00005866,0.89581057
open_01,2,OPEN,1,active,130,13.219594,4,EXTENSION,4,EXTENSION,0.893329,0.629829,6500,6600,4,EXTENSION,1.000000,4,EXTENSION,1.000000,4,EXTENSION,1.000000,4,EXTENSION,1.000000,0.00000127,0.00018212,0.10641197,0.00007558,0.89332906
open_01,2,OPEN,1,active,131,13.320445,4,EXTENSION,4,EXTENSION,0.920705,0.526507,6550,6650,4,EXTENSION,1.000000,4,EXTENSION,1.000000,4,EXTENSION,1.000000,4,EXTENSION,1.000000,0.00002104,0.00115905,0.07811407,0.00000064,0.92070519
open_01,2,OPEN,1,active,132,13.419948,4,EXTENSION,4,EXTENSION,0.852673,0.531118,6600,6700,4,EXTENSION,1.000000,4,EXTENSION,1.000000,4,EXTENSION,1.000000,4,EXTENSION,1.000000,0.00007837,0.00099161,0.14624095,0.00001646,0.85267261
open_01,2,OPEN,1,active,133,13.520800,4,EXTENSION,4,EXTENSION,0.851060,0.502933,6650,6750,4,EXTENSION,1.000000,4,EXTENSION,1.000000,4,EXTENSION,1.000000,4,EXTENSION,1.000000,0.00001679,0.00061420,0.14765744,0.00065165,0.85105991
open_01,2,OPEN,1,active,134,13.621334,4,EXTENSION,4,EXTENSION,0.997137,0.560062,6700,6800,4,EXTENSION,1.000000,4,EXTENSION,1.000000,4,EXTENSION,1.000000,4,EXTENSION,1.000000,0.00000017,0.00000455,0.00285663,0.00000186,0.99713679
open_01,2,OPEN,1,active,135,13.720535,4,EXTENSION,4,EXTENSION,0.999995,0.743602,6750,6850,4,EXTENSION,1.000000,4,EXTENSION,1.000000,4,EXTENSION,1.000000,4,EXTENSION,1.000000,0.00000000,0.00000000,0.00000481,0.00000000,0.99999519
open_01,2,OPEN,1,active,136,13.820806,4,EXTENSION,4,EXTENSION,0.999836,0.732454,6800,6900,4,EXTENSION,1.000000,4,EXTENSION,1.000000,4,EXTENSION,1.000000,4,EXTENSION,1.000000,0.00000000,0.00000009,0.00016350,0.00000000,0.99983642
open_01,2,OPEN,1,active,137,13.920782,4,EXTENSION,4,EXTENSION,0.996567,0.581235,6850,6950,4,EXTENSION,1.000000,4,EXTENSION,1.000000,4,EXTENSION,1.000000,4,EXTENSION,1.000000,0.00000032,0.00000948,0.00342329,0.00000002,0.99656690
open_01,2,OPEN,1,active,138,14.022616,4,EXTENSION,4,EXTENSION,0.996796,0.538862,6900,7000,4,EXTENSION,1.000000,4,EXTENSION,1.000000,4,EXTENSION,1.000000,4,EXTENSION,1.000000,0.00000149,0.00001777,0.00318495,0.00000007,0.99679572
open_01,2,OPEN,1,active,139,14.121431,4,EXTENSION,4,EXTENSION,0.999840,0.568309,6950,7050,4,EXTENSION,1.000000,4,EXTENSION,1.000000,4,EXTENSION,1.000000,4,EXTENSION,1.000000,0.00000000,0.00000005,0.00015955,0.00000001,0.99984038
open_01,2,OPEN,1,active,140,14.222354,4,EXTENSION,4,EXTENSION,0.999209,0.526047,7000,7100,4,EXTENSION,1.000000,4,EXTENSION,1.000000,4,EXTENSION,1.000000,4,EXTENSION,1.000000,0.00000000,0.00000013,0.00079118,0.00000004,0.99920865
open_01,2,OPEN,1,active,141,14.321627,4,EXTENSION,4,EXTENSION,0.994459,0.492111,7050,7150,4,EXTENSION,1.000000,4,EXTENSION,1.000000,4,EXTENSION,1.000000,4,EXTENSION,1.000000,0.00000001,0.00000101,0.00554036,0.00000002,0.99445861
open_01,2,OPEN,1,active,142,14.421951,4,EXTENSION,4,EXTENSION,0.991726,0.503701,7100,7200,4,EXTENSION,1.000000,4,EXTENSION,1.000000,4,EXTENSION,1.000000,4,EXTENSION,1.000000,0.00000008,0.00000314,0.00827065,0.00000003,0.99172611
open_01,2,OPEN,1,active,143,14.522112,2,OPEN,4,EXTENSION,0.607959,0.434131,7150,7250,0,REST,0.000000,4,EXTENSION,0.666667,4,EXTENSION,0.750000,4,EXTENSION,0.800000,0.00021258,0.00230948,0.60795896,0.00184233,0.38767666
open_01,2,OPEN,1,active,144,14.622251,4,EXTENSION,4,EXTENSION,0.688481,0.402643,7200,7300,0,REST,0.000000,4,EXTENSION,0.666667,4,EXTENSION,0.750000,4,EXTENSION,0.800000,0.00025559,0.00172220,0.30441999,0.00512147,0.68848075
open_01,2,OPEN,1,active,145,14.722658,4,EXTENSION,4,EXTENSION,0.579147,0.483229,7250,7350,4,EXTENSION,1.000000,4,EXTENSION,0.666667,4,EXTENSION,0.750000,4,EXTENSION,0.800000,0.00003518,0.00748349,0.41019273,0.00314201,0.57914659
open_01,2,OPEN,1,active,146,14.822732,4,EXTENSION,4,EXTENSION,0.961553,0.591626,7300,7400,4,EXTENSION,1.000000,4,EXTENSION,1.000000,4,EXTENSION,0.750000,4,EXTENSION,0.800000,0.00000111,0.00018422,0.03823853,0.00002284,0.96155330
open_01,2,OPEN,1,active,147,14.923818,4,EXTENSION,4,EXTENSION,0.903191,0.489097,7350,7450,4,EXTENSION,1.000000,4,EXTENSION,1.000000,4,EXTENSION,1.000000,4,EXTENSION,0.800000,0.00000221,0.00022890,0.09657086,0.00000734,0.90319069
open_01,2,OPEN,1,active,148,15.024091,2,OPEN,4,EXTENSION,0.637266,0.296168,7400,7500,0,REST,0.000000,4,EXTENSION,0.666667,4,EXTENSION,0.750000,4,EXTENSION,0.800000,0.00004936,0.00349575,0.63726551,0.00008154,0.35910784
open_01,2,OPEN,1,active,149,15.129382,4,EXTENSION,4,EXTENSION,0.825986,0.298256,7450,7550,0,REST,0.000000,4,EXTENSION,0.666667,4,EXTENSION,0.750000,4,EXTENSION,0.800000,0.00018040,0.00099500,0.17279746,0.00004142,0.82598571
open_01,2,OPEN,1,active,150,15.224628,4,EXTENSION,4,EXTENSION,0.707932,0.494615,7500,7600,4,EXTENSION,1.000000,4,EXTENSION,0.666667,4,EXTENSION,0.750000,4,EXTENSION,0.800000,0.00011677,0.00132858,0.29060396,0.00001876,0.70793193
open_01,2,OPEN,1,active,151,15.324606,4,EXTENSION,4,EXTENSION,0.561886,0.534628,7550,7650,4,EXTENSION,1.000000,4,EXTENSION,1.000000,4,EXTENSION,0.750000,4,EXTENSION,0.800000,0.00002507,0.00486111,0.43322310,0.00000493,0.56188579
open_01,2,OPEN,1,active,152,15.423916,4,EXTENSION,4,EXTENSION,0.887894,0.453881,7600,7700,4,EXTENSION,1.000000,4,EXTENSION,1.000000,4,EXTENSION,1.000000,4,EXTENSION,0.800000,0.00000801,0.00251346,0.10957767,0.00000729,0.88789357
open_01,2,OPEN,1,active,153,15.524140,4,EXTENSION,4,EXTENSION,0.918604,0.415257,7650,7750,4,EXTENSION,1.000000,4,EXTENSION,1.000000,4,EXTENSION,1.000000,4,EXTENSION,1.000000,0.00001494,0.00048009,0.08089546,0.00000509,0.91860442
open_01,2,OPEN,1,active,154,15.624798,2,OPEN,4,EXTENSION,0.553428,0.340207,7700,7800,0,REST,0.000000,4,EXTENSION,0.666667,4,EXTENSION,0.750000,4,EXTENSION,0.800000,0.00132654,0.01195318,0.55342754,0.00021985,0.43307289
open_01,2,OPEN,1,active,155,15.725112,4,EXTENSION,4,EXTENSION,0.798201,0.334301,7750,7850,0,REST,0.000000,4,EXTENSION,0.666667,4,EXTENSION,0.750000,4,EXTENSION,0.800000,0.00009692,0.00439152,0.19730590,0.00000453,0.79820114
open_01,2,OPEN,1,active,156,15.826021,4,EXTENSION,4,EXTENSION,0.974156,0.291810,7800,7900,4,EXTENSION,1.000000,4,EXTENSION,0.666667,4,EXTENSION,0.750000,4,EXTENSION,0.800000,0.00000998,0.00019400,0.02563958,0.00000002,0.97415643
open_01,2,OPEN,1,active,157,15.925726,4,EXTENSION,4,EXTENSION,0.589937,0.316567,7850,7950,4,EXTENSION,1.000000,4,EXTENSION,1.000000,4,EXTENSION,0.750000,4,EXTENSION,0.800000,0.00006467,0.00271858,0.40727681,0.00000302,0.58993693
open_01,2,OPEN,1,active,158,16.025856,2,OPEN,4,EXTENSION,0.844285,0.410876,7900,8000,0,REST,0.000000,4,EXTENSION,0.666667,4,EXTENSION,0.750000,4,EXTENSION,0.600000,0.00025171,0.01569462,0.84428483,0.00002660,0.13974224
open_01,2,OPEN,1,active,159,16.125179,0,REST,4,EXTENSION,0.404727,0.282685,7950,8050,0,REST,0.000000,0,REST,0.000000,0,REST,0.000000,4,EXTENSION,0.600000,0.01482366,0.27790904,0.40472702,0.00061530,0.30192498
open_01,2,OPEN,1,active,160,16.225723,1,POWER,4,EXTENSION,0.654477,0.203924,8000,8100,0,REST,0.000000,0,REST,0.000000,0,REST,0.000000,0,REST,0.000000,0.05513646,0.65447740,0.22416470,0.00044500,0.06577643
open_01,2,OPEN,1,active,161,16.326610,2,OPEN,4,EXTENSION,0.557860,0.213981,8050,8150,0,REST,0.000000,0,REST,0.000000,0,REST,0.000000,0,REST,0.000000,0.05531116,0.04607530,0.55786024,0.00003751,0.34071579
open_01,2,OPEN,1,active,162,16.426551,0,REST,4,EXTENSION,0.485034,0.197236,8100,8200,0,REST,0.000000,0,REST,0.000000,0,REST,0.000000,0,REST,0.000000,0.01566960,0.01847649,0.48064326,0.00017648,0.48503418
open_01,2,OPEN,1,active,163,16.526285,2,OPEN,4,EXTENSION,0.721911,0.217091,8150,8250,0,REST,0.000000,2,OPEN,0.666667,0,REST,0.000000,0,REST,0.000000,0.00739339,0.03355408,0.72191079,0.00108880,0.23605294
open_01,2,OPEN,1,active,164,16.626985,2,OPEN,2,OPEN,0.625166,0.495613,8200,8300,2,OPEN,1.000000,2,OPEN,0.666667,2,OPEN,0.750000,2,OPEN,0.600000,0.00918948,0.10702658,0.62516569,0.00180491,0.25681334
open_01,2,OPEN,1,active,165,16.727306,0,REST,2,OPEN,0.493001,0.508523,8250,8350,0,REST,0.000000,2,OPEN,0.666667,0,REST,0.000000,2,OPEN,0.600000,0.00927824,0.16356857,0.49300127,0.00041037,0.33374155
open_01,2,OPEN,1,active,166,16.826867,2,OPEN,2,OPEN,0.762046,0.462025,8300,8400,0,REST,0.000000,2,OPEN,0.666667,2,OPEN,0.750000,2,OPEN,0.600000,0.00978951,0.04485237,0.76204573,0.00007384,0.18323856
open_01,2,OPEN,1,active,167,16.927483,2,OPEN,2,OPEN,0.574889,0.436472,8350,8450,2,OPEN,1.000000,2,OPEN,0.666667,2,OPEN,0.750000,2,OPEN,0.800000,0.00151504,0.00271170,0.57488881,0.00001059,0.42087386
open_01,2,OPEN,1,active,168,17.027544,0,REST,2,OPEN,0.537469,0.418741,8400,8500,0,REST,0.000000,2,OPEN,0.666667,0,REST,0.000000,2,OPEN,0.600000,0.00072945,0.00082551,0.53746904,0.00000605,0.46096995
open_01,2,OPEN,1,active,169,17.127361,2,OPEN,2,OPEN,0.857289,0.429916,8450,8550,0,REST,0.000000,2,OPEN,0.666667,2,OPEN,0.750000,2,OPEN,0.600000,0.01354237,0.02671079,0.85728854,0.00021788,0.10224042
open_01,2,OPEN,1,active,170,17.228498,0,REST,2,OPEN,0.472065,0.407572,8500,8600,0,REST,0.000000,0,REST,0.666667,0,REST,0.000000,2,OPEN,0.600000,0.06432508,0.36540034,0.47206496,0.00092901,0.09728060
open_01,2,OPEN,1,active,171,17.328558,2,OPEN,2,OPEN,0.562944,0.356264,8550,8650,0,REST,0.000000,2,OPEN,0.666667,0,REST,0.000000,2,OPEN,0.600000,0.01793145,0.11859858,0.56294392,0.00040429,0.30012175
open_01,2,OPEN,1,active,172,17.428091,2,OPEN,2,OPEN,0.848399,0.522684,8600,8700,2,OPEN,1.000000,2,OPEN,0.666667,2,OPEN,0.750000,2,OPEN,0.600000,0.00094168,0.04142411,0.84839861,0.00063550,0.10860010
open_01,2,OPEN,1,active,173,17.528712,2,OPEN,2,OPEN,0.887168,0.503550,8650,8750,2,OPEN,1.000000,2,OPEN,1.000000,2,OPEN,0.750000,2,OPEN,0.800000,0.00039687,0.09890338,0.88716751,0.00345531,0.01007693
open_01,2,OPEN,1,active,174,17.628767,2,OPEN,2,OPEN,0.960589,0.305910,8700,8800,2,OPEN,1.000000,2,OPEN,1.000000,2,OPEN,1.000000,2,OPEN,0.800000,0.00382517,0.01677299,0.96058936,0.00052577,0.01828672
open_01,2,OPEN,1,active,175,17.731879,0,REST,2,OPEN,0.514250,0.265255,8750,8850,0,REST,0.000000,2,OPEN,0.666667,2,OPEN,0.750000,2,OPEN,0.800000,0.02406268,0.00804224,0.45361193,0.00003285,0.51425030
open_01,2,OPEN,1,active,176,17.829490,0,REST,2,OPEN,0.495678,0.199478,8800,8900,0,REST,1.000000,0,REST,0.666667,0,REST,0.000000,2,OPEN,0.600000,0.49567845,0.02963515,0.40176008,0.00009738,0.07282894
open_01,2,OPEN,1,active,177,17.929186,2,OPEN,2,OPEN,0.596546,0.245227,8850,8950,0,REST,0.000000,0,REST,0.666667,0,REST,0.000000,2,OPEN,0.600000,0.03229528,0.00472005,0.59654590,0.00002550,0.36641328
open_01,2,OPEN,1,tail,178,18.030160,4,EXTENSION,2,OPEN,0.734095,0.326756,8900,9000,0,REST,0.000000,0,REST,0.000000,0,REST,0.000000,0,REST,0.000000,0.00077511,0.00312196,0.26199505,0.00001248,0.73409539
open_02,2,OPEN,2,countdown,0,0.198823,3,FLEXION,3,FLEXION,0.995317,1.000000,0,100,0,REST,0.000000,0,REST,0.000000,0,REST,0.000000,0,REST,0.000000,0.00000000,0.00000000,0.00468338,0.99531662,0.00000000
open_02,2,OPEN,2,countdown,1,0.298939,3,FLEXION,3,FLEXION,0.961325,0.843043,50,150,3,FLEXION,1.000000,3,FLEXION,0.666667,0,REST,0.000000,0,REST,0.000000,0.00819703,0.02972000,0.00075798,0.96132499,0.00000000
open_02,2,OPEN,2,countdown,2,0.398260,3,FLEXION,3,FLEXION,0.552725,0.375906,100,200,3,FLEXION,1.000000,3,FLEXION,1.000000,3,FLEXION,0.750000,3,FLEXION,0.600000,0.00802969,0.43813440,0.00111053,0.55272539,0.00000000
open_02,2,OPEN,2,countdown,3,0.498792,1,POWER,3,FLEXION,0.858953,0.095545,150,250,0,REST,0.000000,3,FLEXION,0.666667,3,FLEXION,0.750000,3,FLEXION,0.600000,0.00323180,0.85895263,0.00052598,0.13728959,0.00000000
open_02,2,OPEN,2,countdown,4,0.599497,1,POWER,3,FLEXION,0.946823,0.000000,200,300,1,POWER,1.000000,1,POWER,0.666667,0,REST,0.000000,3,FLEXION,0.600000,0.00146172,0.94682266,0.00027059,0.05144503,0.00000000
open_02,2,OPEN,2,countdown,5,0.704906,1,POWER,1,POWER,0.964337,0.004571,250,350,1,POWER,1.000000,1,POWER,1.000000,1,POWER,0.750000,1,POWER,0.600000,0.00103059,0.96433711,0.00019957,0.03443274,0.00000000
open_02,2,OPEN,2,countdown,6,0.801758,1,POWER,1,POWER,0.970044,0.000000,300,400,1,POWER,1.000000,1,POWER,1.000000,1,POWER,1.000000,1,POWER,0.800000,0.00291804,0.97004430,0.00026260,0.02677506,0.00000000
open_02,2,OPEN,2,countdown,7,0.899576,1,POWER,1,POWER,0.879103,0.000000,350,450,1,POWER,1.000000,1,POWER,1.000000,1,POWER,1.000000,1,POWER,1.000000,0.07744378,0.87910293,0.00063780,0.04281541,0.00000009
open_02,2,OPEN,2,countdown,8,0.999962,0,REST,1,POWER,0.718781,0.000000,400,500,0,REST,0.000000,1,POWER,0.666667,1,POWER,0.750000,1,POWER,0.800000,0.71878068,0.26186181,0.00046598,0.01889114,0.00000040
open_02,2,OPEN,2,countdown,9,1.103456,0,REST,1,POWER,0.974338,0.000000,450,550,0,REST,1.000000,0,REST,0.666667,0,REST,0.000000,1,POWER,0.600000,0.97433787,0.02328447,0.00033341,0.00204405,0.00000019
open_02,2,OPEN,2,countdown,10,1.200767,0,REST,0,REST,0.991354,0.000000,500,600,0,REST,1.000000,0,REST,1.000000,0,REST,0.750000,0,REST,0.600000,0.99135390,0.00805871,0.00041422,0.00017313,0.00000004
open_02,2,OPEN,2,countdown,11,1.300112,0,REST,0,REST,0.997730,0.000000,550,650,0,REST,1.000000,0,REST,1.000000,0,REST,1.000000,0,REST,0.800000,0.99773018,0.00192378,0.00033211,0.00001392,0.00000001
open_02,2,OPEN,2,countdown,12,1.401058,0,REST,0,REST,0.994802,0.000000,600,700,0,REST,1.000000,0,REST,1.000000,0,REST,1.000000,0,REST,1.000000,0.99480245,0.00352016,0.00162170,0.00005567,0.00000002
open_02,2,OPEN,2,countdown,13,1.500988,0,REST,0,REST,0.994665,0.000000,650,750,0,REST,1.000000,0,REST,1.000000,0,REST,1.000000,0,REST,1.000000,0.99466540,0.00374680,0.00154347,0.00004432,0.00000002
open_02,2,OPEN,2,countdown,14,1.602051,0,REST,0,REST,0.988374,0.000000,700,800,0,REST,1.000000,0,REST,1.000000,0,REST,1.000000,0,REST,1.000000,0.98837389,0.01024348,0.00124188,0.00014073,0.00000002
open_02,2,OPEN,2,countdown,15,1.706413,0,REST,0,REST,0.967716,0.000000,750,850,0,REST,1.000000,0,REST,1.000000,0,REST,1.000000,0,REST,1.000000,0.96771641,0.02952368,0.00224245,0.00051742,0.00000003
open_02,2,OPEN,2,countdown,16,1.801103,0,REST,0,REST,0.991680,0.000000,800,900,0,REST,1.000000,0,REST,1.000000,0,REST,1.000000,0,REST,1.000000,0.99168050,0.00627343,0.00190896,0.00013709,0.00000002
open_02,2,OPEN,2,countdown,17,1.901344,0,REST,0,REST,0.949078,0.000000,850,950,0,REST,1.000000,0,REST,1.000000,0,REST,1.000000,0,REST,1.000000,0.94907836,0.02466871,0.02573761,0.00051522,0.00000009
open_02,2,OPEN,2,countdown,18,2.002436,0,REST,0,REST,0.883160,0.000000,900,1000,0,REST,1.000000,0,REST,1.000000,0,REST,1.000000,0,REST,1.000000,0.88315983,0.06234538,0.05321596,0.00127873,0.00000009
open_02,2,OPEN,2,countdown,19,2.102211,0,REST,0,REST,0.966823,0.000000,950,1050,0,REST,1.000000,0,REST,1.000000,0,REST,1.000000,0,REST,1.000000,0.96682270,0.01470250,0.01800902,0.00046577,0.00000001
open_02,2,OPEN,2,countdown,20,2.202635,0,REST,0,REST,0.989034,0.000000,1000,1100,0,REST,1.000000,0,REST,1.000000,0,REST,1.000000,0,REST,1.000000,0.98903397,0.00714050,0.00357497,0.00025055,0.00000000
open_02,2,OPEN,2,countdown,21,2.302911,0,REST,0,REST,0.994992,0.000000,1050,1150,0,REST,1.000000,0,REST,1.000000,0,REST,1.000000,0,REST,1.000000,0.99499227,0.00364094,0.00133681,0.00002998,0.00000000
open_02,2,OPEN,2,countdown,22,2.402968,0,REST,0,REST,0.994860,0.000000,1100,1200,0,REST,1.000000,0,REST,1.000000,0,REST,1.000000,0,REST,1.000000,0.99486050,0.00267996,0.00243078,0.00002872,0.00000004
open_02,2,OPEN,2,countdown,23,2.502721,0,REST,0,REST,0.995671,0.000000,1150,1250,0,REST,1.000000,0,REST,1.000000,0,REST,1.000000,0,REST,1.000000,0.99567078,0.00318719,0.00100053,0.00014145,0.00000004
open_02,2,OPEN,2,countdown,24,2.603577,0,REST,0,REST,0.996412,0.000000,1200,1300,0,REST,1.000000,0,REST,1.000000,0,REST,1.000000,0,REST,1.000000,0.99641168,0.00270954,0.00080633,0.00007243,0.00000002
open_02,2,OPEN,2,countdown,25,2.703766,0,REST,0,REST,0.994996,0.000000,1250,1350,0,REST,1.000000,0,REST,1.000000,0,REST,1.000000,0,REST,1.000000,0.99499604,0.00259866,0.00235182,0.00005343,0.00000005
open_02,2,OPEN,2,countdown,26,2.804214,0,REST,0,REST,0.997021,0.000000,1300,1400,0,REST,1.000000,0,REST,1.000000,0,REST,1.000000,0,REST,1.000000,0.99702142,0.00150966,0.00142065,0.00004823,0.00000004
open_02,2,OPEN,2,countdown,27,2.904341,0,REST,0,REST,0.924726,0.000000,1350,1450,0,REST,1.000000,0,REST,1.000000,0,REST,1.000000,0,REST,1.000000,0.92472560,0.06545513,0.00831134,0.00150787,0.00000005
open_02,2,OPEN,2,active,28,3.003963,1,POWER,0,REST,0.705111,0.000000,1400,1500,0,REST,0.000000,0,REST,0.666667,0,REST,0.750000,0,REST,0.800000,0.13070652,0.70511111,0.14416468,0.02001472,0.00000297
open_02,2,OPEN,2,active,29,3.109749,2,OPEN,0,REST,0.834214,0.000000,1450,1550,0,REST,0.000000,0,REST,0.000000,0,REST,0.000000,0,REST,0.600000,0.00141940,0.00197741,0.83421368,0.00022041,0.16216910
open_02,2,OPEN,2,active,30,3.204264,4,EXTENSION,0,REST,0.999999,0.000000,1500,1600,0,REST,0.000000,0,REST,0.000000,0,REST,0.000000,0,REST,0.000000,0.00000000,0.00000000,0.00000109,0.00000000,0.99999891
open_02,2,OPEN,2,active,31,3.304328,4,EXTENSION,0,REST,1.000000,0.000000,1550,1650,4,EXTENSION,1.000000,4,EXTENSION,0.666667,0,REST,0.000000,0,REST,0.000000,0.00000000,0.00000000,0.00000000,0.00000000,1.00000000
open_02,2,OPEN,2,active,32,3.409276,4,EXTENSION,4,EXTENSION,0.999999,0.582481,1600,1700,4,EXTENSION,1.000000,4,EXTENSION,1.000000,4,EXTENSION,0.750000,4,EXTENSION,0.600000,0.00000000,0.00000000,0.00000084,0.00000000,0.99999916
open_02,2,OPEN,2,active,33,3.505036,4,EXTENSION,4,EXTENSION,0.999995,0.431243,1650,1750,4,EXTENSION,1.000000,4,EXTENSION,1.000000,4,EXTENSION,1.000000,4,EXTENSION,0.800000,0.00000000,0.00000000,0.00000540,0.00000000,0.99999460
open_02,2,OPEN,2,active,34,3.604929,4,EXTENSION,4,EXTENSION,1.000000,0.414423,1700,1800,4,EXTENSION,1.000000,4,EXTENSION,1.000000,4,EXTENSION,1.000000,4,EXTENSION,1.000000,0.00000000,0.00000000,0.00000014,0.00000000,0.99999986
open_02,2,OPEN,2,active,35,3.705371,4,EXTENSION,4,EXTENSION,0.999998,0.425151,1750,1850,4,EXTENSION,1.000000,4,EXTENSION,1.000000,4,EXTENSION,1.000000,4,EXTENSION,1.000000,0.00000000,0.00000000,0.00000246,0.00000000,0.99999754
open_02,2,OPEN,2,active,36,3.805937,4,EXTENSION,4,EXTENSION,0.884189,0.378330,1800,1900,4,EXTENSION,1.000000,4,EXTENSION,1.000000,4,EXTENSION,1.000000,4,EXTENSION,1.000000,0.00006296,0.00089019,0.11472292,0.00013527,0.88418866
open_02,2,OPEN,2,active,37,3.905667,4,EXTENSION,4,EXTENSION,0.658960,0.382079,1850,1950,4,EXTENSION,1.000000,4,EXTENSION,1.000000,4,EXTENSION,1.000000,4,EXTENSION,1.000000,0.00002932,0.00033656,0.34065420,0.00001947,0.65896046
open_02,2,OPEN,2,active,38,4.008348,4,EXTENSION,4,EXTENSION,0.981192,0.285104,1900,2000,4,EXTENSION,1.000000,4,EXTENSION,1.000000,4,EXTENSION,1.000000,4,EXTENSION,1.000000,0.00000062,0.00000243,0.01880446,0.00000003,0.98119246
open_02,2,OPEN,2,active,39,4.106661,4,EXTENSION,4,EXTENSION,0.999842,0.336780,1950,2050,4,EXTENSION,1.000000,4,EXTENSION,1.000000,4,EXTENSION,1.000000,4,EXTENSION,1.000000,0.00000001,0.00000007,0.00015783,0.00000000,0.99984210
open_02,2,OPEN,2,active,40,4.206811,4,EXTENSION,4,EXTENSION,0.999021,0.412758,2000,2100,4,EXTENSION,1.000000,4,EXTENSION,1.000000,4,EXTENSION,1.000000,4,EXTENSION,1.000000,0.00000010,0.00000023,0.00097851,0.00000000,0.99902116
open_02,2,OPEN,2,active,41,4.306626,4,EXTENSION,4,EXTENSION,0.940955,0.388076,2050,2150,4,EXTENSION,1.000000,4,EXTENSION,1.000000,4,EXTENSION,1.000000,4,EXTENSION,1.000000,0.00007736,0.00008785,0.05887229,0.00000741,0.94095509
open_02,2,OPEN,2,active,42,4.406689,4,EXTENSION,4,EXTENSION,0.685146,0.398961,2100,2200,4,EXTENSION,1.000000,4,EXTENSION,1.000000,4,EXTENSION,1.000000,4,EXTENSION,1.000000,0.00005592,0.00231695,0.31174487,0.00073630,0.68514596
open_02,2,OPEN,2,active,43,4.506966,4,EXTENSION,4,EXTENSION,0.949088,0.436267,2150,2250,4,EXTENSION,1.000000,4,EXTENSION,1.000000,4,EXTENSION,1.000000,4,EXTENSION,1.000000,0.00000436,0.00019021,0.05058436,0.00013335,0.94908771
open_02,2,OPEN,2,active,44,4.608649,4,EXTENSION,4,EXTENSION,0.998221,0.432764,2200,2300,4,EXTENSION,1.000000,4,EXTENSION,1.000000,4,EXTENSION,1.000000,4,EXTENSION,1.000000,0.00000143,0.00000492,0.00177207,0.00000030,0.99822128
open_02,2,OPEN,2,active,45,4.709124,4,EXTENSION,4,EXTENSION,0.989240,0.298840,2250,2350,4,EXTENSION,1.000000,4,EXTENSION,1.000000,4,EXTENSION,1.000000,4,EXTENSION,1.000000,0.00000546,0.00001496,0.01073936,0.00000020,0.98924001
open_02,2,OPEN,2,active,46,4.810353,4,EXTENSION,4,EXTENSION,0.957041,0.216188,2300,2400,4,EXTENSION,1.000000,4,EXTENSION,1.000000,4,EXTENSION,1.000000,4,EXTENSION,1.000000,0.00000484,0.00004594,0.04290723,0.00000091,0.95704108
open_02,2,OPEN,2,active,47,4.907689,4,EXTENSION,4,EXTENSION,0.953135,0.247021,2350,2450,4,EXTENSION,1.000000,4,EXTENSION,1.000000,4,EXTENSION,1.000000,4,EXTENSION,1.000000,0.00003965,0.00032406,0.04649549,0.00000623,0.95313457
open_02,2,OPEN,2,active,48,5.010657,4,EXTENSION,4,EXTENSION,0.999999,0.401057,2400,2500,4,EXTENSION,1.000000,4,EXTENSION,1.000000,4,EXTENSION,1.000000,4,EXTENSION,1.000000,0.00000000,0.00000000,0.00000094,0.00000000,0.99999906
open_02,2,OPEN,2,active,49,5.108276,4,EXTENSION,4,EXTENSION,1.000000,0.590304,2450,2550,4,EXTENSION,1.000000,4,EXTENSION,1.000000,4,EXTENSION,1.000000,4,EXTENSION,1.000000,0.00000000,0.00000000,0.00000004,0.00000000,0.99999996
open_02,2,OPEN,2,active,50,5.211991,4,EXTENSION,4,EXTENSION,1.000000,1.000000,2500,2600,4,EXTENSION,1.000000,4,EXTENSION,1.000000,4,EXTENSION,1.000000,4,EXTENSION,1.000000,0.00000000,0.00000000,0.00000000,0.00000000,1.00000000
open_02,2,OPEN,2,active,51,5.309067,4,EXTENSION,4,EXTENSION,1.000000,1.000000,2550,2650,4,EXTENSION,1.000000,4,EXTENSION,1.000000,4,EXTENSION,1.000000,4,EXTENSION,1.000000,0.00000000,0.00000000,0.00000000,0.00000000,1.00000000
open_02,2,OPEN,2,active,52,5.411546,4,EXTENSION,4,EXTENSION,1.000000,1.000000,2600,2700,4,EXTENSION,1.000000,4,EXTENSION,1.000000,4,EXTENSION,1.000000,4,EXTENSION,1.000000,0.00000000,0.00000000,0.00000000,0.00000000,1.00000000
open_02,2,OPEN,2,active,53,5.509449,4,EXTENSION,4,EXTENSION,1.000000,1.000000,2650,2750,4,EXTENSION,1.000000,4,EXTENSION,1.000000,4,EXTENSION,1.000000,4,EXTENSION,1.000000,0.00000000,0.00000000,0.00000000,0.00000000,1.00000000
open_02,2,OPEN,2,active,54,5.609650,4,EXTENSION,4,EXTENSION,1.000000,1.000000,2700,2800,4,EXTENSION,1.000000,4,EXTENSION,1.000000,4,EXTENSION,1.000000,4,EXTENSION,1.000000,0.00000000,0.00000000,0.00000000,0.00000000,1.00000000
open_02,2,OPEN,2,active,55,5.709591,4,EXTENSION,4,EXTENSION,1.000000,1.000000,2750,2850,4,EXTENSION,1.000000,4,EXTENSION,1.000000,4,EXTENSION,1.000000,4,EXTENSION,1.000000,0.00000000,0.00000000,0.00000000,0.00000000,1.00000000
open_02,2,OPEN,2,active,56,5.809640,4,EXTENSION,4,EXTENSION,1.000000,1.000000,2800,2900,4,EXTENSION,1.000000,4,EXTENSION,1.000000,4,EXTENSION,1.000000,4,EXTENSION,1.000000,0.00000000,0.00000000,0.00000000,0.00000000,1.00000000
open_02,2,OPEN,2,active,57,5.910273,4,EXTENSION,4,EXTENSION,1.000000,1.000000,2850,2950,4,EXTENSION,1.000000,4,EXTENSION,1.000000,4,EXTENSION,1.000000,4,EXTENSION,1.000000,0.00000000,0.00000000,0.00000000,0.00000000,1.00000000
open_02,2,OPEN,2,active,58,6.010544,4,EXTENSION,4,EXTENSION,1.000000,1.000000,2900,3000,4,EXTENSION,1.000000,4,EXTENSION,1.000000,4,EXTENSION,1.000000,4,EXTENSION,1.000000,0.00000000,0.00000000,0.00000000,0.00000000,1.00000000
open_02,2,OPEN,2,active,59,6.110710,4,EXTENSION,4,EXTENSION,1.000000,1.000000,2950,3050,4,EXTENSION,1.000000,4,EXTENSION,1.000000,4,EXTENSION,1.000000,4,EXTENSION,1.000000,0.00000000,0.00000000,0.00000000,0.00000020,0.99999979
open_02,2,OPEN,2,active,60,6.210513,0,REST,4,EXTENSION,0.973623,1.000000,3000,3100,0,REST,0.000000,4,EXTENSION,0.666667,4,EXTENSION,0.750000,4,EXTENSION,0.800000,0.97362324,0.02013725,0.00350117,0.00258723,0.00015111
open_02,2,OPEN,2,active,61,6.310649,0,REST,4,EXTENSION,0.999722,1.000000,3050,3150,0,REST,1.000000,0,REST,0.666667,0,REST,0.000000,4,EXTENSION,0.600000,0.99972199,0.00018435,0.00000000,0.00009365,0.00000000
open_02,2,OPEN,2,active,62,6.413657,3,FLEXION,4,EXTENSION,0.903232,1.000000,3100,3200,0,REST,0.000000,0,REST,0.666667,0,REST,0.000000,0,REST,0.000000,0.00025361,0.01025302,0.07415845,0.90323241,0.01210251
open_02,2,OPEN,2,active,63,6.512598,3,FLEXION,4,EXTENSION,0.999999,1.000000,3150,3250,3,FLEXION,1.000000,3,FLEXION,0.666667,0,REST,0.000000,0,REST,0.000000,0.00000000,0.00000000,0.00000100,0.99999900,0.00000000
open_02,2,OPEN,2,active,64,6.611961,3,FLEXION,3,FLEXION,0.995842,1.000000,3200,3300,3,FLEXION,1.000000,3,FLEXION,1.000000,3,FLEXION,0.750000,3,FLEXION,0.600000,0.00000000,0.00000040,0.00379516,0.99584203,0.00036241
open_02,2,OPEN,2,active,65,6.714800,3,FLEXION,3,FLEXION,0.998763,1.000000,3250,3350,3,FLEXION,1.000000,3,FLEXION,1.000000,3,FLEXION,1.000000,3,FLEXION,0.800000,0.00000000,0.00000025,0.00075530,0.99876339,0.00048106
open_02,2,OPEN,2,active,66,6.812319,3,FLEXION,3,FLEXION,1.000000,1.000000,3300,3400,3,FLEXION,1.000000,3,FLEXION,1.000000,3,FLEXION,1.000000,3,FLEXION,1.000000,0.00000000,0.00000000,0.00000000,1.00000000,0.00000000
open_02,2,OPEN,2,active,67,6.912361,3,FLEXION,3,FLEXION,1.000000,1.000000,3350,3450,3,FLEXION,1.000000,3,FLEXION,1.000000,3,FLEXION,1.000000,3,FLEXION,1.000000,0.00000000,0.00000000,0.00000000,1.00000000,0.00000000
open_02,2,OPEN,2,active,68,7.015420,3,FLEXION,3,FLEXION,1.000000,1.000000,3400,3500,3,FLEXION,1.000000,3,FLEXION,1.000000,3,FLEXION,1.000000,3,FLEXION,1.000000,0.00000000,0.00000000,0.00000004,0.99999996,0.00000000
open_02,2,OPEN,2,active,69,7.114052,3,FLEXION,3,FLEXION,0.999999,1.000000,3450,3550,3,FLEXION,1.000000,3,FLEXION,1.000000,3,FLEXION,1.000000,3,FLEXION,1.000000,0.00000000,0.00000000,0.00000115,0.99999885,0.00000000
open_02,2,OPEN,2,active,70,7.213037,3,FLEXION,3,FLEXION,0.999914,1.000000,3500,3600,3,FLEXION,1.000000,3,FLEXION,1.000000,3,FLEXION,1.000000,3,FLEXION,1.000000,0.00000000,0.00000070,0.00008521,0.99991408,0.00000001
open_02,2,OPEN,2,active,71,7.313602,3,FLEXION,3,FLEXION,0.999974,1.000000,3550,3650,3,FLEXION,1.000000,3,FLEXION,1.000000,3,FLEXION,1.000000,3,FLEXION,1.000000,0.00000000,0.00000221,0.00002347,0.99997429,0.00000002
open_02,2,OPEN,2,active,72,7.415606,3,FLEXION,3,FLEXION,1.000000,1.000000,3600,3700,3,FLEXION,1.000000,3,FLEXION,1.000000,3,FLEXION,1.000000,3,FLEXION,1.000000,0.00000000,0.00000001,0.00000010,0.99999989,0.00000000
open_02,2,OPEN,2,active,73,7.513359,3,FLEXION,3,FLEXION,1.000000,1.000000,3650,3750,3,FLEXION,1.000000,3,FLEXION,1.000000,3,FLEXION,1.000000,3,FLEXION,1.000000,0.00000000,0.00000001,0.00000005,0.99999994,0.00000000
open_02,2,OPEN,2,active,74,7.615282,3,FLEXION,3,FLEXION,0.999995,0.885699,3700,3800,3,FLEXION,1.000000,3,FLEXION,1.000000,3,FLEXION,1.000000,3,FLEXION,1.000000,0.00000000,0.00000163,0.00000308,0.99999529,0.00000000
open_02,2,OPEN,2,active,75,7.713928,3,FLEXION,3,FLEXION,0.616813,0.277917,3750,3850,3,FLEXION,1.000000,3,FLEXION,1.000000,3,FLEXION,1.000000,3,FLEXION,1.000000,0.00293705,0.35448608,0.02576374,0.61681312,0.00000001
open_02,2,OPEN,2,active,76,7.813383,1,POWER,3,FLEXION,0.830769,0.159105,3800,3900,0,REST,0.000000,3,FLEXION,0.666667,3,FLEXION,0.750000,3,FLEXION,0.800000,0.05506524,0.83076864,0.02656641,0.08759726,0.00000245
open_02,2,OPEN,2,active,77,7.914177,1,POWER,3,FLEXION,0.705941,0.143050,3850,3950,1,POWER,1.000000,1,POWER,0.666667,0,REST,0.000000,3,FLEXION,0.600000,0.07125163,0.70594085,0.04347512,0.17924819,0.00008421
open_02,2,OPEN,2,active,78,8.014254,0,REST,3,FLEXION,0.425826,0.079289,3900,4000,0,REST,0.000000,1,POWER,0.666667,0,REST,0.000000,0,REST,0.000000,0.27578089,0.23197067,0.42582568,0.06532808,0.00109467
open_02,2,OPEN,2,active,79,8.115156,2,OPEN,3,FLEXION,0.903771,0.091972,3950,4050,0,REST,0.000000,0,REST,0.000000,0,REST,0.000000,0,REST,0.000000,0.01642097,0.01408642,0.90377062,0.00094417,0.06477782
open_02,2,OPEN,2,active,80,8.215374,0,REST,3,FLEXION,0.524416,0.117327,4000,4100,0,REST,0.000000,0,REST,0.666667,0,REST,0.000000,0,REST,0.000000,0.03185546,0.36617312,0.52441613,0.01211606,0.06543923
open_02,2,OPEN,2,active,81,8.317435,2,OPEN,3,FLEXION,0.617026,0.233545,4050,4150,0,REST,0.000000,2,OPEN,0.666667,0,REST,0.000000,0,REST,0.000000,0.02125336,0.22906913,0.61702642,0.09902064,0.03363045
open_02,2,OPEN,2,active,82,8.415637,4,EXTENSION,3,FLEXION,0.964972,0.331287,4100,4200,0,REST,0.000000,0,REST,0.000000,0,REST,0.000000,0,REST,0.000000,0.00004047,0.00005867,0.03489658,0.00003196,0.96497232
open_02,2,OPEN,2,active,83,8.515450,4,EXTENSION,3,FLEXION,0.999644,0.534686,4150,4250,4,EXTENSION,1.000000,4,EXTENSION,0.666667,0,REST,0.000000,0,REST,0.000000,0.00000000,0.00000002,0.00035634,0.00000000,0.99964363
open_02,2,OPEN,2,active,84,8.618671,4,EXTENSION,4,EXTENSION,0.999075,0.651071,4200,4300,4,EXTENSION,1.000000,4,EXTENSION,1.000000,4,EXTENSION,0.750000,4,EXTENSION,0.600000,0.00000000,0.00000007,0.00092484,0.00000001,0.99907508
open_02,2,OPEN,2,active,85,8.715699,4,EXTENSION,4,EXTENSION,0.999894,0.581638,4250,4350,4,EXTENSION,1.000000,4,EXTENSION,1.000000,4,EXTENSION,1.000000,4,EXTENSION,0.800000,0.00000000,0.00000000,0.00010637,0.00000001,0.99989361
open_02,2,OPEN,2,active,86,8.816418,4,EXTENSION,4,EXTENSION,0.999450,0.513063,4300,4400,4,EXTENSION,1.000000,4,EXTENSION,1.000000,4,EXTENSION,1.000000,4,EXTENSION,1.000000,0.00000000,0.00000001,0.00054960,0.00000002,0.99945037
open_02,2,OPEN,2,active,87,8.916162,4,EXTENSION,4,EXTENSION,0.955474,0.298770,4350,4450,4,EXTENSION,1.000000,4,EXTENSION,1.000000,4,EXTENSION,1.000000,4,EXTENSION,1.000000,0.00001940,0.00003830,0.04445462,0.00001408,0.95547359
open_02,2,OPEN,2,active,88,9.016630,0,REST,4,EXTENSION,0.483572,0.265767,4400,4500,0,REST,0.000000,4,EXTENSION,0.666667,4,EXTENSION,0.750000,4,EXTENSION,0.800000,0.00624288,0.00313220,0.48357242,0.05686288,0.45018962
open_02,2,OPEN,2,active,89,9.116646,0,REST,4,EXTENSION,0.524725,0.257235,4450,4550,0,REST,1.000000,0,REST,0.666667,0,REST,0.000000,4,EXTENSION,0.600000,0.00421003,0.00223469,0.46078827,0.00804244,0.52472457
open_02,2,OPEN,2,active,90,9.217410,2,OPEN,4,EXTENSION,0.781556,0.135287,4500,4600,0,REST,0.000000,0,REST,0.666667,0,REST,0.000000,0,REST,0.000000,0.00159986,0.00163359,0.78155592,0.00023054,0.21498010
open_02,2,OPEN,2,active,91,9.317362,2,OPEN,4,EXTENSION,0.878945,0.090286,4550,4650,2,OPEN,1.000000,2,OPEN,0.666667,0,REST,0.000000,0,REST,0.000000,0.05797903,0.03470129,0.87894491,0.00186555,0.02650922
open_02,2,OPEN,2,active,92,9.416847,2,OPEN,2,OPEN,0.600675,0.394834,4600,4700,2,OPEN,1.000000,2,OPEN,1.000000,2,OPEN,0.750000,2,OPEN,0.600000,0.06930294,0.27502635,0.60067549,0.02291338,0.03208185
open_02,2,OPEN,2,active,93,9.519215,2,OPEN,2,OPEN,0.835667,0.276515,4650,4750,2,OPEN,1.000000,2,OPEN,1.000000,2,OPEN,1.000000,2,OPEN,0.800000,0.06301382,0.09023502,0.83566692,0.00741637,0.00366787
open_02,2,OPEN,2,active,94,9.617527,2,OPEN,2,OPEN,0.923235,0.274743,4700,4800,2,OPEN,1.000000,2,OPEN,1.000000,2,OPEN,1.000000,2,OPEN,1.000000,0.04010868,0.01882616,0.92323511,0.00327099,0.01455906
open_02,2,OPEN,2,active,95,9.717840,2,OPEN,2,OPEN,0.683295,0.337178,4750,4850,2,OPEN,1.000000,2,OPEN,1.000000,2,OPEN,1.000000,2,OPEN,1.000000,0.08047163,0.12833614,0.68329462,0.07098778,0.03690982
open_02,2,OPEN,2,active,96,9.819317,0,REST,2,OPEN,0.497234,0.281305,4800,4900,0,REST,0.000000,2,OPEN,0.666667,2,OPEN,0.750000,2,OPEN,0.800000,0.29472279,0.16314313,0.49723446,0.04378671,0.00111289
open_02,2,OPEN,2,active,97,9.918172,0,REST,2,OPEN,0.412265,0.263287,4850,4950,0,REST,1.000000,0,REST,0.666667,0,REST,0.000000,2,OPEN,0.600000,0.41226453,0.22688111,0.33453976,0.02600531,0.00030930
open_02,2,OPEN,2,active,98,10.018917,0,REST,0,REST,0.472382,0.000000,4900,5000,0,REST,1.000000,0,REST,1.000000,0,REST,0.750000,0,REST,0.600000,0.18415791,0.33017618,0.47238236,0.00940841,0.00387515
open_02,2,OPEN,2,active,99,10.119260,2,OPEN,0,REST,0.669446,0.000000,4950,5050,0,REST,0.000000,0,REST,0.666667,0,REST,0.750000,0,REST,0.600000,0.08910890,0.20476199,0.66944565,0.02599173,0.01069173
open_02,2,OPEN,2,active,100,10.218714,0,REST,0,REST,0.509230,0.000000,5000,5100,0,REST,0.000000,0,REST,0.666667,0,REST,0.750000,0,REST,0.800000,0.02962992,0.42371965,0.50923008,0.03685824,0.00056211
open_02,2,OPEN,2,active,101,10.319150,1,POWER,0,REST,0.558980,0.000000,5050,5150,0,REST,0.000000,0,REST,0.000000,0,REST,0.000000,0,REST,0.600000,0.06455458,0.55897973,0.36784461,0.00828635,0.00033473
open_02,2,OPEN,2,active,102,10.419505,0,REST,0,REST,0.512191,0.000000,5100,5200,0,REST,0.000000,0,REST,0.666667,0,REST,0.000000,0,REST,0.600000,0.31665930,0.16116017,0.51219146,0.00947433,0.00051473
open_02,2,OPEN,2,active,103,10.519108,2,OPEN,0,REST,0.648977,0.000000,5150,5250,0,REST,0.000000,0,REST,0.000000,0,REST,0.000000,0,REST,0.000000,0.21365894,0.13260457,0.64897695,0.00326904,0.00149051
open_02,2,OPEN,2,active,104,10.619977,0,REST,0,REST,0.477956,0.000000,5200,5300,0,REST,0.000000,0,REST,0.666667,0,REST,0.000000,0,REST,0.600000,0.18066433,0.33260088,0.47795553,0.00265855,0.00612071
open_02,2,OPEN,2,active,105,10.722698,0,REST,0,REST,0.452350,0.000000,5250,5350,0,REST,1.000000,0,REST,0.666667,0,REST,0.750000,0,REST,0.600000,0.12274468,0.41487060,0.45235033,0.00938178,0.00065261
open_02,2,OPEN,2,active,106,10.820653,0,REST,0,REST,0.369056,0.000000,5300,5400,0,REST,1.000000,0,REST,1.000000,0,REST,0.750000,0,REST,0.800000,0.36905641,0.27743486,0.33221899,0.02126398,0.00002576
open_02,2,OPEN,2,active,107,10.920916,0,REST,0,REST,0.692192,0.000000,5350,5450,0,REST,1.000000,0,REST,1.000000,0,REST,1.000000,0,REST,0.800000,0.69219178,0.06864383,0.23478891,0.00408850,0.00028697
open_02,2,OPEN,2,active,108,11.020872,2,OPEN,0,REST,0.790862,0.000000,5400,5500,0,REST,0.000000,0,REST,0.666667,0,REST,0.750000,0,REST,0.800000,0.14614482,0.04201910,0.79086248,0.00073108,0.02024253
open_02,2,OPEN,2,active,109,11.120680,2,OPEN,0,REST,0.851538,0.000000,5450,5550,2,OPEN,1.000000,2,OPEN,0.666667,0,REST,0.000000,0,REST,0.600000,0.04602299,0.08775160,0.85153770,0.00633326,0.00835446
open_02,2,OPEN,2,active,110,11.221089,2,OPEN,2,OPEN,0.612998,0.266569,5500,5600,2,OPEN,1.000000,2,OPEN,1.000000,2,OPEN,0.750000,2,OPEN,0.600000,0.16548786,0.16758810,0.61299832,0.05304876,0.00087696
open_02,2,OPEN,2,active,111,11.321588,2,OPEN,2,OPEN,0.620458,0.216555,5550,5650,2,OPEN,1.000000,2,OPEN,1.000000,2,OPEN,1.000000,2,OPEN,0.800000,0.12936301,0.12504348,0.62045849,0.12501406,0.00012097
open_02,2,OPEN,2,active,112,11.421139,2,OPEN,2,OPEN,0.735808,0.138246,5600,5700,2,OPEN,1.000000,2,OPEN,1.000000,2,OPEN,1.000000,2,OPEN,1.000000,0.20339758,0.05355320,0.73580827,0.00707355,0.00016741
open_02,2,OPEN,2,active,113,11.522163,2,OPEN,2,OPEN,0.807614,0.205609,5650,5750,2,OPEN,1.000000,2,OPEN,1.000000,2,OPEN,1.000000,2,OPEN,1.000000,0.17437890,0.01548203,0.80761406,0.00071005,0.00181495
open_02,2,OPEN,2,active,114,11.621547,2,OPEN,2,OPEN,0.586963,0.195100,5700,5800,2,OPEN,1.000000,2,OPEN,1.000000,2,OPEN,1.000000,2,OPEN,1.000000,0.24965288,0.15548872,0.58696288,0.00757030,0.00032521
open_02,2,OPEN,2,active,115,11.722462,0,REST,2,OPEN,0.367511,0.259100,5750,5850,0,REST,0.000000,2,OPEN,0.666667,2,OPEN,0.750000,2,OPEN,0.800000,0.34707615,0.36751122,0.27595354,0.00914899,0.00031010
open_02,2,OPEN,2,active,116,11.822166,0,REST,2,OPEN,0.506334,0.301475,5800,5900,0,REST,1.000000,0,REST,0.666667,0,REST,0.000000,2,OPEN,0.600000,0.15853753,0.32371841,0.50633399,0.00932981,0.00208027
open_02,2,OPEN,2,active,117,11.924263,0,REST,0,REST,0.503123,0.000000,5850,5950,0,REST,1.000000,0,REST,1.000000,0,REST,0.750000,0,REST,0.600000,0.17134290,0.50312337,0.31144203,0.01361010,0.00048160
open_02,2,OPEN,2,active,118,12.022539,2,OPEN,0,REST,0.675520,0.000000,5900,6000,0,REST,0.000000,0,REST,0.666667,0,REST,0.750000,0,REST,0.600000,0.06202488,0.25586939,0.67552013,0.00330441,0.00328119
open_02,2,OPEN,2,active,119,12.122969,2,OPEN,0,REST,0.802886,0.000000,5950,6050,2,OPEN,1.000000,2,OPEN,0.666667,0,REST,0.000000,0,REST,0.600000,0.02331580,0.16963526,0.80288623,0.00309371,0.00106900
open_02,2,OPEN,2,active,120,12.223400,2,OPEN,2,OPEN,0.832491,0.557163,6000,6100,2,OPEN,1.000000,2,OPEN,1.000000,2,OPEN,0.750000,2,OPEN,0.600000,0.00463840,0.15399740,0.83249109,0.00264911,0.00622400
open_02,2,OPEN,2,active,121,12.322906,2,OPEN,2,OPEN,0.596750,0.549996,6050,6150,2,OPEN,1.000000,2,OPEN,1.000000,2,OPEN,1.000000,2,OPEN,0.800000,0.00073827,0.14220396,0.59675039,0.00096596,0.25934142
open_02,2,OPEN,2,active,122,12.425618,4,EXTENSION,2,OPEN,0.663666,0.640615,6100,6200,0,REST,0.000000,2,OPEN,0.666667,2,OPEN,0.750000,2,OPEN,0.800000,0.00072061,0.02796188,0.30758618,0.00006541,0.66366593
open_02,2,OPEN,2,active,123,12.527509,4,EXTENSION,2,OPEN,0.893226,0.744487,6150,6250,4,EXTENSION,1.000000,4,EXTENSION,0.666667,0,REST,0.000000,2,OPEN,0.600000,0.00006609,0.00396335,0.10272709,0.00001748,0.89322599
open_02,2,OPEN,2,active,124,12.623703,4,EXTENSION,4,EXTENSION,0.765117,0.277886,6200,6300,4,EXTENSION,1.000000,4,EXTENSION,1.000000,4,EXTENSION,0.750000,4,EXTENSION,0.600000,0.00019944,0.01419932,0.22022559,0.00025887,0.76511677
open_02,2,OPEN,2,active,125,12.724590,2,OPEN,4,EXTENSION,0.689916,0.255735,6250,6350,0,REST,0.000000,4,EXTENSION,0.666667,4,EXTENSION,0.750000,4,EXTENSION,0.600000,0.00519570,0.21816627,0.68991579,0.00358952,0.08313272
open_02,2,OPEN,2,active,126,12.824619,2,OPEN,4,EXTENSION,0.870374,0.208845,6300,6400,2,OPEN,1.000000,2,OPEN,0.666667,0,REST,0.000000,4,EXTENSION,0.600000,0.00602148,0.10385961,0.87037393,0.00035472,0.01939026
open_02,2,OPEN,2,active,127,12.924392,2,OPEN,2,OPEN,0.950823,0.379791,6350,6450,2,OPEN,1.000000,2,OPEN,1.000000,2,OPEN,0.750000,2,OPEN,0.600000,0.01102777,0.02863570,0.95082297,0.00065678,0.00885679
open_02,2,OPEN,2,active,128,13.024864,2,OPEN,2,OPEN,0.935904,0.364726,6400,6500,2,OPEN,1.000000,2,OPEN,1.000000,2,OPEN,1.000000,2,OPEN,0.800000,0.03172716,0.02250124,0.93590357,0.00263294,0.00723509
open_02,2,OPEN,2,active,129,13.125457,2,OPEN,2,OPEN,0.866375,0.374986,6450,6550,2,OPEN,1.000000,2,OPEN,1.000000,2,OPEN,1.000000,2,OPEN,1.000000,0.00745784,0.01046970,0.86637533,0.00067150,0.11502564
open_02,2,OPEN,2,active,130,13.225404,2,OPEN,2,OPEN,0.792706,0.388266,6500,6600,2,OPEN,1.000000,2,OPEN,1.000000,2,OPEN,1.000000,2,OPEN,1.000000,0.01047849,0.09925744,0.79270638,0.01746369,0.08009401
open_02,2,OPEN,2,active,131,13.329135,2,OPEN,2,OPEN,0.703142,0.635336,6550,6650,2,OPEN,1.000000,2,OPEN,1.000000,2,OPEN,1.000000,2,OPEN,1.000000,0.03383616,0.20960847,0.70314170,0.02560632,0.02780735
open_02,2,OPEN,2,active,132,13.425524,4,EXTENSION,2,OPEN,0.776927,0.876400,6600,6700,0,REST,0.000000,2,OPEN,0.666667,2,OPEN,0.750000,2,OPEN,0.800000,0.00036759,0.00572839,0.21674936,0.00022723,0.77692743
open_02,2,OPEN,2,active,133,13.526018,4,EXTENSION,2,OPEN,0.856394,0.924543,6650,6750,4,EXTENSION,1.000000,4,EXTENSION,0.666667,0,REST,0.000000,2,OPEN,0.600000,0.00000183,0.00019847,0.14339320,0.00001277,0.85639373
open_02,2,OPEN,2,active,134,13.626289,0,REST,2,OPEN,0.534233,0.859573,6700,6800,0,REST,0.000000,4,EXTENSION,0.666667,0,REST,0.000000,0,REST,0.000000,0.00007017,0.00376692,0.53423264,0.00034846,0.46158181
open_02,2,OPEN,2,active,135,13.727526,2,OPEN,2,OPEN,0.677211,0.768314,6750,6850,0,REST,0.000000,0,REST,0.000000,0,REST,0.000000,0,REST,0.000000,0.00232862,0.01596493,0.67721127,0.00404783,0.30044735
open_02,2,OPEN,2,active,136,13.827264,2,OPEN,2,OPEN,0.815748,0.901509,6800,6900,2,OPEN,1.000000,2,OPEN,0.666667,0,REST,0.000000,0,REST,0.000000,0.00045008,0.00195435,0.81574797,0.00224775,0.17959983
open_02,2,OPEN,2,active,137,13.926284,4,EXTENSION,2,OPEN,0.842789,0.945222,6850,6950,0,REST,0.000000,2,OPEN,0.666667,0,REST,0.000000,0,REST,0.000000,0.00003611,0.00010978,0.15697898,0.00008579,0.84278934
open_02,2,OPEN,2,active,138,14.026575,0,REST,2,OPEN,0.523806,0.902336,6900,7000,0,REST,0.000000,0,REST,0.000000,0,REST,0.000000,0,REST,0.000000,0.00021273,0.00298020,0.47231055,0.00069015,0.52380637
open_02,2,OPEN,2,active,139,14.126642,2,OPEN,2,OPEN,0.738534,1.000000,6950,7050,0,REST,0.000000,0,REST,0.000000,0,REST,0.000000,2,OPEN,0.600000,0.00033363,0.05778537,0.73853368,0.18470281,0.01864451
open_02,2,OPEN,2,active,140,14.227412,2,OPEN,2,OPEN,0.762855,1.000000,7000,7100,2,OPEN,1.000000,2,OPEN,0.666667,0,REST,0.000000,2,OPEN,0.600000,0.00039984,0.01095732,0.76285506,0.03232913,0.19345864
open_02,2,OPEN,2,active,141,14.327290,4,EXTENSION,2,OPEN,0.891420,0.750930,7050,7150,0,REST,0.000000,2,OPEN,0.666667,0,REST,0.000000,0,REST,0.000000,0.00009076,0.00098336,0.10749362,0.00001208,0.89142018
open_02,2,OPEN,2,active,142,14.427592,4,EXTENSION,2,OPEN,0.616946,0.734743,7100,7200,4,EXTENSION,1.000000,4,EXTENSION,0.666667,0,REST,0.000000,0,REST,0.000000,0.00011126,0.00981322,0.37308184,0.00004729,0.61694639
open_02,2,OPEN,2,active,143,14.527590,2,OPEN,2,OPEN,0.922188,0.697715,7150,7250,0,REST,0.000000,4,EXTENSION,0.666667,0,REST,0.000000,2,OPEN,0.600000,0.00219716,0.03161367,0.92218830,0.00453229,0.03946858
open_02,2,OPEN,2,active,144,14.628106,2,OPEN,2,OPEN,0.925382,0.624409,7200,7300,2,OPEN,1.000000,2,OPEN,0.666667,0,REST,0.000000,2,OPEN,0.600000,0.02028716,0.02518545,0.92538182,0.00178816,0.02735739
open_02,2,OPEN,2,active,145,14.728420,2,OPEN,2,OPEN,0.936611,0.699765,7250,7350,2,OPEN,1.000000,2,OPEN,1.000000,2,OPEN,0.750000,2,OPEN,0.600000,0.00110901,0.01351581,0.93661052,0.00063221,0.04813245
open_02,2,OPEN,2,active,146,14.828455,2,OPEN,2,OPEN,0.976468,0.689347,7300,7400,2,OPEN,1.000000,2,OPEN,1.000000,2,OPEN,1.000000,2,OPEN,0.800000,0.00021367,0.00330186,0.97646847,0.00234165,0.01767435
open_02,2,OPEN,2,active,147,14.928801,2,OPEN,2,OPEN,0.912393,0.699231,7350,7450,2,OPEN,1.000000,2,OPEN,1.000000,2,OPEN,1.000000,2,OPEN,1.000000,0.00162483,0.02189305,0.91239323,0.04253318,0.02155572
open_02,2,OPEN,2,active,148,15.032615,2,OPEN,2,OPEN,0.644264,0.710137,7400,7500,2,OPEN,1.000000,2,OPEN,1.000000,2,OPEN,1.000000,2,OPEN,1.000000,0.00529604,0.20214574,0.64426439,0.05337844,0.09491539
open_02,2,OPEN,2,active,149,15.128685,2,OPEN,2,OPEN,0.627073,0.744973,7450,7550,2,OPEN,1.000000,2,OPEN,1.000000,2,OPEN,1.000000,2,OPEN,1.000000,0.00224334,0.22519384,0.62707323,0.05897248,0.08651711
open_02,2,OPEN,2,active,150,15.229590,0,REST,2,OPEN,0.456893,0.647661,7500,7600,0,REST,0.000000,2,OPEN,0.666667,2,OPEN,0.750000,2,OPEN,0.800000,0.02610839,0.45689285,0.22495471,0.28084685,0.01119720
open_02,2,OPEN,2,active,151,15.330073,0,REST,2,OPEN,0.621042,0.465309,7550,7650,0,REST,1.000000,0,REST,0.666667,0,REST,0.000000,2,OPEN,0.600000,0.62104168,0.22075394,0.11234412,0.04055290,0.00530736
open_02,2,OPEN,2,active,152,15.429543,0,REST,0,REST,0.523063,0.000000,7600,7700,0,REST,1.000000,0,REST,1.000000,0,REST,0.750000,0,REST,0.600000,0.00674752,0.02924877,0.44081051,0.00013008,0.52306312
open_02,2,OPEN,2,active,153,15.530500,4,EXTENSION,0,REST,0.636478,0.000000,7650,7750,0,REST,0.000000,0,REST,0.666667,0,REST,0.750000,0,REST,0.600000,0.00018878,0.00747432,0.35580501,0.00005368,0.63647822
open_02,2,OPEN,2,active,154,15.630578,4,EXTENSION,0,REST,0.685016,0.000000,7700,7800,4,EXTENSION,1.000000,4,EXTENSION,0.666667,0,REST,0.000000,0,REST,0.600000,0.00017868,0.01402411,0.29725604,0.00352561,0.68501556
open_02,2,OPEN,2,active,155,15.730089,4,EXTENSION,4,EXTENSION,0.838673,0.572486,7750,7850,4,EXTENSION,1.000000,4,EXTENSION,1.000000,4,EXTENSION,0.750000,4,EXTENSION,0.600000,0.00011355,0.00415961,0.15695442,0.00009919,0.83867324
open_02,2,OPEN,2,active,156,15.830937,2,OPEN,4,EXTENSION,0.781547,0.304149,7800,7900,0,REST,0.000000,4,EXTENSION,0.666667,4,EXTENSION,0.750000,4,EXTENSION,0.600000,0.00290807,0.01492173,0.78154675,0.00071381,0.19990964
open_02,2,OPEN,2,active,157,15.931726,2,OPEN,4,EXTENSION,0.968663,0.327283,7850,7950,2,OPEN,1.000000,2,OPEN,0.666667,0,REST,0.000000,4,EXTENSION,0.600000,0.00069578,0.00656275,0.96866319,0.00244368,0.02163460
open_02,2,OPEN,2,active,158,16.031112,2,OPEN,2,OPEN,0.946798,0.661565,7900,8000,2,OPEN,1.000000,2,OPEN,1.000000,2,OPEN,0.750000,2,OPEN,0.600000,0.00254930,0.00713063,0.94679752,0.00014432,0.04337823
open_02,2,OPEN,2,active,159,16.131513,2,OPEN,2,OPEN,0.736085,0.596514,7950,8050,2,OPEN,1.000000,2,OPEN,1.000000,2,OPEN,1.000000,2,OPEN,0.800000,0.05525262,0.15808491,0.73608500,0.00158280,0.04899467
open_02,2,OPEN,2,active,160,16.231438,2,OPEN,2,OPEN,0.679692,0.486553,8000,8100,2,OPEN,1.000000,2,OPEN,1.000000,2,OPEN,1.000000,2,OPEN,1.000000,0.02848918,0.27803753,0.67969198,0.00623542,0.00754589
open_02,2,OPEN,2,active,161,16.333626,2,OPEN,2,OPEN,0.830680,0.379152,8050,8150,2,OPEN,1.000000,2,OPEN,1.000000,2,OPEN,1.000000,2,OPEN,1.000000,0.03770602,0.11828596,0.83068038,0.01058611,0.00274152
open_02,2,OPEN,2,active,162,16.431653,2,OPEN,2,OPEN,0.676282,0.401661,8100,8200,2,OPEN,1.000000,2,OPEN,1.000000,2,OPEN,1.000000,2,OPEN,1.000000,0.07575578,0.22321669,0.67628154,0.02437521,0.00037078
open_02,2,OPEN,2,active,163,16.531548,2,OPEN,2,OPEN,0.698825,0.448136,8150,8250,2,OPEN,1.000000,2,OPEN,1.000000,2,OPEN,1.000000,2,OPEN,1.000000,0.04948688,0.23336938,0.69882537,0.01784274,0.00047562
open_02,2,OPEN,2,active,164,16.632361,2,OPEN,2,OPEN,0.930475,0.943293,8200,8300,2,OPEN,1.000000,2,OPEN,1.000000,2,OPEN,1.000000,2,OPEN,1.000000,0.00161875,0.03527905,0.93047518,0.03198955,0.00063747
open_02,2,OPEN,2,active,165,16.732619,0,REST,2,OPEN,0.506568,1.000000,8250,8350,0,REST,0.000000,2,OPEN,0.666667,2,OPEN,0.750000,2,OPEN,0.800000,0.00028057,0.14063735,0.50656828,0.28516229,0.06735151
open_02,2,OPEN,2,active,166,16.832871,4,EXTENSION,2,OPEN,0.767524,1.000000,8300,8400,0,REST,0.000000,0,REST,0.000000,0,REST,0.000000,2,OPEN,0.600000,0.00002048,0.05188605,0.17110437,0.00946551,0.76752359
open_02,2,OPEN,2,active,167,16.932453,2,OPEN,2,OPEN,0.859791,1.000000,8350,8450,0,REST,0.000000,0,REST,0.000000,0,REST,0.000000,2,OPEN,0.600000,0.00000906,0.01414360,0.85979110,0.00121504,0.12484119
open_02,2,OPEN,2,active,168,17.033571,2,OPEN,2,OPEN,0.950561,0.910308,8400,8500,2,OPEN,1.000000,2,OPEN,0.666667,0,REST,0.000000,2,OPEN,0.600000,0.00017088,0.00862991,0.95056109,0.00111249,0.03952562
open_02,2,OPEN,2,active,169,17.133869,2,OPEN,2,OPEN,0.910371,0.772454,8450,8550,2,OPEN,1.000000,2,OPEN,1.000000,2,OPEN,0.750000,2,OPEN,0.600000,0.00325575,0.04707408,0.91037079,0.00264930,0.03665008
open_02,2,OPEN,2,active,170,17.233638,2,OPEN,2,OPEN,0.759591,0.743640,8500,8600,2,OPEN,1.000000,2,OPEN,1.000000,2,OPEN,1.000000,2,OPEN,0.800000,0.01282494,0.18685571,0.75959063,0.03761088,0.00311784
open_02,2,OPEN,2,active,171,17.335346,0,REST,2,OPEN,0.472796,0.721527,8550,8650,0,REST,0.000000,2,OPEN,0.666667,2,OPEN,0.750000,2,OPEN,0.800000,0.07736420,0.40330477,0.47279558,0.04508294,0.00145252
open_02,2,OPEN,2,active,172,17.434231,2,OPEN,2,OPEN,0.818858,0.780068,8600,8700,0,REST,0.000000,2,OPEN,0.666667,2,OPEN,0.750000,2,OPEN,0.800000,0.00897664,0.16581251,0.81885830,0.00393100,0.00242155
open_02,2,OPEN,2,active,173,17.534448,2,OPEN,2,OPEN,0.970217,0.823663,8650,8750,2,OPEN,1.000000,2,OPEN,0.666667,2,OPEN,0.750000,2,OPEN,0.800000,0.00130265,0.02430619,0.97021721,0.00414128,0.00003268
open_02,2,OPEN,2,active,174,17.634091,2,OPEN,2,OPEN,0.979110,0.886269,8700,8800,2,OPEN,1.000000,2,OPEN,1.000000,2,OPEN,0.750000,2,OPEN,0.800000,0.00182623,0.01131090,0.97911020,0.00762254,0.00013013
open_02,2,OPEN,2,active,175,17.734542,2,OPEN,2,OPEN,0.982733,0.873365,8750,8850,2,OPEN,1.000000,2,OPEN,1.000000,2,OPEN,1.000000,2,OPEN,0.800000,0.00255243,0.01234664,0.98273273,0.00152469,0.00084351
open_02,2,OPEN,2,active,176,17.835007,2,OPEN,2,OPEN,0.714843,0.841653,8800,8900,2,OPEN,1.000000,2,OPEN,1.000000,2,OPEN,1.000000,2,OPEN,1.000000,0.00013408,0.00071224,0.71484332,0.00002958,0.28428079
open_02,2,OPEN,2,active,177,17.935209,4,EXTENSION,2,OPEN,0.984132,0.879930,8850,8950,0,REST,0.000000,2,OPEN,0.666667,2,OPEN,0.750000,2,OPEN,0.800000,0.00000207,0.00001353,0.01585218,0.00000053,0.98413169
open_02,2,OPEN,2,tail,178,18.035323,2,OPEN,2,OPEN,0.596608,0.893675,8900,9000,0,REST,0.000000,2,OPEN,0.666667,2,OPEN,0.750000,2,OPEN,0.800000,0.00309781,0.01948701,0.59660797,0.00210786,0.37869935
