trial_id,gesture_label,gesture_name,repeat_index,stage,frame_index,prediction_time_s,raw_label,raw_name,smoothed_label,smoothed_name,confidence,proportional,window_start_sample,window_end_sample,vote2_label,vote2_name,vote2_confidence,vote3_label,vote3_name,vote3_confidence,vote4_label,vote4_name,vote4_confidence,vote5_label,vote5_name,vote5_confidence,prob_rest,prob_power,prob_open,prob_flexion,prob_extension
power_01,1,POWER,1,countdown,0,0.197868,3,FLEXION,3,FLEXION,1.000000,1.000000,0,100,0,REST,0.000000,0,REST,0.000000,0,REST,0.000000,0,REST,0.000000,0.00000000,0.00000000,0.00000000,1.00000000,0.00000000
power_01,1,POWER,1,countdown,1,0.300899,4,EXTENSION,3,FLEXION,0.991302,1.000000,50,150,0,REST,0.000000,0,REST,0.000000,0,REST,0.000000,0,REST,0.000000,0.00000000,0.00000001,0.00000000,0.00869753,0.99130246
power_01,1,POWER,1,countdown,2,0.397573,3,FLEXION,3,FLEXION,0.808826,1.000000,100,200,0,REST,0.000000,3,FLEXION,0.666667,0,REST,0.000000,0,REST,0.000000,0.00000000,0.01805347,0.00000000,0.80882647,0.17312006
power_01,1,POWER,1,countdown,3,0.500736,3,FLEXION,3,FLEXION,0.983659,1.000000,150,250,3,FLEXION,1.000000,3,FLEXION,0.666667,3,FLEXION,0.750000,3,FLEXION,0.600000,0.00000000,0.01634138,0.00000000,0.98365860,0.00000002
power_01,1,POWER,1,countdown,4,0.598862,3,FLEXION,3,FLEXION,0.885217,1.000000,200,300,3,FLEXION,1.000000,3,FLEXION,1.000000,3,FLEXION,0.750000,3,FLEXION,0.800000,0.00000000,0.11478272,0.00000000,0.88521726,0.00000002
power_01,1,POWER,1,countdown,5,0.699269,3,FLEXION,3,FLEXION,0.772456,0.881224,250,350,3,FLEXION,1.000000,3,FLEXION,1.000000,3,FLEXION,1.000000,3,FLEXION,0.800000,0.00000012,0.22749775,0.00000011,0.77245573,0.00004629
power_01,1,POWER,1,countdown,6,0.798059,1,POWER,3,FLEXION,0.971199,0.496576,300,400,0,REST,0.000000,3,FLEXION,0.666667,3,FLEXION,0.750000,3,FLEXION,0.800000,0.00007901,0.97119939,0.00259785,0.02605837,0.00006538
power_01,1,POWER,1,countdown,7,0.897486,1,POWER,3,FLEXION,0.998602,0.466212,350,450,1,POWER,1.000000,1,POWER,0.666667,0,REST,0.000000,3,FLEXION,0.600000,0.00000836,0.99860220,0.00069398,0.00069456,0.00000091
power_01,1,POWER,1,countdown,8,0.997734,1,POWER,1,POWER,0.668310,0.679347,400,500,1,POWER,1.000000,1,POWER,1.000000,1,POWER,0.750000,1,POWER,0.600000,0.00098458,0.66830989,0.00027535,0.33042762,0.00000256
power_01,1,POWER,1,countdown,9,1.116136,0,REST,1,POWER,0.534378,0.510329,450,550,0,REST,0.000000,1,POWER,0.666667,1,POWER,0.750000,1,POWER,0.600000,0.00155418,0.53437829,0.00527517,0.45879086,0.00000150
power_01,1,POWER,1,countdown,10,1.202314,0,REST,1,POWER,0.519497,0.428291,500,600,0,REST,1.000000,0,REST,0.666667,0,REST,0.000000,1,POWER,0.600000,0.00030943,0.51949700,0.00262881,0.47756468,0.00000009
power_01,1,POWER,1,countdown,11,1.299108,1,POWER,1,POWER,0.612980,0.342585,550,650,0,REST,0.000000,0,REST,0.666667,0,REST,0.000000,1,POWER,0.600000,0.00268185,0.61298025,0.00062766,0.38371023,0.00000001
power_01,1,POWER,1,countdown,12,1.399182,1,POWER,1,POWER,0.671194,0.338190,600,700,1,POWER,1.000000,1,POWER,0.666667,0,REST,0.000000,1,POWER,0.600000,0.00367776,0.67119372,0.00013622,0.32499230,0.00000000
power_01,1,POWER,1,countdown,13,1.498568,1,POWER,1,POWER,0.904586,0.365321,650,750,1,POWER,1.000000,1,POWER,1.000000,1,POWER,0.750000,1,POWER,0.600000,0.03289065,0.90458633,0.00080803,0.06171484,0.00000014
power_01,1,POWER,1,countdown,14,1.599827,1,POWER,1,POWER,0.634061,0.451986,700,800,1,POWER,1.000000,1,POWER,1.000000,1,POWER,1.000000,1,POWER,0.800000,0.00314568,0.63406082,0.00007948,0.36271386,0.00000016
power_01,1,POWER,1,countdown,15,1.699960,3,FLEXION,1,POWER,0.793920,0.422374,750,850,0,REST,0.000000,1,POWER,0.666667,1,POWER,0.750000,1,POWER,0.800000,0.00025314,0.20580851,0.00001724,0.79392031,0.00000080
power_01,1,POWER,1,countdown,16,1.800893,1,POWER,1,POWER,0.940961,0.292242,800,900,0,REST,0.000000,1,POWER,0.666667,1,POWER,0.750000,1,POWER,0.800000,0.00130537,0.94096093,0.00066744,0.05706625,0.00000001
power_01,1,POWER,1,countdown,17,1.899577,1,POWER,1,POWER,0.798055,0.312232,850,950,1,POWER,1.000000,1,POWER,0.666667,1,POWER,0.750000,1,POWER,0.800000,0.00145470,0.79805494,0.00019663,0.20029373,0.00000000
power_01,1,POWER,1,countdown,18,1.999567,1,POWER,1,POWER,0.678738,0.350952,900,1000,1,POWER,1.000000,1,POWER,1.000000,1,POWER,0.750000,1,POWER,0.800000,0.00073441,0.67873826,0.00003441,0.32049291,0.00000001
power_01,1,POWER,1,countdown,19,2.102858,1,POWER,1,POWER,0.917525,0.377914,950,1050,1,POWER,1.000000,1,POWER,1.000000,1,POWER,1.000000,1,POWER,0.800000,0.00027204,0.91752508,0.00007996,0.08212291,0.00000000
power_01,1,POWER,1,countdown,20,2.202420,1,POWER,1,POWER,0.966431,0.338308,1000,1100,1,POWER,1.000000,1,POWER,1.000000,1,POWER,1.000000,1,POWER,1.000000,0.00799482,0.96643074,0.01179001,0.01378443,0.00000000
power_01,1,POWER,1,countdown,21,2.301493,1,POWER,1,POWER,0.864214,0.286235,1050,1150,1,POWER,1.000000,1,POWER,1.000000,1,POWER,1.000000,1,POWER,1.000000,0.08294511,0.86421419,0.02266620,0.03017445,0.00000006
power_01,1,POWER,1,countdown,22,2.400842,3,FLEXION,1,POWER,0.573391,0.347334,1100,1200,0,REST,0.000000,1,POWER,0.666667,1,POWER,0.750000,1,POWER,0.800000,0.01074580,0.41486226,0.00100100,0.57339053,0.00000041
power_01,1,POWER,1,countdown,23,2.500347,0,REST,1,POWER,0.457685,0.371514,1150,1250,0,REST,0.000000,0,REST,0.000000,0,REST,0.000000,1,POWER,0.600000,0.16471444,0.45768491,0.00461250,0.37297465,0.00001350
power_01,1,POWER,1,countdown,24,2.601393,1,POWER,1,POWER,0.843847,0.322213,1200,1300,0,REST,0.000000,0,REST,0.000000,0,REST,0.000000,1,POWER,0.600000,0.08477718,0.84384673,0.00265413,0.06871837,0.00000360
power_01,1,POWER,1,countdown,25,2.702457,1,POWER,1,POWER,0.925205,0.327930,1250,1350,1,POWER,1.000000,1,POWER,0.666667,0,REST,0.000000,1,POWER,0.600000,0.00498664,0.92520526,0.00032526,0.06947988,0.00000296
power_01,1,POWER,1,countdown,26,2.802228,1,POWER,1,POWER,0.906686,0.337269,1300,1400,1,POWER,1.000000,1,POWER,1.000000,1,POWER,0.750000,1,POWER,0.600000,0.01656961,0.90668595,0.00420140,0.07254019,0.00000284
power_01,1,POWER,1,countdown,27,2.901401,1,POWER,1,POWER,0.652493,0.318233,1350,1450,1,POWER,1.000000,1,POWER,1.000000,1,POWER,1.000000,1,POWER,0.800000,0.24139881,0.65249256,0.03566599,0.07043968,0.00000296
power_01,1,POWER,1,active,28,3.002463,1,POWER,1,POWER,0.917796,0.318962,1400,1500,1,POWER,1.000000,1,POWER,1.000000,1,POWER,1.000000,1,POWER,1.000000,0.00778883,0.91779605,0.00079150,0.07362304,0.00000058
power_01,1,POWER,1,active,29,3.101056,1,POWER,1,POWER,0.992904,0.275097,1450,1550,1,POWER,1.000000,1,POWER,1.000000,1,POWER,1.000000,1,POWER,1.000000,0.00059985,0.99290357,0.00052338,0.00597317,0.00000002
power_01,1,POWER,1,active,30,3.203403,1,POWER,1,POWER,0.931871,0.255247,1500,1600,1,POWER,1.000000,1,POWER,1.000000,1,POWER,1.000000,1,POWER,1.000000,0.04203640,0.93187149,0.00597977,0.02011233,0.00000001
power_01,1,POWER,1,active,31,3.301412,1,POWER,1,POWER,0.771988,0.251795,1550,1650,1,POWER,1.000000,1,POWER,1.000000,1,POWER,1.000000,1,POWER,1.000000,0.17303283,0.77198778,0.00616665,0.04881271,0.00000003
power_01,1,POWER,1,active,32,3.402506,1,POWER,1,POWER,0.920421,0.241732,1600,1700,1,POWER,1.000000,1,POWER,1.000000,1,POWER,1.000000,1,POWER,1.000000,0.07584608,0.92042140,0.00233336,0.00139469,0.00000447
power_01,1,POWER,1,active,33,3.501975,1,POWER,1,POWER,0.982395,0.296243,1650,1750,1,POWER,1.000000,1,POWER,1.000000,1,POWER,1.000000,1,POWER,1.000000,0.01321553,0.98239502,0.00363172,0.00061814,0.00013959
power_01,1,POWER,1,active,34,3.602510,1,POWER,1,POWER,0.969211,0.310809,1700,1800,1,POWER,1.000000,1,POWER,1.000000,1,POWER,1.000000,1,POWER,1.000000,0.00598489,0.96921084,0.01543700,0.00936692,0.00000035
power_01,1,POWER,1,active,35,3.702489,1,POWER,1,POWER,0.993411,0.282767,1750,1850,1,POWER,1.000000,1,POWER,1.000000,1,POWER,1.000000,1,POWER,1.000000,0.00102189,0.99341059,0.00033853,0.00522898,0.00000000
power_01,1,POWER,1,active,36,3.804152,1,POWER,1,POWER,0.963295,0.318341,1800,1900,1,POWER,1.000000,1,POWER,1.000000,1,POWER,1.000000,1,POWER,1.000000,0.00015337,0.96329459,0.00001324,0.03653880,0.00000000
power_01,1,POWER,1,active,37,3.902212,1,POWER,1,POWER,0.959748,0.296487,1850,1950,1,POWER,1.000000,1,POWER,1.000000,1,POWER,1.000000,1,POWER,1.000000,0.00231301,0.95974805,0.00012959,0.03780900,0.00000034
power_01,1,POWER,1,active,38,4.002386,1,POWER,1,POWER,0.970832,0.229344,1900,2000,1,POWER,1.000000,1,POWER,1.000000,1,POWER,1.000000,1,POWER,1.000000,0.02538912,0.97083205,0.00015243,0.00362450,0.00000190
power_01,1,POWER,1,active,39,4.103567,1,POWER,1,POWER,0.939923,0.244971,1950,2050,1,POWER,1.000000,1,POWER,1.000000,1,POWER,1.000000,1,POWER,1.000000,0.00235885,0.93992338,0.00006293,0.05765483,0.00000000
power_02,1,POWER,2,countdown,0,0.195941,3,FLEXION,3,FLEXION,1.000000,1.000000,0,100,0,REST,0.000000,0,REST,0.000000,0,REST,0.000000,0,REST,0.000000,0.00000000,0.00000000,0.00000000,1.00000000,0.00000000
power_02,1,POWER,2,countdown,1,0.295819,4,EXTENSION,3,FLEXION,0.875628,1.000000,50,150,0,REST,0.000000,0,REST,0.000000,0,REST,0.000000,0,REST,0.000000,0.00000000,0.00000002,0.00000000,0.12437241,0.87562758
power_02,1,POWER,2,countdown,2,0.396003,4,EXTENSION,4,EXTENSION,0.967155,1.000000,100,200,4,EXTENSION,1.000000,4,EXTENSION,0.666667,0,REST,0.000000,0,REST,0.000000,0.00000000,0.00067147,0.00000000,0.03217372,0.96715481
power_02,1,POWER,2,countdown,3,0.497243,1,POWER,4,EXTENSION,0.843938,0.634291,150,250,0,REST,0.000000,4,EXTENSION,0.666667,0,REST,0.000000,0,REST,0.000000,0.00000055,0.84393829,0.00000000,0.14717660,0.00888455
power_02,1,POWER,2,countdown,4,0.596910,1,POWER,4,EXTENSION,0.993207,0.297481,200,300,1,POWER,1.000000,1,POWER,0.666667,0,REST,0.000000,0,REST,0.000000,0.00001579,0.99320679,0.00000028,0.00630919,0.00046794
power_02,1,POWER,2,countdown,5,0.696297,1,POWER,1,POWER,0.999348,0.453713,250,350,1,POWER,1.000000,1,POWER,1.000000,1,POWER,0.750000,1,POWER,0.600000,0.00014784,0.99934825,0.00000187,0.00043768,0.00006436
power_02,1,POWER,2,countdown,6,0.796882,1,POWER,1,POWER,0.998808,0.351754,300,400,1,POWER,1.000000,1,POWER,1.000000,1,POWER,1.000000,1,POWER,0.800000,0.00022747,0.99880839,0.00000579,0.00094799,0.00001035
power_02,1,POWER,2,countdown,7,0.896778,1,POWER,1,POWER,0.988367,0.311901,350,450,1,POWER,1.000000,1,POWER,1.000000,1,POWER,1.000000,1,POWER,1.000000,0.00106771,0.98836674,0.00005082,0.01051339,0.00000133
power_02,1,POWER,2,countdown,8,0.999354,1,POWER,1,POWER,0.979337,0.436360,400,500,1,POWER,1.000000,1,POWER,1.000000,1,POWER,1.000000,1,POWER,1.000000,0.00235611,0.97933734,0.00180721,0.01649933,0.00000001
power_02,1,POWER,2,countdown,9,1.097474,0,REST,1,POWER,0.495308,0.408032,450,550,0,REST,0.000000,1,POWER,0.666667,1,POWER,0.750000,1,POWER,0.800000,0.03250069,0.49530809,0.46981476,0.00237611,0.00000036
power_02,1,POWER,2,countdown,10,1.197663,0,REST,1,POWER,0.410553,0.199892,500,600,0,REST,1.000000,0,REST,0.666667,0,REST,0.000000,1,POWER,0.600000,0.24123249,0.34741674,0.41055319,0.00079730,0.00000027
power_02,1,POWER,2,countdown,11,1.297315,1,POWER,1,POWER,0.903831,0.010597,550,650,0,REST,0.000000,0,REST,0.666667,0,REST,0.000000,1,POWER,0.600000,0.08478956,0.90383140,0.00752759,0.00385145,0.00000000
power_02,1,POWER,2,countdown,12,1.397889,1,POWER,1,POWER,0.969150,0.000000,600,700,1,POWER,1.000000,1,POWER,0.666667,0,REST,0.000000,1,POWER,0.600000,0.02584014,0.96915012,0.00185539,0.00315436,0.00000000
power_02,1,POWER,2,countdown,13,1.497712,1,POWER,1,POWER,0.724364,0.000000,650,750,1,POWER,1.000000,1,POWER,1.000000,1,POWER,0.750000,1,POWER,0.600000,0.26015017,0.72436400,0.01311553,0.00237029,0.00000001
power_02,1,POWER,2,countdown,14,1.597935,1,POWER,1,POWER,0.682163,0.000000,700,800,1,POWER,1.000000,1,POWER,1.000000,1,POWER,1.000000,1,POWER,0.800000,0.30833229,0.68216260,0.00593614,0.00356896,0.00000000
power_02,1,POWER,2,countdown,15,1.700398,0,REST,1,POWER,0.537650,0.000000,750,850,0,REST,0.000000,1,POWER,0.666667,1,POWER,0.750000,1,POWER,0.800000,0.53765020,0.45538718,0.00403925,0.00292329,0.00000008
power_02,1,POWER,2,countdown,16,1.798425,0,REST,1,POWER,0.803480,0.000000,800,900,0,REST,1.000000,0,REST,0.666667,0,REST,0.000000,1,POWER,0.600000,0.80348013,0.19464988,0.00109527,0.00077445,0.00000027
power_02,1,POWER,2,countdown,17,1.897980,1,POWER,1,POWER,0.574740,0.000000,850,950,0,REST,0.000000,0,REST,0.666667,0,REST,0.000000,1,POWER,0.600000,0.42034536,0.57473982,0.00205410,0.00286071,0.00000000
power_02,1,POWER,2,countdown,18,1.999482,1,POWER,1,POWER,0.982697,0.000000,900,1000,1,POWER,1.000000,1,POWER,0.666667,0,REST,0.000000,1,POWER,0.600000,0.01145605,0.98269664,0.00027447,0.00557284,0.00000000
power_02,1,POWER,2,countdown,19,2.100043,1,POWER,1,POWER,0.980466,0.000000,950,1050,1,POWER,1.000000,1,POWER,1.000000,1,POWER,0.750000,1,POWER,0.600000,0.01155649,0.98046577,0.00044533,0.00753241,0.00000000
power_02,1,POWER,2,countdown,20,2.199911,0,REST,1,POWER,0.743307,0.000000,1000,1100,0,REST,0.000000,1,POWER,0.666667,1,POWER,0.750000,1,POWER,0.600000,0.74330731,0.24718404,0.00849717,0.00101147,0.00000001
power_02,1,POWER,2,countdown,21,2.299389,0,REST,1,POWER,0.946015,0.000000,1050,1150,0,REST,1.000000,0,REST,0.666667,0,REST,0.000000,1,POWER,0.600000,0.94601502,0.04863102,0.00523192,0.00012201,0.00000004
power_02,1,POWER,2,countdown,22,2.398828,0,REST,0,REST,0.885543,0.000000,1100,1200,0,REST,1.000000,0,REST,1.000000,0,REST,0.750000,0,REST,0.600000,0.88554253,0.10721605,0.00645384,0.00078757,0.00000000
power_02,1,POWER,2,countdown,23,2.500202,0,REST,0,REST,0.631122,0.000000,1150,1250,0,REST,1.000000,0,REST,1.000000,0,REST,1.000000,0,REST,0.800000,0.63112229,0.36194322,0.00360738,0.00332711,0.00000000
power_02,1,POWER,2,countdown,24,2.600177,0,REST,0,REST,0.596319,0.000000,1200,1300,0,REST,1.000000,0,REST,1.000000,0,REST,1.000000,0,REST,1.000000,0.59631904,0.39525624,0.00687818,0.00154655,0.00000000
power_02,1,POWER,2,countdown,25,2.700063,0,REST,0,REST,0.850068,0.000000,1250,1350,0,REST,1.000000,0,REST,1.000000,0,REST,1.000000,0,REST,1.000000,0.85006794,0.14339738,0.00586405,0.00067063,0.00000000
power_02,1,POWER,2,countdown,26,2.799953,0,REST,0,REST,0.969392,0.000000,1300,1400,0,REST,1.000000,0,REST,1.000000,0,REST,1.000000,0,REST,1.000000,0.96939249,0.02965966,0.00079357,0.00015428,0.00000000
power_02,1,POWER,2,countdown,27,2.900027,0,REST,0,REST,0.899537,0.000000,1350,1450,0,REST,1.000000,0,REST,1.000000,0,REST,1.000000,0,REST,1.000000,0.89953696,0.09511794,0.00503117,0.00031393,0.00000000
power_02,1,POWER,2,active,28,3.000906,1,POWER,0,REST,0.744405,0.000000,1400,1500,0,REST,0.000000,0,REST,0.666667,0,REST,0.750000,0,REST,0.800000,0.00796657,0.74440482,0.24714776,0.00047637,0.00000449
power_02,1,POWER,2,active,29,3.101148,1,POWER,0,REST,0.996768,0.000000,1450,1550,1,POWER,1.000000,1,POWER,0.666667,0,REST,0.000000,0,REST,0.600000,0.00000009,0.99676794,0.00002070,0.00321126,0.00000001
power_02,1,POWER,2,active,30,3.201909,1,POWER,1,POWER,0.993075,1.000000,1500,1600,1,POWER,1.000000,1,POWER,1.000000,1,POWER,0.750000,1,POWER,0.600000,0.00000000,0.99307460,0.00000003,0.00692537,0.00000000
power_02,1,POWER,2,active,31,3.312557,1,POWER,1,POWER,0.896360,1.000000,1550,1650,1,POWER,1.000000,1,POWER,1.000000,1,POWER,1.000000,1,POWER,0.800000,0.00000000,0.89636021,0.00000339,0.10363640,0.00000000
power_02,1,POWER,2,active,32,3.400919,3,FLEXION,1,POWER,0.586303,0.887743,1600,1700,0,REST,0.000000,1,POWER,0.666667,1,POWER,0.750000,1,POWER,0.800000,0.00000000,0.41367446,0.00002303,0.58630251,0.00000000
power_02,1,POWER,2,active,33,3.500390,3,FLEXION,1,POWER,0.834247,0.805256,1650,1750,3,FLEXION,1.000000,3,FLEXION,0.666667,0,REST,0.000000,1,POWER,0.600000,0.00000003,0.16574444,0.00000807,0.83424746,0.00000000
power_02,1,POWER,2,active,34,3.600939,3,FLEXION,3,FLEXION,0.853683,0.418536,1700,1800,3,FLEXION,1.000000,3,FLEXION,1.000000,3,FLEXION,0.750000,3,FLEXION,0.600000,0.00000325,0.14624822,0.00006515,0.85368338,0.00000000
power_02,1,POWER,2,active,35,3.702906,1,POWER,3,FLEXION,0.977600,0.359517,1750,1850,0,REST,0.000000,3,FLEXION,0.666667,3,FLEXION,0.750000,3,FLEXION,0.600000,0.00001896,0.97760005,0.00101817,0.02136272,0.00000011
power_02,1,POWER,2,active,36,3.803705,1,POWER,3,FLEXION,0.868282,0.373008,1800,1900,1,POWER,1.000000,1,POWER,0.666667,0,REST,0.000000,3,FLEXION,0.600000,0.00008894,0.86828151,0.00038243,0.13124709,0.00000003
power_02,1,POWER,2,active,37,3.904939,3,FLEXION,3,FLEXION,0.702743,0.374999,1850,1950,0,REST,0.000000,1,POWER,0.666667,0,REST,0.000000,3,FLEXION,0.600000,0.00015412,0.29706700,0.00003620,0.70274269,0.00000000
power_02,1,POWER,2,active,38,4.001566,1,POWER,1,POWER,0.878690,0.630866,1900,2000,0,REST,0.000000,1,POWER,0.666667,1,POWER,0.750000,1,POWER,0.600000,0.00002271,0.87868964,0.00007853,0.12120909,0.00000001
power_02,1,POWER,2,active,39,4.101546,1,POWER,1,POWER,0.955915,0.495869,1950,2050,1,POWER,1.000000,1,POWER,0.666667,1,POWER,0.750000,1,POWER,0.800000,0.00024280,0.95591469,0.00026208,0.04358042,0.00000002
power_02,1,POWER,2,active,40,4.201593,1,POWER,1,POWER,0.748201,0.388208,2000,2100,1,POWER,1.000000,1,POWER,1.000000,1,POWER,0.750000,1,POWER,0.800000,0.00141774,0.74820148,0.00055057,0.24983017,0.00000004
power_02,1,POWER,2,active,41,4.302057,0,REST,1,POWER,0.515387,0.391496,2050,2150,0,REST,0.000000,1,POWER,0.666667,1,POWER,0.750000,1,POWER,0.600000,0.00015825,0.51538732,0.00006250,0.48439192,0.00000000
power_02,1,POWER,2,active,42,4.403162,1,POWER,1,POWER,0.817878,0.493220,2100,2200,0,REST,0.000000,1,POWER,0.666667,1,POWER,0.750000,1,POWER,0.800000,0.00001747,0.81787820,0.00000808,0.18209625,0.00000000
power_02,1,POWER,2,active,43,4.502340,1,POWER,1,POWER,0.934555,0.530444,2150,2250,1,POWER,1.000000,1,POWER,0.666667,1,POWER,0.750000,1,POWER,0.800000,0.00007133,0.93455462,0.00003488,0.06533903,0.00000014
power_02,1,POWER,2,active,44,4.602431,1,POWER,1,POWER,0.835546,0.480605,2200,2300,1,POWER,1.000000,1,POWER,1.000000,1,POWER,0.750000,1,POWER,0.800000,0.00096158,0.83554596,0.00005490,0.16343700,0.00000056
power_02,1,POWER,2,active,45,4.702659,1,POWER,1,POWER,0.710005,0.451833,2250,2350,1,POWER,1.000000,1,POWER,1.000000,1,POWER,1.000000,1,POWER,0.800000,0.09010270,0.71000470,0.02003669,0.17984620,0.00000971
power_02,1,POWER,2,active,46,4.804557,1,POWER,1,POWER,0.651795,0.413004,2300,2400,1,POWER,1.000000,1,POWER,1.000000,1,POWER,1.000000,1,POWER,1.000000,0.00075340,0.65179504,0.00059977,0.34685178,0.00000001
power_02,1,POWER,2,active,47,4.902795,1,POWER,1,POWER,0.880887,0.333668,2350,2450,1,POWER,1.000000,1,POWER,1.000000,1,POWER,1.000000,1,POWER,1.000000,0.00000290,0.88088662,0.00000447,0.11910601,0.00000000
power_02,1,POWER,2,active,48,5.002907,1,POWER,1,POWER,0.886801,0.356259,2400,2500,1,POWER,1.000000,1,POWER,1.000000,1,POWER,1.000000,1,POWER,1.000000,0.00012056,0.88680055,0.00011208,0.11296681,0.00000000
power_02,1,POWER,2,active,49,5.103200,1,POWER,1,POWER,0.886185,0.378187,2450,2550,1,POWER,1.000000,1,POWER,1.000000,1,POWER,1.000000,1,POWER,1.000000,0.00107464,0.88618513,0.00993354,0.10280668,0.00000001
power_02,1,POWER,2,active,50,5.204645,1,POWER,1,POWER,0.602557,0.374281,2500,2600,1,POWER,1.000000,1,POWER,1.000000,1,POWER,1.000000,1,POWER,1.000000,0.00073569,0.60255726,0.00432271,0.39238434,0.00000001
power_02,1,POWER,2,active,51,5.304612,1,POWER,1,POWER,0.952529,0.377519,2550,2650,1,POWER,1.000000,1,POWER,1.000000,1,POWER,1.000000,1,POWER,1.000000,0.00004252,0.95252878,0.00006480,0.04736387,0.00000002
power_02,1,POWER,2,active,52,5.403669,1,POWER,1,POWER,0.890625,0.357961,2600,2700,1,POWER,1.000000,1,POWER,1.000000,1,POWER,1.000000,1,POWER,1.000000,0.00009437,0.89062523,0.00001131,0.10926907,0.00000002
power_02,1,POWER,2,active,53,5.503619,1,POWER,1,POWER,0.778708,0.350167,2650,2750,1,POWER,1.000000,1,POWER,1.000000,1,POWER,1.000000,1,POWER,1.000000,0.00312084,0.77870765,0.00004427,0.21812724,0.00000001
power_02,1,POWER,2,active,54,5.609631,1,POWER,1,POWER,0.971615,0.409285,2700,2800,1,POWER,1.000000,1,POWER,1.000000,1,POWER,1.000000,1,POWER,1.000000,0.00041441,0.97161472,0.00039726,0.02757360,0.00000001
power_02,1,POWER,2,active,55,5.704338,1,POWER,1,POWER,0.987668,0.439328,2750,2850,1,POWER,1.000000,1,POWER,1.000000,1,POWER,1.000000,1,POWER,1.000000,0.00025080,0.98766846,0.00159278,0.01048755,0.00000041
power_02,1,POWER,2,active,56,5.806199,1,POWER,1,POWER,0.998725,0.393228,2800,2900,1,POWER,1.000000,1,POWER,1.000000,1,POWER,1.000000,1,POWER,1.000000,0.00044978,0.99872478,0.00034877,0.00047604,0.00000062
power_02,1,POWER,2,active,57,5.904423,1,POWER,1,POWER,0.993569,0.345888,2850,2950,1,POWER,1.000000,1,POWER,1.000000,1,POWER,1.000000,1,POWER,1.000000,0.00061096,0.99356900,0.00035447,0.00546556,0.00000001
power_02,1,POWER,2,active,58,6.007093,1,POWER,1,POWER,0.968427,0.337438,2900,3000,1,POWER,1.000000,1,POWER,1.000000,1,POWER,1.000000,1,POWER,1.000000,0.00087725,0.96842743,0.00058874,0.03010656,0.00000003
power_02,1,POWER,2,active,59,6.106271,1,POWER,1,POWER,0.987759,0.367467,2950,3050,1,POWER,1.000000,1,POWER,1.000000,1,POWER,1.000000,1,POWER,1.000000,0.00214844,0.98775875,0.00145847,0.00863024,0.00000411
power_02,1,POWER,2,active,60,6.206345,1,POWER,1,POWER,0.898066,0.362552,3000,3100,1,POWER,1.000000,1,POWER,1.000000,1,POWER,1.000000,1,POWER,1.000000,0.00801990,0.89806560,0.00068438,0.09323007,0.00000004
power_02,1,POWER,2,active,61,6.307563,1,POWER,1,POWER,0.881655,0.358274,3050,3150,1,POWER,1.000000,1,POWER,1.000000,1,POWER,1.000000,1,POWER,1.000000,0.08075439,0.88165452,0.00178425,0.03580625,0.00000059
power_03,1,POWER,3,countdown,0,0.196200,3,FLEXION,3,FLEXION,1.000000,1.000000,0,100,0,REST,0.000000,0,REST,0.000000,0,REST,0.000000,0,REST,0.000000,0.00000000,0.00000000,0.00000000,1.00000000,0.00000000
power_03,1,POWER,3,countdown,1,0.295911,4,EXTENSION,3,FLEXION,0.992835,1.000000,50,150,0,REST,0.000000,0,REST,0.000000,0,REST,0.000000,0,REST,0.000000,0.00000000,0.00000001,0.00000000,0.00716455,0.99283544
power_03,1,POWER,3,countdown,2,0.397255,4,EXTENSION,4,EXTENSION,0.571378,1.000000,100,200,4,EXTENSION,1.000000,4,EXTENSION,0.666667,0,REST,0.000000,0,REST,0.000000,0.00000005,0.00601096,0.00000000,0.42261117,0.57137782
power_03,1,POWER,3,countdown,3,0.495493,1,POWER,4,EXTENSION,0.668361,0.533718,150,250,0,REST,0.000000,4,EXTENSION,0.666667,0,REST,0.000000,0,REST,0.000000,0.00000409,0.66836077,0.00000000,0.31448318,0.01715196
power_03,1,POWER,3,countdown,4,0.595663,1,POWER,4,EXTENSION,0.976017,0.163993,200,300,1,POWER,1.000000,1,POWER,0.666667,0,REST,0.000000,0,REST,0.000000,0.00000624,0.97601678,0.00000014,0.02361226,0.00036457
power_03,1,POWER,3,countdown,5,0.696287,1,POWER,1,POWER,0.994729,0.193415,250,350,1,POWER,1.000000,1,POWER,1.000000,1,POWER,0.750000,1,POWER,0.600000,0.00001353,0.99472914,0.00000078,0.00525468,0.00000187
power_03,1,POWER,3,countdown,6,0.796271,1,POWER,1,POWER,0.996908,0.050790,300,400,1,POWER,1.000000,1,POWER,1.000000,1,POWER,1.000000,1,POWER,0.800000,0.00040500,0.99690762,0.00001063,0.00267618,0.00000057
power_03,1,POWER,3,countdown,7,0.897397,1,POWER,1,POWER,0.941578,0.000000,350,450,1,POWER,1.000000,1,POWER,1.000000,1,POWER,1.000000,1,POWER,1.000000,0.05714112,0.94157809,0.00019923,0.00108092,0.00000065
power_03,1,POWER,3,countdown,8,0.996839,1,POWER,1,POWER,0.943004,0.277793,400,500,1,POWER,1.000000,1,POWER,1.000000,1,POWER,1.000000,1,POWER,1.000000,0.04975487,0.94300437,0.00190598,0.00532883,0.00000594
power_03,1,POWER,3,countdown,9,1.097200,0,REST,1,POWER,0.510262,1.000000,450,550,0,REST,0.000000,1,POWER,0.666667,1,POWER,0.750000,1,POWER,0.800000,0.00002666,0.47175193,0.00016864,0.51026235,0.01779041
power_03,1,POWER,3,countdown,10,1.197352,3,FLEXION,1,POWER,0.999957,1.000000,500,600,0,REST,0.000000,0,REST,0.000000,0,REST,0.000000,1,POWER,0.600000,0.00000000,0.00004322,0.00000000,0.99995663,0.00000015
power_03,1,POWER,3,countdown,11,1.297214,3,FLEXION,1,POWER,0.999953,1.000000,550,650,3,FLEXION,1.000000,3,FLEXION,0.666667,0,REST,0.000000,0,REST,0.000000,0.00000000,0.00004699,0.00000000,0.99995301,0.00000000
power_03,1,POWER,3,countdown,12,1.397786,3,FLEXION,3,FLEXION,0.707975,0.499961,600,700,3,FLEXION,1.000000,3,FLEXION,1.000000,3,FLEXION,0.750000,3,FLEXION,0.600000,0.00000009,0.29202497,0.00000037,0.70797458,0.00000000
power_03,1,POWER,3,countdown,13,1.497338,1,POWER,3,FLEXION,0.979046,0.355623,650,750,0,REST,0.000000,3,FLEXION,0.666667,3,FLEXION,0.750000,3,FLEXION,0.600000,0.00000895,0.97904606,0.00003953,0.02090546,0.00000001
power_03,1,POWER,3,countdown,14,1.597286,1,POWER,3,FLEXION,0.933290,0.273579,700,800,1,POWER,1.000000,1,POWER,0.666667,0,REST,0.000000,3,FLEXION,0.600000,0.00116496,0.93329029,0.00063038,0.06491048,0.00000390
power_03,1,POWER,3,countdown,15,1.698169,1,POWER,1,POWER,0.623999,0.385533,750,850,1,POWER,1.000000,1,POWER,1.000000,1,POWER,0.750000,1,POWER,0.600000,0.00370520,0.62399850,0.00003687,0.37225938,0.00000004
power_03,1,POWER,3,countdown,16,1.798242,1,POWER,1,POWER,0.628630,0.446915,800,900,1,POWER,1.000000,1,POWER,1.000000,1,POWER,1.000000,1,POWER,0.800000,0.00622975,0.62863007,0.35455528,0.00117063,0.00941427
power_03,1,POWER,3,countdown,17,1.897515,2,OPEN,1,POWER,0.968563,0.550393,850,950,0,REST,0.000000,1,POWER,0.666667,1,POWER,0.750000,1,POWER,0.800000,0.00634010,0.00986398,0.96856322,0.00002051,0.01521219
power_03,1,POWER,3,countdown,18,1.997678,2,OPEN,1,POWER,0.588881,0.382733,900,1000,2,OPEN,1.000000,2,OPEN,0.666667,0,REST,0.000000,1,POWER,0.600000,0.27287304,0.13759762,0.58888145,0.00061085,0.00003704
power_03,1,POWER,3,countdown,19,2.098236,1,POWER,1,POWER,0.583089,0.147925,950,1050,0,REST,0.000000,2,OPEN,0.666667,0,REST,0.000000,1,POWER,0.600000,0.33086047,0.58308869,0.08474443,0.00130565,0.00000076
power_03,1,POWER,3,countdown,20,2.198152,0,REST,1,POWER,0.827279,0.085281,1000,1100,0,REST,0.000000,0,REST,0.000000,0,REST,0.000000,0,REST,0.000000,0.82727873,0.16435402,0.00631432,0.00205148,0.00000144
power_03,1,POWER,3,countdown,21,2.300542,0,REST,1,POWER,0.673656,0.068293,1050,1150,0,REST,1.000000,0,REST,0.666667,0,REST,0.000000,0,REST,0.000000,0.67365616,0.28389858,0.03806797,0.00437708,0.00000021
power_03,1,POWER,3,countdown,22,2.400136,0,REST,0,REST,0.810680,0.000000,1100,1200,0,REST,1.000000,0,REST,1.000000,0,REST,0.750000,0,REST,0.600000,0.81067981,0.15825162,0.02956615,0.00150228,0.00000015
power_03,1,POWER,3,countdown,23,2.502594,0,REST,0,REST,0.775863,0.000000,1150,1250,0,REST,1.000000,0,REST,1.000000,0,REST,1.000000,0,REST,0.800000,0.77586257,0.07674780,0.14711604,0.00027347,0.00000012
power_03,1,POWER,3,countdown,24,2.601671,0,REST,0,REST,0.771096,0.000000,1200,1300,0,REST,1.000000,0,REST,1.000000,0,REST,1.000000,0,REST,1.000000,0.77109648,0.07153959,0.15718743,0.00017649,0.00000000
power_03,1,POWER,3,countdown,25,2.699349,0,REST,0,REST,0.710465,0.000000,1250,1350,0,REST,1.000000,0,REST,1.000000,0,REST,1.000000,0,REST,1.000000,0.71046495,0.17310352,0.11620775,0.00022352,0.00000026
power_03,1,POWER,3,countdown,26,2.799809,0,REST,0,REST,0.445486,0.000000,1300,1400,0,REST,1.000000,0,REST,1.000000,0,REST,1.000000,0,REST,1.000000,0.32755257,0.44548647,0.22622535,0.00072368,0.00001192
power_03,1,POWER,3,countdown,27,2.899151,0,REST,0,REST,0.612807,0.000000,1350,1450,0,REST,1.000000,0,REST,1.000000,0,REST,1.000000,0,REST,1.000000,0.61280691,0.34428547,0.04151563,0.00139197,0.00000002
power_03,1,POWER,3,countdown,28,2.999666,1,POWER,0,REST,0.624476,0.000000,1400,1500,0,REST,0.000000,0,REST,0.666667,0,REST,0.750000,0,REST,0.800000,0.37106779,0.62447552,0.00335407,0.00110262,0.00000000
power_03,1,POWER,3,active,29,3.099735,0,REST,0,REST,0.920010,0.000000,1450,1550,0,REST,0.000000,0,REST,0.666667,0,REST,0.750000,0,REST,0.800000,0.92001009,0.07793973,0.00183346,0.00021671,0.00000000
power_03,1,POWER,3,active,30,3.200317,0,REST,0,REST,0.686717,0.000000,1500,1600,0,REST,1.000000,0,REST,0.666667,0,REST,0.750000,0,REST,0.800000,0.68671742,0.30181587,0.01033955,0.00112684,0.00000032
power_03,1,POWER,3,active,31,3.304043,1,POWER,0,REST,0.913086,0.000000,1550,1650,0,REST,0.000000,0,REST,0.666667,0,REST,0.000000,0,REST,0.600000,0.00021392,0.91308559,0.06556192,0.02113190,0.00000668
power_03,1,POWER,3,active,32,3.400655,3,FLEXION,0,REST,0.999966,0.000000,1600,1700,0,REST,0.000000,0,REST,0.000000,0,REST,0.000000,0,REST,0.000000,0.00000000,0.00003431,0.00000000,0.99996569,0.00000000
power_03,1,POWER,3,active,33,3.516737,3,FLEXION,0,REST,1.000000,0.000000,1650,1750,3,FLEXION,1.000000,3,FLEXION,0.666667,0,REST,0.000000,0,REST,0.000000,0.00000000,0.00000018,0.00000000,0.99999982,0.00000000
power_03,1,POWER,3,active,34,3.606945,3,FLEXION,3,FLEXION,0.999957,0.765462,1700,1800,3,FLEXION,1.000000,3,FLEXION,1.000000,3,FLEXION,0.750000,3,FLEXION,0.600000,0.00000000,0.00004268,0.00000000,0.99995732,0.00000000
power_03,1,POWER,3,active,35,3.700987,3,FLEXION,3,FLEXION,0.996449,0.548556,1750,1850,3,FLEXION,1.000000,3,FLEXION,1.000000,3,FLEXION,1.000000,3,FLEXION,0.800000,0.00000000,0.00355104,0.00000001,0.99644896,0.00000000
power_03,1,POWER,3,active,36,3.801503,3,FLEXION,3,FLEXION,0.881554,0.420032,1800,1900,3,FLEXION,1.000000,3,FLEXION,1.000000,3,FLEXION,1.000000,3,FLEXION,1.000000,0.00000078,0.11843651,0.00000853,0.88155417,0.00000000
power_03,1,POWER,3,active,37,3.901420,3,FLEXION,3,FLEXION,0.957032,0.296828,1850,1950,3,FLEXION,1.000000,3,FLEXION,1.000000,3,FLEXION,1.000000,3,FLEXION,1.000000,0.00001985,0.04294374,0.00000407,0.95703235,0.00000000
power_03,1,POWER,3,active,38,4.001782,3,FLEXION,3,FLEXION,0.872610,0.271740,1900,2000,3,FLEXION,1.000000,3,FLEXION,1.000000,3,FLEXION,1.000000,3,FLEXION,1.000000,0.00260054,0.12445359,0.00033545,0.87261042,0.00000000
power_03,1,POWER,3,active,39,4.101805,3,FLEXION,3,FLEXION,0.649232,0.337231,1950,2050,3,FLEXION,1.000000,3,FLEXION,1.000000,3,FLEXION,1.000000,3,FLEXION,1.000000,0.00069196,0.34993903,0.00013679,0.64923221,0.00000001
power_03,1,POWER,3,active,40,4.202089,1,POWER,3,FLEXION,0.768274,0.333286,2000,2100,0,REST,0.000000,3,FLEXION,0.666667,3,FLEXION,0.750000,3,FLEXION,0.800000,0.00038225,0.76827446,0.00002619,0.23131709,0.00000000
power_03,1,POWER,3,active,41,4.302124,1,POWER,3,FLEXION,0.993769,0.204318,2050,2150,1,POWER,1.000000,1,POWER,0.666667,0,REST,0.000000,3,FLEXION,0.600000,0.00008614,0.99376908,0.00000454,0.00614023,0.00000000
power_03,1,POWER,3,active,42,4.401722,1,POWER,1,POWER,0.980200,0.421829,2100,2200,1,POWER,1.000000,1,POWER,1.000000,1,POWER,0.750000,1,POWER,0.600000,0.00025648,0.98020011,0.00000177,0.01954160,0.00000004
power_03,1,POWER,3,active,43,4.501646,3,FLEXION,1,POWER,0.675950,0.469996,2150,2250,0,REST,0.000000,1,POWER,0.666667,1,POWER,0.750000,1,POWER,0.600000,0.00061819,0.32340162,0.00003020,0.67594999,0.00000000
power_03,1,POWER,3,active,44,4.602116,3,FLEXION,1,POWER,0.885538,0.437898,2200,2300,3,FLEXION,1.000000,3,FLEXION,0.666667,0,REST,0.000000,1,POWER,0.600000,0.00012566,0.11431045,0.00002555,0.88553835,0.00000001
power_03,1,POWER,3,active,45,4.702663,3,FLEXION,3,FLEXION,0.691847,0.167411,2250,2350,3,FLEXION,1.000000,3,FLEXION,1.000000,3,FLEXION,0.750000,3,FLEXION,0.600000,0.00196672,0.30492254,0.00126347,0.69184720,0.00000007
power_03,1,POWER,3,active,46,4.802280,3,FLEXION,3,FLEXION,0.893845,0.129032,2300,2400,3,FLEXION,1.000000,3,FLEXION,1.000000,3,FLEXION,1.000000,3,FLEXION,0.800000,0.00055220,0.10522346,0.00037897,0.89384536,0.00000001
power_03,1,POWER,3,active,47,4.905236,1,POWER,3,FLEXION,0.610955,0.160975,2350,2450,0,REST,0.000000,3,FLEXION,0.666667,3,FLEXION,0.750000,3,FLEXION,0.800000,0.00168198,0.61095462,0.00008905,0.38727346,0.00000089
power_03,1,POWER,3,active,48,5.002986,1,POWER,3,FLEXION,0.908870,0.210071,2400,2500,1,POWER,1.000000,1,POWER,0.666667,0,REST,0.000000,3,FLEXION,0.600000,0.00252355,0.90887016,0.00023748,0.08836800,0.00000081
power_03,1,POWER,3,active,49,5.103199,3,FLEXION,3,FLEXION,0.557254,0.162344,2450,2550,0,REST,0.000000,1,POWER,0.666667,0,REST,0.000000,3,FLEXION,0.600000,0.00030585,0.44243284,0.00000733,0.55725398,0.00000000
power_03,1,POWER,3,active,50,5.202832,1,POWER,1,POWER,0.741628,0.458456,2500,2600,0,REST,0.000000,1,POWER,0.666667,1,POWER,0.750000,1,POWER,0.600000,0.00120549,0.74162849,0.00005811,0.25710783,0.00000008
power_03,1,POWER,3,active,51,5.303284,1,POWER,1,POWER,0.959811,0.488581,2550,2650,1,POWER,1.000000,1,POWER,0.666667,1,POWER,0.750000,1,POWER,0.800000,0.00452528,0.95981067,0.00120084,0.03445970,0.00000351
power_03,1,POWER,3,active,52,5.403732,0,REST,1,POWER,0.521199,0.413894,2600,2700,0,REST,0.000000,1,POWER,0.666667,0,REST,0.000000,1,POWER,0.600000,0.00824279,0.52119923,0.00007147,0.47048650,0.00000001
power_03,1,POWER,3,active,53,5.503145,1,POWER,1,POWER,0.853064,0.373682,2650,2750,0,REST,0.000000,1,POWER,0.666667,1,POWER,0.750000,1,POWER,0.600000,0.03157017,0.85306378,0.00027279,0.11509301,0.00000025
power_03,1,POWER,3,active,54,5.606621,1,POWER,1,POWER,0.894946,0.336997,2700,2800,1,POWER,1.000000,1,POWER,0.666667,1,POWER,0.750000,1,POWER,0.800000,0.01712838,0.89494641,0.00282544,0.08509882,0.00000095
power_03,1,POWER,3,active,55,5.704256,1,POWER,1,POWER,0.688635,0.335836,2750,2850,1,POWER,1.000000,1,POWER,1.000000,1,POWER,0.750000,1,POWER,0.800000,0.00296336,0.68863507,0.00141458,0.30698696,0.00000002
power_03,1,POWER,3,active,56,5.804349,3,FLEXION,1,POWER,0.727125,0.388969,2800,2900,0,REST,0.000000,1,POWER,0.666667,1,POWER,0.750000,1,POWER,0.600000,0.00012947,0.27273293,0.00001290,0.72712469,0.00000000
power_03,1,POWER,3,active,57,5.904521,1,POWER,1,POWER,0.640162,0.379460,2850,2950,0,REST,0.000000,1,POWER,0.666667,1,POWER,0.750000,1,POWER,0.800000,0.00176063,0.64016159,0.00020450,0.35787328,0.00000000
power_03,1,POWER,3,active,58,6.004270,1,POWER,1,POWER,0.970723,0.359445,2900,3000,1,POWER,1.000000,1,POWER,0.666667,1,POWER,0.750000,1,POWER,0.800000,0.00655115,0.97072298,0.00026110,0.02246469,0.00000009
power_03,1,POWER,3,active,59,6.104526,1,POWER,1,POWER,0.966149,0.351688,2950,3050,1,POWER,1.000000,1,POWER,1.000000,1,POWER,0.750000,1,POWER,0.800000,0.00597922,0.96614904,0.00015810,0.02771359,0.00000005
power_03,1,POWER,3,active,60,6.205252,1,POWER,1,POWER,0.932328,0.337718,3000,3100,1,POWER,1.000000,1,POWER,1.000000,1,POWER,1.000000,1,POWER,0.800000,0.00272366,0.93232824,0.00050344,0.06444465,0.00000001
power_03,1,POWER,3,active,61,6.305224,3,FLEXION,1,POWER,0.676484,0.395298,3050,3150,0,REST,0.000000,1,POWER,0.666667,1,POWER,0.750000,1,POWER,0.800000,0.00023747,0.32325510,0.00002346,0.67648397,0.00000000
power_03,1,POWER,3,active,62,6.405048,3,FLEXION,1,POWER,0.750805,0.382508,3100,3200,3,FLEXION,1.000000,3,FLEXION,0.666667,0,REST,0.000000,1,POWER,0.600000,0.00078339,0.24840403,0.00000750,0.75080507,0.00000000
power_03,1,POWER,3,active,63,6.506258,1,POWER,1,POWER,0.966583,0.339477,3150,3250,0,REST,0.000000,3,FLEXION,0.666667,0,REST,0.000000,1,POWER,0.600000,0.02221975,0.96658325,0.00022553,0.01097142,0.00000005
power_03,1,POWER,3,active,64,6.605938,1,POWER,1,POWER,0.948845,0.337310,3200,3300,1,POWER,1.000000,1,POWER,0.666667,0,REST,0.000000,1,POWER,0.600000,0.02537960,0.94884544,0.00074483,0.02503006,0.00000008
power_03,1,POWER,3,active,65,6.705818,1,POWER,1,POWER,0.947282,0.387495,3250,3350,1,POWER,1.000000,1,POWER,1.000000,1,POWER,0.750000,1,POWER,0.600000,0.00544593,0.94728244,0.00037697,0.04689466,0.00000000
power_03,1,POWER,3,active,66,6.806094,1,POWER,1,POWER,0.949055,0.530144,3300,3400,1,POWER,1.000000,1,POWER,1.000000,1,POWER,1.000000,1,POWER,0.800000,0.00194347,0.94905456,0.00026557,0.04873615,0.00000025
power_03,1,POWER,3,active,67,6.905242,3,FLEXION,1,POWER,0.967300,0.622180,3350,3450,0,REST,0.000000,1,POWER,0.666667,1,POWER,0.750000,1,POWER,0.800000,0.00001438,0.03268490,0.00000029,0.96730043,0.00000000
power_03,1,POWER,3,active,68,7.006358,3,FLEXION,1,POWER,0.970100,0.524693,3400,3500,3,FLEXION,1.000000,3,FLEXION,0.666667,0,REST,0.000000,1,POWER,0.600000,0.00001632,0.02988357,0.00000005,0.97010006,0.00000000
power_03,1,POWER,3,active,69,7.109148,1,POWER,1,POWER,0.586134,0.388072,3450,3550,0,REST,0.000000,3,FLEXION,0.666667,0,REST,0.000000,1,POWER,0.600000,0.00114350,0.58613407,0.00002599,0.41269577,0.00000067
power_03,1,POWER,3,active,70,7.206525,1,POWER,1,POWER,0.709284,0.358120,3500,3600,1,POWER,1.000000,1,POWER,0.666667,0,REST,0.000000,1,POWER,0.600000,0.01125179,0.70928407,0.00171312,0.27774724,0.00000378
power_03,1,POWER,3,active,71,7.306925,1,POWER,1,POWER,0.718536,0.368571,3550,3650,1,POWER,1.000000,1,POWER,1.000000,1,POWER,0.750000,1,POWER,0.600000,0.01782708,0.71853598,0.02390643,0.23973043,0.00000008
power_03,1,POWER,3,active,72,7.407374,1,POWER,1,POWER,0.896021,0.377735,3600,3700,1,POWER,1.000000,1,POWER,1.000000,1,POWER,1.000000,1,POWER,0.800000,0.00534410,0.89602142,0.04944532,0.04918908,0.00000007
power_03,1,POWER,3,active,73,7.507120,1,POWER,1,POWER,0.975494,0.330809,3650,3750,1,POWER,1.000000,1,POWER,1.000000,1,POWER,1.000000,1,POWER,1.000000,0.00180231,0.97549441,0.00069150,0.02201176,0.00000002
power_03,1,POWER,3,active,74,7.607219,1,POWER,1,POWER,0.825730,0.316404,3700,3800,1,POWER,1.000000,1,POWER,1.000000,1,POWER,1.000000,1,POWER,1.000000,0.00075841,0.82573048,0.00002280,0.17348831,0.00000000
power_03,1,POWER,3,active,75,7.707132,3,FLEXION,1,POWER,0.667152,0.305980,3750,3850,0,REST,0.000000,1,POWER,0.666667,1,POWER,0.750000,1,POWER,0.800000,0.00108572,0.33174564,0.00001696,0.66715168,0.00000000
power_03,1,POWER,3,active,76,7.807189,3,FLEXION,1,POWER,0.704066,0.277762,3800,3900,3,FLEXION,1.000000,3,FLEXION,0.666667,0,REST,0.000000,1,POWER,0.600000,0.00121960,0.29469620,0.00001829,0.70406591,0.00000000
power_03,1,POWER,3,active,77,7.906862,1,POWER,1,POWER,0.984670,0.277280,3850,3950,0,REST,0.000000,3,FLEXION,0.666667,0,REST,0.000000,1,POWER,0.600000,0.00072823,0.98466982,0.00048852,0.01411343,0.00000000
power_03,1,POWER,3,active,78,8.008228,1,POWER,1,POWER,0.990295,0.323633,3900,4000,1,POWER,1.000000,1,POWER,0.666667,0,REST,0.000000,1,POWER,0.600000,0.00191162,0.99029531,0.00113128,0.00666176,0.00000003
power_03,1,POWER,3,active,79,8.113756,1,POWER,1,POWER,0.985963,0.312171,3950,4050,1,POWER,1.000000,1,POWER,1.000000,1,POWER,0.750000,1,POWER,0.600000,0.00342278,0.98596345,0.00038368,0.01023001,0.00000007
power_03,1,POWER,3,active,80,8.209486,1,POWER,1,POWER,0.984422,0.336633,4000,4100,1,POWER,1.000000,1,POWER,1.000000,1,POWER,1.000000,1,POWER,0.800000,0.00217705,0.98442221,0.00016977,0.01323095,0.00000003
power_03,1,POWER,3,active,81,8.307493,1,POWER,1,POWER,0.551833,0.348103,4050,4150,1,POWER,1.000000,1,POWER,1.000000,1,POWER,1.000000,1,POWER,1.000000,0.02589077,0.55183272,0.00079645,0.42147971,0.00000036
power_03,1,POWER,3,active,82,8.407865,1,POWER,1,POWER,0.719220,0.286441,4100,4200,1,POWER,1.000000,1,POWER,1.000000,1,POWER,1.000000,1,POWER,1.000000,0.02709467,0.71922004,0.00058768,0.25309731,0.00000030
power_03,1,POWER,3,active,83,8.508148,1,POWER,1,POWER,0.852485,0.310317,4150,4250,1,POWER,1.000000,1,POWER,1.000000,1,POWER,1.000000,1,POWER,1.000000,0.00667728,0.85248519,0.00003521,0.14080153,0.00000079
power_03,1,POWER,3,active,84,8.611569,1,POWER,1,POWER,0.708702,0.386840,4200,4300,1,POWER,1.000000,1,POWER,1.000000,1,POWER,1.000000,1,POWER,1.000000,0.00309447,0.70870202,0.00001079,0.28819247,0.00000025
power_03,1,POWER,3,active,85,8.708707,1,POWER,1,POWER,0.569479,0.528818,4250,4350,1,POWER,1.000000,1,POWER,1.000000,1,POWER,1.000000,1,POWER,1.000000,0.00023792,0.56947897,0.00003980,0.43024319,0.00000013
power_03,1,POWER,3,active,86,8.808506,3,FLEXION,1,POWER,0.910630,0.630662,4300,4400,0,REST,0.000000,1,POWER,0.666667,1,POWER,0.750000,1,POWER,0.800000,0.00015140,0.08919502,0.00002337,0.91063021,0.00000000
power_03,1,POWER,3,active,87,8.908975,3,FLEXION,1,POWER,0.993000,0.703591,4350,4450,3,FLEXION,1.000000,3,FLEXION,0.666667,0,REST,0.000000,1,POWER,0.600000,0.00000487,0.00697720,0.00001691,0.99300027,0.00000075
power_03,1,POWER,3,active,88,9.008533,3,FLEXION,3,FLEXION,0.996145,0.430351,4400,4500,3,FLEXION,1.000000,3,FLEXION,1.000000,3,FLEXION,0.750000,3,FLEXION,0.600000,0.00000111,0.00384635,0.00000729,0.99614490,0.00000035
power_03,1,POWER,3,active,89,9.110290,3,FLEXION,3,FLEXION,0.818254,0.386305,4450,4550,3,FLEXION,1.000000,3,FLEXION,1.000000,3,FLEXION,1.000000,3,FLEXION,0.800000,0.00000864,0.18172703,0.00000984,0.81825449,0.00000000
power_03,1,POWER,3,active,90,9.210230,1,POWER,3,FLEXION,0.775536,0.365054,4500,4600,0,REST,0.000000,3,FLEXION,0.666667,3,FLEXION,0.750000,3,FLEXION,0.800000,0.00000371,0.77553635,0.00000687,0.22445307,0.00000000
power_03,1,POWER,3,active,91,9.309250,3,FLEXION,3,FLEXION,0.829459,0.375945,4550,4650,0,REST,0.000000,3,FLEXION,0.666667,3,FLEXION,0.750000,3,FLEXION,0.800000,0.00001317,0.17052289,0.00000536,0.82945858,0.00000001
power_03,1,POWER,3,active,92,9.410801,3,FLEXION,3,FLEXION,0.959156,0.444670,4600,4700,3,FLEXION,1.000000,3,FLEXION,0.666667,3,FLEXION,0.750000,3,FLEXION,0.800000,0.00000038,0.04084091,0.00000264,0.95915607,0.00000000
power_03,1,POWER,3,active,93,9.509305,3,FLEXION,3,FLEXION,0.873530,0.618289,4650,4750,3,FLEXION,1.000000,3,FLEXION,1.000000,3,FLEXION,0.750000,3,FLEXION,0.800000,0.00000001,0.12646870,0.00000091,0.87353039,0.00000000
power_03,1,POWER,3,active,94,9.610380,3,FLEXION,3,FLEXION,0.996106,0.594877,4700,4800,3,FLEXION,1.000000,3,FLEXION,1.000000,3,FLEXION,1.000000,3,FLEXION,0.800000,0.00000000,0.00389442,0.00000000,0.99610558,0.00000000
power_03,1,POWER,3,active,95,9.712096,3,FLEXION,3,FLEXION,0.997961,0.436758,4750,4850,3,FLEXION,1.000000,3,FLEXION,1.000000,3,FLEXION,1.000000,3,FLEXION,1.000000,0.00000001,0.00203936,0.00000000,0.99796063,0.00000000
power_03,1,POWER,3,active,96,9.810809,3,FLEXION,3,FLEXION,0.824986,0.394230,4800,4900,3,FLEXION,1.000000,3,FLEXION,1.000000,3,FLEXION,1.000000,3,FLEXION,1.000000,0.00000706,0.17500551,0.00000173,0.82498570,0.00000001
power_03,1,POWER,3,active,97,9.913725,1,POWER,3,FLEXION,0.691241,0.366877,4850,4950,0,REST,0.000000,3,FLEXION,0.666667,3,FLEXION,0.750000,3,FLEXION,0.800000,0.00013080,0.69124076,0.00018634,0.30844148,0.00000062
power_03,1,POWER,3,active,98,10.010897,3,FLEXION,3,FLEXION,0.887335,0.463858,4900,5000,0,REST,0.000000,3,FLEXION,0.666667,3,FLEXION,0.750000,3,FLEXION,0.800000,0.00000589,0.11265890,0.00000009,0.88733511,0.00000000
power_03,1,POWER,3,active,99,10.111120,3,FLEXION,3,FLEXION,0.997175,0.436696,4950,5050,3,FLEXION,1.000000,3,FLEXION,0.666667,3,FLEXION,0.750000,3,FLEXION,0.800000,0.00000010,0.00282455,0.00000000,0.99717535,0.00000000
power_03,1,POWER,3,active,100,10.213193,3,FLEXION,3,FLEXION,0.890976,0.330881,5000,5100,3,FLEXION,1.000000,3,FLEXION,1.000000,3,FLEXION,0.750000,3,FLEXION,0.800000,0.00000502,0.10901678,0.00000205,0.89097614,0.00000000
power_03,1,POWER,3,active,101,10.311179,3,FLEXION,3,FLEXION,0.576042,0.305587,5050,5150,3,FLEXION,1.000000,3,FLEXION,1.000000,3,FLEXION,1.000000,3,FLEXION,0.800000,0.00005695,0.42381048,0.00009018,0.57604238,0.00000000
power_03,1,POWER,3,active,102,10.411702,3,FLEXION,3,FLEXION,0.980301,0.249100,5100,5200,3,FLEXION,1.000000,3,FLEXION,1.000000,3,FLEXION,1.000000,3,FLEXION,1.000000,0.00001227,0.01968320,0.00000383,0.98030070,0.00000000
power_03,1,POWER,3,active,103,10.513160,3,FLEXION,3,FLEXION,0.986979,0.318300,5150,5250,3,FLEXION,1.000000,3,FLEXION,1.000000,3,FLEXION,1.000000,3,FLEXION,1.000000,0.00000842,0.01301294,0.00000009,0.98697854,0.00000000
power_03,1,POWER,3,active,104,10.612037,3,FLEXION,3,FLEXION,0.775631,0.342495,5200,5300,3,FLEXION,1.000000,3,FLEXION,1.000000,3,FLEXION,1.000000,3,FLEXION,1.000000,0.00134183,0.22301989,0.00000730,0.77563098,0.00000000
power_03,1,POWER,3,active,105,10.712051,1,POWER,3,FLEXION,0.739257,0.300281,5250,5350,0,REST,0.000000,3,FLEXION,0.666667,3,FLEXION,0.750000,3,FLEXION,0.800000,0.00482178,0.73925682,0.00035695,0.25556445,0.00000000
power_03,1,POWER,3,active,106,10.812214,1,POWER,3,FLEXION,0.575604,0.336758,5300,5400,1,POWER,1.000000,1,POWER,0.666667,0,REST,0.000000,3,FLEXION,0.600000,0.00007864,0.57560372,0.00026732,0.42405033,0.00000000
power_03,1,POWER,3,active,107,10.912000,3,FLEXION,3,FLEXION,0.746532,0.343748,5350,5450,0,REST,0.000000,1,POWER,0.666667,0,REST,0.000000,3,FLEXION,0.600000,0.00000782,0.25345842,0.00000171,0.74653204,0.00000000
power_03,1,POWER,3,active,108,11.011968,3,FLEXION,3,FLEXION,0.786859,0.311492,5400,5500,3,FLEXION,1.000000,3,FLEXION,0.666667,0,REST,0.000000,3,FLEXION,0.600000,0.00025977,0.21287695,0.00000408,0.78685869,0.00000052
power_03,1,POWER,3,active,109,11.112803,3,FLEXION,3,FLEXION,0.980568,0.311784,5450,5550,3,FLEXION,1.000000,3,FLEXION,1.000000,3,FLEXION,0.750000,3,FLEXION,0.600000,0.00027022,0.01903479,0.00012716,0.98056781,0.00000002
power_03,1,POWER,3,active,110,11.212846,3,FLEXION,3,FLEXION,0.986395,0.329753,5500,5600,3,FLEXION,1.000000,3,FLEXION,1.000000,3,FLEXION,1.000000,3,FLEXION,0.800000,0.00004585,0.01355575,0.00000315,0.98639526,0.00000000
power_03,1,POWER,3,active,111,11.314683,3,FLEXION,3,FLEXION,0.700432,0.370624,5550,5650,3,FLEXION,1.000000,3,FLEXION,1.000000,3,FLEXION,1.000000,3,FLEXION,1.000000,0.00028112,0.29928173,0.00000282,0.70043157,0.00000276
power_03,1,POWER,3,active,112,11.413035,3,FLEXION,3,FLEXION,0.885922,0.327857,5600,5700,3,FLEXION,1.000000,3,FLEXION,1.000000,3,FLEXION,1.000000,3,FLEXION,1.000000,0.00029890,0.11377597,0.00000200,0.88592214,0.00000099
power_03,1,POWER,3,active,113,11.513265,1,POWER,3,FLEXION,0.795912,0.255613,5650,5750,0,REST,0.000000,3,FLEXION,0.666667,3,FLEXION,0.750000,3,FLEXION,0.800000,0.00109953,0.79591201,0.00003183,0.20295142,0.00000521
power_03,1,POWER,3,active,114,11.613148,1,POWER,3,FLEXION,0.847460,0.283632,5700,5800,1,POWER,1.000000,1,POWER,0.666667,0,REST,0.000000,3,FLEXION,0.600000,0.00250785,0.84745991,0.00007028,0.14995242,0.00000954
power_03,1,POWER,3,active,115,11.720674,3,FLEXION,3,FLEXION,0.622843,0.259307,5750,5850,0,REST,0.000000,1,POWER,0.666667,0,REST,0.000000,3,FLEXION,0.600000,0.00006707,0.37708932,0.00000079,0.62284281,0.00000001
power_03,1,POWER,3,active,116,11.815593,1,POWER,1,POWER,0.975746,0.437691,5800,5900,0,REST,0.000000,1,POWER,0.666667,1,POWER,0.750000,1,POWER,0.600000,0.00264521,0.97574622,0.00001368,0.02159308,0.00000181
power_03,1,POWER,3,active,117,11.913320,1,POWER,1,POWER,0.955116,0.557330,5850,5950,1,POWER,1.000000,1,POWER,0.666667,1,POWER,0.750000,1,POWER,0.800000,0.01366404,0.95511566,0.00004185,0.02728829,0.00389016
power_03,1,POWER,3,active,118,12.013972,0,REST,1,POWER,0.526306,0.597586,5900,6000,0,REST,0.000000,1,POWER,0.666667,0,REST,0.000000,1,POWER,0.600000,0.00002346,0.47366184,0.00000235,0.52630645,0.00000590
power_03,1,POWER,3,active,119,12.113443,1,POWER,1,POWER,0.550648,0.471089,5950,6050,0,REST,0.000000,1,POWER,0.666667,1,POWER,0.750000,1,POWER,0.600000,0.00013421,0.55064838,0.00009044,0.44912692,0.00000005
power_03,1,POWER,3,active,120,12.213784,3,FLEXION,1,POWER,0.979997,0.457163,6000,6100,0,REST,0.000000,0,REST,0.000000,0,REST,0.000000,1,POWER,0.600000,0.00030230,0.01966593,0.00003507,0.97999668,0.00000002
power_03,1,POWER,3,active,121,12.315922,3,FLEXION,1,POWER,0.982813,0.430795,6050,6150,3,FLEXION,1.000000,3,FLEXION,0.666667,0,REST,0.000000,0,REST,0.000000,0.00006091,0.01711894,0.00000677,0.98281332,0.00000005
power_03,1,POWER,3,active,122,12.418423,1,POWER,1,POWER,0.694179,0.368839,6100,6200,0,REST,0.000000,3,FLEXION,0.666667,0,REST,0.000000,0,REST,0.000000,0.00017897,0.69417877,0.00001773,0.30561176,0.00001276
power_03,1,POWER,3,active,123,12.514169,1,POWER,1,POWER,0.814886,0.410844,6150,6250,1,POWER,1.000000,1,POWER,0.666667,0,REST,0.000000,1,POWER,0.600000,0.00035560,0.81488563,0.00012808,0.18462744,0.00000324
power_03,1,POWER,3,active,124,12.616117,3,FLEXION,3,FLEXION,0.770626,0.249164,6200,6300,0,REST,0.000000,1,POWER,0.666667,0,REST,0.000000,3,FLEXION,0.600000,0.00042044,0.22872283,0.00023099,0.77062559,0.00000015
power_03,1,POWER,3,active,125,12.715212,1,POWER,1,POWER,0.790027,0.527863,6250,6350,0,REST,0.000000,1,POWER,0.666667,1,POWER,0.750000,1,POWER,0.600000,0.00220549,0.79002718,0.00012002,0.20741624,0.00023107
power_03,1,POWER,3,active,126,12.814967,1,POWER,1,POWER,0.962417,0.432739,6300,6400,1,POWER,1.000000,1,POWER,0.666667,1,POWER,0.750000,1,POWER,0.800000,0.00134424,0.96241675,0.00007571,0.03615978,0.00000352
power_03,1,POWER,3,active,127,12.915082,1,POWER,1,POWER,0.918378,0.341101,6350,6450,1,POWER,1.000000,1,POWER,1.000000,1,POWER,0.750000,1,POWER,0.800000,0.00408581,0.91837805,0.00106689,0.07646924,0.00000000
power_03,1,POWER,3,active,128,13.017197,1,POWER,1,POWER,0.914199,0.407806,6400,6500,1,POWER,1.000000,1,POWER,1.000000,1,POWER,1.000000,1,POWER,0.800000,0.01074621,0.91419869,0.00150832,0.07354677,0.00000001
power_03,1,POWER,3,active,129,13.117255,1,POWER,1,POWER,0.719943,0.435594,6450,6550,1,POWER,1.000000,1,POWER,1.000000,1,POWER,1.000000,1,POWER,1.000000,0.00044783,0.71994345,0.00003668,0.27957197,0.00000007
power_03,1,POWER,3,active,130,13.215261,3,FLEXION,1,POWER,0.813487,0.413173,6500,6600,0,REST,0.000000,1,POWER,0.666667,1,POWER,0.750000,1,POWER,0.800000,0.00064262,0.18586209,0.00000628,0.81348668,0.00000233
power_03,1,POWER,3,active,131,13.315931,1,POWER,1,POWER,0.739135,0.426506,6550,6650,0,REST,0.000000,1,POWER,0.666667,1,POWER,0.750000,1,POWER,0.800000,0.01507882,0.73913510,0.00182290,0.24379457,0.00016861
power_03,1,POWER,3,active,132,13.415369,1,POWER,1,POWER,0.973228,0.470143,6600,6700,1,POWER,1.000000,1,POWER,0.666667,1,POWER,0.750000,1,POWER,0.800000,0.00037993,0.97322784,0.00139837,0.02498626,0.00000760
power_03,1,POWER,3,active,133,13.520313,1,POWER,1,POWER,0.765721,0.532392,6650,6750,1,POWER,1.000000,1,POWER,1.000000,1,POWER,0.750000,1,POWER,0.800000,0.00029319,0.76572130,0.00000658,0.23397729,0.00000163
power_03,1,POWER,3,active,134,13.616512,0,REST,1,POWER,0.538384,0.513510,6700,6800,0,REST,0.000000,1,POWER,0.666667,1,POWER,0.750000,1,POWER,0.600000,0.00050766,0.46108142,0.00002701,0.53838388,0.00000003
power_03,1,POWER,3,active,135,13.716943,1,POWER,1,POWER,0.721509,0.544658,6750,6850,0,REST,0.000000,1,POWER,0.666667,1,POWER,0.750000,1,POWER,0.800000,0.00071502,0.72150865,0.00003978,0.27773655,0.00000000
power_03,1,POWER,3,active,136,13.816884,1,POWER,1,POWER,0.762148,0.580080,6800,6900,1,POWER,1.000000,1,POWER,0.666667,1,POWER,0.750000,1,POWER,0.800000,0.00143850,0.76214843,0.00001094,0.23640081,0.00000132
power_03,1,POWER,3,active,137,13.917115,3,FLEXION,1,POWER,0.595446,0.527739,6850,6950,0,REST,0.000000,1,POWER,0.666667,0,REST,0.000000,1,POWER,0.600000,0.00351243,0.40081460,0.00022522,0.59544551,0.00000224
power_03,1,POWER,3,active,138,14.016682,1,POWER,1,POWER,0.992035,0.524898,6900,7000,0,REST,0.000000,1,POWER,0.666667,1,POWER,0.750000,1,POWER,0.600000,0.00029849,0.99203464,0.00007089,0.00759597,0.00000001
power_03,1,POWER,3,active,139,14.117293,1,POWER,1,POWER,0.996005,0.509896,6950,7050,1,POWER,1.000000,1,POWER,0.666667,1,POWER,0.750000,1,POWER,0.800000,0.00001090,0.99600504,0.00000098,0.00398307,0.00000000
power_03,1,POWER,3,active,140,14.216988,1,POWER,1,POWER,0.636723,0.521772,7000,7100,1,POWER,1.000000,1,POWER,1.000000,1,POWER,0.750000,1,POWER,0.800000,0.00001511,0.63672258,0.00000090,0.36326141,0.00000000
power_03,1,POWER,3,active,141,14.316892,1,POWER,1,POWER,0.920125,0.493233,7050,7150,1,POWER,1.000000,1,POWER,1.000000,1,POWER,1.000000,1,POWER,0.800000,0.00012399,0.92012534,0.00004770,0.07970191,0.00000107
power_03,1,POWER,3,active,142,14.417711,1,POWER,1,POWER,0.996242,0.447080,7100,7200,1,POWER,1.000000,1,POWER,1.000000,1,POWER,1.000000,1,POWER,1.000000,0.00029683,0.99624206,0.00131317,0.00211556,0.00003238
power_03,1,POWER,3,active,143,14.517888,1,POWER,1,POWER,0.996463,0.467051,7150,7250,1,POWER,1.000000,1,POWER,1.000000,1,POWER,1.000000,1,POWER,1.000000,0.00064415,0.99646346,0.00073939,0.00214067,0.00001234
power_03,1,POWER,3,active,144,14.618071,1,POWER,1,POWER,0.980700,0.512174,7200,7300,1,POWER,1.000000,1,POWER,1.000000,1,POWER,1.000000,1,POWER,1.000000,0.00001957,0.98070033,0.00008320,0.01919683,0.00000007
power_03,1,POWER,3,active,145,14.718031,1,POWER,1,POWER,0.677245,0.506848,7250,7350,1,POWER,1.000000,1,POWER,1.000000,1,POWER,1.000000,1,POWER,1.000000,0.00000732,0.67724481,0.00000900,0.32273887,0.00000000
power_03,1,POWER,3,active,146,14.818222,1,POWER,1,POWER,0.799995,0.437977,7300,7400,1,POWER,1.000000,1,POWER,1.000000,1,POWER,1.000000,1,POWER,1.000000,0.00010368,0.79999471,0.00034992,0.19955167,0.00000002
power_03,1,POWER,3,active,147,14.918109,1,POWER,1,POWER,0.777770,0.375056,7350,7450,1,POWER,1.000000,1,POWER,1.000000,1,POWER,1.000000,1,POWER,1.000000,0.01083811,0.77777035,0.01486872,0.19652274,0.00000009
power_03,1,POWER,3,active,148,15.018279,3,FLEXION,1,POWER,0.825008,0.424169,7400,7500,0,REST,0.000000,1,POWER,0.666667,1,POWER,0.750000,1,POWER,0.800000,0.00074831,0.17387004,0.00037402,0.82500759,0.00000004
power_03,1,POWER,3,active,149,15.118594,1,POWER,1,POWER,0.913840,0.378899,7450,7550,0,REST,0.000000,1,POWER,0.666667,1,POWER,0.750000,1,POWER,0.800000,0.00035151,0.91384002,0.00025034,0.08555664,0.00000150
power_03,1,POWER,3,active,150,15.219380,1,POWER,1,POWER,0.989652,0.259762,7500,7600,1,POWER,1.000000,1,POWER,0.666667,1,POWER,0.750000,1,POWER,0.800000,0.00234976,0.98965152,0.00037141,0.00762722,0.00000009
power_03,1,POWER,3,active,151,15.318397,1,POWER,1,POWER,0.974022,0.267479,7550,7650,1,POWER,1.000000,1,POWER,1.000000,1,POWER,0.750000,1,POWER,0.800000,0.00556411,0.97402232,0.00088485,0.01952868,0.00000004
power_03,1,POWER,3,active,152,15.421116,1,POWER,1,POWER,0.982712,0.141558,7600,7700,1,POWER,1.000000,1,POWER,1.000000,1,POWER,1.000000,1,POWER,0.800000,0.00219609,0.98271202,0.00056573,0.01452616,0.00000001
power_03,1,POWER,3,active,153,15.519508,1,POWER,1,POWER,0.995284,0.053224,7650,7750,1,POWER,1.000000,1,POWER,1.000000,1,POWER,1.000000,1,POWER,1.000000,0.00039082,0.99528390,0.00026790,0.00405737,0.00000000
power_03,1,POWER,3,active,154,15.619768,1,POWER,1,POWER,0.970266,0.052756,7700,7800,1,POWER,1.000000,1,POWER,1.000000,1,POWER,1.000000,1,POWER,1.000000,0.01896570,0.97026610,0.00518560,0.00558240,0.00000020
power_03,1,POWER,3,active,155,15.720656,1,POWER,1,POWER,0.698646,0.025730,7750,7850,1,POWER,1.000000,1,POWER,1.000000,1,POWER,1.000000,1,POWER,1.000000,0.26661461,0.69864600,0.02449162,0.01023485,0.00001293
power_03,1,POWER,3,active,156,15.819428,1,POWER,1,POWER,0.755828,0.091306,7800,7900,1,POWER,1.000000,1,POWER,1.000000,1,POWER,1.000000,1,POWER,1.000000,0.13288574,0.75582758,0.10635782,0.00479640,0.00013246
power_03,1,POWER,3,active,157,15.923365,0,REST,1,POWER,0.442312,0.145520,7850,7950,0,REST,0.000000,1,POWER,0.666667,1,POWER,0.750000,1,POWER,0.800000,0.13524039,0.42184504,0.44231234,0.00039133,0.00021089
power_03,1,POWER,3,active,158,16.020192,0,REST,1,POWER,0.491780,0.162322,7900,8000,0,REST,1.000000,0,REST,0.666667,0,REST,0.000000,1,POWER,0.600000,0.49178036,0.28082968,0.22704165,0.00027458,0.00007374
power_03,1,POWER,3,active,159,16.121034,1,POWER,1,POWER,0.768094,0.156200,7950,8050,0,REST,0.000000,0,REST,0.666667,0,REST,0.000000,1,POWER,0.600000,0.17693377,0.76809449,0.05221563,0.00272289,0.00003323
power_03,1,POWER,3,active,160,16.220795,1,POWER,1,POWER,0.980322,0.347011,8000,8100,1,POWER,1.000000,1,POWER,0.666667,0,REST,0.000000,1,POWER,0.600000,0.00230412,0.98032244,0.00237034,0.01500289,0.00000020
power_03,1,POWER,3,active,161,16.320349,1,POWER,1,POWER,0.971928,0.585986,8050,8150,1,POWER,1.000000,1,POWER,1.000000,1,POWER,0.750000,1,POWER,0.600000,0.00014430,0.97192777,0.00022946,0.02769847,0.00000001
power_03,1,POWER,3,active,162,16.420347,1,POWER,1,POWER,0.976559,0.781035,8100,8200,1,POWER,1.000000,1,POWER,1.000000,1,POWER,1.000000,1,POWER,0.800000,0.00000148,0.97655932,0.00000053,0.02343867,0.00000000
power_03,1,POWER,3,active,163,16.520797,1,POWER,1,POWER,0.984278,0.817478,8150,8250,1,POWER,1.000000,1,POWER,1.000000,1,POWER,1.000000,1,POWER,1.000000,0.00000007,0.98427776,0.00000000,0.01572217,0.00000000
power_03,1,POWER,3,active,164,16.620792,1,POWER,1,POWER,0.985620,0.664236,8200,8300,1,POWER,1.000000,1,POWER,1.000000,1,POWER,1.000000,1,POWER,1.000000,0.00000149,0.98562003,0.00000173,0.01437675,0.00000000
power_03,1,POWER,3,active,165,16.721601,1,POWER,1,POWER,0.991072,0.472833,8250,8350,1,POWER,1.000000,1,POWER,1.000000,1,POWER,1.000000,1,POWER,1.000000,0.00020602,0.99107223,0.00000922,0.00871254,0.00000000
power_03,1,POWER,3,active,166,16.821179,1,POWER,1,POWER,0.997781,0.372989,8300,8400,1,POWER,1.000000,1,POWER,1.000000,1,POWER,1.000000,1,POWER,1.000000,0.00101497,0.99778080,0.00005143,0.00115274,0.00000006
power_03,1,POWER,3,active,167,16.924154,1,POWER,1,POWER,0.985429,0.340011,8350,8450,1,POWER,1.000000,1,POWER,1.000000,1,POWER,1.000000,1,POWER,1.000000,0.01125849,0.98542905,0.00105248,0.00223626,0.00002373
power_03,1,POWER,3,active,168,17.021189,1,POWER,1,POWER,0.943147,0.313466,8400,8500,1,POWER,1.000000,1,POWER,1.000000,1,POWER,1.000000,1,POWER,1.000000,0.04531695,0.94314719,0.00202198,0.00950117,0.00001272
power_03,1,POWER,3,active,169,17.125251,1,POWER,1,POWER,0.991816,0.356417,8450,8550,1,POWER,1.000000,1,POWER,1.000000,1,POWER,1.000000,1,POWER,1.000000,0.00283804,0.99181611,0.00083784,0.00450772,0.00000029
power_04,1,POWER,4,countdown,0,0.202603,3,FLEXION,3,FLEXION,1.000000,1.000000,0,100,0,REST,0.000000,0,REST,0.000000,0,REST,0.000000,0,REST,0.000000,0.00000000,0.00000000,0.00000000,1.00000000,0.00000000
power_04,1,POWER,4,countdown,1,0.300322,4,EXTENSION,3,FLEXION,0.999800,1.000000,50,150,0,REST,0.000000,0,REST,0.000000,0,REST,0.000000,0,REST,0.000000,0.00000000,0.00000000,0.00000000,0.00020044,0.99979955
power_04,1,POWER,4,countdown,2,0.400341,3,FLEXION,3,FLEXION,0.752578,1.000000,100,200,0,REST,0.000000,3,FLEXION,0.666667,0,REST,0.000000,0,REST,0.000000,0.00000001,0.01190079,0.00000000,0.75257822,0.23552098
power_04,1,POWER,4,countdown,3,0.503756,1,POWER,3,FLEXION,0.641717,0.551225,150,250,0,REST,0.000000,0,REST,0.000000,0,REST,0.000000,0,REST,0.000000,0.00000064,0.64171660,0.00000000,0.35345985,0.00482290
power_04,1,POWER,4,countdown,4,0.601289,1,POWER,3,FLEXION,0.966177,0.334972,200,300,1,POWER,1.000000,1,POWER,0.666667,0,REST,0.000000,0,REST,0.000000,0.00000679,0.96617692,0.00000035,0.03308140,0.00073455
power_04,1,POWER,4,countdown,5,0.702712,1,POWER,1,POWER,0.986823,0.470562,250,350,1,POWER,1.000000,1,POWER,1.000000,1,POWER,0.750000,1,POWER,0.600000,0.00026589,0.98682260,0.00005316,0.01285291,0.00000544
power_04,1,POWER,4,countdown,6,0.802097,1,POWER,1,POWER,0.980863,0.290226,300,400,1,POWER,1.000000,1,POWER,1.000000,1,POWER,1.000000,1,POWER,0.800000,0.00640334,0.98086309,0.00212303,0.01060951,0.00000103
power_04,1,POWER,4,countdown,7,0.901741,1,POWER,1,POWER,0.794823,0.184979,350,450,1,POWER,1.000000,1,POWER,1.000000,1,POWER,1.000000,1,POWER,1.000000,0.17198647,0.79482308,0.02606131,0.00712850,0.00000064
power_04,1,POWER,4,countdown,8,1.001260,1,POWER,1,POWER,0.850743,0.025414,400,500,1,POWER,1.000000,1,POWER,1.000000,1,POWER,1.000000,1,POWER,1.000000,0.13749577,0.85074260,0.00290466,0.00885695,0.00000002
power_04,1,POWER,4,countdown,9,1.103502,1,POWER,1,POWER,0.955080,0.000000,450,550,1,POWER,1.000000,1,POWER,1.000000,1,POWER,1.000000,1,POWER,1.000000,0.02779498,0.95507953,0.00047081,0.01665468,0.00000000
power_04,1,POWER,4,countdown,10,1.202377,1,POWER,1,POWER,0.564350,0.000000,500,600,1,POWER,1.000000,1,POWER,1.000000,1,POWER,1.000000,1,POWER,1.000000,0.42719257,0.56435013,0.00198426,0.00647304,0.00000000
power_04,1,POWER,4,countdown,11,1.303265,1,POWER,1,POWER,0.621977,0.000000,550,650,1,POWER,1.000000,1,POWER,1.000000,1,POWER,1.000000,1,POWER,1.000000,0.37483482,0.62197671,0.00063903,0.00254945,0.00000000
power_04,1,POWER,4,countdown,12,1.406877,0,REST,1,POWER,0.528643,0.000000,600,700,0,REST,0.000000,1,POWER,0.666667,1,POWER,0.750000,1,POWER,0.800000,0.52864287,0.46666243,0.00397720,0.00071744,0.00000006
power_04,1,POWER,4,countdown,13,1.503801,0,REST,1,POWER,0.584651,0.000000,650,750,0,REST,1.000000,0,REST,0.666667,0,REST,0.000000,1,POWER,0.600000,0.58465067,0.36828978,0.04652804,0.00053124,0.00000028
power_04,1,POWER,4,countdown,14,1.603705,0,REST,0,REST,0.726601,0.000000,700,800,0,REST,1.000000,0,REST,1.000000,0,REST,0.750000,0,REST,0.600000,0.72660117,0.23880707,0.03431791,0.00027369,0.00000016
power_04,1,POWER,4,countdown,15,1.707380,0,REST,0,REST,0.857713,0.000000,750,850,0,REST,1.000000,0,REST,1.000000,0,REST,1.000000,0,REST,0.800000,0.85771297,0.13551378,0.00638719,0.00038590,0.00000016
power_04,1,POWER,4,countdown,16,1.804746,0,REST,0,REST,0.848479,0.000000,800,900,0,REST,1.000000,0,REST,1.000000,0,REST,1.000000,0,REST,1.000000,0.84847868,0.14805927,0.00206014,0.00140190,0.00000001
power_04,1,POWER,4,countdown,17,1.903222,0,REST,0,REST,0.746416,0.000000,850,950,0,REST,1.000000,0,REST,1.000000,0,REST,1.000000,0,REST,1.000000,0.74641565,0.24396816,0.00633514,0.00328105,0.00000000
power_04,1,POWER,4,countdown,18,2.003006,0,REST,0,REST,0.789298,0.000000,900,1000,0,REST,1.000000,0,REST,1.000000,0,REST,1.000000,0,REST,1.000000,0.78929819,0.20575196,0.00295907,0.00199078,0.00000000
power_04,1,POWER,4,countdown,19,2.106735,0,REST,0,REST,0.896449,0.000000,950,1050,0,REST,1.000000,0,REST,1.000000,0,REST,1.000000,0,REST,1.000000,0.89644879,0.10145455,0.00108313,0.00101353,0.00000000
power_04,1,POWER,4,countdown,20,2.204292,0,REST,0,REST,0.977653,0.000000,1000,1100,0,REST,1.000000,0,REST,1.000000,0,REST,1.000000,0,REST,1.000000,0.97765287,0.02176989,0.00039236,0.00018488,0.00000000
power_04,1,POWER,4,countdown,21,2.303497,0,REST,0,REST,0.783808,0.000000,1050,1150,0,REST,1.000000,0,REST,1.000000,0,REST,1.000000,0,REST,1.000000,0.78380772,0.21334467,0.00154531,0.00130229,0.00000000
power_04,1,POWER,4,countdown,22,2.403271,0,REST,0,REST,0.620896,0.000000,1100,1200,0,REST,1.000000,0,REST,1.000000,0,REST,1.000000,0,REST,1.000000,0.62089639,0.37374513,0.00350082,0.00185766,0.00000000
power_04,1,POWER,4,countdown,23,2.504661,0,REST,0,REST,0.976004,0.000000,1150,1250,0,REST,1.000000,0,REST,1.000000,0,REST,1.000000,0,REST,1.000000,0.97600421,0.02275005,0.00101991,0.00022583,0.00000000
power_04,1,POWER,4,countdown,24,2.617016,0,REST,0,REST,0.918281,0.000000,1200,1300,0,REST,1.000000,0,REST,1.000000,0,REST,1.000000,0,REST,1.000000,0.91828063,0.08076066,0.00055480,0.00040391,0.00000000
power_04,1,POWER,4,countdown,25,2.707204,0,REST,0,REST,0.777505,0.000000,1250,1350,0,REST,1.000000,0,REST,1.000000,0,REST,1.000000,0,REST,1.000000,0.77750482,0.22144735,0.00053666,0.00051118,0.00000000
power_04,1,POWER,4,countdown,26,2.804286,1,POWER,0,REST,0.854930,0.000000,1300,1400,0,REST,0.000000,0,REST,0.666667,0,REST,0.750000,0,REST,0.800000,0.14087626,0.85492973,0.00268790,0.00150608,0.00000003
power_04,1,POWER,4,countdown,27,2.904507,1,POWER,0,REST,0.969793,0.000000,1350,1450,1,POWER,1.000000,1,POWER,0.666667,0,REST,0.000000,0,REST,0.600000,0.00092553,0.96979311,0.00022096,0.02905326,0.00000713
power_04,1,POWER,4,active,28,3.004854,3,FLEXION,0,REST,0.986857,0.000000,1400,1500,0,REST,0.000000,1,POWER,0.666667,0,REST,0.000000,0,REST,0.000000,0.00000001,0.01314320,0.00000008,0.98685669,0.00000003
power_04,1,POWER,4,active,29,3.105411,3,FLEXION,0,REST,0.999445,0.000000,1450,1550,3,FLEXION,1.000000,3,FLEXION,0.666667,0,REST,0.000000,0,REST,0.000000,0.00000000,0.00055528,0.00000000,0.99944472,0.00000000
power_04,1,POWER,4,active,30,3.204415,3,FLEXION,3,FLEXION,0.998809,0.672943,1500,1600,3,FLEXION,1.000000,3,FLEXION,1.000000,3,FLEXION,0.750000,3,FLEXION,0.600000,0.00000001,0.00119094,0.00000000,0.99880905,0.00000000
power_04,1,POWER,4,active,31,3.305362,1,POWER,3,FLEXION,0.848636,0.422807,1550,1650,0,REST,0.000000,3,FLEXION,0.666667,3,FLEXION,0.750000,3,FLEXION,0.600000,0.00000737,0.84863554,0.00000215,0.15135494,0.00000000
power_04,1,POWER,4,active,32,3.408366,1,POWER,3,FLEXION,0.924943,0.347589,1600,1700,1,POWER,1.000000,1,POWER,0.666667,0,REST,0.000000,3,FLEXION,0.600000,0.00002721,0.92494311,0.00000247,0.07502721,0.00000000
power_04,1,POWER,4,active,33,3.505284,1,POWER,1,POWER,0.964929,0.526282,1650,1750,1,POWER,1.000000,1,POWER,1.000000,1,POWER,0.750000,1,POWER,0.600000,0.00023511,0.96492878,0.00003084,0.03480520,0.00000007
power_04,1,POWER,4,active,34,3.608563,1,POWER,1,POWER,0.992458,0.526749,1700,1800,1,POWER,1.000000,1,POWER,1.000000,1,POWER,1.000000,1,POWER,0.800000,0.00024225,0.99245849,0.00035439,0.00694452,0.00000035
power_04,1,POWER,4,active,35,3.706052,1,POWER,1,POWER,0.992946,0.567666,1750,1850,1,POWER,1.000000,1,POWER,1.000000,1,POWER,1.000000,1,POWER,1.000000,0.00006955,0.99294613,0.00012261,0.00682055,0.00004116
power_04,1,POWER,4,active,36,3.805602,1,POWER,1,POWER,0.942336,0.547090,1800,1900,1,POWER,1.000000,1,POWER,1.000000,1,POWER,1.000000,1,POWER,1.000000,0.00003666,0.94233648,0.00001284,0.05761390,0.00000012
power_04,1,POWER,4,active,37,3.906289,1,POWER,1,POWER,0.844655,0.550254,1850,1950,1,POWER,1.000000,1,POWER,1.000000,1,POWER,1.000000,1,POWER,1.000000,0.00003061,0.84465478,0.00041004,0.15490452,0.00000005
power_04,1,POWER,4,active,38,4.006017,1,POWER,1,POWER,0.913628,0.576020,1900,2000,1,POWER,1.000000,1,POWER,1.000000,1,POWER,1.000000,1,POWER,1.000000,0.00003407,0.91362826,0.00447829,0.08185924,0.00000015
power_04,1,POWER,4,active,39,4.106792,1,POWER,1,POWER,0.956599,0.513676,1950,2050,1,POWER,1.000000,1,POWER,1.000000,1,POWER,1.000000,1,POWER,1.000000,0.00016122,0.95659863,0.00170847,0.04153137,0.00000032
power_04,1,POWER,4,active,40,4.206327,1,POWER,1,POWER,0.748687,0.542189,2000,2100,1,POWER,1.000000,1,POWER,1.000000,1,POWER,1.000000,1,POWER,1.000000,0.00018799,0.74868700,0.00075120,0.25037362,0.00000019
power_04,1,POWER,4,active,41,4.307350,1,POWER,1,POWER,0.596470,0.531994,2050,2150,1,POWER,1.000000,1,POWER,1.000000,1,POWER,1.000000,1,POWER,1.000000,0.00230612,0.59647048,0.00008982,0.40113347,0.00000009
power_04,1,POWER,4,active,42,4.407657,1,POWER,1,POWER,0.912280,0.451556,2100,2200,1,POWER,1.000000,1,POWER,1.000000,1,POWER,1.000000,1,POWER,1.000000,0.00823125,0.91228015,0.00000069,0.07948789,0.00000001
power_04,1,POWER,4,active,43,4.506598,1,POWER,1,POWER,0.979933,0.493616,2150,2250,1,POWER,1.000000,1,POWER,1.000000,1,POWER,1.000000,1,POWER,1.000000,0.00138898,0.97993270,0.00000381,0.01867449,0.00000001
power_04,1,POWER,4,active,44,4.607361,1,POWER,1,POWER,0.993132,0.436438,2200,2300,1,POWER,1.000000,1,POWER,1.000000,1,POWER,1.000000,1,POWER,1.000000,0.00037282,0.99313180,0.00010415,0.00639124,0.00000000
power_04,1,POWER,4,active,45,4.707404,1,POWER,1,POWER,0.559889,0.414616,2250,2350,1,POWER,1.000000,1,POWER,1.000000,1,POWER,1.000000,1,POWER,1.000000,0.00021820,0.55988921,0.00000394,0.43988865,0.00000000
power_04,1,POWER,4,active,46,4.807348,3,FLEXION,1,POWER,0.816650,0.491533,2300,2400,0,REST,0.000000,1,POWER,0.666667,1,POWER,0.750000,1,POWER,0.800000,0.00074631,0.18260083,0.00000197,0.81664968,0.00000121
power_04,1,POWER,4,active,47,4.907250,1,POWER,1,POWER,0.943199,0.454713,2350,2450,0,REST,0.000000,1,POWER,0.666667,1,POWER,0.750000,1,POWER,0.800000,0.00709071,0.94319859,0.00056639,0.04912647,0.00001785
power_04,1,POWER,4,active,48,5.007306,1,POWER,1,POWER,0.983818,0.377834,2400,2500,1,POWER,1.000000,1,POWER,0.666667,1,POWER,0.750000,1,POWER,0.800000,0.00200679,0.98381826,0.00038783,0.01377212,0.00001501
power_04,1,POWER,4,active,49,5.110094,1,POWER,1,POWER,0.901542,0.433713,2450,2550,1,POWER,1.000000,1,POWER,1.000000,1,POWER,0.750000,1,POWER,0.800000,0.00050089,0.90154157,0.00001002,0.09794752,0.00000001
power_04,1,POWER,4,active,50,5.208456,1,POWER,1,POWER,0.868138,0.472040,2500,2600,1,POWER,1.000000,1,POWER,1.000000,1,POWER,1.000000,1,POWER,0.800000,0.00070001,0.86813847,0.00001004,0.13115148,0.00000000
power_04,1,POWER,4,active,51,5.309823,1,POWER,1,POWER,0.976480,0.475826,2550,2650,1,POWER,1.000000,1,POWER,1.000000,1,POWER,1.000000,1,POWER,1.000000,0.00064378,0.97647950,0.00014022,0.02273614,0.00000036
power_04,1,POWER,4,active,52,5.408390,1,POWER,1,POWER,0.921693,0.443241,2600,2700,1,POWER,1.000000,1,POWER,1.000000,1,POWER,1.000000,1,POWER,1.000000,0.00040743,0.92169295,0.00035959,0.07754002,0.00000001
power_04,1,POWER,4,active,53,5.508692,1,POWER,1,POWER,0.642505,0.413576,2650,2750,1,POWER,1.000000,1,POWER,1.000000,1,POWER,1.000000,1,POWER,1.000000,0.00026465,0.64250540,0.00002278,0.35720717,0.00000000
power_04,1,POWER,4,active,54,5.608279,1,POWER,1,POWER,0.951840,0.393089,2700,2800,1,POWER,1.000000,1,POWER,1.000000,1,POWER,1.000000,1,POWER,1.000000,0.00028325,0.95183955,0.00008810,0.04778909,0.00000001
power_04,1,POWER,4,active,55,5.709211,1,POWER,1,POWER,0.998126,0.364801,2750,2850,1,POWER,1.000000,1,POWER,1.000000,1,POWER,1.000000,1,POWER,1.000000,0.00020366,0.99812553,0.00002341,0.00164732,0.00000007
power_04,1,POWER,4,active,56,5.808563,1,POWER,1,POWER,0.980400,0.385367,2800,2900,1,POWER,1.000000,1,POWER,1.000000,1,POWER,1.000000,1,POWER,1.000000,0.00355961,0.98040011,0.00000598,0.01602792,0.00000637
power_04,1,POWER,4,active,57,5.910322,1,POWER,1,POWER,0.890266,0.381105,2850,2950,1,POWER,1.000000,1,POWER,1.000000,1,POWER,1.000000,1,POWER,1.000000,0.02044480,0.89026620,0.00008112,0.08805329,0.00115459
power_04,1,POWER,4,active,58,6.009182,1,POWER,1,POWER,0.988373,0.371438,2900,3000,1,POWER,1.000000,1,POWER,1.000000,1,POWER,1.000000,1,POWER,1.000000,0.00039237,0.98837324,0.00012191,0.01111219,0.00000029
power_04,1,POWER,4,active,59,6.110188,1,POWER,1,POWER,0.871305,0.380548,2950,3050,1,POWER,1.000000,1,POWER,1.000000,1,POWER,1.000000,1,POWER,1.000000,0.00016419,0.87130540,0.00017462,0.12835579,0.00000000
power_04,1,POWER,4,active,60,6.209598,1,POWER,1,POWER,0.800942,0.391942,3000,3100,1,POWER,1.000000,1,POWER,1.000000,1,POWER,1.000000,1,POWER,1.000000,0.00006393,0.80094223,0.00001310,0.19898074,0.00000000
power_04,1,POWER,4,active,61,6.309902,1,POWER,1,POWER,0.997234,0.397686,3050,3150,1,POWER,1.000000,1,POWER,1.000000,1,POWER,1.000000,1,POWER,1.000000,0.00004458,0.99723356,0.00000712,0.00271475,0.00000000
power_04,1,POWER,4,active,62,6.409970,1,POWER,1,POWER,0.997510,0.415071,3100,3200,1,POWER,1.000000,1,POWER,1.000000,1,POWER,1.000000,1,POWER,1.000000,0.00015512,0.99751008,0.00006319,0.00227121,0.00000040
power_04,1,POWER,4,active,63,6.511423,1,POWER,1,POWER,0.986338,0.369548,3150,3250,1,POWER,1.000000,1,POWER,1.000000,1,POWER,1.000000,1,POWER,1.000000,0.00576902,0.98633830,0.00517263,0.00264778,0.00007226
power_04,1,POWER,4,active,64,6.610296,1,POWER,1,POWER,0.986671,0.328804,3200,3300,1,POWER,1.000000,1,POWER,1.000000,1,POWER,1.000000,1,POWER,1.000000,0.00395125,0.98667136,0.00553654,0.00383562,0.00000525
power_05,1,POWER,5,countdown,0,0.197059,3,FLEXION,3,FLEXION,1.000000,1.000000,0,100,0,REST,0.000000,0,REST,0.000000,0,REST,0.000000,0,REST,0.000000,0.00000000,0.00000000,0.00000000,1.00000000,0.00000000
power_05,1,POWER,5,countdown,1,0.297515,4,EXTENSION,3,FLEXION,0.999913,1.000000,50,150,0,REST,0.000000,0,REST,0.000000,0,REST,0.000000,0,REST,0.000000,0.00000000,0.00000003,0.00000000,0.00008651,0.99991346
power_05,1,POWER,5,countdown,2,0.396885,4,EXTENSION,4,EXTENSION,0.988964,1.000000,100,200,4,EXTENSION,1.000000,4,EXTENSION,0.666667,0,REST,0.000000,0,REST,0.000000,0.00000028,0.00504360,0.00000000,0.00599211,0.98896400
power_05,1,POWER,5,countdown,3,0.497669,1,POWER,4,EXTENSION,0.969718,0.536121,150,250,0,REST,0.000000,4,EXTENSION,0.666667,0,REST,0.000000,0,REST,0.000000,0.00001781,0.96971807,0.00000009,0.01798860,0.01227544
power_05,1,POWER,5,countdown,4,0.597583,1,POWER,4,EXTENSION,0.997426,0.164373,200,300,1,POWER,1.000000,1,POWER,0.666667,0,REST,0.000000,0,REST,0.000000,0.00000896,0.99742561,0.00000067,0.00255259,0.00001217
power_05,1,POWER,5,countdown,5,0.698265,1,POWER,1,POWER,0.999153,0.187854,250,350,1,POWER,1.000000,1,POWER,1.000000,1,POWER,0.750000,1,POWER,0.600000,0.00001238,0.99915292,0.00000374,0.00083085,0.00000012
power_05,1,POWER,5,countdown,6,0.798762,1,POWER,1,POWER,0.999478,0.051214,300,400,1,POWER,1.000000,1,POWER,1.000000,1,POWER,1.000000,1,POWER,0.800000,0.00000539,0.99947773,0.00000139,0.00051549,0.00000000
power_05,1,POWER,5,countdown,7,0.898843,1,POWER,1,POWER,0.998798,0.000000,350,450,1,POWER,1.000000,1,POWER,1.000000,1,POWER,1.000000,1,POWER,1.000000,0.00003696,0.99879762,0.00000061,0.00116481,0.00000000
power_05,1,POWER,5,countdown,8,0.999330,1,POWER,1,POWER,0.996728,0.000000,400,500,1,POWER,1.000000,1,POWER,1.000000,1,POWER,1.000000,1,POWER,1.000000,0.00224602,0.99672818,0.00000508,0.00102070,0.00000002
power_05,1,POWER,5,countdown,9,1.098774,1,POWER,1,POWER,0.995856,0.204709,450,550,1,POWER,1.000000,1,POWER,1.000000,1,POWER,1.000000,1,POWER,1.000000,0.00254164,0.99585566,0.00047983,0.00112276,0.00000012
power_05,1,POWER,5,countdown,10,1.198402,1,POWER,1,POWER,0.978026,0.688488,500,600,1,POWER,1.000000,1,POWER,1.000000,1,POWER,1.000000,1,POWER,1.000000,0.00016844,0.97802616,0.00001134,0.02179402,0.00000004
power_05,1,POWER,5,countdown,11,1.303750,1,POWER,1,POWER,0.999341,0.821875,550,650,1,POWER,1.000000,1,POWER,1.000000,1,POWER,1.000000,1,POWER,1.000000,0.00000324,0.99934112,0.00000003,0.00065561,0.00000000
power_05,1,POWER,5,countdown,12,1.399642,1,POWER,1,POWER,0.999893,0.595885,600,700,1,POWER,1.000000,1,POWER,1.000000,1,POWER,1.000000,1,POWER,1.000000,0.00003428,0.99989304,0.00000064,0.00007203,0.00000001
power_05,1,POWER,5,countdown,13,1.499347,1,POWER,1,POWER,0.980362,0.391542,650,750,1,POWER,1.000000,1,POWER,1.000000,1,POWER,1.000000,1,POWER,1.000000,0.00789711,0.98036162,0.00002524,0.01171587,0.00000016
power_05,1,POWER,5,countdown,14,1.598675,1,POWER,1,POWER,0.824380,0.281366,700,800,1,POWER,1.000000,1,POWER,1.000000,1,POWER,1.000000,1,POWER,1.000000,0.09272096,0.82437998,0.06636916,0.01646561,0.00006430
power_05,1,POWER,5,countdown,15,1.699654,1,POWER,1,POWER,0.613554,0.232953,750,850,1,POWER,1.000000,1,POWER,1.000000,1,POWER,1.000000,1,POWER,1.000000,0.18358870,0.61355399,0.20166594,0.00118056,0.00001081
power_05,1,POWER,5,countdown,16,1.799750,0,REST,1,POWER,0.497361,0.082350,800,900,0,REST,0.000000,1,POWER,0.666667,1,POWER,0.750000,1,POWER,0.800000,0.49736145,0.46087563,0.04113500,0.00062715,0.00000077
power_05,1,POWER,5,countdown,17,1.899476,0,REST,1,POWER,0.660665,0.007423,850,950,0,REST,1.000000,0,REST,0.666667,0,REST,0.000000,1,POWER,0.600000,0.66066523,0.32503444,0.01306816,0.00123214,0.00000003
power_05,1,POWER,5,countdown,18,1.999647,1,POWER,1,POWER,0.913299,0.002636,900,1000,0,REST,0.000000,0,REST,0.666667,0,REST,0.000000,1,POWER,0.600000,0.06945539,0.91329853,0.01057048,0.00667560,0.00000000
power_05,1,POWER,5,countdown,19,2.100498,1,POWER,1,POWER,0.669109,0.000000,950,1050,1,POWER,1.000000,1,POWER,0.666667,0,REST,0.000000,1,POWER,0.600000,0.30923762,0.66910940,0.01786742,0.00378556,0.00000001
power_05,1,POWER,5,countdown,20,2.200606,0,REST,0,REST,0.642626,0.000000,1000,1100,0,REST,0.000000,1,POWER,0.666667,0,REST,0.000000,0,REST,0.600000,0.64262625,0.35267971,0.00376711,0.00092693,0.00000000
power_05,1,POWER,5,countdown,21,2.300943,1,POWER,1,POWER,0.862388,0.000000,1050,1150,0,REST,0.000000,1,POWER,0.666667,1,POWER,0.750000,1,POWER,0.600000,0.13442578,0.86238823,0.00138823,0.00179774,0.00000001
power_05,1,POWER,5,countdown,22,2.402036,1,POWER,1,POWER,0.752125,0.000000,1100,1200,1,POWER,1.000000,1,POWER,0.666667,1,POWER,0.750000,1,POWER,0.800000,0.23414907,0.75212503,0.00116665,0.01255919,0.00000007
power_05,1,POWER,5,countdown,23,2.500741,0,REST,1,POWER,0.507823,0.000000,1150,1250,0,REST,0.000000,1,POWER,0.666667,0,REST,0.000000,1,POWER,0.600000,0.50782261,0.47973734,0.00099761,0.01144244,0.00000001
power_05,1,POWER,5,countdown,24,2.600679,0,REST,0,REST,0.830159,0.000000,1200,1300,0,REST,1.000000,0,REST,0.666667,0,REST,0.000000,0,REST,0.600000,0.83015910,0.16662360,0.00201192,0.00120538,0.00000000
power_05,1,POWER,5,countdown,25,2.700811,0,REST,0,REST,0.503332,0.000000,1250,1350,0,REST,1.000000,0,REST,1.000000,0,REST,0.750000,0,REST,0.600000,0.50333212,0.48318414,0.01116595,0.00231764,0.00000014
power_05,1,POWER,5,countdown,26,2.801343,1,POWER,0,REST,0.993023,0.000000,1300,1400,0,REST,0.000000,0,REST,0.666667,0,REST,0.750000,0,REST,0.600000,0.00010620,0.99302336,0.00192597,0.00494113,0.00000333
power_05,1,POWER,5,countdown,27,2.901685,3,FLEXION,0,REST,0.987414,0.000000,1350,1450,0,REST,0.000000,0,REST,0.000000,0,REST,0.000000,0,REST,0.600000,0.00000053,0.01253462,0.00003737,0.98741408,0.00001340
power_05,1,POWER,5,active,28,3.001414,3,FLEXION,0,REST,0.999903,0.000000,1400,1500,3,FLEXION,1.000000,3,FLEXION,0.666667,0,REST,0.000000,0,REST,0.000000,0.00000000,0.00007815,0.00001590,0.99990347,0.00000248
power_05,1,POWER,5,active,29,3.101764,3,FLEXION,3,FLEXION,0.998242,0.701496,1450,1550,3,FLEXION,1.000000,3,FLEXION,1.000000,3,FLEXION,0.750000,3,FLEXION,0.600000,0.00000000,0.00175498,0.00000265,0.99824168,0.00000069
power_05,1,POWER,5,active,30,3.201622,3,FLEXION,3,FLEXION,0.762912,0.454870,1500,1600,3,FLEXION,1.000000,3,FLEXION,1.000000,3,FLEXION,1.000000,3,FLEXION,0.800000,0.00000181,0.23702886,0.00000812,0.76291156,0.00004964
power_05,1,POWER,5,active,31,3.303578,1,POWER,3,FLEXION,0.967173,0.310319,1550,1650,0,REST,0.000000,3,FLEXION,0.666667,3,FLEXION,0.750000,3,FLEXION,0.800000,0.00016832,0.96717331,0.00247106,0.03018554,0.00000177
power_05,1,POWER,5,active,32,3.403634,1,POWER,3,FLEXION,0.993447,0.254122,1600,1700,1,POWER,1.000000,1,POWER,0.666667,0,REST,0.000000,3,FLEXION,0.600000,0.00016194,0.99344677,0.00591702,0.00047371,0.00000056
power_05,1,POWER,5,active,33,3.502061,1,POWER,1,POWER,0.817058,0.568331,1650,1750,1,POWER,1.000000,1,POWER,1.000000,1,POWER,0.750000,1,POWER,0.600000,0.00015335,0.81705845,0.18167979,0.00108174,0.00002666
power_05,1,POWER,5,active,34,3.606366,1,POWER,1,POWER,0.940757,0.510843,1700,1800,1,POWER,1.000000,1,POWER,1.000000,1,POWER,1.000000,1,POWER,0.800000,0.00117787,0.94075687,0.03313271,0.02493242,0.00000013
power_05,1,POWER,5,active,35,3.702606,1,POWER,1,POWER,0.881286,0.471730,1750,1850,1,POWER,1.000000,1,POWER,1.000000,1,POWER,1.000000,1,POWER,1.000000,0.00018623,0.88128644,0.00005217,0.11847517,0.00000000
power_05,1,POWER,5,active,36,3.805525,1,POWER,1,POWER,0.641683,0.545618,1800,1900,1,POWER,1.000000,1,POWER,1.000000,1,POWER,1.000000,1,POWER,1.000000,0.00006552,0.64168303,0.00004799,0.35820332,0.00000014
power_05,1,POWER,5,active,37,3.904201,1,POWER,1,POWER,0.983039,0.534956,1850,1950,1,POWER,1.000000,1,POWER,1.000000,1,POWER,1.000000,1,POWER,1.000000,0.00004741,0.98303922,0.00235876,0.01455432,0.00000028
power_05,1,POWER,5,active,38,4.002786,1,POWER,1,POWER,0.959909,0.469389,1900,2000,1,POWER,1.000000,1,POWER,1.000000,1,POWER,1.000000,1,POWER,1.000000,0.00012152,0.95990915,0.03428945,0.00567982,0.00000006
power_05,1,POWER,5,active,39,4.103218,1,POWER,1,POWER,0.903487,0.451522,1950,2050,1,POWER,1.000000,1,POWER,1.000000,1,POWER,1.000000,1,POWER,1.000000,0.00025732,0.90348667,0.00440797,0.09184799,0.00000004
power_05,1,POWER,5,active,40,4.203241,1,POWER,1,POWER,0.709623,0.590826,2000,2100,1,POWER,1.000000,1,POWER,1.000000,1,POWER,1.000000,1,POWER,1.000000,0.00042982,0.70962333,0.00731768,0.28125241,0.00137675
power_05,1,POWER,5,active,41,4.303473,0,REST,1,POWER,0.470219,0.666755,2050,2150,0,REST,0.000000,1,POWER,0.666667,1,POWER,0.750000,1,POWER,0.800000,0.00118558,0.27443073,0.20691246,0.04725206,0.47021917
power_05,1,POWER,5,active,42,4.403747,0,REST,1,POWER,0.499636,0.479061,2100,2200,0,REST,1.000000,0,REST,0.666667,0,REST,0.000000,1,POWER,0.600000,0.00798670,0.49963600,0.47430790,0.01797753,0.00009188
power_05,1,POWER,5,active,43,4.504127,1,POWER,1,POWER,0.811514,0.389487,2150,2250,0,REST,0.000000,0,REST,0.666667,0,REST,0.000000,1,POWER,0.600000,0.00370881,0.81151407,0.00463497,0.18014133,0.00000082
power_05,1,POWER,5,active,44,4.606300,1,POWER,1,POWER,0.881087,0.471454,2200,2300,1,POWER,1.000000,1,POWER,0.666667,0,REST,0.000000,1,POWER,0.600000,0.00087947,0.88108702,0.00519337,0.11284006,0.00000008
power_05,1,POWER,5,active,45,4.704586,1,POWER,1,POWER,0.861303,0.459713,2250,2350,1,POWER,1.000000,1,POWER,1.000000,1,POWER,0.750000,1,POWER,0.600000,0.00701277,0.86130303,0.11347185,0.01821016,0.00000219
power_05,1,POWER,5,active,46,4.805684,1,POWER,1,POWER,0.861431,0.453529,2300,2400,1,POWER,1.000000,1,POWER,1.000000,1,POWER,1.000000,1,POWER,0.800000,0.00990178,0.86143136,0.06247531,0.06617254,0.00001901
power_05,1,POWER,5,active,47,4.905991,1,POWER,1,POWER,0.962523,0.434567,2350,2450,1,POWER,1.000000,1,POWER,1.000000,1,POWER,1.000000,1,POWER,1.000000,0.00076713,0.96252265,0.00054351,0.03616664,0.00000007
power_05,1,POWER,5,active,48,5.006889,1,POWER,1,POWER,0.895556,0.462113,2400,2500,1,POWER,1.000000,1,POWER,1.000000,1,POWER,1.000000,1,POWER,1.000000,0.00048355,0.89555562,0.00013886,0.10382196,0.00000001
power_05,1,POWER,5,active,49,5.104665,3,FLEXION,1,POWER,0.922748,0.714955,2450,2550,0,REST,0.000000,1,POWER,0.666667,1,POWER,0.750000,1,POWER,0.800000,0.00006208,0.07709596,0.00009353,0.92274834,0.00000008
power_05,1,POWER,5,active,50,5.210863,1,POWER,1,POWER,0.775388,1.000000,2500,2600,0,REST,0.000000,1,POWER,0.666667,1,POWER,0.750000,1,POWER,0.800000,0.00002374,0.77538800,0.01099630,0.21340335,0.00018861
power_05,1,POWER,5,active,51,5.306471,1,POWER,1,POWER,0.669064,1.000000,2550,2650,1,POWER,1.000000,1,POWER,0.666667,1,POWER,0.750000,1,POWER,0.800000,0.00000718,0.66906362,0.07054544,0.00100933,0.25937444
power_05,1,POWER,5,active,52,5.405856,1,POWER,1,POWER,0.997381,0.997030,2600,2700,1,POWER,1.000000,1,POWER,1.000000,1,POWER,0.750000,1,POWER,0.800000,0.00000065,0.99738087,0.00186447,0.00030302,0.00045100
power_05,1,POWER,5,active,53,5.505317,1,POWER,1,POWER,0.998147,0.708167,2650,2750,1,POWER,1.000000,1,POWER,1.000000,1,POWER,1.000000,1,POWER,0.800000,0.00000065,0.99814705,0.00066385,0.00118814,0.00000031
power_05,1,POWER,5,active,54,5.605755,1,POWER,1,POWER,0.860290,0.605420,2700,2800,1,POWER,1.000000,1,POWER,1.000000,1,POWER,1.000000,1,POWER,1.000000,0.00008885,0.86029042,0.00657902,0.08998991,0.04305180
power_05,1,POWER,5,active,55,5.705637,1,POWER,1,POWER,0.941250,0.526340,2750,2850,1,POWER,1.000000,1,POWER,1.000000,1,POWER,1.000000,1,POWER,1.000000,0.00246542,0.94124996,0.00231970,0.00880465,0.04516027
power_05,1,POWER,5,active,56,5.806384,1,POWER,1,POWER,0.995062,0.438213,2800,2900,1,POWER,1.000000,1,POWER,1.000000,1,POWER,1.000000,1,POWER,1.000000,0.00121932,0.99506233,0.00172503,0.00199150,0.00000182
power_05,1,POWER,5,active,57,5.906711,1,POWER,1,POWER,0.982606,0.450762,2850,2950,1,POWER,1.000000,1,POWER,1.000000,1,POWER,1.000000,1,POWER,1.000000,0.00020488,0.98260559,0.00141225,0.01577111,0.00000617
power_05,1,POWER,5,active,58,6.006190,1,POWER,1,POWER,0.665910,0.514272,2900,3000,1,POWER,1.000000,1,POWER,1.000000,1,POWER,1.000000,1,POWER,1.000000,0.00029981,0.66590989,0.31123048,0.02226388,0.00029595
power_05,1,POWER,5,active,59,6.108131,1,POWER,1,POWER,0.899079,0.607617,2950,3050,1,POWER,1.000000,1,POWER,1.000000,1,POWER,1.000000,1,POWER,1.000000,0.00022450,0.89907893,0.05239381,0.04828606,0.00001669
power_05,1,POWER,5,active,60,6.206899,1,POWER,1,POWER,0.764675,0.531700,3000,3100,1,POWER,1.000000,1,POWER,1.000000,1,POWER,1.000000,1,POWER,1.000000,0.00332804,0.76467478,0.12768318,0.10424815,0.00006585
power_05,1,POWER,5,active,61,6.308266,2,OPEN,1,POWER,0.590612,0.538514,3050,3150,0,REST,0.000000,1,POWER,0.666667,1,POWER,0.750000,1,POWER,0.800000,0.00548787,0.37980971,0.59061203,0.02269022,0.00140017
power_05,1,POWER,5,active,62,6.406661,1,POWER,1,POWER,0.886136,0.506740,3100,3200,0,REST,0.000000,1,POWER,0.666667,1,POWER,0.750000,1,POWER,0.800000,0.01045622,0.88613578,0.09231945,0.01085173,0.00023681
power_05,1,POWER,5,active,63,6.507159,1,POWER,1,POWER,0.919440,0.386985,3150,3250,1,POWER,1.000000,1,POWER,0.666667,1,POWER,0.750000,1,POWER,0.800000,0.00826025,0.91943997,0.06687234,0.00462210,0.00080534
power_05,1,POWER,5,active,64,6.607904,1,POWER,1,POWER,0.960859,0.444990,3200,3300,1,POWER,1.000000,1,POWER,1.000000,1,POWER,0.750000,1,POWER,0.800000,0.00027692,0.96085851,0.00435188,0.03450198,0.00001071
power_05,1,POWER,5,active,65,6.707687,1,POWER,1,POWER,0.955169,0.549479,3250,3350,1,POWER,1.000000,1,POWER,1.000000,1,POWER,1.000000,1,POWER,0.800000,0.00015780,0.95516861,0.00208432,0.04258897,0.00000031
power_05,1,POWER,5,active,66,6.808556,1,POWER,1,POWER,0.926068,0.542257,3300,3400,1,POWER,1.000000,1,POWER,1.000000,1,POWER,1.000000,1,POWER,1.000000,0.00120620,0.92606796,0.00595289,0.06671254,0.00006040
power_05,1,POWER,5,active,67,6.907930,1,POWER,1,POWER,0.919674,0.497353,3350,3450,1,POWER,1.000000,1,POWER,1.000000,1,POWER,1.000000,1,POWER,1.000000,0.00072659,0.91967427,0.01929061,0.06030694,0.00000159
power_05,1,POWER,5,active,68,7.007600,1,POWER,1,POWER,0.959703,0.479130,3400,3500,1,POWER,1.000000,1,POWER,1.000000,1,POWER,1.000000,1,POWER,1.000000,0.00054320,0.95970254,0.02037790,0.01937634,0.00000002
power_05,1,POWER,5,active,69,7.107859,1,POWER,1,POWER,0.977289,0.420300,3450,3550,1,POWER,1.000000,1,POWER,1.000000,1,POWER,1.000000,1,POWER,1.000000,0.00035514,0.97728948,0.00180480,0.02055052,0.00000005
power_05,1,POWER,5,active,70,7.210080,1,POWER,1,POWER,0.965829,0.465719,3500,3600,1,POWER,1.000000,1,POWER,1.000000,1,POWER,1.000000,1,POWER,1.000000,0.00011280,0.96582884,0.00014651,0.03391077,0.00000107
power_05,1,POWER,5,active,71,7.308586,1,POWER,1,POWER,0.941186,0.549738,3550,3650,1,POWER,1.000000,1,POWER,1.000000,1,POWER,1.000000,1,POWER,1.000000,0.00034237,0.94118564,0.00041615,0.05805538,0.00000045
power_05,1,POWER,5,active,72,7.410247,3,FLEXION,1,POWER,0.696536,0.558881,3600,3700,0,REST,0.000000,1,POWER,0.666667,1,POWER,0.750000,1,POWER,0.800000,0.00026698,0.30295987,0.00023663,0.69653628,0.00000024
power_05,1,POWER,5,active,73,7.509147,3,FLEXION,1,POWER,0.893758,0.522847,3650,3750,3,FLEXION,1.000000,3,FLEXION,0.666667,0,REST,0.000000,1,POWER,0.600000,0.00012206,0.10606241,0.00005648,0.89375848,0.00000056
power_05,1,POWER,5,active,74,7.610816,1,POWER,1,POWER,0.959813,0.438069,3700,3800,0,REST,0.000000,3,FLEXION,0.666667,0,REST,0.000000,1,POWER,0.600000,0.00171052,0.95981311,0.00391829,0.03455764,0.00000043
power_05,1,POWER,5,active,75,7.708714,1,POWER,1,POWER,0.968719,0.335587,3750,3850,1,POWER,1.000000,1,POWER,0.666667,0,REST,0.000000,1,POWER,0.600000,0.00668540,0.96871900,0.01840466,0.00617496,0.00001598
power_05,1,POWER,5,active,76,7.809680,1,POWER,1,POWER,0.892770,0.397980,3800,3900,1,POWER,1.000000,1,POWER,1.000000,1,POWER,0.750000,1,POWER,0.600000,0.00287887,0.89277011,0.02213221,0.08219553,0.00002329
power_05,1,POWER,5,active,77,7.911648,1,POWER,1,POWER,0.849499,0.432581,3850,3950,1,POWER,1.000000,1,POWER,1.000000,1,POWER,1.000000,1,POWER,0.800000,0.00345808,0.84949914,0.00514533,0.14189640,0.00000106
power_05,1,POWER,5,active,78,8.009671,1,POWER,1,POWER,0.968797,0.348268,3900,4000,1,POWER,1.000000,1,POWER,1.000000,1,POWER,1.000000,1,POWER,1.000000,0.00219523,0.96879744,0.00536903,0.02363739,0.00000091
power_05,1,POWER,5,active,79,8.109298,1,POWER,1,POWER,0.989390,0.416948,3950,4050,1,POWER,1.000000,1,POWER,1.000000,1,POWER,1.000000,1,POWER,1.000000,0.00010298,0.98938975,0.00278735,0.00771922,0.00000070
power_05,1,POWER,5,active,80,8.209719,1,POWER,1,POWER,0.791956,0.490581,4000,4100,1,POWER,1.000000,1,POWER,1.000000,1,POWER,1.000000,1,POWER,1.000000,0.00035335,0.79195619,0.00018027,0.20750990,0.00000028
power_05,1,POWER,5,active,81,8.309661,1,POWER,1,POWER,0.980046,0.375395,4050,4150,1,POWER,1.000000,1,POWER,1.000000,1,POWER,1.000000,1,POWER,1.000000,0.01175406,0.98004641,0.00084976,0.00734888,0.00000088
power_05,1,POWER,5,active,82,8.413170,1,POWER,1,POWER,0.981622,0.293158,4100,4200,1,POWER,1.000000,1,POWER,1.000000,1,POWER,1.000000,1,POWER,1.000000,0.01145699,0.98162223,0.00576375,0.00115662,0.00000042
power_05,1,POWER,5,active,83,8.509781,1,POWER,1,POWER,0.960255,0.344722,4150,4250,1,POWER,1.000000,1,POWER,1.000000,1,POWER,1.000000,1,POWER,1.000000,0.00251000,0.96025514,0.00125143,0.03598318,0.00000026
open_01,2,OPEN,1,countdown,0,0.196403,3,FLEXION,3,FLEXION,1.000000,1.000000,0,100,0,REST,0.000000,0,REST,0.000000,0,REST,0.000000,0,REST,0.000000,0.00000000,0.00000000,0.00000000,1.00000000,0.00000000
open_01,2,OPEN,1,countdown,1,0.296337,4,EXTENSION,3,FLEXION,0.999536,1.000000,50,150,0,REST,0.000000,0,REST,0.000000,0,REST,0.000000,0,REST,0.000000,0.00000000,0.00000023,0.00000000,0.00046400,0.99953577
open_01,2,OPEN,1,countdown,2,0.396414,4,EXTENSION,4,EXTENSION,0.938041,1.000000,100,200,4,EXTENSION,1.000000,4,EXTENSION,0.666667,0,REST,0.000000,0,REST,0.000000,0.00000003,0.04506276,0.00000000,0.01689640,0.93804081
open_01,2,OPEN,1,countdown,3,0.497306,1,POWER,4,EXTENSION,0.997271,0.619239,150,250,0,REST,0.000000,4,EXTENSION,0.666667,0,REST,0.000000,0,REST,0.000000,0.00000018,0.99727090,0.00000001,0.00196674,0.00076217
open_01,2,OPEN,1,countdown,4,0.596801,1,POWER,4,EXTENSION,0.990265,0.204067,200,300,1,POWER,1.000000,1,POWER,0.666667,0,REST,0.000000,0,REST,0.000000,0.00000072,0.99026549,0.00000001,0.00973370,0.00000007
open_01,2,OPEN,1,countdown,5,0.702313,1,POWER,1,POWER,0.996329,0.216890,250,350,1,POWER,1.000000,1,POWER,1.000000,1,POWER,0.750000,1,POWER,0.600000,0.00001375,0.99632949,0.00000049,0.00365627,0.00000001
open_01,2,OPEN,1,countdown,6,0.797335,1,POWER,1,POWER,0.995378,0.150087,300,400,1,POWER,1.000000,1,POWER,1.000000,1,POWER,1.000000,1,POWER,0.800000,0.00019991,0.99537773,0.00002934,0.00439300,0.00000002
open_01,2,OPEN,1,countdown,7,0.897253,1,POWER,1,POWER,0.991750,0.151448,350,450,1,POWER,1.000000,1,POWER,1.000000,1,POWER,1.000000,1,POWER,1.000000,0.00421739,0.99174989,0.00054584,0.00348613,0.00000075
open_01,2,OPEN,1,countdown,8,1.000048,1,POWER,1,POWER,0.948504,0.119412,400,500,1,POWER,1.000000,1,POWER,1.000000,1,POWER,1.000000,1,POWER,1.000000,0.04735944,0.94850390,0.00129945,0.00283627,0.00000094
open_01,2,OPEN,1,countdown,9,1.097933,1,POWER,1,POWER,0.964092,0.074358,450,550,1,POWER,1.000000,1,POWER,1.000000,1,POWER,1.000000,1,POWER,1.000000,0.03202211,0.96409211,0.00284151,0.00104424,0.00000003
open_01,2,OPEN,1,countdown,10,1.199471,1,POWER,1,POWER,0.913318,0.088255,500,600,1,POWER,1.000000,1,POWER,1.000000,1,POWER,1.000000,1,POWER,1.000000,0.06958823,0.91331813,0.01545032,0.00163936,0.00000396
open_01,2,OPEN,1,countdown,11,1.299373,1,POWER,1,POWER,0.644502,0.113271,550,650,1,POWER,1.000000,1,POWER,1.000000,1,POWER,1.000000,1,POWER,1.000000,0.32635128,0.64450232,0.02609860,0.00147576,0.00157204
open_01,2,OPEN,1,countdown,12,1.398262,1,POWER,1,POWER,0.562441,0.084206,600,700,1,POWER,1.000000,1,POWER,1.000000,1,POWER,1.000000,1,POWER,1.000000,0.43164832,0.56244107,0.00461019,0.00129845,0.00000196
open_01,2,OPEN,1,countdown,13,1.499595,1,POWER,1,POWER,0.724392,0.000000,650,750,1,POWER,1.000000,1,POWER,1.000000,1,POWER,1.000000,1,POWER,1.000000,0.27026565,0.72439164,0.00478740,0.00055531,0.00000000
open_01,2,OPEN,1,countdown,14,1.598784,0,REST,1,POWER,0.709913,0.000000,700,800,0,REST,0.000000,1,POWER,0.666667,1,POWER,0.750000,1,POWER,0.800000,0.70991279,0.28616985,0.00371695,0.00020041,0.00000000
open_01,2,OPEN,1,countdown,15,1.698478,0,REST,1,POWER,0.590401,0.000000,750,850,0,REST,1.000000,0,REST,0.666667,0,REST,0.000000,1,POWER,0.600000,0.59040079,0.40769319,0.00026000,0.00164602,0.00000000
open_01,2,OPEN,1,countdown,16,1.799136,0,REST,0,REST,0.901987,0.000000,800,900,0,REST,1.000000,0,REST,1.000000,0,REST,0.750000,0,REST,0.600000,0.90198662,0.09598864,0.00014880,0.00187594,0.00000000
open_01,2,OPEN,1,countdown,17,1.899610,0,REST,0,REST,0.999050,0.000000,850,950,0,REST,1.000000,0,REST,1.000000,0,REST,1.000000,0,REST,0.800000,0.99905049,0.00090116,0.00003424,0.00001411,0.00000000
open_01,2,OPEN,1,countdown,18,2.002314,0,REST,0,REST,0.999074,0.000000,900,1000,0,REST,1.000000,0,REST,1.000000,0,REST,1.000000,0,REST,1.000000,0.99907401,0.00078727,0.00013387,0.00000485,0.00000000
open_01,2,OPEN,1,countdown,19,2.099320,0,REST,0,REST,0.999525,0.000000,950,1050,0,REST,1.000000,0,REST,1.000000,0,REST,1.000000,0,REST,1.000000,0.99952506,0.00028823,0.00018512,0.00000158,0.00000000
open_01,2,OPEN,1,countdown,20,2.199494,0,REST,0,REST,0.999295,0.000000,1000,1100,0,REST,1.000000,0,REST,1.000000,0,REST,1.000000,0,REST,1.000000,0.99929521,0.00059240,0.00010645,0.00000594,0.00000000
open_01,2,OPEN,1,countdown,21,2.300592,0,REST,0,REST,0.998534,0.000000,1050,1150,0,REST,1.000000,0,REST,1.000000,0,REST,1.000000,0,REST,1.000000,0.99853368,0.00132352,0.00013302,0.00000978,0.00000000
open_01,2,OPEN,1,countdown,22,2.403591,0,REST,0,REST,0.996859,0.000000,1100,1200,0,REST,1.000000,0,REST,1.000000,0,REST,1.000000,0,REST,1.000000,0.99685894,0.00284170,0.00027917,0.00002019,0.00000000
open_01,2,OPEN,1,countdown,23,2.499595,0,REST,0,REST,0.999195,0.000000,1150,1250,0,REST,1.000000,0,REST,1.000000,0,REST,1.000000,0,REST,1.000000,0.99919550,0.00061935,0.00017342,0.00001173,0.00000000
open_01,2,OPEN,1,countdown,24,2.600349,0,REST,0,REST,0.999903,0.000000,1200,1300,0,REST,1.000000,0,REST,1.000000,0,REST,1.000000,0,REST,1.000000,0.99990345,0.00006796,0.00002687,0.00000172,0.00000000
open_01,2,OPEN,1,countdown,25,2.700426,0,REST,0,REST,0.999735,0.000000,1250,1350,0,REST,1.000000,0,REST,1.000000,0,REST,1.000000,0,REST,1.000000,0.99973478,0.00020944,0.00005393,0.00000185,0.00000000
open_01,2,OPEN,1,countdown,26,2.801874,0,REST,0,REST,0.998882,0.000000,1300,1400,0,REST,1.000000,0,REST,1.000000,0,REST,1.000000,0,REST,1.000000,0.99888170,0.00089756,0.00021270,0.00000804,0.00000000
open_01,2,OPEN,1,countdown,27,2.901000,0,REST,0,REST,0.998264,0.000000,1350,1450,0,REST,1.000000,0,REST,1.000000,0,REST,1.000000,0,REST,1.000000,0.99826412,0.00158461,0.00013775,0.00001352,0.00000000
open_01,2,OPEN,1,active,28,3.002857,2,OPEN,0,REST,0.964632,0.000000,1400,1500,0,REST,0.000000,0,REST,0.666667,0,REST,0.750000,0,REST,0.800000,0.03300477,0.00234380,0.96463179,0.00001959,0.00000006
open_01,2,OPEN,1,active,29,3.101309,4,EXTENSION,0,REST,0.963580,0.000000,1450,1550,0,REST,0.000000,0,REST,0.000000,0,REST,0.000000,0,REST,0.600000,0.00000001,0.00000104,0.03641860,0.00000001,0.96358033
open_01,2,OPEN,1,active,30,3.204195,4,EXTENSION,0,REST,0.999386,0.000000,1500,1600,4,EXTENSION,1.000000,4,EXTENSION,0.666667,0,REST,0.000000,0,REST,0.000000,0.00000000,0.00000001,0.00061409,0.00000000,0.99938590
open_01,2,OPEN,1,active,31,3.303194,2,OPEN,0,REST,0.999997,0.000000,1550,1650,0,REST,0.000000,4,EXTENSION,0.666667,0,REST,0.000000,0,REST,0.000000,0.00000000,0.00000104,0.99999749,0.00000015,0.00000131
open_01,2,OPEN,1,active,32,3.403222,2,OPEN,2,OPEN,1.000000,1.000000,1600,1700,2,OPEN,1.000000,2,OPEN,0.666667,0,REST,0.000000,2,OPEN,0.600000,0.00000000,0.00000007,0.99999992,0.00000000,0.00000001
open_01,2,OPEN,1,active,33,3.502724,2,OPEN,2,OPEN,0.999990,1.000000,1650,1750,2,OPEN,1.000000,2,OPEN,1.000000,2,OPEN,0.750000,2,OPEN,0.600000,0.00000000,0.00000030,0.99999037,0.00000000,0.00000933
open_01,2,OPEN,1,active,34,3.602409,2,OPEN,2,OPEN,0.999130,1.000000,1700,1800,2,OPEN,1.000000,2,OPEN,1.000000,2,OPEN,1.000000,2,OPEN,0.800000,0.00000196,0.00086664,0.99913005,0.00000030,0.00000105
open_01,2,OPEN,1,active,35,3.702437,2,OPEN,2,OPEN,0.999908,1.000000,1750,1850,2,OPEN,1.000000,2,OPEN,1.000000,2,OPEN,1.000000,2,OPEN,1.000000,0.00000043,0.00008925,0.99990808,0.00000210,0.00000013
open_01,2,OPEN,1,active,36,3.801943,2,OPEN,2,OPEN,0.997944,1.000000,1800,1900,2,OPEN,1.000000,2,OPEN,1.000000,2,OPEN,1.000000,2,OPEN,1.000000,0.00000026,0.00000027,0.99794402,0.00000007,0.00205538
open_01,2,OPEN,1,active,37,3.903778,2,OPEN,2,OPEN,0.768151,1.000000,1850,1950,2,OPEN,1.000000,2,OPEN,1.000000,2,OPEN,1.000000,2,OPEN,1.000000,0.00002252,0.00000729,0.76815106,0.00000056,0.23181858
open_01,2,OPEN,1,active,38,4.003815,2,OPEN,2,OPEN,0.822167,0.959281,1900,2000,2,OPEN,1.000000,2,OPEN,1.000000,2,OPEN,1.000000,2,OPEN,1.000000,0.00001833,0.00017306,0.82216681,0.00000070,0.17764110
open_01,2,OPEN,1,active,39,4.102334,2,OPEN,2,OPEN,0.999455,0.831142,1950,2050,2,OPEN,1.000000,2,OPEN,1.000000,2,OPEN,1.000000,2,OPEN,1.000000,0.00000288,0.00001044,0.99945476,0.00000002,0.00053189
open_01,2,OPEN,1,active,40,4.202384,2,OPEN,2,OPEN,0.999999,0.845911,2000,2100,2,OPEN,1.000000,2,OPEN,1.000000,2,OPEN,1.000000,2,OPEN,1.000000,0.00000021,0.00000084,0.99999889,0.00000000,0.00000006
open_01,2,OPEN,1,active,41,4.304035,2,OPEN,2,OPEN,0.989674,1.000000,2050,2150,2,OPEN,1.000000,2,OPEN,1.000000,2,OPEN,1.000000,2,OPEN,1.000000,0.00000038,0.00007310,0.98967390,0.00000002,0.01025259
open_01,2,OPEN,1,active,42,4.403682,2,OPEN,2,OPEN,0.884175,1.000000,2100,2200,2,OPEN,1.000000,2,OPEN,1.000000,2,OPEN,1.000000,2,OPEN,1.000000,0.00000070,0.00054962,0.88417512,0.00000419,0.11527037
open_02,2,OPEN,2,countdown,0,0.196007,3,FLEXION,3,FLEXION,1.000000,1.000000,0,100,0,REST,0.000000,0,REST,0.000000,0,REST,0.000000,0,REST,0.000000,0.00000000,0.00000000,0.00000000,1.00000000,0.00000000
open_02,2,OPEN,2,countdown,1,0.295773,4,EXTENSION,3,FLEXION,0.999997,1.000000,50,150,0,REST,0.000000,0,REST,0.000000,0,REST,0.000000,0,REST,0.000000,0.00000000,0.00000006,0.00000000,0.00000333,0.99999661
open_02,2,OPEN,2,countdown,2,0.394805,4,EXTENSION,4,EXTENSION,0.983268,1.000000,100,200,4,EXTENSION,1.000000,4,EXTENSION,0.666667,0,REST,0.000000,0,REST,0.000000,0.00000169,0.01363221,0.00000000,0.00309823,0.98326787
open_02,2,OPEN,2,countdown,3,0.494544,1,POWER,4,EXTENSION,0.980946,0.513513,150,250,0,REST,0.000000,4,EXTENSION,0.666667,0,REST,0.000000,0,REST,0.000000,0.00004613,0.98094593,0.00000065,0.00950610,0.00950119
open_02,2,OPEN,2,countdown,4,0.595657,1,POWER,4,EXTENSION,0.997846,0.138604,200,300,1,POWER,1.000000,1,POWER,0.666667,0,REST,0.000000,0,REST,0.000000,0.00002753,0.99784610,0.00000284,0.00209073,0.00003280
open_02,2,OPEN,2,countdown,5,0.697202,1,POWER,1,POWER,0.998831,0.166766,250,350,1,POWER,1.000000,1,POWER,1.000000,1,POWER,0.750000,1,POWER,0.600000,0.00001104,0.99883072,0.00000317,0.00115477,0.00000030
open_02,2,OPEN,2,countdown,6,0.796955,1,POWER,1,POWER,0.999047,0.032901,300,400,1,POWER,1.000000,1,POWER,1.000000,1,POWER,1.000000,1,POWER,0.800000,0.00000177,0.99904703,0.00000051,0.00095069,0.00000000
open_02,2,OPEN,2,countdown,7,0.895488,1,POWER,1,POWER,0.992011,0.000000,350,450,1,POWER,1.000000,1,POWER,1.000000,1,POWER,1.000000,1,POWER,1.000000,0.00000299,0.99201062,0.00000029,0.00798609,0.00000000
open_02,2,OPEN,2,countdown,8,0.996090,1,POWER,1,POWER,0.927036,0.000000,400,500,1,POWER,1.000000,1,POWER,1.000000,1,POWER,1.000000,1,POWER,1.000000,0.00113421,0.92703596,0.00000497,0.07182486,0.00000000
open_02,2,OPEN,2,countdown,9,1.095871,1,POWER,1,POWER,0.673872,0.000000,450,550,1,POWER,1.000000,1,POWER,1.000000,1,POWER,1.000000,1,POWER,1.000000,0.27895449,0.67387183,0.00012789,0.04704579,0.00000000
open_02,2,OPEN,2,countdown,10,1.197545,0,REST,1,POWER,0.877453,0.000000,500,600,0,REST,0.000000,1,POWER,0.666667,1,POWER,0.750000,1,POWER,0.800000,0.87745270,0.11861259,0.00044158,0.00349313,0.00000000
open_02,2,OPEN,2,countdown,11,1.296574,0,REST,1,POWER,0.978851,0.000000,550,650,0,REST,1.000000,0,REST,0.666667,0,REST,0.000000,1,POWER,0.600000,0.97885098,0.02032992,0.00046707,0.00035203,0.00000000
open_02,2,OPEN,2,countdown,12,1.396385,0,REST,0,REST,0.996132,0.000000,600,700,0,REST,1.000000,0,REST,1.000000,0,REST,0.750000,0,REST,0.600000,0.99613242,0.00353232,0.00027765,0.00005761,0.00000000
open_02,2,OPEN,2,countdown,13,1.496610,0,REST,0,REST,0.997534,0.000000,650,750,0,REST,1.000000,0,REST,1.000000,0,REST,1.000000,0,REST,0.800000,0.99753427,0.00214816,0.00026180,0.00005577,0.00000000
open_02,2,OPEN,2,countdown,14,1.596958,0,REST,0,REST,0.997318,0.000000,700,800,0,REST,1.000000,0,REST,1.000000,0,REST,1.000000,0,REST,1.000000,0.99731790,0.00213737,0.00049055,0.00005418,0.00000000
open_02,2,OPEN,2,countdown,15,1.697826,0,REST,0,REST,0.994909,0.000000,750,850,0,REST,1.000000,0,REST,1.000000,0,REST,1.000000,0,REST,1.000000,0.99490905,0.00433701,0.00067908,0.00007487,0.00000000
open_02,2,OPEN,2,countdown,16,1.798769,0,REST,0,REST,0.996170,0.000000,800,900,0,REST,1.000000,0,REST,1.000000,0,REST,1.000000,0,REST,1.000000,0.99617015,0.00362411,0.00013524,0.00007051,0.00000000
open_02,2,OPEN,2,countdown,17,1.898800,0,REST,0,REST,0.994758,0.000000,850,950,0,REST,1.000000,0,REST,1.000000,0,REST,1.000000,0,REST,1.000000,0.99475802,0.00498506,0.00016811,0.00008881,0.00000000
open_02,2,OPEN,2,countdown,18,1.997812,0,REST,0,REST,0.986335,0.000000,900,1000,0,REST,1.000000,0,REST,1.000000,0,REST,1.000000,0,REST,1.000000,0.98633489,0.01258321,0.00079102,0.00029088,0.00000000
open_02,2,OPEN,2,countdown,19,2.097778,0,REST,0,REST,0.992533,0.000000,950,1050,0,REST,1.000000,0,REST,1.000000,0,REST,1.000000,0,REST,1.000000,0.99253287,0.00679506,0.00061994,0.00005213,0.00000000
open_02,2,OPEN,2,countdown,20,2.199656,0,REST,0,REST,0.999364,0.000000,1000,1100,0,REST,1.000000,0,REST,1.000000,0,REST,1.000000,0,REST,1.000000,0.99936420,0.00055488,0.00007865,0.00000227,0.00000000
open_02,2,OPEN,2,countdown,21,2.297406,0,REST,0,REST,0.997378,0.000000,1050,1150,0,REST,1.000000,0,REST,1.000000,0,REST,1.000000,0,REST,1.000000,0.99737810,0.00253982,0.00006946,0.00001262,0.00000000
open_02,2,OPEN,2,countdown,22,2.403689,0,REST,0,REST,0.993489,0.000000,1100,1200,0,REST,1.000000,0,REST,1.000000,0,REST,1.000000,0,REST,1.000000,0.99348920,0.00640746,0.00005221,0.00005113,0.00000000
open_02,2,OPEN,2,countdown,23,2.500907,0,REST,0,REST,0.999123,0.000000,1150,1250,0,REST,1.000000,0,REST,1.000000,0,REST,1.000000,0,REST,1.000000,0.99912345,0.00085353,0.00001360,0.00000942,0.00000000
open_02,2,OPEN,2,countdown,24,2.604940,0,REST,0,REST,0.999098,0.000000,1200,1300,0,REST,1.000000,0,REST,1.000000,0,REST,1.000000,0,REST,1.000000,0.99909824,0.00087278,0.00001972,0.00000926,0.00000000
open_02,2,OPEN,2,countdown,25,2.698882,0,REST,0,REST,0.998474,0.000000,1250,1350,0,REST,1.000000,0,REST,1.000000,0,REST,1.000000,0,REST,1.000000,0.99847439,0.00146740,0.00004003,0.00001819,0.00000000
open_02,2,OPEN,2,countdown,26,2.798792,0,REST,0,REST,0.999660,0.000000,1300,1400,0,REST,1.000000,0,REST,1.000000,0,REST,1.000000,0,REST,1.000000,0.99965988,0.00031662,0.00002183,0.00000167,0.00000000
open_02,2,OPEN,2,countdown,27,2.899059,0,REST,0,REST,0.999904,0.000000,1350,1450,0,REST,1.000000,0,REST,1.000000,0,REST,1.000000,0,REST,1.000000,0.99990397,0.00007751,0.00001784,0.00000068,0.00000000
open_02,2,OPEN,2,countdown,28,2.998948,0,REST,0,REST,0.999835,0.000000,1400,1500,0,REST,1.000000,0,REST,1.000000,0,REST,1.000000,0,REST,1.000000,0.99983523,0.00013130,0.00003020,0.00000326,0.00000000
open_02,2,OPEN,2,active,29,3.099761,0,REST,0,REST,0.951746,0.000000,1450,1550,0,REST,1.000000,0,REST,1.000000,0,REST,1.000000,0,REST,1.000000,0.95174567,0.03258026,0.01498757,0.00068650,0.00000001
open_02,2,OPEN,2,active,30,3.201158,2,OPEN,0,REST,0.998057,0.000000,1500,1600,0,REST,0.000000,0,REST,0.666667,0,REST,0.750000,0,REST,0.800000,0.00003609,0.00188528,0.99805705,0.00002157,0.00000000
open_02,2,OPEN,2,active,31,3.300844,2,OPEN,0,REST,0.999977,0.000000,1550,1650,2,OPEN,1.000000,2,OPEN,0.666667,0,REST,0.000000,0,REST,0.600000,0.00000011,0.00001942,0.99997677,0.00000005,0.00000365
open_02,2,OPEN,2,active,32,3.400903,2,OPEN,2,OPEN,0.982126,1.000000,1600,1700,2,OPEN,1.000000,2,OPEN,1.000000,2,OPEN,0.750000,2,OPEN,0.600000,0.00000252,0.00003540,0.98212597,0.00000118,0.01783494
open_02,2,OPEN,2,active,33,3.499793,2,OPEN,2,OPEN,0.985952,1.000000,1650,1750,2,OPEN,1.000000,2,OPEN,1.000000,2,OPEN,1.000000,2,OPEN,0.800000,0.00000160,0.00000924,0.98595204,0.00000028,0.01403685
open_02,2,OPEN,2,active,34,3.601159,2,OPEN,2,OPEN,0.797358,1.000000,1700,1800,2,OPEN,1.000000,2,OPEN,1.000000,2,OPEN,1.000000,2,OPEN,1.000000,0.00000135,0.00001210,0.79735843,0.00000001,0.20262812
open_02,2,OPEN,2,active,35,3.700979,2,OPEN,2,OPEN,0.999192,0.959467,1750,1850,2,OPEN,1.000000,2,OPEN,1.000000,2,OPEN,1.000000,2,OPEN,1.000000,0.00007292,0.00042789,0.99919240,0.00000055,0.00030625
open_02,2,OPEN,2,active,36,3.800834,2,OPEN,2,OPEN,0.999546,0.865101,1800,1900,2,OPEN,1.000000,2,OPEN,1.000000,2,OPEN,1.000000,2,OPEN,1.000000,0.00002921,0.00002508,0.99954595,0.00000013,0.00039964
open_02,2,OPEN,2,active,37,3.900710,2,OPEN,2,OPEN,0.999923,0.806850,1850,1950,2,OPEN,1.000000,2,OPEN,1.000000,2,OPEN,1.000000,2,OPEN,1.000000,0.00000431,0.00000051,0.99992341,0.00000000,0.00007176
open_02,2,OPEN,2,active,38,4.003418,2,OPEN,2,OPEN,0.994765,0.941135,1900,2000,2,OPEN,1.000000,2,OPEN,1.000000,2,OPEN,1.000000,2,OPEN,1.000000,0.00000689,0.00000261,0.99476477,0.00000000,0.00522572
open_02,2,OPEN,2,active,39,4.102960,0,REST,2,OPEN,0.527733,0.997245,1950,2050,0,REST,0.000000,2,OPEN,0.666667,2,OPEN,0.750000,2,OPEN,0.800000,0.00000615,0.00000427,0.47225635,0.00000001,0.52773322
open_02,2,OPEN,2,active,40,4.203592,2,OPEN,2,OPEN,0.983514,0.987745,2000,2100,0,REST,0.000000,2,OPEN,0.666667,2,OPEN,0.750000,2,OPEN,0.800000,0.00000441,0.00002315,0.98351422,0.00000005,0.01645817
open_02,2,OPEN,2,active,41,4.300762,2,OPEN,2,OPEN,0.998062,0.954140,2050,2150,2,OPEN,1.000000,2,OPEN,0.666667,2,OPEN,0.750000,2,OPEN,0.800000,0.00000419,0.00002187,0.99806200,0.00000002,0.00191192
open_02,2,OPEN,2,active,42,4.401568,2,OPEN,2,OPEN,0.999703,0.791683,2100,2200,2,OPEN,1.000000,2,OPEN,1.000000,2,OPEN,0.750000,2,OPEN,0.800000,0.00001709,0.00009776,0.99970329,0.00000060,0.00018125
open_02,2,OPEN,2,active,43,4.502015,2,OPEN,2,OPEN,0.999854,0.773436,2150,2250,2,OPEN,1.000000,2,OPEN,1.000000,2,OPEN,1.000000,2,OPEN,0.800000,0.00001006,0.00007827,0.99985381,0.00000246,0.00005540
open_02,2,OPEN,2,active,44,4.605916,4,EXTENSION,2,OPEN,0.700930,1.000000,2200,2300,0,REST,0.000000,2,OPEN,0.666667,2,OPEN,0.750000,2,OPEN,0.800000,0.00002775,0.00007005,0.29897200,0.00000025,0.70092995
open_02,2,OPEN,2,active,45,4.702750,4,EXTENSION,2,OPEN,0.987523,1.000000,2250,2350,4,EXTENSION,1.000000,4,EXTENSION,0.666667,0,REST,0.000000,2,OPEN,0.600000,0.00000015,0.00000027,0.01247622,0.00000000,0.98752336
open_02,2,OPEN,2,active,46,4.802220,2,OPEN,2,OPEN,0.999243,0.851370,2300,2400,0,REST,0.000000,4,EXTENSION,0.666667,0,REST,0.000000,2,OPEN,0.600000,0.00000044,0.00000113,0.99924288,0.00000002,0.00075553
open_02,2,OPEN,2,active,47,4.901774,2,OPEN,2,OPEN,0.999990,0.715412,2350,2450,2,OPEN,1.000000,2,OPEN,0.666667,0,REST,0.000000,2,OPEN,0.600000,0.00000016,0.00000129,0.99998991,0.00000000,0.00000864
open_02,2,OPEN,2,active,48,5.002594,2,OPEN,2,OPEN,0.999992,0.905669,2400,2500,2,OPEN,1.000000,2,OPEN,1.000000,2,OPEN,0.750000,2,OPEN,0.600000,0.00000002,0.00000754,0.99999238,0.00000000,0.00000005
open_02,2,OPEN,2,active,49,5.101923,2,OPEN,2,OPEN,0.999909,0.955051,2450,2550,2,OPEN,1.000000,2,OPEN,1.000000,2,OPEN,1.000000,2,OPEN,0.800000,0.00000931,0.00007903,0.99990861,0.00000002,0.00000303
open_02,2,OPEN,2,active,50,5.208723,2,OPEN,2,OPEN,0.987967,0.870889,2500,2600,2,OPEN,1.000000,2,OPEN,1.000000,2,OPEN,1.000000,2,OPEN,1.000000,0.00070130,0.00008245,0.98796672,0.00000019,0.01124934
open_03,2,OPEN,3,countdown,0,0.200175,3,FLEXION,3,FLEXION,1.000000,1.000000,0,100,0,REST,0.000000,0,REST,0.000000,0,REST,0.000000,0,REST,0.000000,0.00000000,0.00000000,0.00000000,1.00000000,0.00000000
open_03,2,OPEN,3,countdown,1,0.300561,4,EXTENSION,3,FLEXION,0.999995,1.000000,50,150,0,REST,0.000000,0,REST,0.000000,0,REST,0.000000,0,REST,0.000000,0.00000000,0.00000018,0.00000000,0.00000520,0.99999462
open_03,2,OPEN,3,countdown,2,0.400410,4,EXTENSION,4,EXTENSION,0.961592,1.000000,100,200,4,EXTENSION,1.000000,4,EXTENSION,0.666667,0,REST,0.000000,0,REST,0.000000,0.00000721,0.03103831,0.00000000,0.00736217,0.96159230
open_03,2,OPEN,3,countdown,3,0.503493,1,POWER,4,EXTENSION,0.978566,0.516319,150,250,0,REST,0.000000,4,EXTENSION,0.666667,0,REST,0.000000,0,REST,0.000000,0.00006817,0.97856642,0.00000105,0.01687260,0.00449177
open_03,2,OPEN,3,countdown,4,0.602305,1,POWER,4,EXTENSION,0.995640,0.148291,200,300,1,POWER,1.000000,1,POWER,0.666667,0,REST,0.000000,0,REST,0.000000,0.00003513,0.99563954,0.00000345,0.00430653,0.00001535
open_03,2,OPEN,3,countdown,5,0.706852,1,POWER,1,POWER,0.997590,0.180942,250,350,1,POWER,1.000000,1,POWER,1.000000,1,POWER,0.750000,1,POWER,0.600000,0.00003290,0.99758994,0.00000468,0.00237176,0.00000073
open_03,2,OPEN,3,countdown,6,0.800832,1,POWER,1,POWER,0.998047,0.047567,300,400,1,POWER,1.000000,1,POWER,1.000000,1,POWER,1.000000,1,POWER,0.800000,0.00002547,0.99804699,0.00000422,0.00192328,0.00000004
open_03,2,OPEN,3,countdown,7,0.901351,1,POWER,1,POWER,0.998104,0.000000,350,450,1,POWER,1.000000,1,POWER,1.000000,1,POWER,1.000000,1,POWER,1.000000,0.00001472,0.99810367,0.00000360,0.00187801,0.00000001
open_03,2,OPEN,3,countdown,8,1.001391,1,POWER,1,POWER,0.997588,0.000000,400,500,1,POWER,1.000000,1,POWER,1.000000,1,POWER,1.000000,1,POWER,1.000000,0.00003434,0.99758772,0.00000300,0.00237494,0.00000000
open_03,2,OPEN,3,countdown,9,1.102110,1,POWER,1,POWER,0.988237,0.000000,450,550,1,POWER,1.000000,1,POWER,1.000000,1,POWER,1.000000,1,POWER,1.000000,0.00874874,0.98823732,0.00003250,0.00298144,0.00000000
open_03,2,OPEN,3,countdown,10,1.202825,0,REST,1,POWER,0.843192,0.000000,500,600,0,REST,0.000000,1,POWER,0.666667,1,POWER,0.750000,1,POWER,0.800000,0.84319180,0.15560482,0.00048577,0.00071760,0.00000000
open_03,2,OPEN,3,countdown,11,1.302154,0,REST,1,POWER,0.955770,0.000000,550,650,0,REST,1.000000,0,REST,0.666667,0,REST,0.000000,1,POWER,0.600000,0.95577024,0.04335024,0.00038783,0.00049169,0.00000000
open_03,2,OPEN,3,countdown,12,1.401780,0,REST,0,REST,0.892107,0.000000,600,700,0,REST,1.000000,0,REST,1.000000,0,REST,0.750000,0,REST,0.600000,0.89210715,0.10380080,0.00120235,0.00288970,0.00000000
open_03,2,OPEN,3,countdown,13,1.504163,0,REST,0,REST,0.992186,0.000000,650,750,0,REST,1.000000,0,REST,1.000000,0,REST,1.000000,0,REST,0.800000,0.99218573,0.00719222,0.00054016,0.00008189,0.00000000
open_03,2,OPEN,3,countdown,14,1.602244,0,REST,0,REST,0.970132,0.000000,700,800,0,REST,1.000000,0,REST,1.000000,0,REST,1.000000,0,REST,1.000000,0.97013215,0.02900127,0.00080565,0.00006093,0.00000000
open_03,2,OPEN,3,countdown,15,1.702313,1,POWER,0,REST,0.746325,0.000000,750,850,0,REST,0.000000,0,REST,0.666667,0,REST,0.750000,0,REST,0.800000,0.24931069,0.74632496,0.00129395,0.00307040,0.00000000
open_03,2,OPEN,3,countdown,16,1.806247,1,POWER,0,REST,0.551114,0.000000,800,900,1,POWER,1.000000,1,POWER,0.666667,0,REST,0.000000,0,REST,0.600000,0.43607341,0.55111367,0.00134267,0.01147026,0.00000000
open_03,2,OPEN,3,countdown,17,1.903472,0,REST,0,REST,0.981377,0.000000,850,950,0,REST,0.000000,1,POWER,0.666667,0,REST,0.000000,0,REST,0.600000,0.98137697,0.01691772,0.00121102,0.00049428,0.00000000
open_03,2,OPEN,3,countdown,18,2.004248,0,REST,0,REST,0.971797,0.000000,900,1000,0,REST,1.000000,0,REST,0.666667,0,REST,0.000000,0,REST,0.600000,0.97179680,0.02628094,0.00178128,0.00014098,0.00000000
open_03,2,OPEN,3,countdown,19,2.103344,0,REST,0,REST,0.956371,0.000000,950,1050,0,REST,1.000000,0,REST,1.000000,0,REST,0.750000,0,REST,0.600000,0.95637120,0.04332063,0.00016644,0.00014174,0.00000000
open_03,2,OPEN,3,countdown,20,2.204776,0,REST,0,REST,0.996097,0.000000,1000,1100,0,REST,1.000000,0,REST,1.000000,0,REST,1.000000,0,REST,0.800000,0.99609651,0.00384484,0.00003485,0.00002380,0.00000000
open_03,2,OPEN,3,countdown,21,2.303352,0,REST,0,REST,0.998620,0.000000,1050,1150,0,REST,1.000000,0,REST,1.000000,0,REST,1.000000,0,REST,1.000000,0.99862030,0.00132223,0.00004663,0.00001083,0.00000000
open_03,2,OPEN,3,countdown,22,2.403687,0,REST,0,REST,0.996720,0.000000,1100,1200,0,REST,1.000000,0,REST,1.000000,0,REST,1.000000,0,REST,1.000000,0.99672013,0.00315974,0.00007922,0.00004091,0.00000000
open_03,2,OPEN,3,countdown,23,2.503531,0,REST,0,REST,0.992863,0.000000,1150,1250,0,REST,1.000000,0,REST,1.000000,0,REST,1.000000,0,REST,1.000000,0.99286275,0.00635258,0.00071477,0.00006989,0.00000000
open_03,2,OPEN,3,countdown,24,2.603904,0,REST,0,REST,0.992793,0.000000,1200,1300,0,REST,1.000000,0,REST,1.000000,0,REST,1.000000,0,REST,1.000000,0.99279293,0.00615439,0.00098453,0.00006815,0.00000000
open_03,2,OPEN,3,countdown,25,2.704264,0,REST,0,REST,0.912663,0.000000,1250,1350,0,REST,1.000000,0,REST,1.000000,0,REST,1.000000,0,REST,1.000000,0.91266284,0.08622498,0.00073077,0.00038140,0.00000000
open_03,2,OPEN,3,countdown,26,2.804376,0,REST,0,REST,0.957506,0.000000,1300,1400,0,REST,1.000000,0,REST,1.000000,0,REST,1.000000,0,REST,1.000000,0.95750578,0.04188427,0.00033023,0.00027972,0.00000000
open_03,2,OPEN,3,countdown,27,2.904246,0,REST,0,REST,0.988081,0.000000,1350,1450,0,REST,1.000000,0,REST,1.000000,0,REST,1.000000,0,REST,1.000000,0.98808069,0.01157452,0.00021620,0.00012858,0.00000000
open_03,2,OPEN,3,active,28,3.005225,0,REST,0,REST,0.672314,0.000000,1400,1500,0,REST,1.000000,0,REST,1.000000,0,REST,1.000000,0,REST,1.000000,0.67231422,0.32613545,0.00059718,0.00095315,0.00000000
open_03,2,OPEN,3,active,29,3.105318,0,REST,0,REST,0.715993,0.000000,1450,1550,0,REST,1.000000,0,REST,1.000000,0,REST,1.000000,0,REST,1.000000,0.71599294,0.28196992,0.00162385,0.00041330,0.00000000
open_03,2,OPEN,3,active,30,3.206392,2,OPEN,0,REST,0.996349,0.000000,1500,1600,0,REST,0.000000,0,REST,0.666667,0,REST,0.750000,0,REST,0.800000,0.00130835,0.00204301,0.99634920,0.00029759,0.00000185
open_03,2,OPEN,3,active,31,3.306901,2,OPEN,0,REST,0.985367,0.000000,1550,1650,2,OPEN,1.000000,2,OPEN,0.666667,0,REST,0.000000,0,REST,0.600000,0.00003199,0.00082743,0.98536658,0.00007051,0.01370348
open_03,2,OPEN,3,active,32,3.407081,2,OPEN,2,OPEN,0.999865,1.000000,1600,1700,2,OPEN,1.000000,2,OPEN,1.000000,2,OPEN,0.750000,2,OPEN,0.600000,0.00000182,0.00001090,0.99986504,0.00000008,0.00012215
open_03,2,OPEN,3,active,33,3.506717,2,OPEN,2,OPEN,0.999997,1.000000,1650,1750,2,OPEN,1.000000,2,OPEN,1.000000,2,OPEN,1.000000,2,OPEN,0.800000,0.00000073,0.00000210,0.99999700,0.00000002,0.00000014
open_03,2,OPEN,3,active,34,3.607582,2,OPEN,2,OPEN,0.999987,0.858933,1700,1800,2,OPEN,1.000000,2,OPEN,1.000000,2,OPEN,1.000000,2,OPEN,1.000000,0.00000302,0.00000367,0.99998670,0.00000003,0.00000658
open_03,2,OPEN,3,active,35,3.706248,2,OPEN,2,OPEN,0.999992,0.791183,1750,1850,2,OPEN,1.000000,2,OPEN,1.000000,2,OPEN,1.000000,2,OPEN,1.000000,0.00000122,0.00000571,0.99999189,0.00000000,0.00000118
open_03,2,OPEN,3,active,36,3.805497,2,OPEN,2,OPEN,0.999158,0.745054,1800,1900,2,OPEN,1.000000,2,OPEN,1.000000,2,OPEN,1.000000,2,OPEN,1.000000,0.00001862,0.00079698,0.99915767,0.00000008,0.00002664
open_03,2,OPEN,3,active,37,3.906357,2,OPEN,2,OPEN,0.999856,0.679890,1850,1950,2,OPEN,1.000000,2,OPEN,1.000000,2,OPEN,1.000000,2,OPEN,1.000000,0.00000998,0.00013411,0.99985562,0.00000017,0.00000012
open_03,2,OPEN,3,active,38,4.006543,2,OPEN,2,OPEN,0.999938,0.688347,1900,2000,2,OPEN,1.000000,2,OPEN,1.000000,2,OPEN,1.000000,2,OPEN,1.000000,0.00000284,0.00005906,0.99993799,0.00000010,0.00000001
open_03,2,OPEN,3,active,39,4.107720,2,OPEN,2,OPEN,0.999555,0.711108,1950,2050,2,OPEN,1.000000,2,OPEN,1.000000,2,OPEN,1.000000,2,OPEN,1.000000,0.00001446,0.00042892,0.99955501,0.00000130,0.00000030
open_03,2,OPEN,3,active,40,4.207072,2,OPEN,2,OPEN,0.998620,0.666552,2000,2100,2,OPEN,1.000000,2,OPEN,1.000000,2,OPEN,1.000000,2,OPEN,1.000000,0.00003186,0.00133726,0.99862028,0.00001016,0.00000044
open_03,2,OPEN,3,active,41,4.306307,2,OPEN,2,OPEN,0.999545,0.754200,2050,2150,2,OPEN,1.000000,2,OPEN,1.000000,2,OPEN,1.000000,2,OPEN,1.000000,0.00000254,0.00043960,0.99954512,0.00001271,0.00000002
open_03,2,OPEN,3,active,42,4.407448,2,OPEN,2,OPEN,0.999802,0.850580,2100,2200,2,OPEN,1.000000,2,OPEN,1.000000,2,OPEN,1.000000,2,OPEN,1.000000,0.00000009,0.00019628,0.99980239,0.00000124,0.00000000
open_04,2,OPEN,4,countdown,0,0.200804,3,FLEXION,3,FLEXION,1.000000,1.000000,0,100,0,REST,0.000000,0,REST,0.000000,0,REST,0.000000,0,REST,0.000000,0.00000000,0.00000000,0.00000000,1.00000000,0.00000000
open_04,2,OPEN,4,countdown,1,0.300945,4,EXTENSION,3,FLEXION,0.999999,1.000000,50,150,0,REST,0.000000,0,REST,0.000000,0,REST,0.000000,0,REST,0.000000,0.00000000,0.00000022,0.00000000,0.00000074,0.99999904
open_04,2,OPEN,4,countdown,2,0.400384,4,EXTENSION,4,EXTENSION,0.975247,1.000000,100,200,4,EXTENSION,1.000000,4,EXTENSION,0.666667,0,REST,0.000000,0,REST,0.000000,0.00000466,0.02403277,0.00000001,0.00071533,0.97524724
open_04,2,OPEN,4,countdown,3,0.500823,1,POWER,4,EXTENSION,0.990323,0.508468,150,250,0,REST,0.000000,4,EXTENSION,0.666667,0,REST,0.000000,0,REST,0.000000,0.00005067,0.99032253,0.00000263,0.00350502,0.00611914
open_04,2,OPEN,4,countdown,4,0.601194,1,POWER,4,EXTENSION,0.998652,0.139439,200,300,1,POWER,1.000000,1,POWER,0.666667,0,REST,0.000000,0,REST,0.000000,0.00002329,0.99865236,0.00000599,0.00130762,0.00001073
open_04,2,OPEN,4,countdown,5,0.700826,1,POWER,1,POWER,0.999075,0.174115,250,350,1,POWER,1.000000,1,POWER,1.000000,1,POWER,0.750000,1,POWER,0.600000,0.00001833,0.99907493,0.00000686,0.00089974,0.00000014
open_04,2,OPEN,4,countdown,6,0.801906,1,POWER,1,POWER,0.999003,0.045732,300,400,1,POWER,1.000000,1,POWER,1.000000,1,POWER,1.000000,1,POWER,0.800000,0.00001683,0.99900312,0.00000432,0.00097571,0.00000002
open_04,2,OPEN,4,countdown,7,0.901665,1,POWER,1,POWER,0.999249,0.000000,350,450,1,POWER,1.000000,1,POWER,1.000000,1,POWER,1.000000,1,POWER,1.000000,0.00004874,0.99924908,0.00000958,0.00069259,0.00000001
open_04,2,OPEN,4,countdown,8,1.002161,1,POWER,1,POWER,0.999652,0.000000,400,500,1,POWER,1.000000,1,POWER,1.000000,1,POWER,1.000000,1,POWER,1.000000,0.00004423,0.99965194,0.00000186,0.00030197,0.00000000
open_04,2,OPEN,4,countdown,9,1.102255,1,POWER,1,POWER,0.998241,0.000000,450,550,1,POWER,1.000000,1,POWER,1.000000,1,POWER,1.000000,1,POWER,1.000000,0.00099817,0.99824067,0.00000522,0.00075594,0.00000000
open_04,2,OPEN,4,countdown,10,1.201943,1,POWER,1,POWER,0.849495,0.000000,500,600,1,POWER,1.000000,1,POWER,1.000000,1,POWER,1.000000,1,POWER,1.000000,0.14808417,0.84949477,0.00035842,0.00206264,0.00000000
open_04,2,OPEN,4,countdown,11,1.302340,0,REST,1,POWER,0.619619,0.000000,550,650,0,REST,0.000000,1,POWER,0.666667,1,POWER,0.750000,1,POWER,0.800000,0.61961911,0.37751980,0.00063022,0.00223087,0.00000000
open_04,2,OPEN,4,countdown,12,1.403257,0,REST,1,POWER,0.909340,0.000000,600,700,0,REST,1.000000,0,REST,0.666667,0,REST,0.000000,1,POWER,0.600000,0.90933952,0.08906020,0.00021185,0.00138842,0.00000000
open_04,2,OPEN,4,countdown,13,1.503115,0,REST,0,REST,0.970363,0.000000,650,750,0,REST,1.000000,0,REST,1.000000,0,REST,0.750000,0,REST,0.600000,0.97036252,0.02904621,0.00017574,0.00041554,0.00000000
open_04,2,OPEN,4,countdown,14,1.602237,0,REST,0,REST,0.986836,0.000000,700,800,0,REST,1.000000,0,REST,1.000000,0,REST,1.000000,0,REST,0.800000,0.98683599,0.01282300,0.00010333,0.00023768,0.00000000
open_04,2,OPEN,4,countdown,15,1.703336,0,REST,0,REST,0.996182,0.000000,750,850,0,REST,1.000000,0,REST,1.000000,0,REST,1.000000,0,REST,1.000000,0.99618215,0.00356843,0.00007999,0.00016942,0.00000000
open_04,2,OPEN,4,countdown,16,1.802668,0,REST,0,REST,0.968580,0.000000,800,900,0,REST,1.000000,0,REST,1.000000,0,REST,1.000000,0,REST,1.000000,0.96857999,0.03071482,0.00010375,0.00060145,0.00000000
open_04,2,OPEN,4,countdown,17,1.903126,0,REST,0,REST,0.899273,0.000000,850,950,0,REST,1.000000,0,REST,1.000000,0,REST,1.000000,0,REST,1.000000,0.89927338,0.10012451,0.00019289,0.00040922,0.00000000
open_04,2,OPEN,4,countdown,18,2.006267,0,REST,0,REST,0.978269,0.000000,900,1000,0,REST,1.000000,0,REST,1.000000,0,REST,1.000000,0,REST,1.000000,0.97826875,0.02133064,0.00011621,0.00028440,0.00000000
open_04,2,OPEN,4,countdown,19,2.103168,0,REST,0,REST,0.986626,0.000000,950,1050,0,REST,1.000000,0,REST,1.000000,0,REST,1.000000,0,REST,1.000000,0.98662628,0.01300926,0.00009948,0.00026497,0.00000000
open_04,2,OPEN,4,countdown,20,2.203583,0,REST,0,REST,0.994235,0.000000,1000,1100,0,REST,1.000000,0,REST,1.000000,0,REST,1.000000,0,REST,1.000000,0.99423493,0.00561166,0.00011751,0.00003590,0.00000000
open_04,2,OPEN,4,countdown,21,2.305248,0,REST,0,REST,0.995507,0.000000,1050,1150,0,REST,1.000000,0,REST,1.000000,0,REST,1.000000,0,REST,1.000000,0.99550744,0.00428961,0.00017551,0.00002744,0.00000000
open_04,2,OPEN,4,countdown,22,2.404256,0,REST,0,REST,0.998255,0.000000,1100,1200,0,REST,1.000000,0,REST,1.000000,0,REST,1.000000,0,REST,1.000000,0.99825484,0.00153273,0.00018823,0.00002419,0.00000000
open_04,2,OPEN,4,countdown,23,2.504120,0,REST,0,REST,0.995256,0.000000,1150,1250,0,REST,1.000000,0,REST,1.000000,0,REST,1.000000,0,REST,1.000000,0.99525626,0.00423972,0.00044083,0.00006319,0.00000000
open_04,2,OPEN,4,countdown,24,2.604357,0,REST,0,REST,0.934332,0.000000,1200,1300,0,REST,1.000000,0,REST,1.000000,0,REST,1.000000,0,REST,1.000000,0.93433181,0.06352572,0.00116578,0.00097670,0.00000000
open_04,2,OPEN,4,countdown,25,2.704279,0,REST,0,REST,0.951490,0.000000,1250,1350,0,REST,1.000000,0,REST,1.000000,0,REST,1.000000,0,REST,1.000000,0.95148957,0.04677328,0.00125508,0.00048206,0.00000000
open_04,2,OPEN,4,countdown,26,2.805104,0,REST,0,REST,0.988203,0.000000,1300,1400,0,REST,1.000000,0,REST,1.000000,0,REST,1.000000,0,REST,1.000000,0.98820255,0.01099246,0.00056582,0.00023917,0.00000000
open_04,2,OPEN,4,countdown,27,2.904525,0,REST,0,REST,0.987121,0.000000,1350,1450,0,REST,1.000000,0,REST,1.000000,0,REST,1.000000,0,REST,1.000000,0.98712051,0.01253886,0.00019687,0.00014376,0.00000000
open_04,2,OPEN,4,active,28,3.005072,0,REST,0,REST,0.977424,0.000000,1400,1500,0,REST,1.000000,0,REST,1.000000,0,REST,1.000000,0,REST,1.000000,0.97742374,0.02206582,0.00038195,0.00012849,0.00000000
open_04,2,OPEN,4,active,29,3.108332,0,REST,0,REST,0.749242,0.000000,1450,1550,0,REST,1.000000,0,REST,1.000000,0,REST,1.000000,0,REST,1.000000,0.74924161,0.24978589,0.00069562,0.00027688,0.00000000
open_04,2,OPEN,4,active,30,3.205558,1,POWER,0,REST,0.734336,0.000000,1500,1600,0,REST,0.000000,0,REST,0.666667,0,REST,0.750000,0,REST,0.800000,0.05714977,0.73433628,0.09383485,0.00078177,0.11389732
open_04,2,OPEN,4,active,31,3.306317,4,EXTENSION,0,REST,0.919633,0.000000,1550,1650,0,REST,0.000000,0,REST,0.000000,0,REST,0.000000,0,REST,0.600000,0.00000042,0.00137891,0.07898381,0.00000370,0.91963316
open_04,2,OPEN,4,active,32,3.407461,2,OPEN,0,REST,0.998341,0.000000,1600,1700,0,REST,0.000000,0,REST,0.000000,0,REST,0.000000,0,REST,0.000000,0.00000060,0.00163076,0.99834093,0.00002205,0.00000566
open_04,2,OPEN,4,active,33,3.506386,2,OPEN,0,REST,0.999831,0.000000,1650,1750,2,OPEN,1.000000,2,OPEN,0.666667,0,REST,0.000000,0,REST,0.000000,0.00000162,0.00016698,0.99983089,0.00000022,0.00000029
open_04,2,OPEN,4,active,34,3.606289,2,OPEN,2,OPEN,0.999947,0.954216,1700,1800,2,OPEN,1.000000,2,OPEN,1.000000,2,OPEN,0.750000,2,OPEN,0.600000,0.00000017,0.00002114,0.99994677,0.00000000,0.00003192
open_04,2,OPEN,4,active,35,3.711902,2,OPEN,2,OPEN,0.999960,0.874158,1750,1850,2,OPEN,1.000000,2,OPEN,1.000000,2,OPEN,1.000000,2,OPEN,0.800000,0.00000443,0.00003307,0.99996034,0.00000000,0.00000215
open_04,2,OPEN,4,active,36,3.807985,2,OPEN,2,OPEN,0.998496,0.768714,1800,1900,2,OPEN,1.000000,2,OPEN,1.000000,2,OPEN,1.000000,2,OPEN,1.000000,0.00038396,0.00111834,0.99849592,0.00000174,0.00000004
open_04,2,OPEN,4,active,37,3.907462,2,OPEN,2,OPEN,0.940062,0.693862,1850,1950,2,OPEN,1.000000,2,OPEN,1.000000,2,OPEN,1.000000,2,OPEN,1.000000,0.01393334,0.04197969,0.94006159,0.00233791,0.00168747
open_04,2,OPEN,4,active,38,4.006873,2,OPEN,2,OPEN,0.997585,0.588351,1900,2000,2,OPEN,1.000000,2,OPEN,1.000000,2,OPEN,1.000000,2,OPEN,1.000000,0.00052284,0.00179098,0.99758549,0.00000382,0.00009688
open_04,2,OPEN,4,active,39,4.108440,2,OPEN,2,OPEN,0.999966,0.576762,1950,2050,2,OPEN,1.000000,2,OPEN,1.000000,2,OPEN,1.000000,2,OPEN,1.000000,0.00001491,0.00001933,0.99996576,0.00000000,0.00000000
open_04,2,OPEN,4,active,40,4.206755,2,OPEN,2,OPEN,0.999990,0.583249,2000,2100,2,OPEN,1.000000,2,OPEN,1.000000,2,OPEN,1.000000,2,OPEN,1.000000,0.00000496,0.00000530,0.99998966,0.00000000,0.00000009
open_04,2,OPEN,4,active,41,4.308684,2,OPEN,2,OPEN,0.999872,0.548149,2050,2150,2,OPEN,1.000000,2,OPEN,1.000000,2,OPEN,1.000000,2,OPEN,1.000000,0.00000858,0.00011981,0.99987157,0.00000003,0.00000001
open_04,2,OPEN,4,active,42,4.408750,2,OPEN,2,OPEN,0.999810,0.529884,2100,2200,2,OPEN,1.000000,2,OPEN,1.000000,2,OPEN,1.000000,2,OPEN,1.000000,0.00002710,0.00016254,0.99980993,0.00000044,0.00000000
open_04,2,OPEN,4,active,43,4.509176,2,OPEN,2,OPEN,0.999947,0.632906,2150,2250,2,OPEN,1.000000,2,OPEN,1.000000,2,OPEN,1.000000,2,OPEN,1.000000,0.00000660,0.00004509,0.99994748,0.00000063,0.00000020
open_04,2,OPEN,4,active,44,4.610181,2,OPEN,2,OPEN,0.999835,0.713216,2200,2300,2,OPEN,1.000000,2,OPEN,1.000000,2,OPEN,1.000000,2,OPEN,1.000000,0.00000443,0.00014481,0.99983482,0.00000039,0.00001555
open_05,2,OPEN,5,countdown,0,0.194800,3,FLEXION,3,FLEXION,1.000000,1.000000,0,100,0,REST,0.000000,0,REST,0.000000,0,REST,0.000000,0,REST,0.000000,0.00000000,0.00000000,0.00000000,1.00000000,0.00000000
open_05,2,OPEN,5,countdown,1,0.295859,4,EXTENSION,3,FLEXION,0.999999,1.000000,50,150,0,REST,0.000000,0,REST,0.000000,0,REST,0.000000,0,REST,0.000000,0.00000000,0.00000020,0.00000000,0.00000052,0.99999928
open_05,2,OPEN,5,countdown,2,0.395848,4,EXTENSION,4,EXTENSION,0.963046,1.000000,100,200,4,EXTENSION,1.000000,4,EXTENSION,0.666667,0,REST,0.000000,0,REST,0.000000,0.00001222,0.03513082,0.00000002,0.00181068,0.96304626
open_05,2,OPEN,5,countdown,3,0.496497,1,POWER,4,EXTENSION,0.989439,0.511319,150,250,0,REST,0.000000,4,EXTENSION,0.666667,0,REST,0.000000,0,REST,0.000000,0.00007536,0.98943928,0.00000292,0.00790291,0.00257954
open_05,2,OPEN,5,countdown,4,0.595323,1,POWER,4,EXTENSION,0.996786,0.147998,200,300,1,POWER,1.000000,1,POWER,0.666667,0,REST,0.000000,0,REST,0.000000,0.00003165,0.99678622,0.00000581,0.00317102,0.00000530
open_05,2,OPEN,5,countdown,5,0.696076,1,POWER,1,POWER,0.998129,0.177055,250,350,1,POWER,1.000000,1,POWER,1.000000,1,POWER,0.750000,1,POWER,0.600000,0.00002525,0.99812940,0.00000766,0.00183761,0.00000008
open_05,2,OPEN,5,countdown,6,0.795886,1,POWER,1,POWER,0.997292,0.040818,300,400,1,POWER,1.000000,1,POWER,1.000000,1,POWER,1.000000,1,POWER,0.800000,0.00002022,0.99729161,0.00000245,0.00268571,0.00000000
open_05,2,OPEN,5,countdown,7,0.896755,1,POWER,1,POWER,0.997439,0.000000,350,450,1,POWER,1.000000,1,POWER,1.000000,1,POWER,1.000000,1,POWER,1.000000,0.00001748,0.99743856,0.00000087,0.00254308,0.00000000
open_05,2,OPEN,5,countdown,8,0.997747,1,POWER,1,POWER,0.995646,0.000000,400,500,1,POWER,1.000000,1,POWER,1.000000,1,POWER,1.000000,1,POWER,1.000000,0.00110636,0.99564606,0.00000195,0.00324562,0.00000000
open_05,2,OPEN,5,countdown,9,1.096644,1,POWER,1,POWER,0.951064,0.000000,450,550,1,POWER,1.000000,1,POWER,1.000000,1,POWER,1.000000,1,POWER,1.000000,0.04454755,0.95106383,0.00000758,0.00438104,0.00000000
open_05,2,OPEN,5,countdown,10,1.198737,1,POWER,1,POWER,0.665624,0.000000,500,600,1,POWER,1.000000,1,POWER,1.000000,1,POWER,1.000000,1,POWER,1.000000,0.33018723,0.66562424,0.00013281,0.00405573,0.00000000
open_05,2,OPEN,5,countdown,11,1.300039,0,REST,1,POWER,0.901906,0.000000,550,650,0,REST,0.000000,1,POWER,0.666667,1,POWER,0.750000,1,POWER,0.800000,0.90190622,0.09628682,0.00053212,0.00127484,0.00000000
open_05,2,OPEN,5,countdown,12,1.397542,0,REST,1,POWER,0.953401,0.000000,600,700,0,REST,1.000000,0,REST,0.666667,0,REST,0.000000,1,POWER,0.600000,0.95340074,0.04626023,0.00014408,0.00019496,0.00000000
open_05,2,OPEN,5,countdown,13,1.497426,0,REST,0,REST,0.992682,0.000000,650,750,0,REST,1.000000,0,REST,1.000000,0,REST,0.750000,0,REST,0.600000,0.99268193,0.00719672,0.00010400,0.00001736,0.00000000
open_05,2,OPEN,5,countdown,14,1.597536,0,REST,0,REST,0.992068,0.000000,700,800,0,REST,1.000000,0,REST,1.000000,0,REST,1.000000,0,REST,0.800000,0.99206764,0.00758521,0.00027526,0.00007189,0.00000000
open_05,2,OPEN,5,countdown,15,1.697758,0,REST,0,REST,0.975200,0.000000,750,850,0,REST,1.000000,0,REST,1.000000,0,REST,1.000000,0,REST,1.000000,0.97519968,0.02402694,0.00044684,0.00032653,0.00000000
open_05,2,OPEN,5,countdown,16,1.798050,0,REST,0,REST,0.999544,0.000000,800,900,0,REST,1.000000,0,REST,1.000000,0,REST,1.000000,0,REST,1.000000,0.99954372,0.00034456,0.00010700,0.00000472,0.00000000
open_05,2,OPEN,5,countdown,17,1.898782,0,REST,0,REST,0.999933,0.000000,850,950,0,REST,1.000000,0,REST,1.000000,0,REST,1.000000,0,REST,1.000000,0.99993283,0.00004359,0.00002289,0.00000070,0.00000000
open_05,2,OPEN,5,countdown,18,1.998415,0,REST,0,REST,0.962426,0.000000,900,1000,0,REST,1.000000,0,REST,1.000000,0,REST,1.000000,0,REST,1.000000,0.96242575,0.03679584,0.00025332,0.00052509,0.00000000
open_05,2,OPEN,5,countdown,19,2.098032,0,REST,0,REST,0.689302,0.000000,950,1050,0,REST,1.000000,0,REST,1.000000,0,REST,1.000000,0,REST,1.000000,0.68930160,0.30833502,0.00035513,0.00200825,0.00000000
open_05,2,OPEN,5,countdown,20,2.198338,0,REST,0,REST,0.973825,0.000000,1000,1100,0,REST,1.000000,0,REST,1.000000,0,REST,1.000000,0,REST,1.000000,0.97382462,0.02487722,0.00101814,0.00028002,0.00000000
open_05,2,OPEN,5,countdown,21,2.299098,0,REST,0,REST,0.897251,0.000000,1050,1150,0,REST,1.000000,0,REST,1.000000,0,REST,1.000000,0,REST,1.000000,0.89725098,0.09822709,0.00349477,0.00102715,0.00000001
open_05,2,OPEN,5,countdown,22,2.399918,0,REST,0,REST,0.978148,0.000000,1100,1200,0,REST,1.000000,0,REST,1.000000,0,REST,1.000000,0,REST,1.000000,0.97814821,0.02084733,0.00086972,0.00013474,0.00000000
open_05,2,OPEN,5,countdown,23,2.499187,0,REST,0,REST,0.997899,0.000000,1150,1250,0,REST,1.000000,0,REST,1.000000,0,REST,1.000000,0,REST,1.000000,0.99789856,0.00189139,0.00019619,0.00001386,0.00000000
open_05,2,OPEN,5,countdown,24,2.599421,0,REST,0,REST,0.993876,0.000000,1200,1300,0,REST,1.000000,0,REST,1.000000,0,REST,1.000000,0,REST,1.000000,0.99387629,0.00588162,0.00017389,0.00006820,0.00000000
open_05,2,OPEN,5,countdown,25,2.702031,0,REST,0,REST,0.996919,0.000000,1250,1350,0,REST,1.000000,0,REST,1.000000,0,REST,1.000000,0,REST,1.000000,0.99691929,0.00291773,0.00009152,0.00007146,0.00000000
open_05,2,OPEN,5,countdown,26,2.799376,0,REST,0,REST,0.993222,0.000000,1300,1400,0,REST,1.000000,0,REST,1.000000,0,REST,1.000000,0,REST,1.000000,0.99322249,0.00664257,0.00008539,0.00004955,0.00000000
open_05,2,OPEN,5,countdown,27,2.899836,0,REST,0,REST,0.992275,0.000000,1350,1450,0,REST,1.000000,0,REST,1.000000,0,REST,1.000000,0,REST,1.000000,0.99227474,0.00757788,0.00010553,0.00004185,0.00000000
open_05,2,OPEN,5,active,28,3.004413,0,REST,0,REST,0.412123,0.000000,1400,1500,0,REST,1.000000,0,REST,1.000000,0,REST,1.000000,0,REST,1.000000,0.34017245,0.24558039,0.41212266,0.00202795,0.00009655
open_05,2,OPEN,5,active,29,3.101053,4,EXTENSION,0,REST,0.866049,0.000000,1450,1550,0,REST,0.000000,0,REST,0.666667,0,REST,0.750000,0,REST,0.800000,0.00012669,0.00049533,0.13301726,0.00031183,0.86604888
open_05,2,OPEN,5,active,30,3.202025,4,EXTENSION,0,REST,0.891721,0.000000,1500,1600,4,EXTENSION,1.000000,4,EXTENSION,0.666667,0,REST,0.000000,0,REST,0.600000,0.00000244,0.00000750,0.10826538,0.00000369,0.89172098
open_05,2,OPEN,5,active,31,3.299966,2,OPEN,0,REST,0.999640,0.000000,1550,1650,0,REST,0.000000,4,EXTENSION,0.666667,0,REST,0.000000,0,REST,0.000000,0.00000010,0.00000321,0.99964034,0.00000000,0.00035636
open_05,2,OPEN,5,active,32,3.400317,2,OPEN,0,REST,0.999998,0.000000,1600,1700,2,OPEN,1.000000,2,OPEN,0.666667,0,REST,0.000000,0,REST,0.000000,0.00000013,0.00000188,0.99999766,0.00000001,0.00000032
open_05,2,OPEN,5,active,33,3.502207,2,OPEN,2,OPEN,0.999961,0.746260,1650,1750,2,OPEN,1.000000,2,OPEN,1.000000,2,OPEN,0.750000,2,OPEN,0.600000,0.00000870,0.00002609,0.99996064,0.00000009,0.00000449
open_05,2,OPEN,5,active,34,3.602133,2,OPEN,2,OPEN,0.999993,0.587434,1700,1800,2,OPEN,1.000000,2,OPEN,1.000000,2,OPEN,1.000000,2,OPEN,0.800000,0.00000351,0.00000313,0.99999321,0.00000000,0.00000014
open_05,2,OPEN,5,active,35,3.703201,2,OPEN,2,OPEN,0.999950,0.589884,1750,1850,2,OPEN,1.000000,2,OPEN,1.000000,2,OPEN,1.000000,2,OPEN,1.000000,0.00003333,0.00001626,0.99995036,0.00000002,0.00000003
open_05,2,OPEN,5,active,36,3.802101,2,OPEN,2,OPEN,0.997458,0.566118,1800,1900,2,OPEN,1.000000,2,OPEN,1.000000,2,OPEN,1.000000,2,OPEN,1.000000,0.00106555,0.00146287,0.99745828,0.00000486,0.00000844
open_05,2,OPEN,5,active,37,3.900939,2,OPEN,2,OPEN,0.999553,0.601815,1850,1950,2,OPEN,1.000000,2,OPEN,1.000000,2,OPEN,1.000000,2,OPEN,1.000000,0.00012928,0.00027559,0.99955343,0.00000008,0.00004162
open_05,2,OPEN,5,active,38,4.001601,2,OPEN,2,OPEN,0.999272,0.598095,1900,2000,2,OPEN,1.000000,2,OPEN,1.000000,2,OPEN,1.000000,2,OPEN,1.000000,0.00022674,0.00046883,0.99927196,0.00000001,0.00003246
open_05,2,OPEN,5,active,39,4.102919,2,OPEN,2,OPEN,0.999773,0.578238,1950,2050,2,OPEN,1.000000,2,OPEN,1.000000,2,OPEN,1.000000,2,OPEN,1.000000,0.00004703,0.00018031,0.99977260,0.00000002,0.00000004
open_05,2,OPEN,5,active,40,4.201762,2,OPEN,2,OPEN,0.999901,0.508314,2000,2100,2,OPEN,1.000000,2,OPEN,1.000000,2,OPEN,1.000000,2,OPEN,1.000000,0.00001366,0.00008491,0.99990139,0.00000004,0.00000000
open_05,2,OPEN,5,active,41,4.301853,2,OPEN,2,OPEN,0.999826,0.397645,2050,2150,2,OPEN,1.000000,2,OPEN,1.000000,2,OPEN,1.000000,2,OPEN,1.000000,0.00006084,0.00011328,0.99982586,0.00000001,0.00000001
open_05,2,OPEN,5,active,42,4.401783,2,OPEN,2,OPEN,0.999900,0.456359,2100,2200,2,OPEN,1.000000,2,OPEN,1.000000,2,OPEN,1.000000,2,OPEN,1.000000,0.00007576,0.00002405,0.99989984,0.00000004,0.00000031
open_05,2,OPEN,5,active,43,4.502339,2,OPEN,2,OPEN,0.999995,0.532359,2150,2250,2,OPEN,1.000000,2,OPEN,1.000000,2,OPEN,1.000000,2,OPEN,1.000000,0.00000044,0.00000428,0.99999524,0.00000000,0.00000004
flexion_01,3,FLEXION,1,countdown,0,0.197008,3,FLEXION,3,FLEXION,1.000000,1.000000,0,100,0,REST,0.000000,0,REST,0.000000,0,REST,0.000000,0,REST,0.000000,0.00000000,0.00000000,0.00000000,1.00000000,0.00000000
flexion_01,3,FLEXION,1,countdown,1,0.297907,4,EXTENSION,3,FLEXION,1.000000,1.000000,50,150,0,REST,0.000000,0,REST,0.000000,0,REST,0.000000,0,REST,0.000000,0.00000000,0.00000026,0.00000000,0.00000003,0.99999971
flexion_01,3,FLEXION,1,countdown,2,0.401870,4,EXTENSION,4,EXTENSION,0.956094,1.000000,100,200,4,EXTENSION,1.000000,4,EXTENSION,0.666667,0,REST,0.000000,0,REST,0.000000,0.00001463,0.04365347,0.00000025,0.00023768,0.95609397
flexion_01,3,FLEXION,1,countdown,3,0.497726,1,POWER,4,EXTENSION,0.994728,0.468724,150,250,0,REST,0.000000,4,EXTENSION,0.666667,0,REST,0.000000,0,REST,0.000000,0.00014665,0.99472758,0.00001874,0.00155202,0.00355502
flexion_01,3,FLEXION,1,countdown,4,0.597483,1,POWER,4,EXTENSION,0.998121,0.114100,200,300,1,POWER,1.000000,1,POWER,0.666667,0,REST,0.000000,0,REST,0.000000,0.00063572,0.99812070,0.00006517,0.00117194,0.00000646
flexion_01,3,FLEXION,1,countdown,5,0.701361,1,POWER,1,POWER,0.997881,0.147143,250,350,1,POWER,1.000000,1,POWER,1.000000,1,POWER,0.750000,1,POWER,0.600000,0.00106636,0.99788122,0.00009872,0.00095356,0.00000014
flexion_01,3,FLEXION,1,countdown,6,0.803115,1,POWER,1,POWER,0.998304,0.018369,300,400,1,POWER,1.000000,1,POWER,1.000000,1,POWER,1.000000,1,POWER,0.800000,0.00005374,0.99830409,0.00000296,0.00163921,0.00000000
flexion_01,3,FLEXION,1,countdown,7,0.900454,1,POWER,1,POWER,0.993880,0.000000,350,450,1,POWER,1.000000,1,POWER,1.000000,1,POWER,1.000000,1,POWER,1.000000,0.00000976,0.99387961,0.00000006,0.00611058,0.00000000
flexion_01,3,FLEXION,1,countdown,8,1.000031,1,POWER,1,POWER,0.970399,0.000000,400,500,1,POWER,1.000000,1,POWER,1.000000,1,POWER,1.000000,1,POWER,1.000000,0.00430974,0.97039907,0.00000080,0.02529039,0.00000000
flexion_01,3,FLEXION,1,countdown,9,1.100237,0,REST,1,POWER,0.816493,0.000000,450,550,0,REST,0.000000,1,POWER,0.666667,1,POWER,0.750000,1,POWER,0.800000,0.81649320,0.17397713,0.00001105,0.00951862,0.00000000
flexion_01,3,FLEXION,1,countdown,10,1.200592,0,REST,1,POWER,0.996458,0.000000,500,600,0,REST,1.000000,0,REST,0.666667,0,REST,0.000000,1,POWER,0.600000,0.99645763,0.00336532,0.00000353,0.00017352,0.00000000
flexion_01,3,FLEXION,1,countdown,11,1.303090,0,REST,0,REST,0.999755,0.000000,550,650,0,REST,1.000000,0,REST,1.000000,0,REST,0.750000,0,REST,0.600000,0.99975485,0.00021801,0.00000645,0.00002069,0.00000000
flexion_01,3,FLEXION,1,countdown,12,1.401819,0,REST,0,REST,0.999331,0.000000,600,700,0,REST,1.000000,0,REST,1.000000,0,REST,1.000000,0,REST,0.800000,0.99933139,0.00054954,0.00009675,0.00002232,0.00000000
flexion_01,3,FLEXION,1,countdown,13,1.499243,0,REST,0,REST,0.998939,0.000000,650,750,0,REST,1.000000,0,REST,1.000000,0,REST,1.000000,0,REST,1.000000,0.99893877,0.00094348,0.00009665,0.00002110,0.00000000
flexion_01,3,FLEXION,1,countdown,14,1.599241,0,REST,0,REST,0.994581,0.000000,700,800,0,REST,1.000000,0,REST,1.000000,0,REST,1.000000,0,REST,1.000000,0.99458089,0.00511854,0.00016223,0.00013834,0.00000000
flexion_01,3,FLEXION,1,countdown,15,1.699662,0,REST,0,REST,0.996531,0.000000,750,850,0,REST,1.000000,0,REST,1.000000,0,REST,1.000000,0,REST,1.000000,0.99653117,0.00323189,0.00019762,0.00003932,0.00000000
flexion_01,3,FLEXION,1,countdown,16,1.799676,0,REST,0,REST,0.999664,0.000000,800,900,0,REST,1.000000,0,REST,1.000000,0,REST,1.000000,0,REST,1.000000,0.99966433,0.00026669,0.00006666,0.00000232,0.00000000
flexion_01,3,FLEXION,1,countdown,17,1.900618,0,REST,0,REST,0.997489,0.000000,850,950,0,REST,1.000000,0,REST,1.000000,0,REST,1.000000,0,REST,1.000000,0.99748871,0.00238480,0.00010957,0.00001692,0.00000000
flexion_01,3,FLEXION,1,countdown,18,2.002853,0,REST,0,REST,0.943412,0.000000,900,1000,0,REST,1.000000,0,REST,1.000000,0,REST,1.000000,0,REST,1.000000,0.94341222,0.05579420,0.00062468,0.00016890,0.00000000
flexion_01,3,FLEXION,1,countdown,19,2.100290,0,REST,0,REST,0.920473,0.000000,950,1050,0,REST,1.000000,0,REST,1.000000,0,REST,1.000000,0,REST,1.000000,0.92047260,0.07848237,0.00082835,0.00021668,0.00000000
flexion_01,3,FLEXION,1,countdown,20,2.200551,0,REST,0,REST,0.970834,0.000000,1000,1100,0,REST,1.000000,0,REST,1.000000,0,REST,1.000000,0,REST,1.000000,0.97083401,0.02851526,0.00049836,0.00015238,0.00000000
flexion_01,3,FLEXION,1,countdown,21,2.301094,0,REST,0,REST,0.992525,0.000000,1050,1150,0,REST,1.000000,0,REST,1.000000,0,REST,1.000000,0,REST,1.000000,0.99252520,0.00731041,0.00009665,0.00006774,0.00000000
flexion_01,3,FLEXION,1,countdown,22,2.401177,0,REST,0,REST,0.999129,0.000000,1100,1200,0,REST,1.000000,0,REST,1.000000,0,REST,1.000000,0,REST,1.000000,0.99912933,0.00078864,0.00001888,0.00006314,0.00000000
flexion_01,3,FLEXION,1,countdown,23,2.503733,0,REST,0,REST,0.998635,0.000000,1150,1250,0,REST,1.000000,0,REST,1.000000,0,REST,1.000000,0,REST,1.000000,0.99863475,0.00123970,0.00006776,0.00005779,0.00000000
flexion_01,3,FLEXION,1,countdown,24,2.601147,0,REST,0,REST,0.999734,0.000000,1200,1300,0,REST,1.000000,0,REST,1.000000,0,REST,1.000000,0,REST,1.000000,0.99973359,0.00014206,0.00012309,0.00000125,0.00000000
flexion_01,3,FLEXION,1,countdown,25,2.701166,0,REST,0,REST,0.999854,0.000000,1250,1350,0,REST,1.000000,0,REST,1.000000,0,REST,1.000000,0,REST,1.000000,0.99985435,0.00009286,0.00005185,0.00000094,0.00000000
flexion_01,3,FLEXION,1,countdown,26,2.801752,0,REST,0,REST,0.981612,0.000000,1300,1400,0,REST,1.000000,0,REST,1.000000,0,REST,1.000000,0,REST,1.000000,0.98161220,0.01767411,0.00060721,0.00010648,0.00000000
flexion_01,3,FLEXION,1,countdown,27,2.903004,3,FLEXION,0,REST,0.952706,0.000000,1350,1450,0,REST,0.000000,0,REST,0.666667,0,REST,0.750000,0,REST,0.800000,0.00003351,0.04657320,0.00068758,0.95270572,0.00000000
flexion_01,3,FLEXION,1,active,28,3.004524,3,FLEXION,0,REST,0.999808,0.000000,1400,1500,3,FLEXION,1.000000,3,FLEXION,0.666667,0,REST,0.000000,0,REST,0.600000,0.00000000,0.00019163,0.00000000,0.99980837,0.00000000
flexion_01,3,FLEXION,1,active,29,3.103168,3,FLEXION,3,FLEXION,1.000000,1.000000,1450,1550,3,FLEXION,1.000000,3,FLEXION,1.000000,3,FLEXION,0.750000,3,FLEXION,0.600000,0.00000000,0.00000007,0.00000000,0.99999993,0.00000000
flexion_01,3,FLEXION,1,active,30,3.205048,3,FLEXION,3,FLEXION,1.000000,1.000000,1500,1600,3,FLEXION,1.000000,3,FLEXION,1.000000,3,FLEXION,1.000000,3,FLEXION,0.800000,0.00000000,0.00000000,0.00000000,1.00000000,0.00000000
flexion_01,3,FLEXION,1,active,31,3.304135,3,FLEXION,3,FLEXION,1.000000,0.987615,1550,1650,3,FLEXION,1.000000,3,FLEXION,1.000000,3,FLEXION,1.000000,3,FLEXION,1.000000,0.00000000,0.00000000,0.00000000,1.00000000,0.00000000
flexion_01,3,FLEXION,1,active,32,3.402912,3,FLEXION,3,FLEXION,1.000000,0.862648,1600,1700,3,FLEXION,1.000000,3,FLEXION,1.000000,3,FLEXION,1.000000,3,FLEXION,1.000000,0.00000000,0.00000000,0.00000000,1.00000000,0.00000000
flexion_01,3,FLEXION,1,active,33,3.503075,3,FLEXION,3,FLEXION,1.000000,0.754819,1650,1750,3,FLEXION,1.000000,3,FLEXION,1.000000,3,FLEXION,1.000000,3,FLEXION,1.000000,0.00000000,0.00000005,0.00000003,0.99999992,0.00000000
flexion_01,3,FLEXION,1,active,34,3.605061,3,FLEXION,3,FLEXION,1.000000,0.695597,1700,1800,3,FLEXION,1.000000,3,FLEXION,1.000000,3,FLEXION,1.000000,3,FLEXION,1.000000,0.00000000,0.00000000,0.00000000,1.00000000,0.00000000
flexion_01,3,FLEXION,1,active,35,3.704128,3,FLEXION,3,FLEXION,0.999998,0.539829,1750,1850,3,FLEXION,1.000000,3,FLEXION,1.000000,3,FLEXION,1.000000,3,FLEXION,1.000000,0.00000008,0.00000102,0.00000044,0.99999846,0.00000000
flexion_01,3,FLEXION,1,active,36,3.804049,3,FLEXION,3,FLEXION,0.943452,0.424033,1800,1900,3,FLEXION,1.000000,3,FLEXION,1.000000,3,FLEXION,1.000000,3,FLEXION,1.000000,0.00267910,0.01378997,0.04007831,0.94345249,0.00000013
flexion_01,3,FLEXION,1,active,37,3.905081,3,FLEXION,3,FLEXION,0.988508,0.359460,1850,1950,3,FLEXION,1.000000,3,FLEXION,1.000000,3,FLEXION,1.000000,3,FLEXION,1.000000,0.00010778,0.00432940,0.00705438,0.98850844,0.00000000
flexion_01,3,FLEXION,1,active,38,4.003503,3,FLEXION,3,FLEXION,0.998983,0.328666,1900,2000,3,FLEXION,1.000000,3,FLEXION,1.000000,3,FLEXION,1.000000,3,FLEXION,1.000000,0.00000810,0.00098116,0.00002795,0.99898278,0.00000000
flexion_01,3,FLEXION,1,active,39,4.105130,3,FLEXION,3,FLEXION,0.999870,0.348886,1950,2050,3,FLEXION,1.000000,3,FLEXION,1.000000,3,FLEXION,1.000000,3,FLEXION,1.000000,0.00003803,0.00008473,0.00000706,0.99987018,0.00000000
flexion_02,3,FLEXION,2,countdown,0,0.197981,3,FLEXION,3,FLEXION,1.000000,1.000000,0,100,0,REST,0.000000,0,REST,0.000000,0,REST,0.000000,0,REST,0.000000,0.00000000,0.00000000,0.00000000,1.00000000,0.00000000
flexion_02,3,FLEXION,2,countdown,1,0.302706,4,EXTENSION,3,FLEXION,1.000000,1.000000,50,150,0,REST,0.000000,0,REST,0.000000,0,REST,0.000000,0,REST,0.000000,0.00000000,0.00000005,0.00000000,0.00000001,0.99999995
flexion_02,3,FLEXION,2,countdown,2,0.398975,4,EXTENSION,4,EXTENSION,0.991742,1.000000,100,200,4,EXTENSION,1.000000,4,EXTENSION,0.666667,0,REST,0.000000,0,REST,0.000000,0.00000235,0.00822714,0.00000004,0.00002890,0.99174156
flexion_02,3,FLEXION,2,countdown,3,0.501218,1,POWER,4,EXTENSION,0.989784,0.505184,150,250,0,REST,0.000000,4,EXTENSION,0.666667,0,REST,0.000000,0,REST,0.000000,0.00006949,0.98978365,0.00001702,0.00076916,0.00936067
flexion_02,3,FLEXION,2,countdown,4,0.600693,1,POWER,4,EXTENSION,0.999569,0.140386,200,300,1,POWER,1.000000,1,POWER,0.666667,0,REST,0.000000,0,REST,0.000000,0.00003552,0.99956914,0.00002060,0.00033739,0.00003736
flexion_02,3,FLEXION,2,countdown,5,0.700714,1,POWER,1,POWER,0.999049,0.178416,250,350,1,POWER,1.000000,1,POWER,1.000000,1,POWER,0.750000,1,POWER,0.600000,0.00004306,0.99904919,0.00001078,0.00089636,0.00000061
flexion_02,3,FLEXION,2,countdown,6,0.799754,1,POWER,1,POWER,0.998319,0.054207,300,400,1,POWER,1.000000,1,POWER,1.000000,1,POWER,1.000000,1,POWER,0.800000,0.00010138,0.99831922,0.00002757,0.00155118,0.00000064
flexion_02,3,FLEXION,2,countdown,7,0.899298,1,POWER,1,POWER,0.997218,0.000000,350,450,1,POWER,1.000000,1,POWER,1.000000,1,POWER,1.000000,1,POWER,1.000000,0.00049857,0.99721775,0.00006168,0.00222187,0.00000014
flexion_02,3,FLEXION,2,countdown,8,1.001663,1,POWER,1,POWER,0.996909,0.000000,400,500,1,POWER,1.000000,1,POWER,1.000000,1,POWER,1.000000,1,POWER,1.000000,0.00077871,0.99690884,0.00001603,0.00229641,0.00000001
flexion_02,3,FLEXION,2,countdown,9,1.101438,1,POWER,1,POWER,0.989894,0.000000,450,550,1,POWER,1.000000,1,POWER,1.000000,1,POWER,1.000000,1,POWER,1.000000,0.00605704,0.98989441,0.00004497,0.00400355,0.00000002
flexion_02,3,FLEXION,2,countdown,10,1.201327,1,POWER,1,POWER,0.666440,0.000000,500,600,1,POWER,1.000000,1,POWER,1.000000,1,POWER,1.000000,1,POWER,1.000000,0.32825000,0.66643970,0.00055160,0.00475870,0.00000000
flexion_02,3,FLEXION,2,countdown,11,1.300364,1,POWER,1,POWER,0.636599,0.000000,550,650,1,POWER,1.000000,1,POWER,1.000000,1,POWER,1.000000,1,POWER,1.000000,0.35769525,0.63659878,0.00152457,0.00418139,0.00000000
flexion_02,3,FLEXION,2,countdown,12,1.400321,1,POWER,1,POWER,0.810621,0.000000,600,700,1,POWER,1.000000,1,POWER,1.000000,1,POWER,1.000000,1,POWER,1.000000,0.17646483,0.81062101,0.00415029,0.00876388,0.00000000
flexion_02,3,FLEXION,2,countdown,13,1.502089,1,POWER,1,POWER,0.634049,0.000000,650,750,1,POWER,1.000000,1,POWER,1.000000,1,POWER,1.000000,1,POWER,1.000000,0.35567190,0.63404884,0.00259690,0.00768236,0.00000000
flexion_02,3,FLEXION,2,countdown,14,1.600659,0,REST,1,POWER,0.499598,0.000000,700,800,0,REST,0.000000,1,POWER,0.666667,1,POWER,0.750000,1,POWER,0.800000,0.49959819,0.49613802,0.00092377,0.00334000,0.00000001
flexion_02,3,FLEXION,2,countdown,15,1.702289,1,POWER,1,POWER,0.745929,0.000000,750,850,0,REST,0.000000,1,POWER,0.666667,1,POWER,0.750000,1,POWER,0.800000,0.24610922,0.74592922,0.00167038,0.00629114,0.00000004
flexion_02,3,FLEXION,2,countdown,16,1.801023,0,REST,1,POWER,0.614143,0.000000,800,900,0,REST,0.000000,0,REST,0.666667,0,REST,0.000000,1,POWER,0.600000,0.61414347,0.37747172,0.00171197,0.00667284,0.00000000
flexion_02,3,FLEXION,2,countdown,17,1.901167,0,REST,0,REST,0.956738,0.000000,850,950,0,REST,1.000000,0,REST,0.666667,0,REST,0.750000,0,REST,0.600000,0.95673763,0.04243153,0.00024257,0.00058827,0.00000000
flexion_02,3,FLEXION,2,countdown,18,2.002446,0,REST,0,REST,0.708968,0.000000,900,1000,0,REST,1.000000,0,REST,1.000000,0,REST,0.750000,0,REST,0.800000,0.70896767,0.28890090,0.00059828,0.00153315,0.00000000
flexion_02,3,FLEXION,2,countdown,19,2.101101,1,POWER,0,REST,0.745250,0.000000,950,1050,0,REST,0.000000,0,REST,0.666667,0,REST,0.750000,0,REST,0.600000,0.24488273,0.74524997,0.00076985,0.00909744,0.00000000
flexion_02,3,FLEXION,2,countdown,20,2.202934,0,REST,0,REST,0.523010,0.000000,1000,1100,0,REST,0.000000,0,REST,0.666667,0,REST,0.750000,0,REST,0.800000,0.52300989,0.47310313,0.00079731,0.00308967,0.00000000
flexion_02,3,FLEXION,2,countdown,21,2.304736,0,REST,0,REST,0.785469,0.000000,1050,1150,0,REST,1.000000,0,REST,0.666667,0,REST,0.750000,0,REST,0.800000,0.78546857,0.21261582,0.00118222,0.00073339,0.00000000
flexion_02,3,FLEXION,2,countdown,22,2.403750,0,REST,0,REST,0.884181,0.000000,1100,1200,0,REST,1.000000,0,REST,1.000000,0,REST,0.750000,0,REST,0.800000,0.88418076,0.11353106,0.00196639,0.00032180,0.00000000
flexion_02,3,FLEXION,2,countdown,23,2.502224,0,REST,0,REST,0.855335,0.000000,1150,1250,0,REST,1.000000,0,REST,1.000000,0,REST,1.000000,0,REST,0.800000,0.85533534,0.14027103,0.00301373,0.00137990,0.00000000
flexion_02,3,FLEXION,2,countdown,24,2.602104,0,REST,0,REST,0.809838,0.000000,1200,1300,0,REST,1.000000,0,REST,1.000000,0,REST,1.000000,0,REST,1.000000,0.80983774,0.18218871,0.00144561,0.00652794,0.00000000
flexion_02,3,FLEXION,2,countdown,25,2.704253,0,REST,0,REST,0.869829,0.000000,1250,1350,0,REST,1.000000,0,REST,1.000000,0,REST,1.000000,0,REST,1.000000,0.86982932,0.12801943,0.00054641,0.00160484,0.00000000
flexion_02,3,FLEXION,2,countdown,26,2.805697,0,REST,0,REST,0.730746,0.000000,1300,1400,0,REST,1.000000,0,REST,1.000000,0,REST,1.000000,0,REST,1.000000,0.73074633,0.15065859,0.00023834,0.11835674,0.00000000
flexion_02,3,FLEXION,2,countdown,27,2.909413,3,FLEXION,0,REST,0.910140,0.000000,1350,1450,0,REST,0.000000,0,REST,0.666667,0,REST,0.750000,0,REST,0.800000,0.00000279,0.08984593,0.00001162,0.91013966,0.00000000
flexion_02,3,FLEXION,2,active,28,3.004306,3,FLEXION,0,REST,0.999997,0.000000,1400,1500,3,FLEXION,1.000000,3,FLEXION,0.666667,0,REST,0.000000,0,REST,0.600000,0.00000000,0.00000294,0.00000000,0.99999706,0.00000000
flexion_02,3,FLEXION,2,active,29,3.105073,3,FLEXION,3,FLEXION,1.000000,1.000000,1450,1550,3,FLEXION,1.000000,3,FLEXION,1.000000,3,FLEXION,0.750000,3,FLEXION,0.600000,0.00000000,0.00000000,0.00000000,1.00000000,0.00000000
flexion_02,3,FLEXION,2,active,30,3.202981,3,FLEXION,3,FLEXION,1.000000,0.919507,1500,1600,3,FLEXION,1.000000,3,FLEXION,1.000000,3,FLEXION,1.000000,3,FLEXION,0.800000,0.00000000,0.00000000,0.00000000,1.00000000,0.00000000
flexion_02,3,FLEXION,2,active,31,3.305112,3,FLEXION,3,FLEXION,1.000000,0.666757,1550,1650,3,FLEXION,1.000000,3,FLEXION,1.000000,3,FLEXION,1.000000,3,FLEXION,1.000000,0.00000000,0.00000000,0.00000000,1.00000000,0.00000000
flexion_02,3,FLEXION,2,active,32,3.403993,3,FLEXION,3,FLEXION,1.000000,0.649202,1600,1700,3,FLEXION,1.000000,3,FLEXION,1.000000,3,FLEXION,1.000000,3,FLEXION,1.000000,0.00000000,0.00000000,0.00000000,1.00000000,0.00000000
flexion_02,3,FLEXION,2,active,33,3.505705,3,FLEXION,3,FLEXION,1.000000,0.565614,1650,1750,3,FLEXION,1.000000,3,FLEXION,1.000000,3,FLEXION,1.000000,3,FLEXION,1.000000,0.00000000,0.00000025,0.00000000,0.99999975,0.00000000
flexion_02,3,FLEXION,2,active,34,3.603629,3,FLEXION,3,FLEXION,1.000000,0.444558,1700,1800,3,FLEXION,1.000000,3,FLEXION,1.000000,3,FLEXION,1.000000,3,FLEXION,1.000000,0.00000000,0.00000047,0.00000000,0.99999953,0.00000000
flexion_02,3,FLEXION,2,active,35,3.703770,3,FLEXION,3,FLEXION,0.999999,0.388501,1750,1850,3,FLEXION,1.000000,3,FLEXION,1.000000,3,FLEXION,1.000000,3,FLEXION,1.000000,0.00000000,0.00000059,0.00000000,0.99999940,0.00000000
flexion_02,3,FLEXION,2,active,36,3.806075,3,FLEXION,3,FLEXION,1.000000,0.410099,1800,1900,3,FLEXION,1.000000,3,FLEXION,1.000000,3,FLEXION,1.000000,3,FLEXION,1.000000,0.00000000,0.00000003,0.00000000,0.99999997,0.00000000
flexion_02,3,FLEXION,2,active,37,3.907894,3,FLEXION,3,FLEXION,1.000000,0.441487,1850,1950,3,FLEXION,1.000000,3,FLEXION,1.000000,3,FLEXION,1.000000,3,FLEXION,1.000000,0.00000003,0.00000029,0.00000000,0.99999968,0.00000000
flexion_02,3,FLEXION,2,active,38,4.005108,3,FLEXION,3,FLEXION,0.998975,0.380943,1900,2000,3,FLEXION,1.000000,3,FLEXION,1.000000,3,FLEXION,1.000000,3,FLEXION,1.000000,0.00003825,0.00098607,0.00000024,0.99897544,0.00000000
flexion_02,3,FLEXION,2,active,39,4.104987,3,FLEXION,3,FLEXION,0.999875,0.320508,1950,2050,3,FLEXION,1.000000,3,FLEXION,1.000000,3,FLEXION,1.000000,3,FLEXION,1.000000,0.00000149,0.00012294,0.00000009,0.99987548,0.00000000
flexion_02,3,FLEXION,2,active,40,4.206626,3,FLEXION,3,FLEXION,0.999970,0.308090,2000,2100,3,FLEXION,1.000000,3,FLEXION,1.000000,3,FLEXION,1.000000,3,FLEXION,1.000000,0.00000055,0.00002982,0.00000000,0.99996963,0.00000000
flexion_03,3,FLEXION,3,countdown,0,0.197683,3,FLEXION,3,FLEXION,1.000000,1.000000,0,100,0,REST,0.000000,0,REST,0.000000,0,REST,0.000000,0,REST,0.000000,0.00000000,0.00000000,0.00000000,1.00000000,0.00000000
flexion_03,3,FLEXION,3,countdown,1,0.299185,4,EXTENSION,3,FLEXION,0.999999,1.000000,50,150,0,REST,0.000000,0,REST,0.000000,0,REST,0.000000,0,REST,0.000000,0.00000001,0.00000057,0.00000000,0.00000056,0.99999886
flexion_03,3,FLEXION,3,countdown,2,0.398680,4,EXTENSION,4,EXTENSION,0.901554,1.000000,100,200,4,EXTENSION,1.000000,4,EXTENSION,0.666667,0,REST,0.000000,0,REST,0.000000,0.00005554,0.09614790,0.00000018,0.00224270,0.90155369
flexion_03,3,FLEXION,3,countdown,3,0.502772,1,POWER,4,EXTENSION,0.994345,0.490868,150,250,0,REST,0.000000,4,EXTENSION,0.666667,0,REST,0.000000,0,REST,0.000000,0.00010613,0.99434468,0.00000765,0.00388416,0.00165739
flexion_03,3,FLEXION,3,countdown,4,0.599583,1,POWER,4,EXTENSION,0.998243,0.134989,200,300,1,POWER,1.000000,1,POWER,0.666667,0,REST,0.000000,0,REST,0.000000,0.00005448,0.99824263,0.00001770,0.00166956,0.00001563
flexion_03,3,FLEXION,3,countdown,5,0.704934,1,POWER,1,POWER,0.997896,0.171146,250,350,1,POWER,1.000000,1,POWER,1.000000,1,POWER,0.750000,1,POWER,0.600000,0.00008097,0.99789644,0.00001954,0.00200253,0.00000051
flexion_03,3,FLEXION,3,countdown,6,0.800438,1,POWER,1,POWER,0.997141,0.042443,300,400,1,POWER,1.000000,1,POWER,1.000000,1,POWER,1.000000,1,POWER,0.800000,0.00006648,0.99714119,0.00000350,0.00278882,0.00000000
flexion_03,3,FLEXION,3,countdown,7,0.905135,1,POWER,1,POWER,0.992588,0.000000,350,450,1,POWER,1.000000,1,POWER,1.000000,1,POWER,1.000000,1,POWER,1.000000,0.00006141,0.99258760,0.00000098,0.00735002,0.00000000
flexion_03,3,FLEXION,3,countdown,8,1.001968,1,POWER,1,POWER,0.973575,0.000000,400,500,1,POWER,1.000000,1,POWER,1.000000,1,POWER,1.000000,1,POWER,1.000000,0.00079260,0.97357509,0.00000340,0.02562886,0.00000004
flexion_03,3,FLEXION,3,countdown,9,1.101533,1,POWER,1,POWER,0.870775,0.000000,450,550,1,POWER,1.000000,1,POWER,1.000000,1,POWER,1.000000,1,POWER,1.000000,0.10832829,0.87077523,0.00006962,0.02082676,0.00000010
flexion_03,3,FLEXION,3,countdown,10,1.202085,0,REST,1,POWER,0.866599,0.000000,500,600,0,REST,0.000000,1,POWER,0.666667,1,POWER,0.750000,1,POWER,0.800000,0.86659867,0.13119114,0.00018190,0.00202828,0.00000001
flexion_03,3,FLEXION,3,countdown,11,1.299982,0,REST,1,POWER,0.820246,0.000000,550,650,0,REST,1.000000,0,REST,0.666667,0,REST,0.000000,1,POWER,0.600000,0.82024592,0.17831464,0.00034507,0.00109436,0.00000000
flexion_03,3,FLEXION,3,countdown,12,1.399927,0,REST,0,REST,0.919211,0.000000,600,700,0,REST,1.000000,0,REST,1.000000,0,REST,0.750000,0,REST,0.600000,0.91921087,0.07987368,0.00061331,0.00030214,0.00000000
flexion_03,3,FLEXION,3,countdown,13,1.500087,0,REST,0,REST,0.997218,0.000000,650,750,0,REST,1.000000,0,REST,1.000000,0,REST,1.000000,0,REST,0.800000,0.99721799,0.00260817,0.00014878,0.00002506,0.00000000
flexion_03,3,FLEXION,3,countdown,14,1.602050,0,REST,0,REST,0.965001,0.000000,700,800,0,REST,1.000000,0,REST,1.000000,0,REST,1.000000,0,REST,1.000000,0.96500073,0.03269894,0.00080241,0.00149791,0.00000001
flexion_03,3,FLEXION,3,countdown,15,1.701808,0,REST,0,REST,0.933334,0.000000,750,850,0,REST,1.000000,0,REST,1.000000,0,REST,1.000000,0,REST,1.000000,0.93333404,0.06335970,0.00133713,0.00196912,0.00000002
flexion_03,3,FLEXION,3,countdown,16,1.800887,0,REST,0,REST,0.982517,0.000000,800,900,0,REST,1.000000,0,REST,1.000000,0,REST,1.000000,0,REST,1.000000,0.98251711,0.01680058,0.00051774,0.00016457,0.00000000
flexion_03,3,FLEXION,3,countdown,17,1.906018,0,REST,0,REST,0.876052,0.000000,850,950,0,REST,1.000000,0,REST,1.000000,0,REST,1.000000,0,REST,1.000000,0.87605166,0.12153830,0.00128799,0.00112205,0.00000000
flexion_03,3,FLEXION,3,countdown,18,2.001436,0,REST,0,REST,0.504764,0.000000,900,1000,0,REST,1.000000,0,REST,1.000000,0,REST,1.000000,0,REST,1.000000,0.48807440,0.50476423,0.00043423,0.00672714,0.00000000
flexion_03,3,FLEXION,3,countdown,19,2.101682,0,REST,0,REST,0.783792,0.000000,950,1050,0,REST,1.000000,0,REST,1.000000,0,REST,1.000000,0,REST,1.000000,0.78379225,0.21190932,0.00053608,0.00376236,0.00000000
flexion_03,3,FLEXION,3,countdown,20,2.202276,0,REST,0,REST,0.917942,0.000000,1000,1100,0,REST,1.000000,0,REST,1.000000,0,REST,1.000000,0,REST,1.000000,0.91794248,0.07987459,0.00139919,0.00078374,0.00000000
flexion_03,3,FLEXION,3,countdown,21,2.301303,0,REST,0,REST,0.952602,0.000000,1050,1150,0,REST,1.000000,0,REST,1.000000,0,REST,1.000000,0,REST,1.000000,0.95260197,0.04422659,0.00218087,0.00099057,0.00000000
flexion_03,3,FLEXION,3,countdown,22,2.401809,0,REST,0,REST,0.966382,0.000000,1100,1200,0,REST,1.000000,0,REST,1.000000,0,REST,1.000000,0,REST,1.000000,0.96638184,0.03262502,0.00069648,0.00029666,0.00000000
flexion_03,3,FLEXION,3,countdown,23,2.502971,0,REST,0,REST,0.863628,0.000000,1150,1250,0,REST,1.000000,0,REST,1.000000,0,REST,1.000000,0,REST,1.000000,0.86362839,0.13474340,0.00050560,0.00112261,0.00000000
flexion_03,3,FLEXION,3,countdown,24,2.602493,0,REST,0,REST,0.907341,0.000000,1200,1300,0,REST,1.000000,0,REST,1.000000,0,REST,1.000000,0,REST,1.000000,0.90734102,0.09068586,0.00057459,0.00139853,0.00000000
flexion_03,3,FLEXION,3,countdown,25,2.705091,0,REST,0,REST,0.973237,0.000000,1250,1350,0,REST,1.000000,0,REST,1.000000,0,REST,1.000000,0,REST,1.000000,0.97323698,0.02604170,0.00051856,0.00020276,0.00000000
flexion_03,3,FLEXION,3,countdown,26,2.802025,0,REST,0,REST,0.974790,0.000000,1300,1400,0,REST,1.000000,0,REST,1.000000,0,REST,1.000000,0,REST,1.000000,0.97479034,0.02374132,0.00118920,0.00027914,0.00000000
flexion_03,3,FLEXION,3,countdown,27,2.905978,0,REST,0,REST,0.905734,0.000000,1350,1450,0,REST,1.000000,0,REST,1.000000,0,REST,1.000000,0,REST,1.000000,0.90573365,0.09207164,0.00158573,0.00060899,0.00000000
flexion_03,3,FLEXION,3,active,28,3.003823,1,POWER,0,REST,0.868291,0.000000,1400,1500,0,REST,0.000000,0,REST,0.666667,0,REST,0.750000,0,REST,0.800000,0.00954932,0.86829074,0.00165521,0.12050473,0.00000000
flexion_03,3,FLEXION,3,active,29,3.109889,3,FLEXION,0,REST,0.999681,0.000000,1450,1550,0,REST,0.000000,0,REST,0.000000,0,REST,0.000000,0,REST,0.600000,0.00000051,0.00031826,0.00000000,0.99968123,0.00000000
flexion_03,3,FLEXION,3,active,30,3.203520,3,FLEXION,0,REST,0.999999,0.000000,1500,1600,3,FLEXION,1.000000,3,FLEXION,0.666667,0,REST,0.000000,0,REST,0.000000,0.00000002,0.00000081,0.00000000,0.99999917,0.00000000
flexion_03,3,FLEXION,3,active,31,3.303742,3,FLEXION,3,FLEXION,1.000000,0.791261,1550,1650,3,FLEXION,1.000000,3,FLEXION,1.000000,3,FLEXION,0.750000,3,FLEXION,0.600000,0.00000000,0.00000001,0.00000000,0.99999999,0.00000000
flexion_03,3,FLEXION,3,active,32,3.402897,3,FLEXION,3,FLEXION,0.999999,0.547139,1600,1700,3,FLEXION,1.000000,3,FLEXION,1.000000,3,FLEXION,1.000000,3,FLEXION,0.800000,0.00000001,0.00000078,0.00000000,0.99999920,0.00000000
flexion_03,3,FLEXION,3,active,33,3.503678,3,FLEXION,3,FLEXION,0.980048,0.496888,1650,1750,3,FLEXION,1.000000,3,FLEXION,1.000000,3,FLEXION,1.000000,3,FLEXION,1.000000,0.00006076,0.01986618,0.00002150,0.98004814,0.00000342
flexion_03,3,FLEXION,3,active,34,3.605128,3,FLEXION,3,FLEXION,0.999909,0.476819,1700,1800,3,FLEXION,1.000000,3,FLEXION,1.000000,3,FLEXION,1.000000,3,FLEXION,1.000000,0.00000695,0.00008308,0.00000087,0.99990910,0.00000000
flexion_03,3,FLEXION,3,active,35,3.704804,3,FLEXION,3,FLEXION,0.999999,0.540886,1750,1850,3,FLEXION,1.000000,3,FLEXION,1.000000,3,FLEXION,1.000000,3,FLEXION,1.000000,0.00000019,0.00000109,0.00000002,0.99999870,0.00000000
flexion_03,3,FLEXION,3,active,36,3.805919,3,FLEXION,3,FLEXION,0.999899,0.520560,1800,1900,3,FLEXION,1.000000,3,FLEXION,1.000000,3,FLEXION,1.000000,3,FLEXION,1.000000,0.00000082,0.00009970,0.00000007,0.99989941,0.00000000
flexion_03,3,FLEXION,3,active,37,3.904624,3,FLEXION,3,FLEXION,0.999998,0.476212,1850,1950,3,FLEXION,1.000000,3,FLEXION,1.000000,3,FLEXION,1.000000,3,FLEXION,1.000000,0.00000002,0.00000173,0.00000000,0.99999825,0.00000000
flexion_03,3,FLEXION,3,active,38,4.004850,3,FLEXION,3,FLEXION,0.999999,0.477533,1900,2000,3,FLEXION,1.000000,3,FLEXION,1.000000,3,FLEXION,1.000000,3,FLEXION,1.000000,0.00000000,0.00000059,0.00000000,0.99999941,0.00000000
flexion_03,3,FLEXION,3,active,39,4.104022,3,FLEXION,3,FLEXION,0.999136,0.374368,1950,2050,3,FLEXION,1.000000,3,FLEXION,1.000000,3,FLEXION,1.000000,3,FLEXION,1.000000,0.00000247,0.00086126,0.00000043,0.99913583,0.00000000
flexion_03,3,FLEXION,3,active,40,4.205823,3,FLEXION,3,FLEXION,0.997700,0.335361,2000,2100,3,FLEXION,1.000000,3,FLEXION,1.000000,3,FLEXION,1.000000,3,FLEXION,1.000000,0.00065658,0.00163371,0.00000942,0.99769964,0.00000064
flexion_03,3,FLEXION,3,active,41,4.305997,3,FLEXION,3,FLEXION,0.999512,0.350182,2050,2150,3,FLEXION,1.000000,3,FLEXION,1.000000,3,FLEXION,1.000000,3,FLEXION,1.000000,0.00024540,0.00024145,0.00000135,0.99951179,0.00000001
flexion_04,3,FLEXION,4,countdown,0,0.198919,3,FLEXION,3,FLEXION,1.000000,1.000000,0,100,0,REST,0.000000,0,REST,0.000000,0,REST,0.000000,0,REST,0.000000,0.00000000,0.00000000,0.00000000,1.00000000,0.00000000
flexion_04,3,FLEXION,4,countdown,1,0.299483,4,EXTENSION,3,FLEXION,1.000000,1.000000,50,150,0,REST,0.000000,0,REST,0.000000,0,REST,0.000000,0,REST,0.000000,0.00000000,0.00000013,0.00000000,0.00000031,0.99999956
flexion_04,3,FLEXION,4,countdown,2,0.401123,4,EXTENSION,4,EXTENSION,0.962602,1.000000,100,200,4,EXTENSION,1.000000,4,EXTENSION,0.666667,0,REST,0.000000,0,REST,0.000000,0.00001241,0.03622414,0.00000002,0.00116164,0.96260179
flexion_04,3,FLEXION,4,countdown,3,0.499184,1,POWER,4,EXTENSION,0.989636,0.531093,150,250,0,REST,0.000000,4,EXTENSION,0.666667,0,REST,0.000000,0,REST,0.000000,0.00007076,0.98963625,0.00000335,0.00317854,0.00711110
flexion_04,3,FLEXION,4,countdown,4,0.601527,1,POWER,4,EXTENSION,0.997897,0.156746,200,300,1,POWER,1.000000,1,POWER,0.666667,0,REST,0.000000,0,REST,0.000000,0.00003541,0.99789700,0.00001205,0.00198490,0.00007064
flexion_04,3,FLEXION,4,countdown,5,0.701585,1,POWER,1,POWER,0.998337,0.193602,250,350,1,POWER,1.000000,1,POWER,1.000000,1,POWER,0.750000,1,POWER,0.600000,0.00002048,0.99833662,0.00001325,0.00162703,0.00000261
flexion_04,3,FLEXION,4,countdown,6,0.801982,1,POWER,1,POWER,0.997838,0.060200,300,400,1,POWER,1.000000,1,POWER,1.000000,1,POWER,1.000000,1,POWER,0.800000,0.00004720,0.99783821,0.00000897,0.00210560,0.00000003
flexion_04,3,FLEXION,4,countdown,7,0.901710,1,POWER,1,POWER,0.995054,0.000000,350,450,1,POWER,1.000000,1,POWER,1.000000,1,POWER,1.000000,1,POWER,1.000000,0.00017355,0.99505364,0.00000551,0.00476729,0.00000001
flexion_04,3,FLEXION,4,countdown,8,1.000866,1,POWER,1,POWER,0.989042,0.000000,400,500,1,POWER,1.000000,1,POWER,1.000000,1,POWER,1.000000,1,POWER,1.000000,0.00048461,0.98904162,0.00000599,0.01046777,0.00000000
flexion_04,3,FLEXION,4,countdown,9,1.100963,1,POWER,1,POWER,0.965997,0.000000,450,550,1,POWER,1.000000,1,POWER,1.000000,1,POWER,1.000000,1,POWER,1.000000,0.01988439,0.96599741,0.00031650,0.01380169,0.00000001
flexion_04,3,FLEXION,4,countdown,10,1.200789,0,REST,1,POWER,0.643919,0.000000,500,600,0,REST,0.000000,1,POWER,0.666667,1,POWER,0.750000,1,POWER,0.800000,0.64391929,0.34979350,0.00215310,0.00413411,0.00000000
flexion_04,3,FLEXION,4,countdown,11,1.301990,0,REST,1,POWER,0.686536,0.000000,550,650,0,REST,1.000000,0,REST,0.666667,0,REST,0.000000,1,POWER,0.600000,0.68653593,0.30862817,0.00091603,0.00391987,0.00000000
flexion_04,3,FLEXION,4,countdown,12,1.400723,1,POWER,1,POWER,0.887874,0.000000,600,700,0,REST,0.000000,0,REST,0.666667,0,REST,0.000000,1,POWER,0.600000,0.10622627,0.88787373,0.00055699,0.00534301,0.00000000
flexion_04,3,FLEXION,4,countdown,13,1.500713,0,REST,0,REST,0.890223,0.000000,650,750,0,REST,0.000000,0,REST,0.666667,0,REST,0.750000,0,REST,0.600000,0.89022348,0.10829309,0.00056508,0.00091835,0.00000000
flexion_04,3,FLEXION,4,countdown,14,1.601695,0,REST,0,REST,0.997767,0.000000,700,800,0,REST,1.000000,0,REST,0.666667,0,REST,0.750000,0,REST,0.800000,0.99776708,0.00202961,0.00013390,0.00006941,0.00000000
flexion_04,3,FLEXION,4,countdown,15,1.702866,0,REST,0,REST,0.975609,0.000000,750,850,0,REST,1.000000,0,REST,1.000000,0,REST,0.750000,0,REST,0.800000,0.97560896,0.02212796,0.00050780,0.00175529,0.00000000
flexion_04,3,FLEXION,4,countdown,16,1.805533,0,REST,0,REST,0.990605,0.000000,800,900,0,REST,1.000000,0,REST,1.000000,0,REST,1.000000,0,REST,0.800000,0.99060535,0.00874901,0.00044330,0.00020234,0.00000000
flexion_04,3,FLEXION,4,countdown,17,1.902911,0,REST,0,REST,0.992615,0.000000,850,950,0,REST,1.000000,0,REST,1.000000,0,REST,1.000000,0,REST,1.000000,0.99261479,0.00715419,0.00020977,0.00002126,0.00000000
flexion_04,3,FLEXION,4,countdown,18,2.001787,0,REST,0,REST,0.972132,0.000000,900,1000,0,REST,1.000000,0,REST,1.000000,0,REST,1.000000,0,REST,1.000000,0.97213205,0.02760674,0.00014598,0.00011522,0.00000001
flexion_04,3,FLEXION,4,countdown,19,2.107066,0,REST,0,REST,0.994210,0.000000,950,1050,0,REST,1.000000,0,REST,1.000000,0,REST,1.000000,0,REST,1.000000,0.99421040,0.00566389,0.00006196,0.00006375,0.00000000
flexion_04,3,FLEXION,4,countdown,20,2.203808,0,REST,0,REST,0.999431,0.000000,1000,1100,0,REST,1.000000,0,REST,1.000000,0,REST,1.000000,0,REST,1.000000,0.99943091,0.00054955,0.00000908,0.00001046,0.00000000
flexion_04,3,FLEXION,4,countdown,21,2.306679,0,REST,0,REST,0.999874,0.000000,1050,1150,0,REST,1.000000,0,REST,1.000000,0,REST,1.000000,0,REST,1.000000,0.99987401,0.00011253,0.00001139,0.00000207,0.00000000
flexion_04,3,FLEXION,4,countdown,22,2.402571,0,REST,0,REST,0.997141,0.000000,1100,1200,0,REST,1.000000,0,REST,1.000000,0,REST,1.000000,0,REST,1.000000,0.99714052,0.00270887,0.00010986,0.00004075,0.00000000
flexion_04,3,FLEXION,4,countdown,23,2.502695,0,REST,0,REST,0.964116,0.000000,1150,1250,0,REST,1.000000,0,REST,1.000000,0,REST,1.000000,0,REST,1.000000,0.96411636,0.03456145,0.00011478,0.00120741,0.00000000
flexion_04,3,FLEXION,4,countdown,24,2.602465,0,REST,0,REST,0.737743,0.000000,1200,1300,0,REST,1.000000,0,REST,1.000000,0,REST,1.000000,0,REST,1.000000,0.73774339,0.24179159,0.00198030,0.01848471,0.00000000
flexion_04,3,FLEXION,4,countdown,25,2.702755,1,POWER,0,REST,0.650099,0.000000,1250,1350,0,REST,0.000000,0,REST,0.666667,0,REST,0.750000,0,REST,0.800000,0.02640090,0.65009872,0.00175924,0.32174114,0.00000000
flexion_04,3,FLEXION,4,countdown,26,2.804491,3,FLEXION,0,REST,0.992965,0.000000,1300,1400,0,REST,0.000000,0,REST,0.000000,0,REST,0.000000,0,REST,0.600000,0.00000019,0.00703509,0.00000000,0.99296472,0.00000000
flexion_04,3,FLEXION,4,countdown,27,2.904669,3,FLEXION,0,REST,1.000000,0.000000,1350,1450,3,FLEXION,1.000000,3,FLEXION,0.666667,0,REST,0.000000,0,REST,0.000000,0.00000000,0.00000000,0.00000000,1.00000000,0.00000000
flexion_04,3,FLEXION,4,active,28,3.004182,3,FLEXION,3,FLEXION,1.000000,1.000000,1400,1500,3,FLEXION,1.000000,3,FLEXION,1.000000,3,FLEXION,0.750000,3,FLEXION,0.600000,0.00000000,0.00000000,0.00000000,1.00000000,0.00000000
flexion_04,3,FLEXION,4,active,29,3.103768,3,FLEXION,3,FLEXION,1.000000,0.858612,1450,1550,3,FLEXION,1.000000,3,FLEXION,1.000000,3,FLEXION,1.000000,3,FLEXION,0.800000,0.00000000,0.00000000,0.00000000,1.00000000,0.00000000
flexion_04,3,FLEXION,4,active,30,3.205690,3,FLEXION,3,FLEXION,1.000000,0.800465,1500,1600,3,FLEXION,1.000000,3,FLEXION,1.000000,3,FLEXION,1.000000,3,FLEXION,1.000000,0.00000009,0.00000004,0.00000000,0.99999987,0.00000000
flexion_04,3,FLEXION,4,active,31,3.306108,3,FLEXION,3,FLEXION,1.000000,0.846611,1550,1650,3,FLEXION,1.000000,3,FLEXION,1.000000,3,FLEXION,1.000000,3,FLEXION,1.000000,0.00000000,0.00000000,0.00000000,1.00000000,0.00000000
flexion_04,3,FLEXION,4,active,32,3.404253,3,FLEXION,3,FLEXION,1.000000,0.727619,1600,1700,3,FLEXION,1.000000,3,FLEXION,1.000000,3,FLEXION,1.000000,3,FLEXION,1.000000,0.00000000,0.00000002,0.00000000,0.99999998,0.00000000
flexion_04,3,FLEXION,4,active,33,3.504474,3,FLEXION,3,FLEXION,0.999997,0.767444,1650,1750,3,FLEXION,1.000000,3,FLEXION,1.000000,3,FLEXION,1.000000,3,FLEXION,1.000000,0.00000002,0.00000293,0.00000000,0.99999703,0.00000002
flexion_04,3,FLEXION,4,active,34,3.605726,3,FLEXION,3,FLEXION,1.000000,0.784160,1700,1800,3,FLEXION,1.000000,3,FLEXION,1.000000,3,FLEXION,1.000000,3,FLEXION,1.000000,0.00000007,0.00000009,0.00000000,0.99999984,0.00000000
flexion_04,3,FLEXION,4,active,35,3.705536,3,FLEXION,3,FLEXION,1.000000,0.635119,1750,1850,3,FLEXION,1.000000,3,FLEXION,1.000000,3,FLEXION,1.000000,3,FLEXION,1.000000,0.00000001,0.00000004,0.00000000,0.99999995,0.00000000
flexion_04,3,FLEXION,4,active,36,3.806708,3,FLEXION,3,FLEXION,0.999997,0.539367,1800,1900,3,FLEXION,1.000000,3,FLEXION,1.000000,3,FLEXION,1.000000,3,FLEXION,1.000000,0.00000006,0.00000262,0.00000000,0.99999732,0.00000000
flexion_04,3,FLEXION,4,active,37,3.904744,3,FLEXION,3,FLEXION,0.999897,0.432795,1850,1950,3,FLEXION,1.000000,3,FLEXION,1.000000,3,FLEXION,1.000000,3,FLEXION,1.000000,0.00000894,0.00009359,0.00000006,0.99989741,0.00000000
flexion_04,3,FLEXION,4,active,38,4.005696,3,FLEXION,3,FLEXION,0.999819,0.414643,1900,2000,3,FLEXION,1.000000,3,FLEXION,1.000000,3,FLEXION,1.000000,3,FLEXION,1.000000,0.00002408,0.00015686,0.00000004,0.99981901,0.00000000
flexion_05,3,FLEXION,5,countdown,0,0.199251,3,FLEXION,3,FLEXION,1.000000,1.000000,0,100,0,REST,0.000000,0,REST,0.000000,0,REST,0.000000,0,REST,0.000000,0.00000000,0.00000000,0.00000000,1.00000000,0.00000000
flexion_05,3,FLEXION,5,countdown,1,0.299951,4,EXTENSION,3,FLEXION,0.999999,1.000000,50,150,0,REST,0.000000,0,REST,0.000000,0,REST,0.000000,0,REST,0.000000,0.00000000,0.00000007,0.00000000,0.00000054,0.99999939
flexion_05,3,FLEXION,5,countdown,2,0.399340,4,EXTENSION,4,EXTENSION,0.957644,1.000000,100,200,4,EXTENSION,1.000000,4,EXTENSION,0.666667,0,REST,0.000000,0,REST,0.000000,0.00001612,0.03663169,0.00000002,0.00570851,0.95764366
flexion_05,3,FLEXION,5,countdown,3,0.499621,1,POWER,4,EXTENSION,0.978832,0.521238,150,250,0,REST,0.000000,4,EXTENSION,0.666667,0,REST,0.000000,0,REST,0.000000,0.00011030,0.97883187,0.00000378,0.01024478,0.01080927
flexion_05,3,FLEXION,5,countdown,4,0.600063,1,POWER,4,EXTENSION,0.997020,0.152090,200,300,1,POWER,1.000000,1,POWER,0.666667,0,REST,0.000000,0,REST,0.000000,0.00004299,0.99701971,0.00000837,0.00288982,0.00003912
flexion_05,3,FLEXION,5,countdown,5,0.700941,1,POWER,1,POWER,0.996611,0.184317,250,350,1,POWER,1.000000,1,POWER,1.000000,1,POWER,0.750000,1,POWER,0.600000,0.00002700,0.99661087,0.00000828,0.00335337,0.00000047
flexion_05,3,FLEXION,5,countdown,6,0.802892,1,POWER,1,POWER,0.992924,0.059662,300,400,1,POWER,1.000000,1,POWER,1.000000,1,POWER,1.000000,1,POWER,0.800000,0.00027714,0.99292380,0.00002721,0.00677180,0.00000004
flexion_05,3,FLEXION,5,countdown,7,0.900644,1,POWER,1,POWER,0.982841,0.000000,350,450,1,POWER,1.000000,1,POWER,1.000000,1,POWER,1.000000,1,POWER,1.000000,0.00583296,0.98284050,0.00036638,0.01095751,0.00000265
flexion_05,3,FLEXION,5,countdown,8,0.999505,1,POWER,1,POWER,0.929393,0.000000,400,500,1,POWER,1.000000,1,POWER,1.000000,1,POWER,1.000000,1,POWER,1.000000,0.01343725,0.92939329,0.00031380,0.05685555,0.00000011
flexion_05,3,FLEXION,5,countdown,9,1.102065,0,REST,1,POWER,0.539126,0.000000,450,550,0,REST,0.000000,1,POWER,0.666667,1,POWER,0.750000,1,POWER,0.800000,0.53912586,0.44177446,0.00067650,0.01842316,0.00000001
flexion_05,3,FLEXION,5,countdown,10,1.200915,0,REST,1,POWER,0.974807,0.000000,500,600,0,REST,1.000000,0,REST,0.666667,0,REST,0.000000,1,POWER,0.600000,0.97480664,0.02469376,0.00037371,0.00012585,0.00000005
flexion_05,3,FLEXION,5,countdown,11,1.301335,0,REST,0,REST,0.666335,0.000000,550,650,0,REST,1.000000,0,REST,1.000000,0,REST,0.750000,0,REST,0.600000,0.66633498,0.33019555,0.00135756,0.00211191,0.00000000
flexion_05,3,FLEXION,5,countdown,12,1.402005,1,POWER,0,REST,0.628460,0.000000,600,700,0,REST,0.000000,0,REST,0.666667,0,REST,0.750000,0,REST,0.600000,0.36308774,0.62845967,0.00449007,0.00396251,0.00000000
flexion_05,3,FLEXION,5,countdown,13,1.502439,1,POWER,0,REST,0.604534,0.000000,650,750,1,POWER,1.000000,1,POWER,0.666667,0,REST,0.000000,0,REST,0.600000,0.38970045,0.60453352,0.00243798,0.00332805,0.00000000
flexion_05,3,FLEXION,5,countdown,14,1.600971,0,REST,0,REST,0.786141,0.000000,700,800,0,REST,0.000000,1,POWER,0.666667,0,REST,0.000000,0,REST,0.600000,0.78614116,0.20936202,0.00234412,0.00215270,0.00000000
flexion_05,3,FLEXION,5,countdown,15,1.702849,0,REST,0,REST,0.681032,0.000000,750,850,0,REST,1.000000,0,REST,0.666667,0,REST,0.000000,0,REST,0.600000,0.68103161,0.31317913,0.00537563,0.00041361,0.00000002
flexion_05,3,FLEXION,5,countdown,16,1.801154,0,REST,0,REST,0.796272,0.000000,800,900,0,REST,1.000000,0,REST,1.000000,0,REST,0.750000,0,REST,0.600000,0.79627241,0.19813023,0.00553753,0.00005981,0.00000002
flexion_05,3,FLEXION,5,countdown,17,1.905629,0,REST,0,REST,0.896660,0.000000,850,950,0,REST,1.000000,0,REST,1.000000,0,REST,1.000000,0,REST,0.800000,0.89666037,0.09973061,0.00343502,0.00017399,0.00000000
flexion_05,3,FLEXION,5,countdown,18,2.003375,0,REST,0,REST,0.925647,0.000000,900,1000,0,REST,1.000000,0,REST,1.000000,0,REST,1.000000,0,REST,1.000000,0.92564724,0.07037520,0.00374095,0.00023661,0.00000000
flexion_05,3,FLEXION,5,countdown,19,2.101686,0,REST,0,REST,0.865182,0.000000,950,1050,0,REST,1.000000,0,REST,1.000000,0,REST,1.000000,0,REST,1.000000,0.86518180,0.13254329,0.00184252,0.00043239,0.00000000
flexion_05,3,FLEXION,5,countdown,20,2.202462,0,REST,0,REST,0.816983,0.000000,1000,1100,0,REST,1.000000,0,REST,1.000000,0,REST,1.000000,0,REST,1.000000,0.81698266,0.17489560,0.00159525,0.00652646,0.00000002
flexion_05,3,FLEXION,5,countdown,21,2.302624,0,REST,0,REST,0.956127,0.000000,1050,1150,0,REST,1.000000,0,REST,1.000000,0,REST,1.000000,0,REST,1.000000,0.95612661,0.04232192,0.00093335,0.00061801,0.00000011
flexion_05,3,FLEXION,5,countdown,22,2.402958,0,REST,0,REST,0.998427,0.000000,1100,1200,0,REST,1.000000,0,REST,1.000000,0,REST,1.000000,0,REST,1.000000,0.99842661,0.00143696,0.00012568,0.00001076,0.00000000
flexion_05,3,FLEXION,5,countdown,23,2.511123,0,REST,0,REST,0.995976,0.000000,1150,1250,0,REST,1.000000,0,REST,1.000000,0,REST,1.000000,0,REST,1.000000,0.99597627,0.00376236,0.00017253,0.00008884,0.00000000
flexion_05,3,FLEXION,5,countdown,24,2.602783,1,POWER,0,REST,0.774593,0.000000,1200,1300,0,REST,0.000000,0,REST,0.666667,0,REST,0.750000,0,REST,0.800000,0.21689258,0.77459265,0.00156229,0.00695245,0.00000002
flexion_05,3,FLEXION,5,countdown,25,2.702541,3,FLEXION,0,REST,0.726244,0.000000,1250,1350,0,REST,0.000000,0,REST,0.000000,0,REST,0.000000,0,REST,0.600000,0.00138315,0.27221917,0.00015327,0.72624441,0.00000000
flexion_05,3,FLEXION,5,countdown,26,2.806775,3,FLEXION,0,REST,0.999242,0.000000,1300,1400,3,FLEXION,1.000000,3,FLEXION,0.666667,0,REST,0.000000,0,REST,0.000000,0.00000006,0.00075814,0.00000000,0.99924180,0.00000000
flexion_05,3,FLEXION,5,countdown,27,2.906743,3,FLEXION,3,FLEXION,1.000000,1.000000,1350,1450,3,FLEXION,1.000000,3,FLEXION,1.000000,3,FLEXION,0.750000,3,FLEXION,0.600000,0.00000000,0.00000000,0.00000000,1.00000000,0.00000000
flexion_05,3,FLEXION,5,active,28,3.003047,3,FLEXION,3,FLEXION,1.000000,0.849648,1400,1500,3,FLEXION,1.000000,3,FLEXION,1.000000,3,FLEXION,1.000000,3,FLEXION,0.800000,0.00000000,0.00000000,0.00000000,1.00000000,0.00000000
flexion_05,3,FLEXION,5,active,29,3.107919,3,FLEXION,3,FLEXION,1.000000,0.801733,1450,1550,3,FLEXION,1.000000,3,FLEXION,1.000000,3,FLEXION,1.000000,3,FLEXION,1.000000,0.00000000,0.00000000,0.00000000,1.00000000,0.00000000
flexion_05,3,FLEXION,5,active,30,3.204657,3,FLEXION,3,FLEXION,1.000000,0.858167,1500,1600,3,FLEXION,1.000000,3,FLEXION,1.000000,3,FLEXION,1.000000,3,FLEXION,1.000000,0.00000000,0.00000000,0.00000000,1.00000000,0.00000000
flexion_05,3,FLEXION,5,active,31,3.307782,3,FLEXION,3,FLEXION,1.000000,0.699291,1550,1650,3,FLEXION,1.000000,3,FLEXION,1.000000,3,FLEXION,1.000000,3,FLEXION,1.000000,0.00000000,0.00000012,0.00000000,0.99999987,0.00000000
flexion_05,3,FLEXION,5,active,32,3.403916,3,FLEXION,3,FLEXION,0.999948,0.485285,1600,1700,3,FLEXION,1.000000,3,FLEXION,1.000000,3,FLEXION,1.000000,3,FLEXION,1.000000,0.00000325,0.00004832,0.00000076,0.99994766,0.00000000
flexion_05,3,FLEXION,5,active,33,3.505060,3,FLEXION,3,FLEXION,0.994979,0.402850,1650,1750,3,FLEXION,1.000000,3,FLEXION,1.000000,3,FLEXION,1.000000,3,FLEXION,1.000000,0.00005614,0.00495870,0.00000593,0.99497906,0.00000017
flexion_05,3,FLEXION,5,active,34,3.604035,3,FLEXION,3,FLEXION,0.987816,0.344960,1700,1800,3,FLEXION,1.000000,3,FLEXION,1.000000,3,FLEXION,1.000000,3,FLEXION,1.000000,0.00043849,0.01173961,0.00000528,0.98781639,0.00000023
flexion_05,3,FLEXION,5,active,35,3.705918,3,FLEXION,3,FLEXION,0.997964,0.309728,1750,1850,3,FLEXION,1.000000,3,FLEXION,1.000000,3,FLEXION,1.000000,3,FLEXION,1.000000,0.00012072,0.00191387,0.00000152,0.99796388,0.00000000
flexion_05,3,FLEXION,5,active,36,3.804993,3,FLEXION,3,FLEXION,0.999747,0.361041,1800,1900,3,FLEXION,1.000000,3,FLEXION,1.000000,3,FLEXION,1.000000,3,FLEXION,1.000000,0.00001417,0.00023894,0.00000034,0.99974655,0.00000000
flexion_05,3,FLEXION,5,active,37,3.905067,3,FLEXION,3,FLEXION,0.995858,0.339060,1850,1950,3,FLEXION,1.000000,3,FLEXION,1.000000,3,FLEXION,1.000000,3,FLEXION,1.000000,0.00009882,0.00403694,0.00000597,0.99585827,0.00000000
flexion_05,3,FLEXION,5,active,38,4.005066,3,FLEXION,3,FLEXION,0.992273,0.292023,1900,2000,3,FLEXION,1.000000,3,FLEXION,1.000000,3,FLEXION,1.000000,3,FLEXION,1.000000,0.00024333,0.00747029,0.00001372,0.99227266,0.00000000
extension_01,4,EXTENSION,1,countdown,0,0.199159,3,FLEXION,3,FLEXION,1.000000,1.000000,0,100,0,REST,0.000000,0,REST,0.000000,0,REST,0.000000,0,REST,0.000000,0.00000000,0.00000000,0.00000000,1.00000000,0.00000000
extension_01,4,EXTENSION,1,countdown,1,0.299651,4,EXTENSION,3,FLEXION,1.000000,1.000000,50,150,0,REST,0.000000,0,REST,0.000000,0,REST,0.000000,0,REST,0.000000,0.00000000,0.00000003,0.00000000,0.00000003,0.99999993
extension_01,4,EXTENSION,1,countdown,2,0.403833,4,EXTENSION,4,EXTENSION,0.993200,1.000000,100,200,4,EXTENSION,1.000000,4,EXTENSION,0.666667,0,REST,0.000000,0,REST,0.000000,0.00000167,0.00671370,0.00000001,0.00008426,0.99320036
extension_01,4,EXTENSION,1,countdown,3,0.504125,1,POWER,4,EXTENSION,0.981990,0.518022,150,250,0,REST,0.000000,4,EXTENSION,0.666667,0,REST,0.000000,0,REST,0.000000,0.00005755,0.98198989,0.00000542,0.00171754,0.01622960
extension_01,4,EXTENSION,1,countdown,4,0.600107,1,POWER,4,EXTENSION,0.999401,0.144614,200,300,1,POWER,1.000000,1,POWER,0.666667,0,REST,0.000000,0,REST,0.000000,0.00002343,0.99940099,0.00001067,0.00052911,0.00003580
extension_01,4,EXTENSION,1,countdown,5,0.700668,1,POWER,1,POWER,0.999521,0.174932,250,350,1,POWER,1.000000,1,POWER,1.000000,1,POWER,0.750000,1,POWER,0.600000,0.00000427,0.99952096,0.00000322,0.00047144,0.00000011
extension_01,4,EXTENSION,1,countdown,6,0.800270,1,POWER,1,POWER,0.998708,0.043081,300,400,1,POWER,1.000000,1,POWER,1.000000,1,POWER,1.000000,1,POWER,0.800000,0.00000070,0.99870778,0.00000022,0.00129130,0.00000000
extension_01,4,EXTENSION,1,countdown,7,0.900649,1,POWER,1,POWER,0.998445,0.000000,350,450,1,POWER,1.000000,1,POWER,1.000000,1,POWER,1.000000,1,POWER,1.000000,0.00000174,0.99844510,0.00000014,0.00155302,0.00000000
extension_01,4,EXTENSION,1,countdown,8,1.001933,1,POWER,1,POWER,0.998213,0.000000,400,500,1,POWER,1.000000,1,POWER,1.000000,1,POWER,1.000000,1,POWER,1.000000,0.00000861,0.99821338,0.00000029,0.00177772,0.00000000
extension_01,4,EXTENSION,1,countdown,9,1.104697,1,POWER,1,POWER,0.997174,0.000000,450,550,1,POWER,1.000000,1,POWER,1.000000,1,POWER,1.000000,1,POWER,1.000000,0.00057575,0.99717353,0.00000255,0.00224816,0.00000000
extension_01,4,EXTENSION,1,countdown,10,1.203026,0,REST,1,POWER,0.644346,0.000000,500,600,0,REST,0.000000,1,POWER,0.666667,1,POWER,0.750000,1,POWER,0.800000,0.64434618,0.35302861,0.00027045,0.00235476,0.00000001
extension_01,4,EXTENSION,1,countdown,11,1.302883,0,REST,1,POWER,0.976885,0.000000,550,650,0,REST,1.000000,0,REST,0.666667,0,REST,0.000000,1,POWER,0.600000,0.97688532,0.02259291,0.00022184,0.00029993,0.00000000
extension_01,4,EXTENSION,1,countdown,12,1.402618,0,REST,0,REST,0.648595,0.000000,600,700,0,REST,1.000000,0,REST,1.000000,0,REST,0.750000,0,REST,0.600000,0.64859472,0.34718984,0.00093358,0.00328186,0.00000000
extension_01,4,EXTENSION,1,countdown,13,1.503610,0,REST,0,REST,0.953842,0.000000,650,750,0,REST,1.000000,0,REST,1.000000,0,REST,1.000000,0,REST,0.800000,0.95384187,0.04463035,0.00063953,0.00088825,0.00000000
extension_01,4,EXTENSION,1,countdown,14,1.601648,0,REST,0,REST,0.998181,0.000000,700,800,0,REST,1.000000,0,REST,1.000000,0,REST,1.000000,0,REST,1.000000,0.99818059,0.00158461,0.00016098,0.00007382,0.00000000
extension_01,4,EXTENSION,1,countdown,15,1.702451,0,REST,0,REST,0.999559,0.000000,750,850,0,REST,1.000000,0,REST,1.000000,0,REST,1.000000,0,REST,1.000000,0.99955903,0.00035721,0.00007679,0.00000698,0.00000000
extension_01,4,EXTENSION,1,countdown,16,1.801902,0,REST,0,REST,0.999412,0.000000,800,900,0,REST,1.000000,0,REST,1.000000,0,REST,1.000000,0,REST,1.000000,0.99941237,0.00050949,0.00007398,0.00000416,0.00000000
extension_01,4,EXTENSION,1,countdown,17,1.904827,0,REST,0,REST,0.998428,0.000000,850,950,0,REST,1.000000,0,REST,1.000000,0,REST,1.000000,0,REST,1.000000,0.99842785,0.00142254,0.00011125,0.00003837,0.00000000
extension_01,4,EXTENSION,1,countdown,18,2.002274,0,REST,0,REST,0.993226,0.000000,900,1000,0,REST,1.000000,0,REST,1.000000,0,REST,1.000000,0,REST,1.000000,0.99322644,0.00633696,0.00024047,0.00019613,0.00000000
extension_01,4,EXTENSION,1,countdown,19,2.102358,0,REST,0,REST,0.993038,0.000000,950,1050,0,REST,1.000000,0,REST,1.000000,0,REST,1.000000,0,REST,1.000000,0.99303780,0.00628149,0.00057771,0.00010300,0.00000000
extension_01,4,EXTENSION,1,countdown,20,2.203384,0,REST,0,REST,0.998198,0.000000,1000,1100,0,REST,1.000000,0,REST,1.000000,0,REST,1.000000,0,REST,1.000000,0.99819842,0.00090152,0.00088019,0.00001987,0.00000000
extension_01,4,EXTENSION,1,countdown,21,2.304217,0,REST,0,REST,0.998214,0.000000,1050,1150,0,REST,1.000000,0,REST,1.000000,0,REST,1.000000,0,REST,1.000000,0.99821351,0.00098239,0.00077754,0.00002656,0.00000000
extension_01,4,EXTENSION,1,countdown,22,2.405766,0,REST,0,REST,0.998477,0.000000,1100,1200,0,REST,1.000000,0,REST,1.000000,0,REST,1.000000,0,REST,1.000000,0.99847663,0.00109238,0.00041188,0.00001911,0.00000000
extension_01,4,EXTENSION,1,countdown,23,2.507952,0,REST,0,REST,0.955952,0.000000,1150,1250,0,REST,1.000000,0,REST,1.000000,0,REST,1.000000,0,REST,1.000000,0.95595185,0.04191153,0.00161273,0.00052390,0.00000000
extension_01,4,EXTENSION,1,countdown,24,2.603622,0,REST,0,REST,0.936720,0.000000,1200,1300,0,REST,1.000000,0,REST,1.000000,0,REST,1.000000,0,REST,1.000000,0.93671990,0.05629752,0.00536393,0.00161865,0.00000001
extension_01,4,EXTENSION,1,countdown,25,2.703715,0,REST,0,REST,0.966121,0.000000,1250,1350,0,REST,1.000000,0,REST,1.000000,0,REST,1.000000,0,REST,1.000000,0.96612086,0.02730702,0.00607375,0.00049835,0.00000002
extension_01,4,EXTENSION,1,countdown,26,2.804418,0,REST,0,REST,0.675238,0.000000,1300,1400,0,REST,1.000000,0,REST,1.000000,0,REST,1.000000,0,REST,1.000000,0.67523844,0.31506500,0.00490060,0.00479595,0.00000001
extension_01,4,EXTENSION,1,countdown,27,2.904385,4,EXTENSION,0,REST,1.000000,0.000000,1350,1450,0,REST,0.000000,0,REST,0.666667,0,REST,0.750000,0,REST,0.800000,0.00000000,0.00000000,0.00000002,0.00000000,0.99999998
extension_01,4,EXTENSION,1,active,28,3.005807,4,EXTENSION,0,REST,1.000000,0.000000,1400,1500,4,EXTENSION,1.000000,4,EXTENSION,0.666667,0,REST,0.000000,0,REST,0.600000,0.00000000,0.00000000,0.00000000,0.00000000,1.00000000
extension_01,4,EXTENSION,1,active,29,3.105519,4,EXTENSION,4,EXTENSION,1.000000,1.000000,1450,1550,4,EXTENSION,1.000000,4,EXTENSION,1.000000,4,EXTENSION,0.750000,4,EXTENSION,0.600000,0.00000000,0.00000000,0.00000000,0.00000000,1.00000000
extension_01,4,EXTENSION,1,active,30,3.207193,4,EXTENSION,4,EXTENSION,1.000000,1.000000,1500,1600,4,EXTENSION,1.000000,4,EXTENSION,1.000000,4,EXTENSION,1.000000,4,EXTENSION,0.800000,0.00000000,0.00000000,0.00000000,0.00000000,1.00000000
extension_01,4,EXTENSION,1,active,31,3.305026,4,EXTENSION,4,EXTENSION,1.000000,1.000000,1550,1650,4,EXTENSION,1.000000,4,EXTENSION,1.000000,4,EXTENSION,1.000000,4,EXTENSION,1.000000,0.00000000,0.00000000,0.00000000,0.00000000,1.00000000
extension_01,4,EXTENSION,1,active,32,3.411600,4,EXTENSION,4,EXTENSION,1.000000,1.000000,1600,1700,4,EXTENSION,1.000000,4,EXTENSION,1.000000,4,EXTENSION,1.000000,4,EXTENSION,1.000000,0.00000000,0.00000000,0.00000000,0.00000000,1.00000000
extension_01,4,EXTENSION,1,active,33,3.506646,4,EXTENSION,4,EXTENSION,1.000000,0.932135,1650,1750,4,EXTENSION,1.000000,4,EXTENSION,1.000000,4,EXTENSION,1.000000,4,EXTENSION,1.000000,0.00000000,0.00000000,0.00000000,0.00000000,1.00000000
extension_01,4,EXTENSION,1,active,34,3.605393,4,EXTENSION,4,EXTENSION,1.000000,0.882611,1700,1800,4,EXTENSION,1.000000,4,EXTENSION,1.000000,4,EXTENSION,1.000000,4,EXTENSION,1.000000,0.00000000,0.00000000,0.00000000,0.00000000,1.00000000
extension_01,4,EXTENSION,1,active,35,3.705712,4,EXTENSION,4,EXTENSION,1.000000,0.788895,1750,1850,4,EXTENSION,1.000000,4,EXTENSION,1.000000,4,EXTENSION,1.000000,4,EXTENSION,1.000000,0.00000000,0.00000000,0.00000000,0.00000000,1.00000000
extension_01,4,EXTENSION,1,active,36,3.806478,4,EXTENSION,4,EXTENSION,1.000000,0.758597,1800,1900,4,EXTENSION,1.000000,4,EXTENSION,1.000000,4,EXTENSION,1.000000,4,EXTENSION,1.000000,0.00000000,0.00000000,0.00000000,0.00000000,1.00000000
extension_01,4,EXTENSION,1,active,37,3.907072,4,EXTENSION,4,EXTENSION,1.000000,0.674662,1850,1950,4,EXTENSION,1.000000,4,EXTENSION,1.000000,4,EXTENSION,1.000000,4,EXTENSION,1.000000,0.00000000,0.00000000,0.00000000,0.00000000,1.00000000
extension_01,4,EXTENSION,1,active,38,4.006685,4,EXTENSION,4,EXTENSION,1.000000,0.670447,1900,2000,4,EXTENSION,1.000000,4,EXTENSION,1.000000,4,EXTENSION,1.000000,4,EXTENSION,1.000000,0.00000000,0.00000000,0.00000000,0.00000000,1.00000000
extension_01,4,EXTENSION,1,active,39,4.106208,4,EXTENSION,4,EXTENSION,1.000000,0.824190,1950,2050,4,EXTENSION,1.000000,4,EXTENSION,1.000000,4,EXTENSION,1.000000,4,EXTENSION,1.000000,0.00000000,0.00000000,0.00000000,0.00000000,1.00000000
extension_02,4,EXTENSION,2,countdown,0,0.199247,3,FLEXION,3,FLEXION,1.000000,1.000000,0,100,0,REST,0.000000,0,REST,0.000000,0,REST,0.000000,0,REST,0.000000,0.00000000,0.00000000,0.00000000,1.00000000,0.00000000
extension_02,4,EXTENSION,2,countdown,1,0.299148,4,EXTENSION,3,FLEXION,1.000000,1.000000,50,150,0,REST,0.000000,0,REST,0.000000,0,REST,0.000000,0,REST,0.000000,0.00000000,0.00000001,0.00000000,0.00000033,0.99999966
extension_02,4,EXTENSION,2,countdown,2,0.400321,4,EXTENSION,4,EXTENSION,0.985570,1.000000,100,200,4,EXTENSION,1.000000,4,EXTENSION,0.666667,0,REST,0.000000,0,REST,0.000000,0.00000262,0.01140727,0.00000000,0.00301996,0.98557014
extension_02,4,EXTENSION,2,countdown,3,0.498890,1,POWER,4,EXTENSION,0.973255,0.523041,150,250,0,REST,0.000000,4,EXTENSION,0.666667,0,REST,0.000000,0,REST,0.000000,0.00007191,0.97325491,0.00000175,0.01650373,0.01016771
extension_02,4,EXTENSION,2,countdown,4,0.599728,1,POWER,4,EXTENSION,0.996964,0.141408,200,300,1,POWER,1.000000,1,POWER,0.666667,0,REST,0.000000,0,REST,0.000000,0.00003981,0.99696420,0.00000769,0.00296614,0.00002215
extension_02,4,EXTENSION,2,countdown,5,0.701394,1,POWER,1,POWER,0.998470,0.170270,250,350,1,POWER,1.000000,1,POWER,1.000000,1,POWER,0.750000,1,POWER,0.600000,0.00002224,0.99846979,0.00000471,0.00150320,0.00000006
extension_02,4,EXTENSION,2,countdown,6,0.800046,1,POWER,1,POWER,0.998155,0.034238,300,400,1,POWER,1.000000,1,POWER,1.000000,1,POWER,1.000000,1,POWER,0.800000,0.00000153,0.99815517,0.00000009,0.00184322,0.00000000
extension_02,4,EXTENSION,2,countdown,7,0.900200,1,POWER,1,POWER,0.999238,0.000000,350,450,1,POWER,1.000000,1,POWER,1.000000,1,POWER,1.000000,1,POWER,1.000000,0.00000134,0.99923799,0.00000004,0.00076063,0.00000000
extension_02,4,EXTENSION,2,countdown,8,1.000314,1,POWER,1,POWER,0.996876,0.000000,400,500,1,POWER,1.000000,1,POWER,1.000000,1,POWER,1.000000,1,POWER,1.000000,0.00187222,0.99687638,0.00000695,0.00124445,0.00000000
extension_02,4,EXTENSION,2,countdown,9,1.100222,0,REST,1,POWER,0.559851,0.000000,450,550,0,REST,0.000000,1,POWER,0.666667,1,POWER,0.750000,1,POWER,0.800000,0.55985054,0.43748072,0.00023600,0.00243274,0.00000000
extension_02,4,EXTENSION,2,countdown,10,1.200605,0,REST,1,POWER,0.923346,0.000000,500,600,0,REST,1.000000,0,REST,0.666667,0,REST,0.000000,1,POWER,0.600000,0.92334601,0.07438751,0.00041919,0.00184729,0.00000000
extension_02,4,EXTENSION,2,countdown,11,1.300662,0,REST,0,REST,0.996323,0.000000,550,650,0,REST,1.000000,0,REST,1.000000,0,REST,0.750000,0,REST,0.600000,0.99632328,0.00315231,0.00040744,0.00011696,0.00000000
extension_02,4,EXTENSION,2,countdown,12,1.400850,0,REST,0,REST,0.997518,0.000000,600,700,0,REST,1.000000,0,REST,1.000000,0,REST,1.000000,0,REST,0.800000,0.99751821,0.00232075,0.00012838,0.00003266,0.00000000
extension_02,4,EXTENSION,2,countdown,13,1.501571,0,REST,0,REST,0.997542,0.000000,650,750,0,REST,1.000000,0,REST,1.000000,0,REST,1.000000,0,REST,1.000000,0.99754204,0.00234815,0.00006731,0.00004250,0.00000000
extension_02,4,EXTENSION,2,countdown,14,1.601125,0,REST,0,REST,0.999023,0.000000,700,800,0,REST,1.000000,0,REST,1.000000,0,REST,1.000000,0,REST,1.000000,0.99902338,0.00083658,0.00005099,0.00008905,0.00000000
extension_02,4,EXTENSION,2,countdown,15,1.704319,0,REST,0,REST,0.999501,0.000000,750,850,0,REST,1.000000,0,REST,1.000000,0,REST,1.000000,0,REST,1.000000,0.99950102,0.00039101,0.00009377,0.00001420,0.00000000
extension_02,4,EXTENSION,2,countdown,16,1.802546,0,REST,0,REST,0.999499,0.000000,800,900,0,REST,1.000000,0,REST,1.000000,0,REST,1.000000,0,REST,1.000000,0.99949887,0.00039004,0.00010346,0.00000763,0.00000000
extension_02,4,EXTENSION,2,countdown,17,1.902167,0,REST,0,REST,0.996249,0.000000,850,950,0,REST,1.000000,0,REST,1.000000,0,REST,1.000000,0,REST,1.000000,0.99624916,0.00364834,0.00005091,0.00005158,0.00000000
extension_02,4,EXTENSION,2,countdown,18,2.003300,0,REST,0,REST,0.988602,0.000000,900,1000,0,REST,1.000000,0,REST,1.000000,0,REST,1.000000,0,REST,1.000000,0.98860164,0.01117787,0.00006429,0.00015620,0.00000000
extension_02,4,EXTENSION,2,countdown,19,2.104870,0,REST,0,REST,0.987875,0.000000,950,1050,0,REST,1.000000,0,REST,1.000000,0,REST,1.000000,0,REST,1.000000,0.98787527,0.01188283,0.00009208,0.00014982,0.00000000
extension_02,4,EXTENSION,2,countdown,20,2.203288,0,REST,0,REST,0.918917,0.000000,1000,1100,0,REST,1.000000,0,REST,1.000000,0,REST,1.000000,0,REST,1.000000,0.91891672,0.07898340,0.00089252,0.00120736,0.00000000
extension_02,4,EXTENSION,2,countdown,21,2.303811,0,REST,0,REST,0.802524,0.000000,1050,1150,0,REST,1.000000,0,REST,1.000000,0,REST,1.000000,0,REST,1.000000,0.80252403,0.19137659,0.00426976,0.00182963,0.00000000
extension_02,4,EXTENSION,2,countdown,22,2.403719,0,REST,0,REST,0.990481,0.000000,1100,1200,0,REST,1.000000,0,REST,1.000000,0,REST,1.000000,0,REST,1.000000,0.99048127,0.00850506,0.00071221,0.00030145,0.00000000
extension_02,4,EXTENSION,2,countdown,23,2.503711,0,REST,0,REST,0.994531,0.000000,1150,1250,0,REST,1.000000,0,REST,1.000000,0,REST,1.000000,0,REST,1.000000,0.99453142,0.00491060,0.00007171,0.00048627,0.00000000
extension_02,4,EXTENSION,2,countdown,24,2.603219,0,REST,0,REST,0.980066,0.000000,1200,1300,0,REST,1.000000,0,REST,1.000000,0,REST,1.000000,0,REST,1.000000,0.98006646,0.01937453,0.00010692,0.00045209,0.00000001
extension_02,4,EXTENSION,2,countdown,25,2.704230,0,REST,0,REST,0.880052,0.000000,1250,1350,0,REST,1.000000,0,REST,1.000000,0,REST,1.000000,0,REST,1.000000,0.88005231,0.11817394,0.00069946,0.00107427,0.00000001
extension_02,4,EXTENSION,2,countdown,26,2.806350,0,REST,0,REST,0.759579,0.000000,1300,1400,0,REST,1.000000,0,REST,1.000000,0,REST,1.000000,0,REST,1.000000,0.75957932,0.23672264,0.00158115,0.00211689,0.00000000
extension_02,4,EXTENSION,2,countdown,27,2.904760,0,REST,0,REST,0.811750,0.000000,1350,1450,0,REST,1.000000,0,REST,1.000000,0,REST,1.000000,0,REST,1.000000,0.81175002,0.18428418,0.00057977,0.00338603,0.00000000
extension_02,4,EXTENSION,2,active,28,3.003907,4,EXTENSION,0,REST,0.980977,0.000000,1400,1500,0,REST,0.000000,0,REST,0.666667,0,REST,0.750000,0,REST,0.800000,0.00192241,0.00965342,0.00744125,0.00000574,0.98097719
extension_02,4,EXTENSION,2,active,29,3.103786,4,EXTENSION,0,REST,1.000000,0.000000,1450,1550,4,EXTENSION,1.000000,4,EXTENSION,0.666667,0,REST,0.000000,0,REST,0.600000,0.00000000,0.00000000,0.00000000,0.00000000,1.00000000
extension_02,4,EXTENSION,2,active,30,3.203674,4,EXTENSION,4,EXTENSION,1.000000,1.000000,1500,1600,4,EXTENSION,1.000000,4,EXTENSION,1.000000,4,EXTENSION,0.750000,4,EXTENSION,0.600000,0.00000000,0.00000000,0.00000000,0.00000000,1.00000000
extension_02,4,EXTENSION,2,active,31,3.303847,4,EXTENSION,4,EXTENSION,1.000000,1.000000,1550,1650,4,EXTENSION,1.000000,4,EXTENSION,1.000000,4,EXTENSION,1.000000,4,EXTENSION,0.800000,0.00000000,0.00000000,0.00000000,0.00000000,1.00000000
extension_02,4,EXTENSION,2,active,32,3.404000,4,EXTENSION,4,EXTENSION,1.000000,0.877696,1600,1700,4,EXTENSION,1.000000,4,EXTENSION,1.000000,4,EXTENSION,1.000000,4,EXTENSION,1.000000,0.00000000,0.00000000,0.00000000,0.00000000,1.00000000
extension_02,4,EXTENSION,2,active,33,3.504539,4,EXTENSION,4,EXTENSION,1.000000,0.777232,1650,1750,4,EXTENSION,1.000000,4,EXTENSION,1.000000,4,EXTENSION,1.000000,4,EXTENSION,1.000000,0.00000000,0.00000000,0.00000000,0.00000000,1.00000000
extension_02,4,EXTENSION,2,active,34,3.605104,4,EXTENSION,4,EXTENSION,1.000000,0.668364,1700,1800,4,EXTENSION,1.000000,4,EXTENSION,1.000000,4,EXTENSION,1.000000,4,EXTENSION,1.000000,0.00000000,0.00000000,0.00000000,0.00000000,1.00000000
extension_02,4,EXTENSION,2,active,35,3.704270,4,EXTENSION,4,EXTENSION,1.000000,0.669406,1750,1850,4,EXTENSION,1.000000,4,EXTENSION,1.000000,4,EXTENSION,1.000000,4,EXTENSION,1.000000,0.00000000,0.00000000,0.00000000,0.00000000,1.00000000
extension_02,4,EXTENSION,2,active,36,3.804549,4,EXTENSION,4,EXTENSION,1.000000,0.649955,1800,1900,4,EXTENSION,1.000000,4,EXTENSION,1.000000,4,EXTENSION,1.000000,4,EXTENSION,1.000000,0.00000000,0.00000000,0.00000002,0.00000000,0.99999998
extension_02,4,EXTENSION,2,active,37,3.906285,4,EXTENSION,4,EXTENSION,1.000000,0.627693,1850,1950,4,EXTENSION,1.000000,4,EXTENSION,1.000000,4,EXTENSION,1.000000,4,EXTENSION,1.000000,0.00000000,0.00000000,0.00000001,0.00000000,0.99999999
extension_02,4,EXTENSION,2,active,38,4.005156,4,EXTENSION,4,EXTENSION,1.000000,0.603955,1900,2000,4,EXTENSION,1.000000,4,EXTENSION,1.000000,4,EXTENSION,1.000000,4,EXTENSION,1.000000,0.00000000,0.00000000,0.00000003,0.00000000,0.99999997
extension_02,4,EXTENSION,2,active,39,4.104985,4,EXTENSION,4,EXTENSION,0.999991,0.633044,1950,2050,4,EXTENSION,1.000000,4,EXTENSION,1.000000,4,EXTENSION,1.000000,4,EXTENSION,1.000000,0.00000000,0.00000000,0.00000894,0.00000000,0.99999106
extension_02,4,EXTENSION,2,active,40,4.205665,4,EXTENSION,4,EXTENSION,0.999998,0.729105,2000,2100,4,EXTENSION,1.000000,4,EXTENSION,1.000000,4,EXTENSION,1.000000,4,EXTENSION,1.000000,0.00000000,0.00000000,0.00000226,0.00000000,0.99999773
extension_03,4,EXTENSION,3,countdown,0,0.197748,3,FLEXION,3,FLEXION,1.000000,1.000000,0,100,0,REST,0.000000,0,REST,0.000000,0,REST,0.000000,0,REST,0.000000,0.00000000,0.00000000,0.00000000,1.00000000,0.00000000
extension_03,4,EXTENSION,3,countdown,1,0.298573,4,EXTENSION,3,FLEXION,1.000000,1.000000,50,150,0,REST,0.000000,0,REST,0.000000,0,REST,0.000000,0,REST,0.000000,0.00000000,0.00000000,0.00000000,0.00000005,0.99999995
extension_03,4,EXTENSION,3,countdown,2,0.399453,4,EXTENSION,4,EXTENSION,0.997412,1.000000,100,200,4,EXTENSION,1.000000,4,EXTENSION,0.666667,0,REST,0.000000,0,REST,0.000000,0.00000015,0.00242681,0.00000000,0.00016144,0.99741161
extension_03,4,EXTENSION,3,countdown,3,0.496374,1,POWER,4,EXTENSION,0.992804,0.517236,150,250,0,REST,0.000000,4,EXTENSION,0.666667,0,REST,0.000000,0,REST,0.000000,0.00001453,0.99280448,0.00000091,0.00482331,0.00235678
extension_03,4,EXTENSION,3,countdown,4,0.596610,1,POWER,4,EXTENSION,0.998600,0.156136,200,300,1,POWER,1.000000,1,POWER,0.666667,0,REST,0.000000,0,REST,0.000000,0.00000237,0.99860007,0.00000089,0.00139614,0.00000053
extension_03,4,EXTENSION,3,countdown,5,0.700233,1,POWER,1,POWER,0.999130,0.170510,250,350,1,POWER,1.000000,1,POWER,1.000000,1,POWER,0.750000,1,POWER,0.600000,0.00000058,0.99912976,0.00000038,0.00086928,0.00000000
extension_03,4,EXTENSION,3,countdown,6,0.797336,1,POWER,1,POWER,0.999557,0.054416,300,400,1,POWER,1.000000,1,POWER,1.000000,1,POWER,1.000000,1,POWER,0.800000,0.00000276,0.99955694,0.00000048,0.00043983,0.00000000
extension_03,4,EXTENSION,3,countdown,7,0.897692,1,POWER,1,POWER,0.998333,0.000000,350,450,1,POWER,1.000000,1,POWER,1.000000,1,POWER,1.000000,1,POWER,1.000000,0.00031702,0.99833344,0.00000605,0.00134348,0.00000000
extension_03,4,EXTENSION,3,countdown,8,0.997441,1,POWER,1,POWER,0.912181,0.000000,400,500,1,POWER,1.000000,1,POWER,1.000000,1,POWER,1.000000,1,POWER,1.000000,0.07188157,0.91218102,0.00004858,0.01588883,0.00000000
extension_03,4,EXTENSION,3,countdown,9,1.098183,0,REST,1,POWER,0.834896,0.000000,450,550,0,REST,0.000000,1,POWER,0.666667,1,POWER,0.750000,1,POWER,0.800000,0.83489564,0.15794823,0.00019973,0.00695640,0.00000000
extension_03,4,EXTENSION,3,countdown,10,1.198327,0,REST,1,POWER,0.662541,0.000000,500,600,0,REST,1.000000,0,REST,0.666667,0,REST,0.000000,1,POWER,0.600000,0.66254143,0.32808203,0.00052006,0.00885649,0.00000000
extension_03,4,EXTENSION,3,countdown,11,1.300015,1,POWER,1,POWER,0.844024,0.000000,550,650,0,REST,0.000000,0,REST,0.666667,0,REST,0.000000,1,POWER,0.600000,0.14088120,0.84402364,0.00030258,0.01479259,0.00000000
extension_03,4,EXTENSION,3,countdown,12,1.399440,1,POWER,1,POWER,0.580346,0.000000,600,700,1,POWER,1.000000,1,POWER,0.666667,0,REST,0.000000,1,POWER,0.600000,0.40439473,0.58034644,0.00223264,0.01302611,0.00000009
extension_03,4,EXTENSION,3,countdown,13,1.498029,0,REST,0,REST,0.498840,0.000000,650,750,0,REST,0.000000,1,POWER,0.666667,0,REST,0.000000,0,REST,0.600000,0.49008358,0.49884025,0.00625618,0.00481987,0.00000013
extension_03,4,EXTENSION,3,countdown,14,1.598804,0,REST,0,REST,0.536344,0.000000,700,800,0,REST,1.000000,0,REST,0.666667,0,REST,0.000000,0,REST,0.600000,0.45516648,0.53634401,0.00534102,0.00314849,0.00000000
extension_03,4,EXTENSION,3,countdown,15,1.701710,0,REST,0,REST,0.665742,0.000000,750,850,0,REST,1.000000,0,REST,1.000000,0,REST,0.750000,0,REST,0.600000,0.66574194,0.32696915,0.00427231,0.00301660,0.00000000
extension_03,4,EXTENSION,3,countdown,16,1.799965,0,REST,0,REST,0.767674,0.000000,800,900,0,REST,1.000000,0,REST,1.000000,0,REST,1.000000,0,REST,0.800000,0.76767390,0.22510339,0.00193048,0.00529223,0.00000000
extension_03,4,EXTENSION,3,countdown,17,1.903572,1,POWER,0,REST,0.648273,0.000000,850,950,0,REST,0.000000,0,REST,0.666667,0,REST,0.750000,0,REST,0.800000,0.34049057,0.64827255,0.00211621,0.00912063,0.00000004
extension_03,4,EXTENSION,3,countdown,18,2.000110,0,REST,0,REST,0.904109,0.000000,900,1000,0,REST,0.000000,0,REST,0.666667,0,REST,0.750000,0,REST,0.800000,0.90410905,0.09314075,0.00196432,0.00078587,0.00000002
extension_03,4,EXTENSION,3,countdown,19,2.100755,0,REST,0,REST,0.894390,0.000000,950,1050,0,REST,1.000000,0,REST,0.666667,0,REST,0.750000,0,REST,0.800000,0.89438992,0.10389361,0.00066106,0.00105541,0.00000000
extension_03,4,EXTENSION,3,countdown,20,2.202957,0,REST,0,REST,0.693469,0.000000,1000,1100,0,REST,1.000000,0,REST,1.000000,0,REST,0.750000,0,REST,0.800000,0.69346904,0.30090006,0.00088992,0.00474098,0.00000000
extension_03,4,EXTENSION,3,countdown,21,2.301805,0,REST,0,REST,0.992624,0.000000,1050,1150,0,REST,1.000000,0,REST,1.000000,0,REST,1.000000,0,REST,0.800000,0.99262390,0.00694309,0.00028188,0.00015113,0.00000000
extension_03,4,EXTENSION,3,countdown,22,2.402878,0,REST,0,REST,0.990571,0.000000,1100,1200,0,REST,1.000000,0,REST,1.000000,0,REST,1.000000,0,REST,1.000000,0.99057150,0.00894989,0.00038917,0.00008944,0.00000000
extension_03,4,EXTENSION,3,countdown,23,2.503086,0,REST,0,REST,0.792881,0.000000,1150,1250,0,REST,1.000000,0,REST,1.000000,0,REST,1.000000,0,REST,1.000000,0.79288134,0.20458296,0.00135718,0.00117852,0.00000000
extension_03,4,EXTENSION,3,countdown,24,2.601013,0,REST,0,REST,0.934207,0.000000,1200,1300,0,REST,1.000000,0,REST,1.000000,0,REST,1.000000,0,REST,1.000000,0.93420734,0.06382068,0.00129374,0.00067824,0.00000000
extension_03,4,EXTENSION,3,countdown,25,2.700522,0,REST,0,REST,0.999364,0.000000,1250,1350,0,REST,1.000000,0,REST,1.000000,0,REST,1.000000,0,REST,1.000000,0.99936446,0.00040047,0.00022148,0.00001358,0.00000000
extension_03,4,EXTENSION,3,countdown,26,2.800906,0,REST,0,REST,0.993798,0.000000,1300,1400,0,REST,1.000000,0,REST,1.000000,0,REST,1.000000,0,REST,1.000000,0.99379772,0.00538839,0.00022878,0.00058511,0.00000000
extension_03,4,EXTENSION,3,countdown,27,2.906800,0,REST,0,REST,0.891206,0.000000,1350,1450,0,REST,1.000000,0,REST,1.000000,0,REST,1.000000,0,REST,1.000000,0.89120627,0.10134861,0.00115972,0.00628538,0.00000001
extension_03,4,EXTENSION,3,active,28,3.000551,2,OPEN,0,REST,0.888458,0.000000,1400,1500,0,REST,0.000000,0,REST,0.666667,0,REST,0.750000,0,REST,0.800000,0.08648005,0.02307866,0.88845795,0.00195741,0.00002593
extension_03,4,EXTENSION,3,active,29,3.100965,4,EXTENSION,0,REST,1.000000,0.000000,1450,1550,0,REST,0.000000,0,REST,0.000000,0,REST,0.000000,0,REST,0.600000,0.00000000,0.00000000,0.00000026,0.00000000,0.99999974
extension_03,4,EXTENSION,3,active,30,3.203599,4,EXTENSION,0,REST,1.000000,0.000000,1500,1600,4,EXTENSION,1.000000,4,EXTENSION,0.666667,0,REST,0.000000,0,REST,0.000000,0.00000000,0.00000000,0.00000000,0.00000000,1.00000000
extension_03,4,EXTENSION,3,active,31,3.306068,4,EXTENSION,4,EXTENSION,1.000000,1.000000,1550,1650,4,EXTENSION,1.000000,4,EXTENSION,1.000000,4,EXTENSION,0.750000,4,EXTENSION,0.600000,0.00000000,0.00000000,0.00000000,0.00000000,1.00000000
extension_03,4,EXTENSION,3,active,32,3.402894,4,EXTENSION,4,EXTENSION,1.000000,0.869460,1600,1700,4,EXTENSION,1.000000,4,EXTENSION,1.000000,4,EXTENSION,1.000000,4,EXTENSION,0.800000,0.00000000,0.00000000,0.00000000,0.00000000,1.00000000
extension_03,4,EXTENSION,3,active,33,3.513420,4,EXTENSION,4,EXTENSION,1.000000,0.648330,1650,1750,4,EXTENSION,1.000000,4,EXTENSION,1.000000,4,EXTENSION,1.000000,4,EXTENSION,1.000000,0.00000000,0.00000000,0.00000000,0.00000000,1.00000000
extension_03,4,EXTENSION,3,active,34,3.602485,4,EXTENSION,4,EXTENSION,1.000000,0.539643,1700,1800,4,EXTENSION,1.000000,4,EXTENSION,1.000000,4,EXTENSION,1.000000,4,EXTENSION,1.000000,0.00000000,0.00000000,0.00000000,0.00000000,1.00000000
extension_03,4,EXTENSION,3,active,35,3.702840,4,EXTENSION,4,EXTENSION,0.999998,0.549849,1750,1850,4,EXTENSION,1.000000,4,EXTENSION,1.000000,4,EXTENSION,1.000000,4,EXTENSION,1.000000,0.00000000,0.00000000,0.00000214,0.00000000,0.99999786
extension_03,4,EXTENSION,3,active,36,3.802808,4,EXTENSION,4,EXTENSION,1.000000,0.499371,1800,1900,4,EXTENSION,1.000000,4,EXTENSION,1.000000,4,EXTENSION,1.000000,4,EXTENSION,1.000000,0.00000000,0.00000000,0.00000029,0.00000000,0.99999971
extension_03,4,EXTENSION,3,active,37,3.905283,4,EXTENSION,4,EXTENSION,1.000000,0.481893,1850,1950,4,EXTENSION,1.000000,4,EXTENSION,1.000000,4,EXTENSION,1.000000,4,EXTENSION,1.000000,0.00000000,0.00000000,0.00000000,0.00000000,1.00000000
extension_03,4,EXTENSION,3,active,38,4.002863,4,EXTENSION,4,EXTENSION,1.000000,0.544738,1900,2000,4,EXTENSION,1.000000,4,EXTENSION,1.000000,4,EXTENSION,1.000000,4,EXTENSION,1.000000,0.00000000,0.00000000,0.00000000,0.00000000,1.00000000
extension_03,4,EXTENSION,3,active,39,4.103126,4,EXTENSION,4,EXTENSION,1.000000,0.488726,1950,2050,4,EXTENSION,1.000000,4,EXTENSION,1.000000,4,EXTENSION,1.000000,4,EXTENSION,1.000000,0.00000000,0.00000000,0.00000004,0.00000000,0.99999996
extension_03,4,EXTENSION,3,active,40,4.204451,4,EXTENSION,4,EXTENSION,0.999993,0.351616,2000,2100,4,EXTENSION,1.000000,4,EXTENSION,1.000000,4,EXTENSION,1.000000,4,EXTENSION,1.000000,0.00000000,0.00000000,0.00000741,0.00000000,0.99999259
extension_03,4,EXTENSION,3,active,41,4.304567,4,EXTENSION,4,EXTENSION,1.000000,0.402902,2050,2150,4,EXTENSION,1.000000,4,EXTENSION,1.000000,4,EXTENSION,1.000000,4,EXTENSION,1.000000,0.00000000,0.00000000,0.00000017,0.00000000,0.99999983
extension_03,4,EXTENSION,3,active,42,4.406014,4,EXTENSION,4,EXTENSION,0.999997,0.404055,2100,2200,4,EXTENSION,1.000000,4,EXTENSION,1.000000,4,EXTENSION,1.000000,4,EXTENSION,1.000000,0.00000000,0.00000000,0.00000334,0.00000000,0.99999666
extension_04,4,EXTENSION,4,countdown,0,0.199035,3,FLEXION,3,FLEXION,1.000000,1.000000,0,100,0,REST,0.000000,0,REST,0.000000,0,REST,0.000000,0,REST,0.000000,0.00000000,0.00000000,0.00000000,1.00000000,0.00000000
extension_04,4,EXTENSION,4,countdown,1,0.297312,4,EXTENSION,3,FLEXION,0.999999,1.000000,50,150,0,REST,0.000000,0,REST,0.000000,0,REST,0.000000,0,REST,0.000000,0.00000000,0.00000001,0.00000000,0.00000061,0.99999938
extension_04,4,EXTENSION,4,countdown,2,0.401390,4,EXTENSION,4,EXTENSION,0.990900,1.000000,100,200,4,EXTENSION,1.000000,4,EXTENSION,0.666667,0,REST,0.000000,0,REST,0.000000,0.00000165,0.00592516,0.00000000,0.00317361,0.99089958
extension_04,4,EXTENSION,4,countdown,3,0.498180,1,POWER,4,EXTENSION,0.969722,0.500590,150,250,0,REST,0.000000,4,EXTENSION,0.666667,0,REST,0.000000,0,REST,0.000000,0.00007012,0.96972244,0.00000106,0.02166288,0.00854349
extension_04,4,EXTENSION,4,countdown,4,0.601634,1,POWER,4,EXTENSION,0.997084,0.136744,200,300,1,POWER,1.000000,1,POWER,0.666667,0,REST,0.000000,0,REST,0.000000,0.00002570,0.99708430,0.00000331,0.00287348,0.00001321
extension_04,4,EXTENSION,4,countdown,5,0.701736,1,POWER,1,POWER,0.998429,0.170060,250,350,1,POWER,1.000000,1,POWER,1.000000,1,POWER,0.750000,1,POWER,0.600000,0.00000684,0.99842914,0.00000211,0.00156186,0.00000006
extension_04,4,EXTENSION,4,countdown,6,0.798666,1,POWER,1,POWER,0.998610,0.047617,300,400,1,POWER,1.000000,1,POWER,1.000000,1,POWER,1.000000,1,POWER,0.800000,0.00000127,0.99861044,0.00000032,0.00138797,0.00000000
extension_04,4,EXTENSION,4,countdown,7,0.898825,1,POWER,1,POWER,0.998754,0.000000,350,450,1,POWER,1.000000,1,POWER,1.000000,1,POWER,1.000000,1,POWER,1.000000,0.00000126,0.99875434,0.00000005,0.00124435,0.00000000
extension_04,4,EXTENSION,4,countdown,8,0.998760,1,POWER,1,POWER,0.998086,0.000000,400,500,1,POWER,1.000000,1,POWER,1.000000,1,POWER,1.000000,1,POWER,1.000000,0.00005537,0.99808631,0.00000025,0.00185807,0.00000000
extension_04,4,EXTENSION,4,countdown,9,1.104987,1,POWER,1,POWER,0.981251,0.000000,450,550,1,POWER,1.000000,1,POWER,1.000000,1,POWER,1.000000,1,POWER,1.000000,0.01561004,0.98125132,0.00001259,0.00312605,0.00000000
extension_04,4,EXTENSION,4,countdown,10,1.198802,1,POWER,1,POWER,0.896574,0.000000,500,600,1,POWER,1.000000,1,POWER,1.000000,1,POWER,1.000000,1,POWER,1.000000,0.09700565,0.89657419,0.00005268,0.00636748,0.00000000
extension_04,4,EXTENSION,4,countdown,11,1.298879,0,REST,1,POWER,0.628709,0.000000,550,650,0,REST,0.000000,1,POWER,0.666667,1,POWER,0.750000,1,POWER,0.800000,0.62870880,0.36716938,0.00024093,0.00388090,0.00000000
extension_04,4,EXTENSION,4,countdown,12,1.399844,0,REST,1,POWER,0.998719,0.000000,600,700,0,REST,1.000000,0,REST,0.666667,0,REST,0.000000,1,POWER,0.600000,0.99871867,0.00121746,0.00002899,0.00003488,0.00000000
extension_04,4,EXTENSION,4,countdown,13,1.500351,0,REST,0,REST,0.995656,0.000000,650,750,0,REST,1.000000,0,REST,1.000000,0,REST,0.750000,0,REST,0.600000,0.99565615,0.00418837,0.00004868,0.00010680,0.00000000
extension_04,4,EXTENSION,4,countdown,14,1.600674,0,REST,0,REST,0.999425,0.000000,700,800,0,REST,1.000000,0,REST,1.000000,0,REST,1.000000,0,REST,0.800000,0.99942467,0.00050906,0.00005581,0.00001046,0.00000000
extension_04,4,EXTENSION,4,countdown,15,1.700454,0,REST,0,REST,0.999863,0.000000,750,850,0,REST,1.000000,0,REST,1.000000,0,REST,1.000000,0,REST,1.000000,0.99986332,0.00008850,0.00004563,0.00000255,0.00000000
extension_04,4,EXTENSION,4,countdown,16,1.799923,0,REST,0,REST,0.999398,0.000000,800,900,0,REST,1.000000,0,REST,1.000000,0,REST,1.000000,0,REST,1.000000,0.99939770,0.00056124,0.00003546,0.00000560,0.00000000
extension_04,4,EXTENSION,4,countdown,17,1.901443,0,REST,0,REST,0.998981,0.000000,850,950,0,REST,1.000000,0,REST,1.000000,0,REST,1.000000,0,REST,1.000000,0.99898114,0.00089464,0.00011772,0.00000650,0.00000000
extension_04,4,EXTENSION,4,countdown,18,2.001697,0,REST,0,REST,0.998067,0.000000,900,1000,0,REST,1.000000,0,REST,1.000000,0,REST,1.000000,0,REST,1.000000,0.99806653,0.00163507,0.00028752,0.00001087,0.00000000
extension_04,4,EXTENSION,4,countdown,19,2.102353,0,REST,0,REST,0.997682,0.000000,950,1050,0,REST,1.000000,0,REST,1.000000,0,REST,1.000000,0,REST,1.000000,0.99768228,0.00205569,0.00024749,0.00001454,0.00000000
extension_04,4,EXTENSION,4,countdown,20,2.205218,0,REST,0,REST,0.990906,0.000000,1000,1100,0,REST,1.000000,0,REST,1.000000,0,REST,1.000000,0,REST,1.000000,0.99090578,0.00786722,0.00100771,0.00021928,0.00000000
extension_04,4,EXTENSION,4,countdown,21,2.302934,0,REST,0,REST,0.990912,0.000000,1050,1150,0,REST,1.000000,0,REST,1.000000,0,REST,1.000000,0,REST,1.000000,0.99091159,0.00850223,0.00044500,0.00014118,0.00000000
extension_04,4,EXTENSION,4,countdown,22,2.400847,0,REST,0,REST,0.998065,0.000000,1100,1200,0,REST,1.000000,0,REST,1.000000,0,REST,1.000000,0,REST,1.000000,0.99806473,0.00183517,0.00009038,0.00000971,0.00000000
extension_04,4,EXTENSION,4,countdown,23,2.501003,0,REST,0,REST,0.998325,0.000000,1150,1250,0,REST,1.000000,0,REST,1.000000,0,REST,1.000000,0,REST,1.000000,0.99832483,0.00138229,0.00024225,0.00005063,0.00000000
extension_04,4,EXTENSION,4,countdown,24,2.603991,0,REST,0,REST,0.999240,0.000000,1200,1300,0,REST,1.000000,0,REST,1.000000,0,REST,1.000000,0,REST,1.000000,0.99923989,0.00053426,0.00020507,0.00002079,0.00000000
extension_04,4,EXTENSION,4,countdown,25,2.701367,0,REST,0,REST,0.999048,0.000000,1250,1350,0,REST,1.000000,0,REST,1.000000,0,REST,1.000000,0,REST,1.000000,0.99904758,0.00048351,0.00046255,0.00000636,0.00000000
extension_04,4,EXTENSION,4,countdown,26,2.801604,0,REST,0,REST,0.998651,0.000000,1300,1400,0,REST,1.000000,0,REST,1.000000,0,REST,1.000000,0,REST,1.000000,0.99865064,0.00087099,0.00046805,0.00001032,0.00000000
extension_04,4,EXTENSION,4,countdown,27,2.902294,0,REST,0,REST,0.890673,0.000000,1350,1450,0,REST,1.000000,0,REST,1.000000,0,REST,1.000000,0,REST,1.000000,0.89067251,0.09359859,0.01548804,0.00024085,0.00000000
extension_04,4,EXTENSION,4,active,28,3.002363,4,EXTENSION,0,REST,0.999999,0.000000,1400,1500,0,REST,0.000000,0,REST,0.666667,0,REST,0.750000,0,REST,0.800000,0.00000000,0.00000000,0.00000150,0.00000000,0.99999850
extension_04,4,EXTENSION,4,active,29,3.102540,4,EXTENSION,0,REST,1.000000,0.000000,1450,1550,4,EXTENSION,1.000000,4,EXTENSION,0.666667,0,REST,0.000000,0,REST,0.600000,0.00000000,0.00000000,0.00000000,0.00000000,1.00000000
extension_04,4,EXTENSION,4,active,30,3.203823,4,EXTENSION,4,EXTENSION,1.000000,1.000000,1500,1600,4,EXTENSION,1.000000,4,EXTENSION,1.000000,4,EXTENSION,0.750000,4,EXTENSION,0.600000,0.00000000,0.00000000,0.00000000,0.00000000,1.00000000
extension_04,4,EXTENSION,4,active,31,3.303190,4,EXTENSION,4,EXTENSION,1.000000,1.000000,1550,1650,4,EXTENSION,1.000000,4,EXTENSION,1.000000,4,EXTENSION,1.000000,4,EXTENSION,0.800000,0.00000000,0.00000000,0.00000000,0.00000000,1.00000000
extension_04,4,EXTENSION,4,active,32,3.402511,4,EXTENSION,4,EXTENSION,1.000000,1.000000,1600,1700,4,EXTENSION,1.000000,4,EXTENSION,1.000000,4,EXTENSION,1.000000,4,EXTENSION,1.000000,0.00000000,0.00000000,0.00000000,0.00000000,1.00000000
extension_04,4,EXTENSION,4,active,33,3.503308,4,EXTENSION,4,EXTENSION,1.000000,0.853445,1650,1750,4,EXTENSION,1.000000,4,EXTENSION,1.000000,4,EXTENSION,1.000000,4,EXTENSION,1.000000,0.00000000,0.00000000,0.00000000,0.00000000,1.00000000
extension_04,4,EXTENSION,4,active,34,3.606571,4,EXTENSION,4,EXTENSION,1.000000,0.735758,1700,1800,4,EXTENSION,1.000000,4,EXTENSION,1.000000,4,EXTENSION,1.000000,4,EXTENSION,1.000000,0.00000000,0.00000000,0.00000000,0.00000000,1.00000000
extension_04,4,EXTENSION,4,active,35,3.704830,4,EXTENSION,4,EXTENSION,1.000000,0.725997,1750,1850,4,EXTENSION,1.000000,4,EXTENSION,1.000000,4,EXTENSION,1.000000,4,EXTENSION,1.000000,0.00000000,0.00000000,0.00000000,0.00000000,1.00000000
extension_04,4,EXTENSION,4,active,36,3.803881,4,EXTENSION,4,EXTENSION,1.000000,0.748766,1800,1900,4,EXTENSION,1.000000,4,EXTENSION,1.000000,4,EXTENSION,1.000000,4,EXTENSION,1.000000,0.00000000,0.00000000,0.00000000,0.00000000,1.00000000
extension_04,4,EXTENSION,4,active,37,3.903612,4,EXTENSION,4,EXTENSION,1.000000,0.631728,1850,1950,4,EXTENSION,1.000000,4,EXTENSION,1.000000,4,EXTENSION,1.000000,4,EXTENSION,1.000000,0.00000000,0.00000000,0.00000000,0.00000000,1.00000000
extension_04,4,EXTENSION,4,active,38,4.004330,4,EXTENSION,4,EXTENSION,1.000000,0.583764,1900,2000,4,EXTENSION,1.000000,4,EXTENSION,1.000000,4,EXTENSION,1.000000,4,EXTENSION,1.000000,0.00000000,0.00000000,0.00000028,0.00000000,0.99999972
extension_04,4,EXTENSION,4,active,39,4.103785,4,EXTENSION,4,EXTENSION,0.999978,0.637657,1950,2050,4,EXTENSION,1.000000,4,EXTENSION,1.000000,4,EXTENSION,1.000000,4,EXTENSION,1.000000,0.00000000,0.00000000,0.00002242,0.00000000,0.99997758
extension_04,4,EXTENSION,4,active,40,4.206122,4,EXTENSION,4,EXTENSION,1.000000,0.606168,2000,2100,4,EXTENSION,1.000000,4,EXTENSION,1.000000,4,EXTENSION,1.000000,4,EXTENSION,1.000000,0.00000000,0.00000000,0.00000000,0.00000000,1.00000000
extension_05,4,EXTENSION,5,countdown,0,0.197324,3,FLEXION,3,FLEXION,1.000000,1.000000,0,100,0,REST,0.000000,0,REST,0.000000,0,REST,0.000000,0,REST,0.000000,0.00000000,0.00000000,0.00000000,1.00000000,0.00000000
extension_05,4,EXTENSION,5,countdown,1,0.297690,4,EXTENSION,3,FLEXION,1.000000,1.000000,50,150,0,REST,0.000000,0,REST,0.000000,0,REST,0.000000,0,REST,0.000000,0.00000000,0.00000000,0.00000000,0.00000007,0.99999993
extension_05,4,EXTENSION,5,countdown,2,0.401472,4,EXTENSION,4,EXTENSION,0.998899,1.000000,100,200,4,EXTENSION,1.000000,4,EXTENSION,0.666667,0,REST,0.000000,0,REST,0.000000,0.00000010,0.00076947,0.00000000,0.00033107,0.99889936
extension_05,4,EXTENSION,5,countdown,3,0.498468,1,POWER,4,EXTENSION,0.956461,0.527024,150,250,0,REST,0.000000,4,EXTENSION,0.666667,0,REST,0.000000,0,REST,0.000000,0.00002752,0.95646081,0.00000053,0.02187956,0.02163158
extension_05,4,EXTENSION,5,countdown,4,0.599782,1,POWER,4,EXTENSION,0.995785,0.158976,200,300,1,POWER,1.000000,1,POWER,0.666667,0,REST,0.000000,0,REST,0.000000,0.00002302,0.99578537,0.00000669,0.00417655,0.00000837
extension_05,4,EXTENSION,5,countdown,5,0.699929,1,POWER,1,POWER,0.998434,0.189744,250,350,1,POWER,1.000000,1,POWER,1.000000,1,POWER,0.750000,1,POWER,0.600000,0.00003484,0.99843389,0.00004574,0.00148544,0.00000009
extension_05,4,EXTENSION,5,countdown,6,0.799671,1,POWER,1,POWER,0.998556,0.057563,300,400,1,POWER,1.000000,1,POWER,1.000000,1,POWER,1.000000,1,POWER,0.800000,0.00004535,0.99855643,0.00001836,0.00137986,0.00000000
extension_05,4,EXTENSION,5,countdown,7,0.898593,1,POWER,1,POWER,0.997773,0.000000,350,450,1,POWER,1.000000,1,POWER,1.000000,1,POWER,1.000000,1,POWER,1.000000,0.00005644,0.99777336,0.00001289,0.00215730,0.00000000
extension_05,4,EXTENSION,5,countdown,8,0.998490,1,POWER,1,POWER,0.995012,0.000000,400,500,1,POWER,1.000000,1,POWER,1.000000,1,POWER,1.000000,1,POWER,1.000000,0.00010095,0.99501161,0.00000202,0.00488541,0.00000000
extension_05,4,EXTENSION,5,countdown,9,1.098575,1,POWER,1,POWER,0.992210,0.000000,450,550,1,POWER,1.000000,1,POWER,1.000000,1,POWER,1.000000,1,POWER,1.000000,0.00105304,0.99221022,0.00000136,0.00673538,0.00000000
extension_05,4,EXTENSION,5,countdown,10,1.202349,1,POWER,1,POWER,0.966075,0.000000,500,600,1,POWER,1.000000,1,POWER,1.000000,1,POWER,1.000000,1,POWER,1.000000,0.03013287,0.96607462,0.00009389,0.00369862,0.00000000
extension_05,4,EXTENSION,5,countdown,11,1.302718,0,REST,1,POWER,0.708942,0.000000,550,650,0,REST,0.000000,1,POWER,0.666667,1,POWER,0.750000,1,POWER,0.800000,0.70894226,0.28735555,0.00073689,0.00296530,0.00000000
extension_05,4,EXTENSION,5,countdown,12,1.399949,0,REST,1,POWER,0.898622,0.000000,600,700,0,REST,1.000000,0,REST,0.666667,0,REST,0.000000,1,POWER,0.600000,0.89862207,0.09777325,0.00107104,0.00253364,0.00000000
extension_05,4,EXTENSION,5,countdown,13,1.500839,0,REST,0,REST,0.877623,0.000000,650,750,0,REST,1.000000,0,REST,1.000000,0,REST,0.750000,0,REST,0.600000,0.87762266,0.11787141,0.00229733,0.00220860,0.00000000
extension_05,4,EXTENSION,5,countdown,14,1.600130,0,REST,0,REST,0.955532,0.000000,700,800,0,REST,1.000000,0,REST,1.000000,0,REST,1.000000,0,REST,0.800000,0.95553152,0.04227510,0.00165980,0.00053358,0.00000000
extension_05,4,EXTENSION,5,countdown,15,1.699653,0,REST,0,REST,0.968233,0.000000,750,850,0,REST,1.000000,0,REST,1.000000,0,REST,1.000000,0,REST,1.000000,0.96823321,0.02837145,0.00324415,0.00015119,0.00000000
extension_05,4,EXTENSION,5,countdown,16,1.799689,0,REST,0,REST,0.955833,0.000000,800,900,0,REST,1.000000,0,REST,1.000000,0,REST,1.000000,0,REST,1.000000,0.95583333,0.04249097,0.00148337,0.00019233,0.00000000
extension_05,4,EXTENSION,5,countdown,17,1.900545,0,REST,0,REST,0.989332,0.000000,850,950,0,REST,1.000000,0,REST,1.000000,0,REST,1.000000,0,REST,1.000000,0.98933182,0.01026070,0.00029537,0.00011211,0.00000000
extension_05,4,EXTENSION,5,countdown,18,2.000638,0,REST,0,REST,0.999092,0.000000,900,1000,0,REST,1.000000,0,REST,1.000000,0,REST,1.000000,0,REST,1.000000,0.99909246,0.00050519,0.00039561,0.00000674,0.00000000
extension_05,4,EXTENSION,5,countdown,19,2.100575,0,REST,0,REST,0.996582,0.000000,950,1050,0,REST,1.000000,0,REST,1.000000,0,REST,1.000000,0,REST,1.000000,0.99658179,0.00146022,0.00193598,0.00002200,0.00000000
extension_05,4,EXTENSION,5,countdown,20,2.200749,0,REST,0,REST,0.912434,0.000000,1000,1100,0,REST,1.000000,0,REST,1.000000,0,REST,1.000000,0,REST,1.000000,0.91243405,0.08005643,0.00350365,0.00400586,0.00000000
extension_05,4,EXTENSION,5,countdown,21,2.302443,0,REST,0,REST,0.840979,0.000000,1050,1150,0,REST,1.000000,0,REST,1.000000,0,REST,1.000000,0,REST,1.000000,0.84097938,0.15351757,0.00189569,0.00360736,0.00000000
extension_05,4,EXTENSION,5,countdown,22,2.400981,0,REST,0,REST,0.990009,0.000000,1100,1200,0,REST,1.000000,0,REST,1.000000,0,REST,1.000000,0,REST,1.000000,0.99000936,0.00914876,0.00069853,0.00014335,0.00000000
extension_05,4,EXTENSION,5,countdown,23,2.501314,0,REST,0,REST,0.998951,0.000000,1150,1250,0,REST,1.000000,0,REST,1.000000,0,REST,1.000000,0,REST,1.000000,0.99895113,0.00086481,0.00017282,0.00001124,0.00000000
extension_05,4,EXTENSION,5,countdown,24,2.601181,0,REST,0,REST,0.998658,0.000000,1200,1300,0,REST,1.000000,0,REST,1.000000,0,REST,1.000000,0,REST,1.000000,0.99865838,0.00129155,0.00003456,0.00001552,0.00000000
extension_05,4,EXTENSION,5,countdown,25,2.703282,0,REST,0,REST,0.989648,0.000000,1250,1350,0,REST,1.000000,0,REST,1.000000,0,REST,1.000000,0,REST,1.000000,0.98964813,0.01014175,0.00006049,0.00014963,0.00000000
extension_05,4,EXTENSION,5,countdown,26,2.804570,0,REST,0,REST,0.999414,0.000000,1300,1400,0,REST,1.000000,0,REST,1.000000,0,REST,1.000000,0,REST,1.000000,0.99941408,0.00050175,0.00007920,0.00000497,0.00000000
extension_05,4,EXTENSION,5,countdown,27,2.902638,0,REST,0,REST,0.999565,0.000000,1350,1450,0,REST,1.000000,0,REST,1.000000,0,REST,1.000000,0,REST,1.000000,0.99956492,0.00036713,0.00006470,0.00000326,0.00000000
extension_05,4,EXTENSION,5,active,28,3.003227,0,REST,0,REST,0.910818,0.000000,1400,1500,0,REST,1.000000,0,REST,1.000000,0,REST,1.000000,0,REST,1.000000,0.91081780,0.08708812,0.00034603,0.00174805,0.00000000
extension_05,4,EXTENSION,5,active,29,3.102728,4,EXTENSION,0,REST,1.000000,0.000000,1450,1550,0,REST,0.000000,0,REST,0.666667,0,REST,0.750000,0,REST,0.800000,0.00000000,0.00000001,0.00000045,0.00000000,0.99999953
extension_05,4,EXTENSION,5,active,30,3.204221,4,EXTENSION,0,REST,1.000000,0.000000,1500,1600,4,EXTENSION,1.000000,4,EXTENSION,0.666667,0,REST,0.000000,0,REST,0.600000,0.00000000,0.00000000,0.00000000,0.00000000,1.00000000
extension_05,4,EXTENSION,5,active,31,3.302711,4,EXTENSION,4,EXTENSION,1.000000,1.000000,1550,1650,4,EXTENSION,1.000000,4,EXTENSION,1.000000,4,EXTENSION,0.750000,4,EXTENSION,0.600000,0.00000000,0.00000000,0.00000000,0.00000000,1.00000000
extension_05,4,EXTENSION,5,active,32,3.403205,4,EXTENSION,4,EXTENSION,1.000000,0.822143,1600,1700,4,EXTENSION,1.000000,4,EXTENSION,1.000000,4,EXTENSION,1.000000,4,EXTENSION,0.800000,0.00000000,0.00000000,0.00000000,0.00000000,1.00000000
extension_05,4,EXTENSION,5,active,33,3.505015,4,EXTENSION,4,EXTENSION,1.000000,0.715206,1650,1750,4,EXTENSION,1.000000,4,EXTENSION,1.000000,4,EXTENSION,1.000000,4,EXTENSION,1.000000,0.00000000,0.00000000,0.00000000,0.00000000,1.00000000
extension_05,4,EXTENSION,5,active,34,3.604575,4,EXTENSION,4,EXTENSION,1.000000,0.602326,1700,1800,4,EXTENSION,1.000000,4,EXTENSION,1.000000,4,EXTENSION,1.000000,4,EXTENSION,1.000000,0.00000000,0.00000000,0.00000000,0.00000000,1.00000000
extension_05,4,EXTENSION,5,active,35,3.702973,4,EXTENSION,4,EXTENSION,1.000000,0.470202,1750,1850,4,EXTENSION,1.000000,4,EXTENSION,1.000000,4,EXTENSION,1.000000,4,EXTENSION,1.000000,0.00000000,0.00000000,0.00000000,0.00000000,1.00000000
extension_05,4,EXTENSION,5,active,36,3.812254,4,EXTENSION,4,EXTENSION,1.000000,0.486315,1800,1900,4,EXTENSION,1.000000,4,EXTENSION,1.000000,4,EXTENSION,1.000000,4,EXTENSION,1.000000,0.00000000,0.00000000,0.00000000,0.00000000,1.00000000
extension_05,4,EXTENSION,5,active,37,3.904762,4,EXTENSION,4,EXTENSION,1.000000,0.549020,1850,1950,4,EXTENSION,1.000000,4,EXTENSION,1.000000,4,EXTENSION,1.000000,4,EXTENSION,1.000000,0.00000000,0.00000000,0.00000000,0.00000000,1.00000000
extension_05,4,EXTENSION,5,active,38,4.006095,4,EXTENSION,4,EXTENSION,1.000000,0.445957,1900,2000,4,EXTENSION,1.000000,4,EXTENSION,1.000000,4,EXTENSION,1.000000,4,EXTENSION,1.000000,0.00000000,0.00000000,0.00000002,0.00000000,0.99999998
extension_05,4,EXTENSION,5,active,39,4.105720,4,EXTENSION,4,EXTENSION,1.000000,0.428967,1950,2050,4,EXTENSION,1.000000,4,EXTENSION,1.000000,4,EXTENSION,1.000000,4,EXTENSION,1.000000,0.00000000,0.00000000,0.00000032,0.00000000,0.99999968
extension_05,4,EXTENSION,5,active,40,4.203966,4,EXTENSION,4,EXTENSION,0.999997,0.451131,2000,2100,4,EXTENSION,1.000000,4,EXTENSION,1.000000,4,EXTENSION,1.000000,4,EXTENSION,1.000000,0.00000000,0.00000000,0.00000268,0.00000000,0.99999732
extension_05,4,EXTENSION,5,active,41,4.303938,4,EXTENSION,4,EXTENSION,1.000000,0.430244,2050,2150,4,EXTENSION,1.000000,4,EXTENSION,1.000000,4,EXTENSION,1.000000,4,EXTENSION,1.000000,0.00000000,0.00000000,0.00000014,0.00000000,0.99999986
