trial_id,gesture_label,gesture_name,frame_index,prediction_time_s,window_start_sample,window_end_sample,raw_label,raw_name,raw_confidence,smoothed_label,smoothed_name,vote2_label,vote2_name,vote2_confidence,vote3_label,vote3_name,vote3_confidence,vote4_label,vote4_name,vote4_confidence,vote5_label,vote5_name,vote5_confidence,prob_rest,prob_power,prob_open,prob_flexion,prob_extension
extension_01,4,EXTENSION,0,0.200000,0,100,0,REST,0.482036,0,REST,0,REST,0.000000,0,REST,0.000000,0,REST,0.000000,0,REST,0.000000,0.48203581,0.11145654,0.17632606,0.14980074,0.08038086
extension_01,4,EXTENSION,1,0.300000,50,150,0,REST,0.907187,0,REST,0,REST,1.000000,0,REST,0.666667,0,REST,0.000000,0,REST,0.000000,0.90718749,0.00798976,0.02984208,0.01446024,0.04052042
extension_01,4,EXTENSION,2,0.400000,100,200,0,REST,0.991901,0,REST,0,REST,1.000000,0,REST,1.000000,0,REST,0.750000,0,REST,0.600000,0.99190072,0.00110803,0.00319200,0.00135201,0.00244724
extension_01,4,EXTENSION,3,0.500000,150,250,0,REST,0.996230,0,REST,0,REST,1.000000,0,REST,1.000000,0,REST,1.000000,0,REST,0.800000,0.99623041,0.00015472,0.00269735,0.00032610,0.00059141
extension_01,4,EXTENSION,4,0.600000,200,300,0,REST,0.995709,0,REST,0,REST,1.000000,0,REST,1.000000,0,REST,1.000000,0,REST,1.000000,0.99570898,0.00006878,0.00364105,0.00017093,0.00041026
extension_01,4,EXTENSION,5,0.700000,250,350,0,REST,0.966247,0,REST,0,REST,1.000000,0,REST,1.000000,0,REST,1.000000,0,REST,1.000000,0.96624703,0.00058098,0.03164925,0.00025988,0.00126287
extension_01,4,EXTENSION,6,0.800000,300,400,0,REST,0.800493,0,REST,0,REST,1.000000,0,REST,1.000000,0,REST,1.000000,0,REST,1.000000,0.80049347,0.00098185,0.19582380,0.00066936,0.00203152
extension_01,4,EXTENSION,7,0.900000,350,450,0,REST,0.790723,0,REST,0,REST,1.000000,0,REST,1.000000,0,REST,1.000000,0,REST,1.000000,0.79072344,0.00125956,0.20410053,0.00110273,0.00281375
extension_01,4,EXTENSION,8,1.000000,400,500,0,REST,0.882155,0,REST,0,REST,1.000000,0,REST,1.000000,0,REST,1.000000,0,REST,1.000000,0.88215514,0.00141096,0.11162555,0.00147118,0.00333717
extension_01,4,EXTENSION,9,1.100000,450,550,0,REST,0.980187,0,REST,0,REST,1.000000,0,REST,1.000000,0,REST,1.000000,0,REST,1.000000,0.98018703,0.00666743,0.01092191,0.00125888,0.00096474
extension_01,4,EXTENSION,10,1.200000,500,600,0,REST,0.991179,0,REST,0,REST,1.000000,0,REST,1.000000,0,REST,1.000000,0,REST,1.000000,0.99117871,0.00549857,0.00050213,0.00212626,0.00069432
extension_01,4,EXTENSION,11,1.300000,550,650,0,REST,0.987044,0,REST,0,REST,1.000000,0,REST,1.000000,0,REST,1.000000,0,REST,1.000000,0.98704394,0.00433028,0.00194748,0.00605610,0.00062221
extension_01,4,EXTENSION,12,1.400000,600,700,0,REST,0.994192,0,REST,0,REST,1.000000,0,REST,1.000000,0,REST,1.000000,0,REST,1.000000,0.99419201,0.00065228,0.00115915,0.00287112,0.00112543
extension_01,4,EXTENSION,13,1.500000,650,750,0,REST,0.989648,0,REST,0,REST,1.000000,0,REST,1.000000,0,REST,1.000000,0,REST,1.000000,0.98964828,0.00480321,0.00127046,0.00340756,0.00087048
extension_01,4,EXTENSION,14,1.600000,700,800,0,REST,0.984177,0,REST,0,REST,1.000000,0,REST,1.000000,0,REST,1.000000,0,REST,1.000000,0.98417686,0.01049563,0.00236611,0.00226427,0.00069713
extension_01,4,EXTENSION,15,1.700000,750,850,0,REST,0.991662,0,REST,0,REST,1.000000,0,REST,1.000000,0,REST,1.000000,0,REST,1.000000,0.99166203,0.00354275,0.00301450,0.00089873,0.00088199
extension_01,4,EXTENSION,16,1.800000,800,900,0,REST,0.938380,0,REST,0,REST,1.000000,0,REST,1.000000,0,REST,1.000000,0,REST,1.000000,0.93838011,0.03282380,0.00482389,0.02223625,0.00173595
extension_01,4,EXTENSION,17,1.900000,850,950,0,REST,0.976541,0,REST,0,REST,1.000000,0,REST,1.000000,0,REST,1.000000,0,REST,1.000000,0.97654101,0.01294961,0.00414110,0.00470611,0.00166217
extension_01,4,EXTENSION,18,2.000000,900,1000,0,REST,0.987417,0,REST,0,REST,1.000000,0,REST,1.000000,0,REST,1.000000,0,REST,1.000000,0.98741661,0.00852167,0.00082996,0.00225695,0.00097481
extension_01,4,EXTENSION,19,2.100000,950,1050,0,REST,0.949823,0,REST,0,REST,1.000000,0,REST,1.000000,0,REST,1.000000,0,REST,1.000000,0.94982328,0.04588888,0.00035336,0.00312258,0.00081189
extension_01,4,EXTENSION,20,2.200000,1000,1100,0,REST,0.966822,0,REST,0,REST,1.000000,0,REST,1.000000,0,REST,1.000000,0,REST,1.000000,0.96682229,0.02401677,0.00147280,0.00678444,0.00090370
extension_01,4,EXTENSION,21,2.300000,1050,1150,0,REST,0.984864,0,REST,0,REST,1.000000,0,REST,1.000000,0,REST,1.000000,0,REST,1.000000,0.98486426,0.00224758,0.00322935,0.00752947,0.00212934
extension_01,4,EXTENSION,22,2.400000,1100,1200,0,REST,0.989988,0,REST,0,REST,1.000000,0,REST,1.000000,0,REST,1.000000,0,REST,1.000000,0.98998804,0.00171832,0.00348240,0.00353975,0.00127150
extension_01,4,EXTENSION,23,2.500000,1150,1250,0,REST,0.987112,0,REST,0,REST,1.000000,0,REST,1.000000,0,REST,1.000000,0,REST,1.000000,0.98711224,0.00311803,0.00551544,0.00289704,0.00135725
extension_01,4,EXTENSION,24,2.600000,1200,1300,0,REST,0.994054,0,REST,0,REST,1.000000,0,REST,1.000000,0,REST,1.000000,0,REST,1.000000,0.99405447,0.00148519,0.00270698,0.00088875,0.00086462
extension_01,4,EXTENSION,25,2.700000,1250,1350,0,REST,0.995839,0,REST,0,REST,1.000000,0,REST,1.000000,0,REST,1.000000,0,REST,1.000000,0.99583880,0.00122555,0.00190033,0.00043213,0.00060319
extension_01,4,EXTENSION,26,2.800000,1300,1400,0,REST,0.996650,0,REST,0,REST,1.000000,0,REST,1.000000,0,REST,1.000000,0,REST,1.000000,0.99665038,0.00032430,0.00118692,0.00110281,0.00073559
extension_01,4,EXTENSION,27,2.900000,1350,1450,0,REST,0.997632,0,REST,0,REST,1.000000,0,REST,1.000000,0,REST,1.000000,0,REST,1.000000,0.99763162,0.00057701,0.00068298,0.00033397,0.00077443
extension_01,4,EXTENSION,28,3.000000,1400,1500,2,OPEN,0.667416,0,REST,0,REST,0.000000,0,REST,0.666667,0,REST,0.750000,0,REST,0.800000,0.00459400,0.00020792,0.66741594,0.00090933,0.32687281
extension_01,4,EXTENSION,29,3.100000,1450,1550,4,EXTENSION,1.000000,0,REST,0,REST,0.000000,0,REST,0.000000,0,REST,0.000000,0,REST,0.600000,0.00000000,0.00000000,0.00000000,0.00000000,1.00000000
extension_01,4,EXTENSION,30,3.200000,1500,1600,4,EXTENSION,1.000000,0,REST,4,EXTENSION,1.000000,4,EXTENSION,0.666667,0,REST,0.000000,0,REST,0.000000,0.00000000,0.00000000,0.00000000,0.00000000,1.00000000
extension_01,4,EXTENSION,31,3.300000,1550,1650,4,EXTENSION,1.000000,4,EXTENSION,4,EXTENSION,1.000000,4,EXTENSION,1.000000,4,EXTENSION,0.750000,4,EXTENSION,0.600000,0.00000000,0.00000000,0.00000000,0.00000000,1.00000000
extension_01,4,EXTENSION,32,3.400000,1600,1700,4,EXTENSION,1.000000,4,EXTENSION,4,EXTENSION,1.000000,4,EXTENSION,1.000000,4,EXTENSION,1.000000,4,EXTENSION,0.800000,0.00000000,0.00000000,0.00000000,0.00000000,1.00000000
extension_01,4,EXTENSION,33,3.500000,1650,1750,4,EXTENSION,1.000000,4,EXTENSION,4,EXTENSION,1.000000,4,EXTENSION,1.000000,4,EXTENSION,1.000000,4,EXTENSION,1.000000,0.00000000,0.00000000,0.00000000,0.00000000,1.00000000
extension_01,4,EXTENSION,34,3.600000,1700,1800,4,EXTENSION,1.000000,4,EXTENSION,4,EXTENSION,1.000000,4,EXTENSION,1.000000,4,EXTENSION,1.000000,4,EXTENSION,1.000000,0.00000000,0.00000000,0.00000000,0.00000000,1.00000000
extension_01,4,EXTENSION,35,3.700000,1750,1850,4,EXTENSION,1.000000,4,EXTENSION,4,EXTENSION,1.000000,4,EXTENSION,1.000000,4,EXTENSION,1.000000,4,EXTENSION,1.000000,0.00000000,0.00000000,0.00000000,0.00000000,1.00000000
extension_01,4,EXTENSION,36,3.800000,1800,1900,4,EXTENSION,1.000000,4,EXTENSION,4,EXTENSION,1.000000,4,EXTENSION,1.000000,4,EXTENSION,1.000000,4,EXTENSION,1.000000,0.00000000,0.00000000,0.00000001,0.00000000,0.99999998
extension_01,4,EXTENSION,37,3.900000,1850,1950,4,EXTENSION,1.000000,4,EXTENSION,4,EXTENSION,1.000000,4,EXTENSION,1.000000,4,EXTENSION,1.000000,4,EXTENSION,1.000000,0.00000000,0.00000000,0.00000000,0.00000000,1.00000000
extension_01,4,EXTENSION,38,4.000000,1900,2000,4,EXTENSION,1.000000,4,EXTENSION,4,EXTENSION,1.000000,4,EXTENSION,1.000000,4,EXTENSION,1.000000,4,EXTENSION,1.000000,0.00000002,0.00000003,0.00000006,0.00000003,0.99999985
extension_01,4,EXTENSION,39,4.100000,1950,2050,4,EXTENSION,1.000000,4,EXTENSION,4,EXTENSION,1.000000,4,EXTENSION,1.000000,4,EXTENSION,1.000000,4,EXTENSION,1.000000,0.00000000,0.00000000,0.00000000,0.00000000,0.99999999
extension_01,4,EXTENSION,40,4.200000,2000,2100,4,EXTENSION,1.000000,4,EXTENSION,4,EXTENSION,1.000000,4,EXTENSION,1.000000,4,EXTENSION,1.000000,4,EXTENSION,1.000000,0.00000001,0.00000002,0.00000003,0.00000002,0.99999993
extension_02,4,EXTENSION,0,0.200000,0,100,0,REST,0.479510,0,REST,0,REST,0.000000,0,REST,0.000000,0,REST,0.000000,0,REST,0.000000,0.47951040,0.11193684,0.17631460,0.15142306,0.08081510
extension_02,4,EXTENSION,1,0.300000,50,150,0,REST,0.438419,0,REST,0,REST,1.000000,0,REST,0.666667,0,REST,0.000000,0,REST,0.000000,0.43841905,0.19084860,0.07965015,0.24130188,0.04978032
extension_02,4,EXTENSION,2,0.400000,100,200,0,REST,0.552599,0,REST,0,REST,1.000000,0,REST,1.000000,0,REST,0.750000,0,REST,0.600000,0.55259909,0.34233551,0.03140041,0.06782186,0.00584312
extension_02,4,EXTENSION,3,0.500000,150,250,0,REST,0.592100,0,REST,0,REST,1.000000,0,REST,1.000000,0,REST,1.000000,0,REST,0.800000,0.59209978,0.36594233,0.02442327,0.01638147,0.00115315
extension_02,4,EXTENSION,4,0.600000,200,300,0,REST,0.869593,0,REST,0,REST,1.000000,0,REST,1.000000,0,REST,1.000000,0,REST,1.000000,0.86959264,0.09766647,0.02476913,0.00687491,0.00109686
extension_02,4,EXTENSION,5,0.700000,250,350,0,REST,0.689073,0,REST,0,REST,1.000000,0,REST,1.000000,0,REST,1.000000,0,REST,1.000000,0.68907345,0.27023880,0.03026360,0.00827074,0.00215340
extension_02,4,EXTENSION,6,0.800000,300,400,0,REST,0.818986,0,REST,0,REST,1.000000,0,REST,1.000000,0,REST,1.000000,0,REST,1.000000,0.81898588,0.09060287,0.08105066,0.00400600,0.00535458
extension_02,4,EXTENSION,7,0.900000,350,450,0,REST,0.738093,0,REST,0,REST,1.000000,0,REST,1.000000,0,REST,1.000000,0,REST,1.000000,0.73809304,0.09216040,0.14361481,0.01038051,0.01575124
extension_02,4,EXTENSION,8,1.000000,400,500,0,REST,0.747880,0,REST,0,REST,1.000000,0,REST,1.000000,0,REST,1.000000,0,REST,1.000000,0.74787969,0.04444804,0.19624121,0.00238271,0.00904836
extension_02,4,EXTENSION,9,1.100000,450,550,0,REST,0.922980,0,REST,0,REST,1.000000,0,REST,1.000000,0,REST,1.000000,0,REST,1.000000,0.92298022,0.00995633,0.05830769,0.00490081,0.00385495
extension_02,4,EXTENSION,10,1.200000,500,600,0,REST,0.985321,0,REST,0,REST,1.000000,0,REST,1.000000,0,REST,1.000000,0,REST,1.000000,0.98532132,0.00374970,0.00446088,0.00424348,0.00222463
extension_02,4,EXTENSION,11,1.300000,550,650,0,REST,0.889709,0,REST,0,REST,1.000000,0,REST,1.000000,0,REST,1.000000,0,REST,1.000000,0.88970883,0.09356159,0.00525076,0.00962949,0.00184933
extension_02,4,EXTENSION,12,1.400000,600,700,0,REST,0.904563,0,REST,0,REST,1.000000,0,REST,1.000000,0,REST,1.000000,0,REST,1.000000,0.90456345,0.08137353,0.00278655,0.00972752,0.00154896
extension_02,4,EXTENSION,13,1.500000,650,750,0,REST,0.949212,0,REST,0,REST,1.000000,0,REST,1.000000,0,REST,1.000000,0,REST,1.000000,0.94921156,0.03528806,0.00454911,0.00767266,0.00327861
extension_02,4,EXTENSION,14,1.600000,700,800,0,REST,0.977860,0,REST,0,REST,1.000000,0,REST,1.000000,0,REST,1.000000,0,REST,1.000000,0.97786024,0.01035897,0.00605414,0.00249453,0.00323212
extension_02,4,EXTENSION,15,1.700000,750,850,0,REST,0.974077,0,REST,0,REST,1.000000,0,REST,1.000000,0,REST,1.000000,0,REST,1.000000,0.97407693,0.01364012,0.00589065,0.00474339,0.00164891
extension_02,4,EXTENSION,16,1.800000,800,900,0,REST,0.986046,0,REST,0,REST,1.000000,0,REST,1.000000,0,REST,1.000000,0,REST,1.000000,0.98604619,0.00727915,0.00283149,0.00265960,0.00118357
extension_02,4,EXTENSION,17,1.900000,850,950,0,REST,0.982711,0,REST,0,REST,1.000000,0,REST,1.000000,0,REST,1.000000,0,REST,1.000000,0.98271133,0.00980796,0.00219234,0.00441285,0.00087552
extension_02,4,EXTENSION,18,2.000000,900,1000,0,REST,0.864864,0,REST,0,REST,1.000000,0,REST,1.000000,0,REST,1.000000,0,REST,1.000000,0.86486354,0.11529077,0.00274165,0.01539702,0.00170702
extension_02,4,EXTENSION,19,2.100000,950,1050,0,REST,0.857466,0,REST,0,REST,1.000000,0,REST,1.000000,0,REST,1.000000,0,REST,1.000000,0.85746617,0.11584812,0.00639780,0.01711395,0.00317396
extension_02,4,EXTENSION,20,2.200000,1000,1100,0,REST,0.972204,0,REST,0,REST,1.000000,0,REST,1.000000,0,REST,1.000000,0,REST,1.000000,0.97220432,0.00671397,0.01350608,0.00454571,0.00302992
extension_02,4,EXTENSION,21,2.300000,1050,1150,0,REST,0.978694,0,REST,0,REST,1.000000,0,REST,1.000000,0,REST,1.000000,0,REST,1.000000,0.97869442,0.00521591,0.01175334,0.00181737,0.00251896
extension_02,4,EXTENSION,22,2.400000,1100,1200,0,REST,0.914392,0,REST,0,REST,1.000000,0,REST,1.000000,0,REST,1.000000,0,REST,1.000000,0.91439241,0.05825253,0.01321427,0.01056309,0.00357770
extension_02,4,EXTENSION,23,2.500000,1150,1250,0,REST,0.726252,0,REST,0,REST,1.000000,0,REST,1.000000,0,REST,1.000000,0,REST,1.000000,0.72625244,0.24475890,0.01054196,0.01504403,0.00340267
extension_02,4,EXTENSION,24,2.600000,1200,1300,0,REST,0.968134,0,REST,0,REST,1.000000,0,REST,1.000000,0,REST,1.000000,0,REST,1.000000,0.96813354,0.01934258,0.00610651,0.00490674,0.00151062
extension_02,4,EXTENSION,25,2.700000,1250,1350,0,REST,0.987292,0,REST,0,REST,1.000000,0,REST,1.000000,0,REST,1.000000,0,REST,1.000000,0.98729246,0.00307344,0.00555468,0.00237521,0.00170421
extension_02,4,EXTENSION,26,2.800000,1300,1400,0,REST,0.991167,0,REST,0,REST,1.000000,0,REST,1.000000,0,REST,1.000000,0,REST,1.000000,0.99116733,0.00071742,0.00421872,0.00096315,0.00293338
extension_02,4,EXTENSION,27,2.900000,1350,1450,0,REST,0.992576,0,REST,0,REST,1.000000,0,REST,1.000000,0,REST,1.000000,0,REST,1.000000,0.99257575,0.00158931,0.00273382,0.00051549,0.00258562
extension_02,4,EXTENSION,28,3.000000,1400,1500,0,REST,0.956175,0,REST,0,REST,1.000000,0,REST,1.000000,0,REST,1.000000,0,REST,1.000000,0.95617510,0.02084709,0.01021848,0.00884330,0.00391603
extension_02,4,EXTENSION,29,3.100000,1450,1550,0,REST,0.953551,0,REST,0,REST,1.000000,0,REST,1.000000,0,REST,1.000000,0,REST,1.000000,0.95355108,0.02456321,0.00665432,0.01240482,0.00282657
extension_02,4,EXTENSION,30,3.200000,1500,1600,0,REST,0.972068,0,REST,0,REST,1.000000,0,REST,1.000000,0,REST,1.000000,0,REST,1.000000,0.97206828,0.01305143,0.00922894,0.00130471,0.00434663
extension_02,4,EXTENSION,31,3.300000,1550,1650,0,REST,0.907971,0,REST,0,REST,1.000000,0,REST,1.000000,0,REST,1.000000,0,REST,1.000000,0.90797058,0.07562814,0.00796878,0.00437140,0.00406110
extension_02,4,EXTENSION,32,3.400000,1600,1700,2,OPEN,0.899821,0,REST,0,REST,0.000000,0,REST,0.666667,0,REST,0.750000,0,REST,0.800000,0.00154834,0.00680897,0.89982074,0.00198184,0.08984010
extension_02,4,EXTENSION,33,3.500000,1650,1750,4,EXTENSION,1.000000,0,REST,0,REST,0.000000,0,REST,0.000000,0,REST,0.000000,0,REST,0.600000,0.00000000,0.00000000,0.00000000,0.00000000,1.00000000
extension_02,4,EXTENSION,34,3.600000,1700,1800,4,EXTENSION,1.000000,0,REST,4,EXTENSION,1.000000,4,EXTENSION,0.666667,0,REST,0.000000,0,REST,0.000000,0.00000000,0.00000000,0.00000000,0.00000000,1.00000000
extension_02,4,EXTENSION,35,3.700000,1750,1850,4,EXTENSION,1.000000,4,EXTENSION,4,EXTENSION,1.000000,4,EXTENSION,1.000000,4,EXTENSION,0.750000,4,EXTENSION,0.600000,0.00000001,0.00000001,0.00000001,0.00000001,0.99999996
extension_02,4,EXTENSION,36,3.800000,1800,1900,4,EXTENSION,1.000000,4,EXTENSION,4,EXTENSION,1.000000,4,EXTENSION,1.000000,4,EXTENSION,1.000000,4,EXTENSION,0.800000,0.00000000,0.00000000,0.00000000,0.00000000,0.99999999
extension_02,4,EXTENSION,37,3.900000,1850,1950,4,EXTENSION,1.000000,4,EXTENSION,4,EXTENSION,1.000000,4,EXTENSION,1.000000,4,EXTENSION,1.000000,4,EXTENSION,1.000000,0.00000000,0.00000000,0.00000000,0.00000000,1.00000000
extension_02,4,EXTENSION,38,4.000000,1900,2000,4,EXTENSION,1.000000,4,EXTENSION,4,EXTENSION,1.000000,4,EXTENSION,1.000000,4,EXTENSION,1.000000,4,EXTENSION,1.000000,0.00000000,0.00000000,0.00000000,0.00000000,1.00000000
extension_02,4,EXTENSION,39,4.100000,1950,2050,4,EXTENSION,1.000000,4,EXTENSION,4,EXTENSION,1.000000,4,EXTENSION,1.000000,4,EXTENSION,1.000000,4,EXTENSION,1.000000,0.00000000,0.00000000,0.00000000,0.00000000,1.00000000
extension_02,4,EXTENSION,40,4.200000,2000,2100,4,EXTENSION,1.000000,4,EXTENSION,4,EXTENSION,1.000000,4,EXTENSION,1.000000,4,EXTENSION,1.000000,4,EXTENSION,1.000000,0.00000000,0.00000000,0.00000000,0.00000000,1.00000000
extension_02,4,EXTENSION,41,4.300000,2050,2150,4,EXTENSION,1.000000,4,EXTENSION,4,EXTENSION,1.000000,4,EXTENSION,1.000000,4,EXTENSION,1.000000,4,EXTENSION,1.000000,0.00000001,0.00000001,0.00000002,0.00000001,0.99999996
extension_02,4,EXTENSION,42,4.400000,2100,2200,4,EXTENSION,1.000000,4,EXTENSION,4,EXTENSION,1.000000,4,EXTENSION,1.000000,4,EXTENSION,1.000000,4,EXTENSION,1.000000,0.00000003,0.00000004,0.00000007,0.00000004,0.99999984
extension_02,4,EXTENSION,43,4.500000,2150,2250,4,EXTENSION,1.000000,4,EXTENSION,4,EXTENSION,1.000000,4,EXTENSION,1.000000,4,EXTENSION,1.000000,4,EXTENSION,1.000000,0.00000000,0.00000001,0.00000001,0.00000001,0.99999997
extension_02,4,EXTENSION,44,4.600000,2200,2300,4,EXTENSION,0.997280,4,EXTENSION,4,EXTENSION,1.000000,4,EXTENSION,1.000000,4,EXTENSION,1.000000,4,EXTENSION,1.000000,0.00000151,0.00036504,0.00220910,0.00014439,0.99727997
extension_02,4,EXTENSION,45,4.700000,2250,2350,4,EXTENSION,0.981400,4,EXTENSION,4,EXTENSION,1.000000,4,EXTENSION,1.000000,4,EXTENSION,1.000000,4,EXTENSION,1.000000,0.00007313,0.00078866,0.01765938,0.00007894,0.98139989
extension_02,4,EXTENSION,46,4.800000,2300,2400,4,EXTENSION,0.999996,4,EXTENSION,4,EXTENSION,1.000000,4,EXTENSION,1.000000,4,EXTENSION,1.000000,4,EXTENSION,1.000000,0.00000068,0.00000090,0.00000170,0.00000096,0.99999575
extension_02,4,EXTENSION,47,4.900000,2350,2450,4,EXTENSION,1.000000,4,EXTENSION,4,EXTENSION,1.000000,4,EXTENSION,1.000000,4,EXTENSION,1.000000,4,EXTENSION,1.000000,0.00000006,0.00000007,0.00000015,0.00000008,0.99999963
extension_02,4,EXTENSION,48,5.000000,2400,2500,4,EXTENSION,0.990981,4,EXTENSION,4,EXTENSION,1.000000,4,EXTENSION,1.000000,4,EXTENSION,1.000000,4,EXTENSION,1.000000,0.00001913,0.00008082,0.00890606,0.00001346,0.99098053
extension_02,4,EXTENSION,49,5.100000,2450,2550,4,EXTENSION,0.999999,4,EXTENSION,4,EXTENSION,1.000000,4,EXTENSION,1.000000,4,EXTENSION,1.000000,4,EXTENSION,1.000000,0.00000021,0.00000025,0.00000052,0.00000028,0.99999874
extension_02,4,EXTENSION,50,5.200000,2500,2600,4,EXTENSION,0.996872,4,EXTENSION,4,EXTENSION,1.000000,4,EXTENSION,1.000000,4,EXTENSION,1.000000,4,EXTENSION,1.000000,0.00000234,0.00003168,0.00306323,0.00003098,0.99687176
extension_02,4,EXTENSION,51,5.300000,2550,2650,2,OPEN,0.638010,4,EXTENSION,0,REST,0.000000,4,EXTENSION,0.666667,4,EXTENSION,0.750000,4,EXTENSION,0.800000,0.00000996,0.00008678,0.63800951,0.00025946,0.36163429
extension_02,4,EXTENSION,52,5.400000,2600,2700,4,EXTENSION,0.940261,4,EXTENSION,0,REST,0.000000,4,EXTENSION,0.666667,4,EXTENSION,0.750000,4,EXTENSION,0.800000,0.00000153,0.00046994,0.05883950,0.00042770,0.94026133
extension_02,4,EXTENSION,53,5.500000,2650,2750,4,EXTENSION,0.999997,4,EXTENSION,4,EXTENSION,1.000000,4,EXTENSION,0.666667,4,EXTENSION,0.750000,4,EXTENSION,0.800000,0.00000040,0.00000066,0.00000115,0.00000048,0.99999731
extension_02,4,EXTENSION,54,5.600000,2700,2800,4,EXTENSION,1.000000,4,EXTENSION,4,EXTENSION,1.000000,4,EXTENSION,1.000000,4,EXTENSION,0.750000,4,EXTENSION,0.800000,0.00000006,0.00000009,0.00000017,0.00000006,0.99999963
extension_02,4,EXTENSION,55,5.700000,2750,2850,4,EXTENSION,0.999999,4,EXTENSION,4,EXTENSION,1.000000,4,EXTENSION,1.000000,4,EXTENSION,1.000000,4,EXTENSION,0.800000,0.00000009,0.00000010,0.00000022,0.00000012,0.99999946
extension_02,4,EXTENSION,56,5.800000,2800,2900,4,EXTENSION,0.989159,4,EXTENSION,4,EXTENSION,1.000000,4,EXTENSION,1.000000,4,EXTENSION,1.000000,4,EXTENSION,1.000000,0.00002616,0.00025546,0.01042872,0.00013036,0.98915931
extension_02,4,EXTENSION,57,5.900000,2850,2950,4,EXTENSION,0.999996,4,EXTENSION,4,EXTENSION,1.000000,4,EXTENSION,1.000000,4,EXTENSION,1.000000,4,EXTENSION,1.000000,0.00000055,0.00000088,0.00000155,0.00000068,0.99999633
extension_02,4,EXTENSION,58,6.000000,2900,3000,4,EXTENSION,1.000000,4,EXTENSION,4,EXTENSION,1.000000,4,EXTENSION,1.000000,4,EXTENSION,1.000000,4,EXTENSION,1.000000,0.00000000,0.00000000,0.00000000,0.00000000,1.00000000
extension_02,4,EXTENSION,59,6.100000,2950,3050,4,EXTENSION,0.997145,4,EXTENSION,4,EXTENSION,1.000000,4,EXTENSION,1.000000,4,EXTENSION,1.000000,4,EXTENSION,1.000000,0.00000214,0.00076077,0.00202552,0.00006608,0.99714549
extension_02,4,EXTENSION,60,6.200000,3000,3100,4,EXTENSION,0.999998,4,EXTENSION,4,EXTENSION,1.000000,4,EXTENSION,1.000000,4,EXTENSION,1.000000,4,EXTENSION,1.000000,0.00000026,0.00000038,0.00000066,0.00000036,0.99999834
extension_02,4,EXTENSION,61,6.300000,3050,3150,4,EXTENSION,0.999999,4,EXTENSION,4,EXTENSION,1.000000,4,EXTENSION,1.000000,4,EXTENSION,1.000000,4,EXTENSION,1.000000,0.00000018,0.00000030,0.00000051,0.00000023,0.99999878
extension_02,4,EXTENSION,62,6.400000,3100,3200,4,EXTENSION,0.999999,4,EXTENSION,4,EXTENSION,1.000000,4,EXTENSION,1.000000,4,EXTENSION,1.000000,4,EXTENSION,1.000000,0.00000018,0.00000021,0.00000044,0.00000024,0.99999892
extension_02,4,EXTENSION,63,6.500000,3150,3250,4,EXTENSION,0.997055,4,EXTENSION,4,EXTENSION,1.000000,4,EXTENSION,1.000000,4,EXTENSION,1.000000,4,EXTENSION,1.000000,0.00000221,0.00078774,0.00179278,0.00036255,0.99705473
extension_03,4,EXTENSION,0,0.200000,0,100,0,REST,0.484130,0,REST,0,REST,0.000000,0,REST,0.000000,0,REST,0.000000,0,REST,0.000000,0.48413039,0.11132224,0.17623386,0.14859322,0.07972028
extension_03,4,EXTENSION,1,0.300000,50,150,0,REST,0.912791,0,REST,0,REST,1.000000,0,REST,0.666667,0,REST,0.000000,0,REST,0.000000,0.91279052,0.00698796,0.02793199,0.01341992,0.03886961
extension_03,4,EXTENSION,2,0.400000,100,200,0,REST,0.990722,0,REST,0,REST,1.000000,0,REST,1.000000,0,REST,0.750000,0,REST,0.600000,0.99072150,0.00189779,0.00340908,0.00173344,0.00223818
extension_03,4,EXTENSION,3,0.500000,150,250,0,REST,0.995958,0,REST,0,REST,1.000000,0,REST,1.000000,0,REST,1.000000,0,REST,0.800000,0.99595846,0.00038327,0.00274444,0.00044037,0.00047347
extension_03,4,EXTENSION,4,0.600000,200,300,0,REST,0.983188,0,REST,0,REST,1.000000,0,REST,1.000000,0,REST,1.000000,0,REST,1.000000,0.98318797,0.00995016,0.00537287,0.00126849,0.00022051
extension_03,4,EXTENSION,5,0.700000,250,350,0,REST,0.973345,0,REST,0,REST,1.000000,0,REST,1.000000,0,REST,1.000000,0,REST,1.000000,0.97334491,0.01173695,0.01212439,0.00233505,0.00045869
extension_03,4,EXTENSION,6,0.800000,300,400,0,REST,0.845514,0,REST,0,REST,1.000000,0,REST,1.000000,0,REST,1.000000,0,REST,1.000000,0.84551360,0.03947326,0.10970117,0.00386504,0.00144693
extension_03,4,EXTENSION,7,0.900000,350,450,0,REST,0.915987,0,REST,0,REST,1.000000,0,REST,1.000000,0,REST,1.000000,0,REST,1.000000,0.91598697,0.05533934,0.02189027,0.00552771,0.00125570
extension_03,4,EXTENSION,8,1.000000,400,500,0,REST,0.962568,0,REST,0,REST,1.000000,0,REST,1.000000,0,REST,1.000000,0,REST,1.000000,0.96256821,0.02961835,0.00052250,0.00563556,0.00165538
extension_03,4,EXTENSION,9,1.100000,450,550,0,REST,0.968882,0,REST,0,REST,1.000000,0,REST,1.000000,0,REST,1.000000,0,REST,1.000000,0.96888160,0.01930499,0.00049596,0.00998345,0.00133400
extension_03,4,EXTENSION,10,1.200000,500,600,0,REST,0.986455,0,REST,0,REST,1.000000,0,REST,1.000000,0,REST,1.000000,0,REST,1.000000,0.98645501,0.00214236,0.00342819,0.00578957,0.00218487
extension_03,4,EXTENSION,11,1.300000,550,650,0,REST,0.992684,0,REST,0,REST,1.000000,0,REST,1.000000,0,REST,1.000000,0,REST,1.000000,0.99268434,0.00250384,0.00198398,0.00158769,0.00124015
extension_03,4,EXTENSION,12,1.400000,600,700,0,REST,0.956086,0,REST,0,REST,1.000000,0,REST,1.000000,0,REST,1.000000,0,REST,1.000000,0.95608557,0.02186806,0.00323866,0.01673114,0.00207657
extension_03,4,EXTENSION,13,1.500000,650,750,0,REST,0.909084,0,REST,0,REST,1.000000,0,REST,1.000000,0,REST,1.000000,0,REST,1.000000,0.90908442,0.07220000,0.00218107,0.01243149,0.00410303
extension_03,4,EXTENSION,14,1.600000,700,800,0,REST,0.968666,0,REST,0,REST,1.000000,0,REST,1.000000,0,REST,1.000000,0,REST,1.000000,0.96866582,0.01914174,0.00439359,0.00555452,0.00224434
extension_03,4,EXTENSION,15,1.700000,750,850,0,REST,0.959948,0,REST,0,REST,1.000000,0,REST,1.000000,0,REST,1.000000,0,REST,1.000000,0.95994839,0.02955841,0.00323627,0.00604538,0.00121154
extension_03,4,EXTENSION,16,1.800000,800,900,0,REST,0.975381,0,REST,0,REST,1.000000,0,REST,1.000000,0,REST,1.000000,0,REST,1.000000,0.97538113,0.01560987,0.00154704,0.00617154,0.00129041
extension_03,4,EXTENSION,17,1.900000,850,950,0,REST,0.954469,0,REST,0,REST,1.000000,0,REST,1.000000,0,REST,1.000000,0,REST,1.000000,0.95446881,0.02084885,0.00391322,0.01799248,0.00277664
extension_03,4,EXTENSION,18,2.000000,900,1000,0,REST,0.809297,0,REST,0,REST,1.000000,0,REST,1.000000,0,REST,1.000000,0,REST,1.000000,0.80929729,0.14098638,0.00331280,0.04218147,0.00422206
extension_03,4,EXTENSION,19,2.100000,950,1050,0,REST,0.851295,0,REST,0,REST,1.000000,0,REST,1.000000,0,REST,1.000000,0,REST,1.000000,0.85129478,0.10936060,0.00483710,0.02436535,0.01014217
extension_03,4,EXTENSION,20,2.200000,1000,1100,0,REST,0.991300,0,REST,0,REST,1.000000,0,REST,1.000000,0,REST,1.000000,0,REST,1.000000,0.99129960,0.00158298,0.00377258,0.00206549,0.00127935
extension_03,4,EXTENSION,21,2.300000,1050,1150,0,REST,0.987896,0,REST,0,REST,1.000000,0,REST,1.000000,0,REST,1.000000,0,REST,1.000000,0.98789633,0.00192531,0.00534038,0.00355228,0.00128571
extension_03,4,EXTENSION,22,2.400000,1100,1200,0,REST,0.956970,0,REST,0,REST,1.000000,0,REST,1.000000,0,REST,1.000000,0,REST,1.000000,0.95697004,0.02520910,0.00839854,0.00718964,0.00223269
extension_03,4,EXTENSION,23,2.500000,1150,1250,0,REST,0.906560,0,REST,0,REST,1.000000,0,REST,1.000000,0,REST,1.000000,0,REST,1.000000,0.90656042,0.07128400,0.00564072,0.01307606,0.00343880
extension_03,4,EXTENSION,24,2.600000,1200,1300,0,REST,0.909883,0,REST,0,REST,1.000000,0,REST,1.000000,0,REST,1.000000,0,REST,1.000000,0.90988257,0.05747206,0.01134414,0.01671434,0.00458689
extension_03,4,EXTENSION,25,2.700000,1250,1350,0,REST,0.965947,0,REST,0,REST,1.000000,0,REST,1.000000,0,REST,1.000000,0,REST,1.000000,0.96594659,0.01896973,0.00365499,0.00914762,0.00228106
extension_03,4,EXTENSION,26,2.800000,1300,1400,0,REST,0.988400,0,REST,0,REST,1.000000,0,REST,1.000000,0,REST,1.000000,0,REST,1.000000,0.98840019,0.00380389,0.00311789,0.00329766,0.00138037
extension_03,4,EXTENSION,27,2.900000,1350,1450,0,REST,0.992442,0,REST,0,REST,1.000000,0,REST,1.000000,0,REST,1.000000,0,REST,1.000000,0.99244181,0.00208463,0.00237827,0.00067951,0.00241577
extension_03,4,EXTENSION,28,3.000000,1400,1500,0,REST,0.450208,0,REST,0,REST,1.000000,0,REST,1.000000,0,REST,1.000000,0,REST,1.000000,0.13639478,0.13540844,0.20138639,0.07660247,0.45020793
extension_03,4,EXTENSION,29,3.100000,1450,1550,4,EXTENSION,1.000000,0,REST,0,REST,0.000000,0,REST,0.666667,0,REST,0.750000,0,REST,0.800000,0.00000000,0.00000000,0.00000000,0.00000000,1.00000000
extension_03,4,EXTENSION,30,3.200000,1500,1600,4,EXTENSION,1.000000,0,REST,4,EXTENSION,1.000000,4,EXTENSION,0.666667,0,REST,0.000000,0,REST,0.600000,0.00000000,0.00000000,0.00000000,0.00000000,1.00000000
extension_03,4,EXTENSION,31,3.300000,1550,1650,4,EXTENSION,1.000000,4,EXTENSION,4,EXTENSION,1.000000,4,EXTENSION,1.000000,4,EXTENSION,0.750000,4,EXTENSION,0.600000,0.00000001,0.00000001,0.00000002,0.00000001,0.99999994
extension_03,4,EXTENSION,32,3.400000,1600,1700,4,EXTENSION,1.000000,4,EXTENSION,4,EXTENSION,1.000000,4,EXTENSION,1.000000,4,EXTENSION,1.000000,4,EXTENSION,0.800000,0.00000000,0.00000000,0.00000001,0.00000000,0.99999999
extension_03,4,EXTENSION,33,3.500000,1650,1750,4,EXTENSION,1.000000,4,EXTENSION,4,EXTENSION,1.000000,4,EXTENSION,1.000000,4,EXTENSION,1.000000,4,EXTENSION,1.000000,0.00000000,0.00000000,0.00000001,0.00000000,0.99999998
extension_03,4,EXTENSION,34,3.600000,1700,1800,4,EXTENSION,1.000000,4,EXTENSION,4,EXTENSION,1.000000,4,EXTENSION,1.000000,4,EXTENSION,1.000000,4,EXTENSION,1.000000,0.00000000,0.00000000,0.00000001,0.00000000,0.99999998
extension_03,4,EXTENSION,35,3.700000,1750,1850,4,EXTENSION,1.000000,4,EXTENSION,4,EXTENSION,1.000000,4,EXTENSION,1.000000,4,EXTENSION,1.000000,4,EXTENSION,1.000000,0.00000000,0.00000000,0.00000000,0.00000000,1.00000000
extension_03,4,EXTENSION,36,3.800000,1800,1900,4,EXTENSION,1.000000,4,EXTENSION,4,EXTENSION,1.000000,4,EXTENSION,1.000000,4,EXTENSION,1.000000,4,EXTENSION,1.000000,0.00000000,0.00000000,0.00000001,0.00000000,0.99999998
extension_03,4,EXTENSION,37,3.900000,1850,1950,4,EXTENSION,0.997124,4,EXTENSION,4,EXTENSION,1.000000,4,EXTENSION,1.000000,4,EXTENSION,1.000000,4,EXTENSION,1.000000,0.00000203,0.00002526,0.00284861,0.00000023,0.99712386
extension_03,4,EXTENSION,38,4.000000,1900,2000,4,EXTENSION,1.000000,4,EXTENSION,4,EXTENSION,1.000000,4,EXTENSION,1.000000,4,EXTENSION,1.000000,4,EXTENSION,1.000000,0.00000001,0.00000001,0.00000003,0.00000001,0.99999993
extension_03,4,EXTENSION,39,4.100000,1950,2050,4,EXTENSION,1.000000,4,EXTENSION,4,EXTENSION,1.000000,4,EXTENSION,1.000000,4,EXTENSION,1.000000,4,EXTENSION,1.000000,0.00000000,0.00000000,0.00000000,0.00000000,1.00000000
extension_03,4,EXTENSION,40,4.200000,2000,2100,4,EXTENSION,1.000000,4,EXTENSION,4,EXTENSION,1.000000,4,EXTENSION,1.000000,4,EXTENSION,1.000000,4,EXTENSION,1.000000,0.00000000,0.00000000,0.00000000,0.00000000,1.00000000
extension_03,4,EXTENSION,41,4.300000,2050,2150,4,EXTENSION,1.000000,4,EXTENSION,4,EXTENSION,1.000000,4,EXTENSION,1.000000,4,EXTENSION,1.000000,4,EXTENSION,1.000000,0.00000000,0.00000000,0.00000000,0.00000000,1.00000000
extension_04,4,EXTENSION,0,0.200000,0,100,0,REST,0.484921,0,REST,0,REST,0.000000,0,REST,0.000000,0,REST,0.000000,0,REST,0.000000,0.48492050,0.11119526,0.17620338,0.14811538,0.07956547
extension_04,4,EXTENSION,1,0.300000,50,150,0,REST,0.906579,0,REST,0,REST,1.000000,0,REST,0.666667,0,REST,0.000000,0,REST,0.000000,0.90657859,0.00763771,0.02931386,0.01496377,0.04150607
extension_04,4,EXTENSION,2,0.400000,100,200,0,REST,0.986742,0,REST,0,REST,1.000000,0,REST,1.000000,0,REST,0.750000,0,REST,0.600000,0.98674192,0.00323563,0.00483059,0.00287267,0.00231919
extension_04,4,EXTENSION,3,0.500000,150,250,0,REST,0.994944,0,REST,0,REST,1.000000,0,REST,1.000000,0,REST,1.000000,0,REST,0.800000,0.99494360,0.00071139,0.00327212,0.00062209,0.00045081
extension_04,4,EXTENSION,4,0.600000,200,300,0,REST,0.982472,0,REST,0,REST,1.000000,0,REST,1.000000,0,REST,1.000000,0,REST,1.000000,0.98247170,0.00454864,0.01165277,0.00109231,0.00023458
extension_04,4,EXTENSION,5,0.700000,250,350,0,REST,0.945728,0,REST,0,REST,1.000000,0,REST,1.000000,0,REST,1.000000,0,REST,1.000000,0.94572755,0.01649620,0.03500692,0.00250632,0.00026301
extension_04,4,EXTENSION,6,0.800000,300,400,0,REST,0.950803,0,REST,0,REST,1.000000,0,REST,1.000000,0,REST,1.000000,0,REST,1.000000,0.95080310,0.01309636,0.03290945,0.00275577,0.00043532
extension_04,4,EXTENSION,7,0.900000,350,450,0,REST,0.946588,0,REST,0,REST,1.000000,0,REST,1.000000,0,REST,1.000000,0,REST,1.000000,0.94658767,0.01643569,0.03220832,0.00373314,0.00103517
extension_04,4,EXTENSION,8,1.000000,400,500,0,REST,0.873804,0,REST,0,REST,1.000000,0,REST,1.000000,0,REST,1.000000,0,REST,1.000000,0.87380388,0.11416529,0.00436699,0.00672000,0.00094384
extension_04,4,EXTENSION,9,1.100000,450,550,0,REST,0.822928,0,REST,0,REST,1.000000,0,REST,1.000000,0,REST,1.000000,0,REST,1.000000,0.82292848,0.17025168,0.00050238,0.00494664,0.00137082
extension_04,4,EXTENSION,10,1.200000,500,600,0,REST,0.992605,0,REST,0,REST,1.000000,0,REST,1.000000,0,REST,1.000000,0,REST,1.000000,0.99260526,0.00310183,0.00108367,0.00171709,0.00149215
extension_04,4,EXTENSION,11,1.300000,550,650,0,REST,0.991250,0,REST,0,REST,1.000000,0,REST,1.000000,0,REST,1.000000,0,REST,1.000000,0.99125012,0.00275993,0.00183578,0.00239679,0.00175738
extension_04,4,EXTENSION,12,1.400000,600,700,0,REST,0.993885,0,REST,0,REST,1.000000,0,REST,1.000000,0,REST,1.000000,0,REST,1.000000,0.99388460,0.00325225,0.00065748,0.00167410,0.00053158
extension_04,4,EXTENSION,13,1.500000,650,750,0,REST,0.989416,0,REST,0,REST,1.000000,0,REST,1.000000,0,REST,1.000000,0,REST,1.000000,0.98941629,0.00450747,0.00294878,0.00252717,0.00060030
extension_04,4,EXTENSION,14,1.600000,700,800,0,REST,0.963259,0,REST,0,REST,1.000000,0,REST,1.000000,0,REST,1.000000,0,REST,1.000000,0.96325850,0.01843597,0.00530368,0.01111579,0.00188606
extension_04,4,EXTENSION,15,1.700000,750,850,0,REST,0.954579,0,REST,0,REST,1.000000,0,REST,1.000000,0,REST,1.000000,0,REST,1.000000,0.95457912,0.02004917,0.00760380,0.01555253,0.00221538
extension_04,4,EXTENSION,16,1.800000,800,900,0,REST,0.969204,0,REST,0,REST,1.000000,0,REST,1.000000,0,REST,1.000000,0,REST,1.000000,0.96920379,0.01907584,0.00309127,0.00735047,0.00127864
extension_04,4,EXTENSION,17,1.900000,850,950,0,REST,0.987028,0,REST,0,REST,1.000000,0,REST,1.000000,0,REST,1.000000,0,REST,1.000000,0.98702846,0.00501164,0.00185044,0.00547174,0.00063772
extension_04,4,EXTENSION,18,2.000000,900,1000,0,REST,0.989778,0,REST,0,REST,1.000000,0,REST,1.000000,0,REST,1.000000,0,REST,1.000000,0.98977755,0.00252351,0.00230237,0.00417916,0.00121741
extension_04,4,EXTENSION,19,2.100000,950,1050,0,REST,0.988115,0,REST,0,REST,1.000000,0,REST,1.000000,0,REST,1.000000,0,REST,1.000000,0.98811549,0.00595700,0.00175195,0.00287775,0.00129781
extension_04,4,EXTENSION,20,2.200000,1000,1100,0,REST,0.931461,0,REST,0,REST,1.000000,0,REST,1.000000,0,REST,1.000000,0,REST,1.000000,0.93146137,0.05038398,0.00455739,0.01033774,0.00325952
extension_04,4,EXTENSION,21,2.300000,1050,1150,0,REST,0.992900,0,REST,0,REST,1.000000,0,REST,1.000000,0,REST,1.000000,0,REST,1.000000,0.99289969,0.00290467,0.00191322,0.00095672,0.00132570
extension_04,4,EXTENSION,22,2.400000,1100,1200,0,REST,0.994592,0,REST,0,REST,1.000000,0,REST,1.000000,0,REST,1.000000,0,REST,1.000000,0.99459196,0.00247568,0.00124224,0.00070636,0.00098376
extension_04,4,EXTENSION,23,2.500000,1150,1250,0,REST,0.982750,0,REST,0,REST,1.000000,0,REST,1.000000,0,REST,1.000000,0,REST,1.000000,0.98274999,0.00365769,0.00672727,0.00412768,0.00273736
extension_04,4,EXTENSION,24,2.600000,1200,1300,0,REST,0.988610,0,REST,0,REST,1.000000,0,REST,1.000000,0,REST,1.000000,0,REST,1.000000,0.98861012,0.00622533,0.00207896,0.00097647,0.00210911
extension_04,4,EXTENSION,25,2.700000,1250,1350,0,REST,0.966071,0,REST,0,REST,1.000000,0,REST,1.000000,0,REST,1.000000,0,REST,1.000000,0.96607115,0.02781167,0.00347122,0.00118719,0.00145877
extension_04,4,EXTENSION,26,2.800000,1300,1400,0,REST,0.978425,0,REST,0,REST,1.000000,0,REST,1.000000,0,REST,1.000000,0,REST,1.000000,0.97842487,0.01607724,0.00113536,0.00290303,0.00145950
extension_04,4,EXTENSION,27,2.900000,1350,1450,0,REST,0.634398,0,REST,0,REST,1.000000,0,REST,1.000000,0,REST,1.000000,0,REST,1.000000,0.63439784,0.19947434,0.12099259,0.00782543,0.03730980
extension_04,4,EXTENSION,28,3.000000,1400,1500,4,EXTENSION,1.000000,0,REST,0,REST,0.000000,0,REST,0.666667,0,REST,0.750000,0,REST,0.800000,0.00000002,0.00000002,0.00000005,0.00000002,0.99999989
extension_04,4,EXTENSION,29,3.100000,1450,1550,4,EXTENSION,1.000000,0,REST,4,EXTENSION,1.000000,4,EXTENSION,0.666667,0,REST,0.000000,0,REST,0.600000,0.00000000,0.00000000,0.00000000,0.00000000,1.00000000
extension_04,4,EXTENSION,30,3.200000,1500,1600,4,EXTENSION,1.000000,4,EXTENSION,4,EXTENSION,1.000000,4,EXTENSION,1.000000,4,EXTENSION,0.750000,4,EXTENSION,0.600000,0.00000000,0.00000000,0.00000000,0.00000000,1.00000000
extension_04,4,EXTENSION,31,3.300000,1550,1650,4,EXTENSION,1.000000,4,EXTENSION,4,EXTENSION,1.000000,4,EXTENSION,1.000000,4,EXTENSION,1.000000,4,EXTENSION,0.800000,0.00000000,0.00000000,0.00000000,0.00000000,1.00000000
extension_04,4,EXTENSION,32,3.400000,1600,1700,4,EXTENSION,1.000000,4,EXTENSION,4,EXTENSION,1.000000,4,EXTENSION,1.000000,4,EXTENSION,1.000000,4,EXTENSION,1.000000,0.00000000,0.00000000,0.00000000,0.00000000,1.00000000
extension_04,4,EXTENSION,33,3.500000,1650,1750,4,EXTENSION,1.000000,4,EXTENSION,4,EXTENSION,1.000000,4,EXTENSION,1.000000,4,EXTENSION,1.000000,4,EXTENSION,1.000000,0.00000000,0.00000000,0.00000000,0.00000000,1.00000000
extension_04,4,EXTENSION,34,3.600000,1700,1800,4,EXTENSION,1.000000,4,EXTENSION,4,EXTENSION,1.000000,4,EXTENSION,1.000000,4,EXTENSION,1.000000,4,EXTENSION,1.000000,0.00000000,0.00000001,0.00000001,0.00000000,0.99999997
extension_04,4,EXTENSION,35,3.700000,1750,1850,4,EXTENSION,1.000000,4,EXTENSION,4,EXTENSION,1.000000,4,EXTENSION,1.000000,4,EXTENSION,1.000000,4,EXTENSION,1.000000,0.00000007,0.00000010,0.00000019,0.00000007,0.99999957
extension_04,4,EXTENSION,36,3.800000,1800,1900,4,EXTENSION,1.000000,4,EXTENSION,4,EXTENSION,1.000000,4,EXTENSION,1.000000,4,EXTENSION,1.000000,4,EXTENSION,1.000000,0.00000000,0.00000000,0.00000000,0.00000000,1.00000000
extension_04,4,EXTENSION,37,3.900000,1850,1950,4,EXTENSION,1.000000,4,EXTENSION,4,EXTENSION,1.000000,4,EXTENSION,1.000000,4,EXTENSION,1.000000,4,EXTENSION,1.000000,0.00000000,0.00000000,0.00000000,0.00000000,0.99999999
extension_04,4,EXTENSION,38,4.000000,1900,2000,4,EXTENSION,0.997009,4,EXTENSION,4,EXTENSION,1.000000,4,EXTENSION,1.000000,4,EXTENSION,1.000000,4,EXTENSION,1.000000,0.00000220,0.00006150,0.00291533,0.00001179,0.99700918
extension_04,4,EXTENSION,39,4.100000,1950,2050,4,EXTENSION,0.998739,4,EXTENSION,4,EXTENSION,1.000000,4,EXTENSION,1.000000,4,EXTENSION,1.000000,4,EXTENSION,1.000000,0.00000044,0.00000363,0.00125644,0.00000034,0.99873916
extension_04,4,EXTENSION,40,4.200000,2000,2100,4,EXTENSION,1.000000,4,EXTENSION,4,EXTENSION,1.000000,4,EXTENSION,1.000000,4,EXTENSION,1.000000,4,EXTENSION,1.000000,0.00000001,0.00000001,0.00000003,0.00000001,0.99999994
extension_05,4,EXTENSION,0,0.200000,0,100,0,REST,0.485468,0,REST,0,REST,0.000000,0,REST,0.000000,0,REST,0.000000,0,REST,0.000000,0.48546833,0.11114530,0.17618344,0.14779130,0.07941163
extension_05,4,EXTENSION,1,0.300000,50,150,0,REST,0.903834,0,REST,0,REST,1.000000,0,REST,0.666667,0,REST,0.000000,0,REST,0.000000,0.90383400,0.00755093,0.02988770,0.01532384,0.04340354
extension_05,4,EXTENSION,2,0.400000,100,200,0,REST,0.992004,0,REST,0,REST,1.000000,0,REST,1.000000,0,REST,0.750000,0,REST,0.600000,0.99200417,0.00104175,0.00307893,0.00136063,0.00251452
extension_05,4,EXTENSION,3,0.500000,150,250,0,REST,0.996321,0,REST,0,REST,1.000000,0,REST,1.000000,0,REST,1.000000,0,REST,0.800000,0.99632109,0.00062766,0.00214991,0.00048197,0.00041936
extension_05,4,EXTENSION,4,0.600000,200,300,0,REST,0.996253,0,REST,0,REST,1.000000,0,REST,1.000000,0,REST,1.000000,0,REST,1.000000,0.99625298,0.00021679,0.00304672,0.00025948,0.00022402
extension_05,4,EXTENSION,5,0.700000,250,350,0,REST,0.982736,0,REST,0,REST,1.000000,0,REST,1.000000,0,REST,1.000000,0,REST,1.000000,0.98273574,0.00347574,0.01282351,0.00078889,0.00017611
extension_05,4,EXTENSION,6,0.800000,300,400,0,REST,0.930873,0,REST,0,REST,1.000000,0,REST,1.000000,0,REST,1.000000,0,REST,1.000000,0.93087323,0.03068004,0.03489873,0.00275309,0.00079491
extension_05,4,EXTENSION,7,0.900000,350,450,0,REST,0.805895,0,REST,0,REST,1.000000,0,REST,1.000000,0,REST,1.000000,0,REST,1.000000,0.80589472,0.18757515,0.00104704,0.00516315,0.00031994
extension_05,4,EXTENSION,8,1.000000,400,500,0,REST,0.807551,0,REST,0,REST,1.000000,0,REST,1.000000,0,REST,1.000000,0,REST,1.000000,0.80755057,0.18521247,0.00087362,0.00497733,0.00138602
extension_05,4,EXTENSION,9,1.100000,450,550,0,REST,0.966648,0,REST,0,REST,1.000000,0,REST,1.000000,0,REST,1.000000,0,REST,1.000000,0.96664775,0.02668265,0.00119271,0.00417888,0.00129800
extension_05,4,EXTENSION,10,1.200000,500,600,0,REST,0.993140,0,REST,0,REST,1.000000,0,REST,1.000000,0,REST,1.000000,0,REST,1.000000,0.99314005,0.00254525,0.00059964,0.00331705,0.00039802
extension_05,4,EXTENSION,11,1.300000,550,650,0,REST,0.978829,0,REST,0,REST,1.000000,0,REST,1.000000,0,REST,1.000000,0,REST,1.000000,0.97882888,0.00532467,0.00660864,0.00841645,0.00082136
extension_05,4,EXTENSION,12,1.400000,600,700,0,REST,0.934826,0,REST,0,REST,1.000000,0,REST,1.000000,0,REST,1.000000,0,REST,1.000000,0.93482649,0.04193743,0.01007379,0.01175596,0.00140633
extension_05,4,EXTENSION,13,1.500000,650,750,0,REST,0.991090,0,REST,0,REST,1.000000,0,REST,1.000000,0,REST,1.000000,0,REST,1.000000,0.99108994,0.00351496,0.00173931,0.00294471,0.00071108
extension_05,4,EXTENSION,14,1.600000,700,800,0,REST,0.989036,0,REST,0,REST,1.000000,0,REST,1.000000,0,REST,1.000000,0,REST,1.000000,0.98903577,0.00426056,0.00151669,0.00457312,0.00061386
extension_05,4,EXTENSION,15,1.700000,750,850,0,REST,0.796179,0,REST,0,REST,1.000000,0,REST,1.000000,0,REST,1.000000,0,REST,1.000000,0.79617905,0.17405961,0.00425477,0.02318460,0.00232197
extension_05,4,EXTENSION,16,1.800000,800,900,0,REST,0.968976,0,REST,0,REST,1.000000,0,REST,1.000000,0,REST,1.000000,0,REST,1.000000,0.96897623,0.00534066,0.00738914,0.01578904,0.00250493
extension_05,4,EXTENSION,17,1.900000,850,950,0,REST,0.989669,0,REST,0,REST,1.000000,0,REST,1.000000,0,REST,1.000000,0,REST,1.000000,0.98966907,0.00055468,0.00423825,0.00378730,0.00175070
extension_05,4,EXTENSION,18,2.000000,900,1000,0,REST,0.990477,0,REST,0,REST,1.000000,0,REST,1.000000,0,REST,1.000000,0,REST,1.000000,0.99047710,0.00204744,0.00285687,0.00301647,0.00160212
extension_05,4,EXTENSION,19,2.100000,950,1050,0,REST,0.981532,0,REST,0,REST,1.000000,0,REST,1.000000,0,REST,1.000000,0,REST,1.000000,0.98153164,0.01241490,0.00258211,0.00220953,0.00126181
extension_05,4,EXTENSION,20,2.200000,1000,1100,0,REST,0.981563,0,REST,0,REST,1.000000,0,REST,1.000000,0,REST,1.000000,0,REST,1.000000,0.98156318,0.00519515,0.00267194,0.00804756,0.00252217
extension_05,4,EXTENSION,21,2.300000,1050,1150,0,REST,0.976615,0,REST,0,REST,1.000000,0,REST,1.000000,0,REST,1.000000,0,REST,1.000000,0.97661488,0.00774244,0.00351571,0.01099535,0.00113161
extension_05,4,EXTENSION,22,2.400000,1100,1200,0,REST,0.982039,0,REST,0,REST,1.000000,0,REST,1.000000,0,REST,1.000000,0,REST,1.000000,0.98203916,0.00940313,0.00207089,0.00491343,0.00157340
extension_05,4,EXTENSION,23,2.500000,1150,1250,0,REST,0.995870,0,REST,0,REST,1.000000,0,REST,1.000000,0,REST,1.000000,0,REST,1.000000,0.99587037,0.00034564,0.00160169,0.00126284,0.00091946
extension_05,4,EXTENSION,24,2.600000,1200,1300,0,REST,0.998342,0,REST,0,REST,1.000000,0,REST,1.000000,0,REST,1.000000,0,REST,1.000000,0.99834205,0.00023354,0.00083757,0.00022768,0.00035916
extension_05,4,EXTENSION,25,2.700000,1250,1350,0,REST,0.995068,0,REST,0,REST,1.000000,0,REST,1.000000,0,REST,1.000000,0,REST,1.000000,0.99506778,0.00231361,0.00127397,0.00034848,0.00099616
extension_05,4,EXTENSION,26,2.800000,1300,1400,0,REST,0.990908,0,REST,0,REST,1.000000,0,REST,1.000000,0,REST,1.000000,0,REST,1.000000,0.99090805,0.00256070,0.00378325,0.00209874,0.00064926
extension_05,4,EXTENSION,27,2.900000,1350,1450,0,REST,0.986915,0,REST,0,REST,1.000000,0,REST,1.000000,0,REST,1.000000,0,REST,1.000000,0.98691452,0.00213906,0.00507870,0.00461170,0.00125602
extension_05,4,EXTENSION,28,3.000000,1400,1500,0,REST,0.991298,0,REST,0,REST,1.000000,0,REST,1.000000,0,REST,1.000000,0,REST,1.000000,0.99129784,0.00326513,0.00191305,0.00124407,0.00227992
extension_05,4,EXTENSION,29,3.100000,1450,1550,0,REST,0.995793,0,REST,0,REST,1.000000,0,REST,1.000000,0,REST,1.000000,0,REST,1.000000,0.99579277,0.00141080,0.00125844,0.00046008,0.00107791
extension_05,4,EXTENSION,30,3.200000,1500,1600,4,EXTENSION,0.825985,0,REST,0,REST,0.000000,0,REST,0.666667,0,REST,0.750000,0,REST,0.800000,0.00005403,0.00020306,0.17314957,0.00060802,0.82598531
extension_05,4,EXTENSION,31,3.300000,1550,1650,4,EXTENSION,1.000000,0,REST,4,EXTENSION,1.000000,4,EXTENSION,0.666667,0,REST,0.000000,0,REST,0.600000,0.00000000,0.00000000,0.00000000,0.00000000,1.00000000
extension_05,4,EXTENSION,32,3.400000,1600,1700,4,EXTENSION,1.000000,4,EXTENSION,4,EXTENSION,1.000000,4,EXTENSION,1.000000,4,EXTENSION,0.750000,4,EXTENSION,0.600000,0.00000000,0.00000000,0.00000000,0.00000000,1.00000000
extension_05,4,EXTENSION,33,3.500000,1650,1750,4,EXTENSION,1.000000,4,EXTENSION,4,EXTENSION,1.000000,4,EXTENSION,1.000000,4,EXTENSION,1.000000,4,EXTENSION,0.800000,0.00000000,0.00000000,0.00000000,0.00000000,1.00000000
extension_05,4,EXTENSION,34,3.600000,1700,1800,4,EXTENSION,1.000000,4,EXTENSION,4,EXTENSION,1.000000,4,EXTENSION,1.000000,4,EXTENSION,1.000000,4,EXTENSION,1.000000,0.00000000,0.00000000,0.00000000,0.00000000,1.00000000
extension_05,4,EXTENSION,35,3.700000,1750,1850,4,EXTENSION,1.000000,4,EXTENSION,4,EXTENSION,1.000000,4,EXTENSION,1.000000,4,EXTENSION,1.000000,4,EXTENSION,1.000000,0.00000000,0.00000000,0.00000000,0.00000000,1.00000000
extension_05,4,EXTENSION,36,3.800000,1800,1900,4,EXTENSION,0.998005,4,EXTENSION,4,EXTENSION,1.000000,4,EXTENSION,1.000000,4,EXTENSION,1.000000,4,EXTENSION,1.000000,0.00000101,0.00002727,0.00196613,0.00000099,0.99800460
extension_05,4,EXTENSION,37,3.900000,1850,1950,4,EXTENSION,0.991740,4,EXTENSION,4,EXTENSION,1.000000,4,EXTENSION,1.000000,4,EXTENSION,1.000000,4,EXTENSION,1.000000,0.00001631,0.00003175,0.00821134,0.00000087,0.99173973
extension_05,4,EXTENSION,38,4.000000,1900,2000,4,EXTENSION,1.000000,4,EXTENSION,4,EXTENSION,1.000000,4,EXTENSION,1.000000,4,EXTENSION,1.000000,4,EXTENSION,1.000000,0.00000000,0.00000000,0.00000001,0.00000000,0.99999999
extension_05,4,EXTENSION,39,4.100000,1950,2050,4,EXTENSION,1.000000,4,EXTENSION,4,EXTENSION,1.000000,4,EXTENSION,1.000000,4,EXTENSION,1.000000,4,EXTENSION,1.000000,0.00000000,0.00000000,0.00000000,0.00000000,1.00000000
extension_05,4,EXTENSION,40,4.200000,2000,2100,4,EXTENSION,1.000000,4,EXTENSION,4,EXTENSION,1.000000,4,EXTENSION,1.000000,4,EXTENSION,1.000000,4,EXTENSION,1.000000,0.00000001,0.00000001,0.00000002,0.00000001,0.99999996
extension_05,4,EXTENSION,41,4.300000,2050,2150,4,EXTENSION,0.997971,4,EXTENSION,4,EXTENSION,1.000000,4,EXTENSION,1.000000,4,EXTENSION,1.000000,4,EXTENSION,1.000000,0.00000411,0.00198985,0.00003028,0.00000459,0.99797116
extension_05,4,EXTENSION,42,4.400000,2100,2200,4,EXTENSION,0.999244,4,EXTENSION,4,EXTENSION,1.000000,4,EXTENSION,1.000000,4,EXTENSION,1.000000,4,EXTENSION,1.000000,0.00000138,0.00068698,0.00005271,0.00001510,0.99924383
flexion_01,3,FLEXION,0,0.200000,0,100,0,REST,0.470862,0,REST,0,REST,0.000000,0,REST,0.000000,0,REST,0.000000,0,REST,0.000000,0.47086183,0.11236542,0.17680274,0.15623010,0.08373992
flexion_01,3,FLEXION,1,0.300000,50,150,0,REST,0.905601,0,REST,0,REST,1.000000,0,REST,0.666667,0,REST,0.000000,0,REST,0.000000,0.90560120,0.00937600,0.03028286,0.01548913,0.03925081
flexion_01,3,FLEXION,2,0.400000,100,200,0,REST,0.991696,0,REST,0,REST,1.000000,0,REST,1.000000,0,REST,0.750000,0,REST,0.600000,0.99169557,0.00125368,0.00326357,0.00142060,0.00236658
flexion_01,3,FLEXION,3,0.500000,150,250,0,REST,0.996181,0,REST,0,REST,1.000000,0,REST,1.000000,0,REST,1.000000,0,REST,0.800000,0.99618110,0.00016782,0.00272930,0.00033976,0.00058202
flexion_01,3,FLEXION,4,0.600000,200,300,0,REST,0.995081,0,REST,0,REST,1.000000,0,REST,1.000000,0,REST,1.000000,0,REST,1.000000,0.99508118,0.00008020,0.00425839,0.00018438,0.00039585
flexion_01,3,FLEXION,5,0.700000,250,350,0,REST,0.992426,0,REST,0,REST,1.000000,0,REST,1.000000,0,REST,1.000000,0,REST,1.000000,0.99242567,0.00008206,0.00689467,0.00018863,0.00040896
flexion_01,3,FLEXION,6,0.800000,300,400,0,REST,0.990824,0,REST,0,REST,1.000000,0,REST,1.000000,0,REST,1.000000,0,REST,1.000000,0.99082384,0.00008651,0.00847087,0.00019440,0.00042437
flexion_01,3,FLEXION,7,0.900000,350,450,0,REST,0.991837,0,REST,0,REST,1.000000,0,REST,1.000000,0,REST,1.000000,0,REST,1.000000,0.99183736,0.00181304,0.00581063,0.00036486,0.00017411
flexion_01,3,FLEXION,8,1.000000,400,500,0,REST,0.990788,0,REST,0,REST,1.000000,0,REST,1.000000,0,REST,1.000000,0,REST,1.000000,0.99078793,0.00616432,0.00089021,0.00175861,0.00039892
flexion_01,3,FLEXION,9,1.100000,450,550,0,REST,0.986996,0,REST,0,REST,1.000000,0,REST,1.000000,0,REST,1.000000,0,REST,1.000000,0.98699630,0.00439990,0.00574773,0.00184539,0.00101068
flexion_01,3,FLEXION,10,1.200000,500,600,0,REST,0.992489,0,REST,0,REST,1.000000,0,REST,1.000000,0,REST,1.000000,0,REST,1.000000,0.99248926,0.00354040,0.00130251,0.00169540,0.00097243
flexion_01,3,FLEXION,11,1.300000,550,650,0,REST,0.982713,0,REST,0,REST,1.000000,0,REST,1.000000,0,REST,1.000000,0,REST,1.000000,0.98271281,0.00880409,0.00041555,0.00748778,0.00057977
flexion_01,3,FLEXION,12,1.400000,600,700,0,REST,0.975571,0,REST,0,REST,1.000000,0,REST,1.000000,0,REST,1.000000,0,REST,1.000000,0.97557147,0.01973566,0.00106248,0.00259771,0.00103269
flexion_01,3,FLEXION,13,1.500000,650,750,0,REST,0.992019,0,REST,0,REST,1.000000,0,REST,1.000000,0,REST,1.000000,0,REST,1.000000,0.99201885,0.00492142,0.00080277,0.00173420,0.00052277
flexion_01,3,FLEXION,14,1.600000,700,800,0,REST,0.983223,0,REST,0,REST,1.000000,0,REST,1.000000,0,REST,1.000000,0,REST,1.000000,0.98322274,0.00964752,0.00203245,0.00414672,0.00095057
flexion_01,3,FLEXION,15,1.700000,750,850,0,REST,0.989563,0,REST,0,REST,1.000000,0,REST,1.000000,0,REST,1.000000,0,REST,1.000000,0.98956257,0.00740986,0.00061849,0.00095465,0.00145443
flexion_01,3,FLEXION,16,1.800000,800,900,0,REST,0.994266,0,REST,0,REST,1.000000,0,REST,1.000000,0,REST,1.000000,0,REST,1.000000,0.99426561,0.00190319,0.00096739,0.00086237,0.00200143
flexion_01,3,FLEXION,17,1.900000,850,950,0,REST,0.983401,0,REST,0,REST,1.000000,0,REST,1.000000,0,REST,1.000000,0,REST,1.000000,0.98340097,0.00253815,0.00658632,0.00084162,0.00663293
flexion_01,3,FLEXION,18,2.000000,900,1000,0,REST,0.990888,0,REST,0,REST,1.000000,0,REST,1.000000,0,REST,1.000000,0,REST,1.000000,0.99088763,0.00190906,0.00348987,0.00051181,0.00320163
flexion_01,3,FLEXION,19,2.100000,950,1050,0,REST,0.992668,0,REST,0,REST,1.000000,0,REST,1.000000,0,REST,1.000000,0,REST,1.000000,0.99266795,0.00231521,0.00309813,0.00082031,0.00109841
flexion_01,3,FLEXION,20,2.200000,1000,1100,0,REST,0.990935,0,REST,0,REST,1.000000,0,REST,1.000000,0,REST,1.000000,0,REST,1.000000,0.99093480,0.00255696,0.00466760,0.00094411,0.00089653
flexion_01,3,FLEXION,21,2.300000,1050,1150,0,REST,0.985750,0,REST,0,REST,1.000000,0,REST,1.000000,0,REST,1.000000,0,REST,1.000000,0.98574995,0.00833142,0.00397227,0.00114795,0.00079840
flexion_01,3,FLEXION,22,2.400000,1100,1200,0,REST,0.967490,0,REST,0,REST,1.000000,0,REST,1.000000,0,REST,1.000000,0,REST,1.000000,0.96748967,0.02898001,0.00070275,0.00198017,0.00084740
flexion_01,3,FLEXION,23,2.500000,1150,1250,0,REST,0.984364,0,REST,0,REST,1.000000,0,REST,1.000000,0,REST,1.000000,0,REST,1.000000,0.98436392,0.01254166,0.00114098,0.00112395,0.00082949
flexion_01,3,FLEXION,24,2.600000,1200,1300,0,REST,0.995070,0,REST,0,REST,1.000000,0,REST,1.000000,0,REST,1.000000,0,REST,1.000000,0.99507031,0.00068515,0.00276567,0.00021420,0.00126467
flexion_01,3,FLEXION,25,2.700000,1250,1350,0,REST,0.995419,0,REST,0,REST,1.000000,0,REST,1.000000,0,REST,1.000000,0,REST,1.000000,0.99541929,0.00046616,0.00268469,0.00025422,0.00117564
flexion_01,3,FLEXION,26,2.800000,1300,1400,0,REST,0.994932,0,REST,0,REST,1.000000,0,REST,1.000000,0,REST,1.000000,0,REST,1.000000,0.99493184,0.00031381,0.00361017,0.00025955,0.00088463
flexion_01,3,FLEXION,27,2.900000,1350,1450,0,REST,0.993425,0,REST,0,REST,1.000000,0,REST,1.000000,0,REST,1.000000,0,REST,1.000000,0.99342500,0.00105872,0.00397449,0.00017812,0.00136368
flexion_01,3,FLEXION,28,3.000000,1400,1500,0,REST,0.996993,0,REST,0,REST,1.000000,0,REST,1.000000,0,REST,1.000000,0,REST,1.000000,0.99699256,0.00033998,0.00164506,0.00014261,0.00087978
flexion_01,3,FLEXION,29,3.100000,1450,1550,0,REST,0.995367,0,REST,0,REST,1.000000,0,REST,1.000000,0,REST,1.000000,0,REST,1.000000,0.99536713,0.00071313,0.00160761,0.00030624,0.00200588
flexion_01,3,FLEXION,30,3.200000,1500,1600,4,EXTENSION,0.738830,0,REST,0,REST,0.000000,0,REST,0.666667,0,REST,0.750000,0,REST,0.800000,0.00008844,0.00085352,0.25339172,0.00683632,0.73883000
flexion_01,3,FLEXION,31,3.300000,1550,1650,0,REST,0.442993,0,REST,0,REST,0.000000,0,REST,0.666667,0,REST,0.750000,0,REST,0.800000,0.00276986,0.29888880,0.01329147,0.44299256,0.24205731
flexion_01,3,FLEXION,32,3.400000,1600,1700,3,FLEXION,0.949302,0,REST,0,REST,0.000000,0,REST,0.000000,0,REST,0.000000,0,REST,0.600000,0.00001088,0.00611230,0.00062782,0.94930225,0.04394674
flexion_01,3,FLEXION,33,3.500000,1650,1750,3,FLEXION,0.996724,0,REST,3,FLEXION,1.000000,3,FLEXION,0.666667,0,REST,0.000000,0,REST,0.000000,0.00000252,0.00318325,0.00000022,0.99672433,0.00008968
flexion_01,3,FLEXION,34,3.600000,1700,1800,3,FLEXION,0.999999,3,FLEXION,3,FLEXION,1.000000,3,FLEXION,1.000000,3,FLEXION,0.750000,3,FLEXION,0.600000,0.00000000,0.00000000,0.00000000,0.99999916,0.00000084
flexion_01,3,FLEXION,35,3.700000,1750,1850,3,FLEXION,0.999930,3,FLEXION,3,FLEXION,1.000000,3,FLEXION,1.000000,3,FLEXION,1.000000,3,FLEXION,0.800000,0.00000001,0.00000002,0.00000001,0.99993030,0.00006967
flexion_01,3,FLEXION,36,3.800000,1800,1900,3,FLEXION,0.999131,3,FLEXION,3,FLEXION,1.000000,3,FLEXION,1.000000,3,FLEXION,1.000000,3,FLEXION,1.000000,0.00000102,0.00000320,0.00000113,0.99913050,0.00086415
flexion_01,3,FLEXION,37,3.900000,1850,1950,3,FLEXION,0.999988,3,FLEXION,3,FLEXION,1.000000,3,FLEXION,1.000000,3,FLEXION,1.000000,3,FLEXION,1.000000,0.00000000,0.00000000,0.00000000,0.99998842,0.00001158
flexion_01,3,FLEXION,38,4.000000,1900,2000,3,FLEXION,0.999990,3,FLEXION,3,FLEXION,1.000000,3,FLEXION,1.000000,3,FLEXION,1.000000,3,FLEXION,1.000000,0.00000000,0.00000000,0.00000000,0.99998962,0.00001038
flexion_01,3,FLEXION,39,4.100000,1950,2050,3,FLEXION,0.967146,3,FLEXION,3,FLEXION,1.000000,3,FLEXION,1.000000,3,FLEXION,1.000000,3,FLEXION,1.000000,0.00025603,0.00377387,0.00228392,0.96714596,0.02654021
flexion_01,3,FLEXION,40,4.200000,2000,2100,0,REST,0.525479,3,FLEXION,0,REST,0.000000,3,FLEXION,0.666667,3,FLEXION,0.750000,3,FLEXION,0.800000,0.02008965,0.12621701,0.03535478,0.52547916,0.29285941
flexion_01,3,FLEXION,41,4.300000,2050,2150,3,FLEXION,0.975177,3,FLEXION,0,REST,0.000000,3,FLEXION,0.666667,3,FLEXION,0.750000,3,FLEXION,0.800000,0.00023681,0.00152893,0.00074108,0.97517710,0.02231608
flexion_01,3,FLEXION,42,4.400000,2100,2200,3,FLEXION,0.999087,3,FLEXION,3,FLEXION,1.000000,3,FLEXION,0.666667,3,FLEXION,0.750000,3,FLEXION,0.800000,0.00000144,0.00000442,0.00000168,0.99908749,0.00090498
flexion_01,3,FLEXION,43,4.500000,2150,2250,3,FLEXION,0.996871,3,FLEXION,3,FLEXION,1.000000,3,FLEXION,1.000000,3,FLEXION,0.750000,3,FLEXION,0.800000,0.00001306,0.00004060,0.00001512,0.99687071,0.00306051
flexion_02,3,FLEXION,0,0.200000,0,100,0,REST,0.473186,0,REST,0,REST,0.000000,0,REST,0.000000,0,REST,0.000000,0,REST,0.000000,0.47318587,0.11220253,0.17661340,0.15496884,0.08302937
flexion_02,3,FLEXION,1,0.300000,50,150,0,REST,0.910510,0,REST,0,REST,1.000000,0,REST,0.666667,0,REST,0.000000,0,REST,0.000000,0.91051005,0.00840555,0.02906714,0.01417118,0.03784608
flexion_02,3,FLEXION,2,0.400000,100,200,0,REST,0.991885,0,REST,0,REST,1.000000,0,REST,1.000000,0,REST,0.750000,0,REST,0.600000,0.99188480,0.00117328,0.00323771,0.00135306,0.00235115
flexion_02,3,FLEXION,3,0.500000,150,250,0,REST,0.996151,0,REST,0,REST,1.000000,0,REST,1.000000,0,REST,1.000000,0,REST,0.800000,0.99615119,0.00016200,0.00276572,0.00033049,0.00059060
flexion_02,3,FLEXION,4,0.600000,200,300,0,REST,0.995046,0,REST,0,REST,1.000000,0,REST,1.000000,0,REST,1.000000,0,REST,1.000000,0.99504580,0.00013559,0.00426015,0.00022981,0.00032865
flexion_02,3,FLEXION,5,0.700000,250,350,0,REST,0.993651,0,REST,0,REST,1.000000,0,REST,1.000000,0,REST,1.000000,0,REST,1.000000,0.99365133,0.00014242,0.00575253,0.00020229,0.00025143
flexion_02,3,FLEXION,6,0.800000,300,400,0,REST,0.982034,0,REST,0,REST,1.000000,0,REST,1.000000,0,REST,1.000000,0,REST,1.000000,0.98203353,0.00061334,0.01676774,0.00036083,0.00022456
flexion_02,3,FLEXION,7,0.900000,350,450,0,REST,0.955277,0,REST,0,REST,1.000000,0,REST,1.000000,0,REST,1.000000,0,REST,1.000000,0.95527661,0.01256082,0.03049794,0.00121736,0.00044727
flexion_02,3,FLEXION,8,1.000000,400,500,0,REST,0.923472,0,REST,0,REST,1.000000,0,REST,1.000000,0,REST,1.000000,0,REST,1.000000,0.92347159,0.04800918,0.02442407,0.00272630,0.00136885
flexion_02,3,FLEXION,9,1.100000,450,550,0,REST,0.980303,0,REST,0,REST,1.000000,0,REST,1.000000,0,REST,1.000000,0,REST,1.000000,0.98030277,0.01532578,0.00239543,0.00121818,0.00075784
flexion_02,3,FLEXION,10,1.200000,500,600,0,REST,0.991805,0,REST,0,REST,1.000000,0,REST,1.000000,0,REST,1.000000,0,REST,1.000000,0.99180544,0.00208386,0.00269177,0.00146749,0.00195143
flexion_02,3,FLEXION,11,1.300000,550,650,0,REST,0.986082,0,REST,0,REST,1.000000,0,REST,1.000000,0,REST,1.000000,0,REST,1.000000,0.98608161,0.00380573,0.00339574,0.00501493,0.00170199
flexion_02,3,FLEXION,12,1.400000,600,700,0,REST,0.989777,0,REST,0,REST,1.000000,0,REST,1.000000,0,REST,1.000000,0,REST,1.000000,0.98977654,0.00445615,0.00158809,0.00332944,0.00084978
flexion_02,3,FLEXION,13,1.500000,650,750,0,REST,0.964895,0,REST,0,REST,1.000000,0,REST,1.000000,0,REST,1.000000,0,REST,1.000000,0.96489477,0.02908190,0.00270382,0.00253399,0.00078552
flexion_02,3,FLEXION,14,1.600000,700,800,0,REST,0.958520,0,REST,0,REST,1.000000,0,REST,1.000000,0,REST,1.000000,0,REST,1.000000,0.95852006,0.03153229,0.00263659,0.00655230,0.00075876
flexion_02,3,FLEXION,15,1.700000,750,850,0,REST,0.989138,0,REST,0,REST,1.000000,0,REST,1.000000,0,REST,1.000000,0,REST,1.000000,0.98913827,0.00567455,0.00219015,0.00227377,0.00072326
flexion_02,3,FLEXION,16,1.800000,800,900,0,REST,0.991822,0,REST,0,REST,1.000000,0,REST,1.000000,0,REST,1.000000,0,REST,1.000000,0.99182210,0.00358174,0.00293685,0.00086438,0.00079493
flexion_02,3,FLEXION,17,1.900000,850,950,0,REST,0.966272,0,REST,0,REST,1.000000,0,REST,1.000000,0,REST,1.000000,0,REST,1.000000,0.96627209,0.02844215,0.00300693,0.00147918,0.00079965
flexion_02,3,FLEXION,18,2.000000,900,1000,0,REST,0.977756,0,REST,0,REST,1.000000,0,REST,1.000000,0,REST,1.000000,0,REST,1.000000,0.97775556,0.01697004,0.00162546,0.00252077,0.00112817
flexion_02,3,FLEXION,19,2.100000,950,1050,0,REST,0.990829,0,REST,0,REST,1.000000,0,REST,1.000000,0,REST,1.000000,0,REST,1.000000,0.99082896,0.00531946,0.00099040,0.00173086,0.00113032
flexion_02,3,FLEXION,20,2.200000,1000,1100,0,REST,0.970183,0,REST,0,REST,1.000000,0,REST,1.000000,0,REST,1.000000,0,REST,1.000000,0.97018269,0.02375997,0.00080979,0.00456243,0.00068512
flexion_02,3,FLEXION,21,2.300000,1050,1150,0,REST,0.962629,0,REST,0,REST,1.000000,0,REST,1.000000,0,REST,1.000000,0,REST,1.000000,0.96262876,0.02735268,0.00211077,0.00695641,0.00095137
flexion_02,3,FLEXION,22,2.400000,1100,1200,0,REST,0.985787,0,REST,0,REST,1.000000,0,REST,1.000000,0,REST,1.000000,0,REST,1.000000,0.98578672,0.00770387,0.00093785,0.00462851,0.00094304
flexion_02,3,FLEXION,23,2.500000,1150,1250,0,REST,0.886670,0,REST,0,REST,1.000000,0,REST,1.000000,0,REST,1.000000,0,REST,1.000000,0.88667007,0.10320669,0.00499183,0.00340611,0.00172530
flexion_02,3,FLEXION,24,2.600000,1200,1300,0,REST,0.989592,0,REST,0,REST,1.000000,0,REST,1.000000,0,REST,1.000000,0,REST,1.000000,0.98959232,0.00756688,0.00163640,0.00035615,0.00084825
flexion_02,3,FLEXION,25,2.700000,1250,1350,0,REST,0.998142,0,REST,0,REST,1.000000,0,REST,1.000000,0,REST,1.000000,0,REST,1.000000,0.99814155,0.00068958,0.00081444,0.00007577,0.00027866
flexion_02,3,FLEXION,26,2.800000,1300,1400,0,REST,0.996550,0,REST,0,REST,1.000000,0,REST,1.000000,0,REST,1.000000,0,REST,1.000000,0.99655028,0.00127168,0.00129967,0.00022408,0.00065429
flexion_02,3,FLEXION,27,2.900000,1350,1450,0,REST,0.990033,0,REST,0,REST,1.000000,0,REST,1.000000,0,REST,1.000000,0,REST,1.000000,0.99003294,0.00125136,0.00303657,0.00411322,0.00156591
flexion_02,3,FLEXION,28,3.000000,1400,1500,0,REST,0.943487,0,REST,0,REST,1.000000,0,REST,1.000000,0,REST,1.000000,0,REST,1.000000,0.94348689,0.02762811,0.00470224,0.02117743,0.00300534
flexion_02,3,FLEXION,29,3.100000,1450,1550,3,FLEXION,0.665814,0,REST,0,REST,0.000000,0,REST,0.666667,0,REST,0.750000,0,REST,0.800000,0.00020730,0.30991077,0.00281854,0.66581425,0.02124914
flexion_02,3,FLEXION,30,3.200000,1500,1600,3,FLEXION,0.955864,0,REST,3,FLEXION,1.000000,3,FLEXION,0.666667,0,REST,0.000000,0,REST,0.600000,0.00017320,0.00856936,0.00031179,0.95586413,0.03508153
flexion_02,3,FLEXION,31,3.300000,1550,1650,3,FLEXION,0.929834,3,FLEXION,3,FLEXION,1.000000,3,FLEXION,1.000000,3,FLEXION,0.750000,3,FLEXION,0.600000,0.00094635,0.01107486,0.00126910,0.92983431,0.05687537
flexion_02,3,FLEXION,32,3.400000,1600,1700,3,FLEXION,0.870455,3,FLEXION,3,FLEXION,1.000000,3,FLEXION,1.000000,3,FLEXION,1.000000,3,FLEXION,0.800000,0.00337502,0.02341951,0.00433702,0.87045506,0.09841339
flexion_02,3,FLEXION,33,3.500000,1650,1750,3,FLEXION,0.999130,3,FLEXION,3,FLEXION,1.000000,3,FLEXION,1.000000,3,FLEXION,1.000000,3,FLEXION,1.000000,0.00000106,0.00000331,0.00000117,0.99913048,0.00086398
flexion_02,3,FLEXION,34,3.600000,1700,1800,3,FLEXION,0.996040,3,FLEXION,3,FLEXION,1.000000,3,FLEXION,1.000000,3,FLEXION,1.000000,3,FLEXION,1.000000,0.00001929,0.00006125,0.00002098,0.99604018,0.00385831
flexion_02,3,FLEXION,35,3.700000,1750,1850,4,EXTENSION,0.850365,3,FLEXION,0,REST,0.000000,3,FLEXION,0.666667,3,FLEXION,0.750000,3,FLEXION,0.800000,0.00003684,0.00163023,0.00001946,0.14794814,0.85036533
flexion_02,3,FLEXION,36,3.800000,1800,1900,3,FLEXION,0.992230,3,FLEXION,0,REST,0.000000,3,FLEXION,0.666667,3,FLEXION,0.750000,3,FLEXION,0.800000,0.00000462,0.00133547,0.00000902,0.99223032,0.00642057
flexion_02,3,FLEXION,37,3.900000,1850,1950,3,FLEXION,0.999999,3,FLEXION,3,FLEXION,1.000000,3,FLEXION,0.666667,3,FLEXION,0.750000,3,FLEXION,0.800000,0.00000000,0.00000000,0.00000000,0.99999859,0.00000141
flexion_02,3,FLEXION,38,4.000000,1900,2000,3,FLEXION,0.998043,3,FLEXION,3,FLEXION,1.000000,3,FLEXION,1.000000,3,FLEXION,0.750000,3,FLEXION,0.800000,0.00000383,0.00001209,0.00000401,0.99804263,0.00193745
flexion_02,3,FLEXION,39,4.100000,1950,2050,3,FLEXION,0.577079,3,FLEXION,3,FLEXION,1.000000,3,FLEXION,1.000000,3,FLEXION,1.000000,3,FLEXION,0.800000,0.00012727,0.01259895,0.00013154,0.57707859,0.41006364
flexion_02,3,FLEXION,40,4.200000,2000,2100,3,FLEXION,0.998429,3,FLEXION,3,FLEXION,1.000000,3,FLEXION,1.000000,3,FLEXION,1.000000,3,FLEXION,1.000000,0.00000252,0.00000799,0.00000264,0.99842893,0.00155792
flexion_02,3,FLEXION,41,4.300000,2050,2150,3,FLEXION,0.997576,3,FLEXION,3,FLEXION,1.000000,3,FLEXION,1.000000,3,FLEXION,1.000000,3,FLEXION,1.000000,0.00000547,0.00001704,0.00000567,0.99757650,0.00239532
flexion_02,3,FLEXION,42,4.400000,2100,2200,3,FLEXION,0.977199,3,FLEXION,3,FLEXION,1.000000,3,FLEXION,1.000000,3,FLEXION,1.000000,3,FLEXION,1.000000,0.00009773,0.00319143,0.00027962,0.97719941,0.01923181
flexion_03,3,FLEXION,0,0.200000,0,100,0,REST,0.475821,0,REST,0,REST,0.000000,0,REST,0.000000,0,REST,0.000000,0,REST,0.000000,0.47582141,0.11199812,0.17648020,0.15345515,0.08224512
flexion_03,3,FLEXION,1,0.300000,50,150,0,REST,0.910575,0,REST,0,REST,1.000000,0,REST,0.666667,0,REST,0.000000,0,REST,0.000000,0.91057527,0.00813558,0.02892229,0.01412007,0.03824678
flexion_03,3,FLEXION,2,0.400000,100,200,0,REST,0.991931,0,REST,0,REST,1.000000,0,REST,1.000000,0,REST,0.750000,0,REST,0.600000,0.99193089,0.00111454,0.00322617,0.00132432,0.00240408
flexion_03,3,FLEXION,3,0.500000,150,250,0,REST,0.997074,0,REST,0,REST,1.000000,0,REST,1.000000,0,REST,1.000000,0,REST,0.800000,0.99707360,0.00015590,0.00198228,0.00032293,0.00046528
flexion_03,3,FLEXION,4,0.600000,200,300,0,REST,0.992757,0,REST,0,REST,1.000000,0,REST,1.000000,0,REST,1.000000,0,REST,1.000000,0.99275721,0.00030518,0.00628752,0.00026883,0.00038125
flexion_03,3,FLEXION,5,0.700000,250,350,0,REST,0.824900,0,REST,0,REST,1.000000,0,REST,1.000000,0,REST,1.000000,0,REST,1.000000,0.82490003,0.00330088,0.17011675,0.00056099,0.00112136
flexion_03,3,FLEXION,6,0.800000,300,400,0,REST,0.523358,0,REST,0,REST,1.000000,0,REST,1.000000,0,REST,1.000000,0,REST,1.000000,0.46443943,0.01046403,0.52335794,0.00076934,0.00096927
flexion_03,3,FLEXION,7,0.900000,350,450,0,REST,0.957177,0,REST,0,REST,1.000000,0,REST,1.000000,0,REST,1.000000,0,REST,1.000000,0.95717683,0.02337434,0.01724164,0.00157097,0.00063622
flexion_03,3,FLEXION,8,1.000000,400,500,0,REST,0.921408,0,REST,0,REST,1.000000,0,REST,1.000000,0,REST,1.000000,0,REST,1.000000,0.92140827,0.07367234,0.00020196,0.00219179,0.00252565
flexion_03,3,FLEXION,9,1.100000,450,550,0,REST,0.985947,0,REST,0,REST,1.000000,0,REST,1.000000,0,REST,1.000000,0,REST,1.000000,0.98594683,0.01039218,0.00021079,0.00141649,0.00203371
flexion_03,3,FLEXION,10,1.200000,500,600,0,REST,0.988630,0,REST,0,REST,1.000000,0,REST,1.000000,0,REST,1.000000,0,REST,1.000000,0.98862968,0.00234781,0.00280775,0.00393559,0.00227917
flexion_03,3,FLEXION,11,1.300000,550,650,0,REST,0.952129,0,REST,0,REST,1.000000,0,REST,1.000000,0,REST,1.000000,0,REST,1.000000,0.95212899,0.02033107,0.00778065,0.01804458,0.00171471
flexion_03,3,FLEXION,12,1.400000,600,700,0,REST,0.954294,0,REST,0,REST,1.000000,0,REST,1.000000,0,REST,1.000000,0,REST,1.000000,0.95429382,0.02223885,0.00464074,0.01715246,0.00167413
flexion_03,3,FLEXION,13,1.500000,650,750,0,REST,0.967204,0,REST,0,REST,1.000000,0,REST,1.000000,0,REST,1.000000,0,REST,1.000000,0.96720406,0.02524654,0.00218736,0.00431213,0.00104990
flexion_03,3,FLEXION,14,1.600000,700,800,0,REST,0.951856,0,REST,0,REST,1.000000,0,REST,1.000000,0,REST,1.000000,0,REST,1.000000,0.95185577,0.02825537,0.00415591,0.01448712,0.00124583
flexion_03,3,FLEXION,15,1.700000,750,850,0,REST,0.947636,0,REST,0,REST,1.000000,0,REST,1.000000,0,REST,1.000000,0,REST,1.000000,0.94763576,0.03424896,0.00096346,0.01617813,0.00097369
flexion_03,3,FLEXION,16,1.800000,800,900,0,REST,0.849811,0,REST,0,REST,1.000000,0,REST,1.000000,0,REST,1.000000,0,REST,1.000000,0.84981055,0.13401653,0.00380929,0.01063376,0.00172987
flexion_03,3,FLEXION,17,1.900000,850,950,0,REST,0.978042,0,REST,0,REST,1.000000,0,REST,1.000000,0,REST,1.000000,0,REST,1.000000,0.97804225,0.00538320,0.00778181,0.00734820,0.00144455
flexion_03,3,FLEXION,18,2.000000,900,1000,0,REST,0.983165,0,REST,0,REST,1.000000,0,REST,1.000000,0,REST,1.000000,0,REST,1.000000,0.98316495,0.00226530,0.00906598,0.00415869,0.00134508
flexion_03,3,FLEXION,19,2.100000,950,1050,0,REST,0.969305,0,REST,0,REST,1.000000,0,REST,1.000000,0,REST,1.000000,0,REST,1.000000,0.96930497,0.01917785,0.00740582,0.00271687,0.00139450
flexion_03,3,FLEXION,20,2.200000,1000,1100,0,REST,0.991741,0,REST,0,REST,1.000000,0,REST,1.000000,0,REST,1.000000,0,REST,1.000000,0.99174116,0.00410951,0.00227545,0.00098267,0.00089121
flexion_03,3,FLEXION,21,2.300000,1050,1150,0,REST,0.981889,0,REST,0,REST,1.000000,0,REST,1.000000,0,REST,1.000000,0,REST,1.000000,0.98188942,0.00427295,0.00256410,0.00941865,0.00185487
flexion_03,3,FLEXION,22,2.400000,1100,1200,0,REST,0.815687,0,REST,0,REST,1.000000,0,REST,1.000000,0,REST,1.000000,0,REST,1.000000,0.81568723,0.15567722,0.00938137,0.01601857,0.00323560
flexion_03,3,FLEXION,23,2.500000,1150,1250,0,REST,0.784878,0,REST,0,REST,1.000000,0,REST,1.000000,0,REST,1.000000,0,REST,1.000000,0.78487838,0.19369206,0.01175698,0.00681178,0.00286081
flexion_03,3,FLEXION,24,2.600000,1200,1300,0,REST,0.903203,0,REST,0,REST,1.000000,0,REST,1.000000,0,REST,1.000000,0,REST,1.000000,0.90320298,0.08418154,0.00425775,0.00649379,0.00186394
flexion_03,3,FLEXION,25,2.700000,1250,1350,0,REST,0.956291,0,REST,0,REST,1.000000,0,REST,1.000000,0,REST,1.000000,0,REST,1.000000,0.95629084,0.02644650,0.01174236,0.00341469,0.00210562
flexion_03,3,FLEXION,26,2.800000,1300,1400,0,REST,0.977307,0,REST,0,REST,1.000000,0,REST,1.000000,0,REST,1.000000,0,REST,1.000000,0.97730687,0.00709100,0.00822052,0.00512231,0.00225930
flexion_03,3,FLEXION,27,2.900000,1350,1450,0,REST,0.787585,0,REST,0,REST,1.000000,0,REST,1.000000,0,REST,1.000000,0,REST,1.000000,0.78758548,0.12347056,0.02740088,0.04937230,0.01217078
flexion_03,3,FLEXION,28,3.000000,1400,1500,0,REST,0.734785,0,REST,0,REST,1.000000,0,REST,1.000000,0,REST,1.000000,0,REST,1.000000,0.73478453,0.19365848,0.04967601,0.01107616,0.01080481
flexion_03,3,FLEXION,29,3.100000,1450,1550,1,POWER,0.991717,0,REST,0,REST,0.000000,0,REST,0.666667,0,REST,0.750000,0,REST,0.800000,0.00082855,0.99171666,0.00091063,0.00465012,0.00189403
flexion_03,3,FLEXION,30,3.200000,1500,1600,3,FLEXION,0.999293,0,REST,0,REST,0.000000,0,REST,0.000000,0,REST,0.000000,0,REST,0.600000,0.00000090,0.00000263,0.00000144,0.99929308,0.00070196
flexion_03,3,FLEXION,31,3.300000,1550,1650,3,FLEXION,0.999235,0,REST,3,FLEXION,1.000000,3,FLEXION,0.666667,0,REST,0.000000,0,REST,0.000000,0.00000081,0.00000250,0.00000097,0.99923532,0.00076040
flexion_03,3,FLEXION,32,3.400000,1600,1700,3,FLEXION,0.999030,3,FLEXION,3,FLEXION,1.000000,3,FLEXION,1.000000,3,FLEXION,0.750000,3,FLEXION,0.600000,0.00000134,0.00000416,0.00000148,0.99902968,0.00096334
flexion_03,3,FLEXION,33,3.500000,1650,1750,3,FLEXION,0.998041,3,FLEXION,3,FLEXION,1.000000,3,FLEXION,1.000000,3,FLEXION,1.000000,3,FLEXION,0.800000,0.00000534,0.00001664,0.00000594,0.99804101,0.00193107
flexion_03,3,FLEXION,34,3.600000,1700,1800,3,FLEXION,0.998826,3,FLEXION,3,FLEXION,1.000000,3,FLEXION,1.000000,3,FLEXION,1.000000,3,FLEXION,1.000000,0.00000186,0.00000583,0.00000207,0.99882574,0.00116450
flexion_03,3,FLEXION,35,3.700000,1750,1850,3,FLEXION,0.991633,3,FLEXION,3,FLEXION,1.000000,3,FLEXION,1.000000,3,FLEXION,1.000000,3,FLEXION,1.000000,0.00007605,0.00024255,0.00008211,0.99163303,0.00796625
flexion_03,3,FLEXION,36,3.800000,1800,1900,0,REST,0.499935,3,FLEXION,0,REST,0.000000,3,FLEXION,0.666667,3,FLEXION,0.750000,3,FLEXION,0.800000,0.02999856,0.14916040,0.03964467,0.49993518,0.28126119
flexion_03,3,FLEXION,37,3.900000,1850,1950,3,FLEXION,0.996519,3,FLEXION,0,REST,0.000000,3,FLEXION,0.666667,3,FLEXION,0.750000,3,FLEXION,0.800000,0.00001591,0.00004989,0.00001763,0.99651948,0.00339709
flexion_03,3,FLEXION,38,4.000000,1900,2000,3,FLEXION,0.999962,3,FLEXION,3,FLEXION,1.000000,3,FLEXION,0.666667,3,FLEXION,0.750000,3,FLEXION,0.800000,0.00000001,0.00000002,0.00000001,0.99996198,0.00003799
flexion_03,3,FLEXION,39,4.100000,1950,2050,3,FLEXION,0.999635,3,FLEXION,3,FLEXION,1.000000,3,FLEXION,1.000000,3,FLEXION,0.750000,3,FLEXION,0.800000,0.00000025,0.00000074,0.00000036,0.99963455,0.00036410
flexion_03,3,FLEXION,40,4.200000,2000,2100,3,FLEXION,0.999838,3,FLEXION,3,FLEXION,1.000000,3,FLEXION,1.000000,3,FLEXION,1.000000,3,FLEXION,0.800000,0.00000006,0.00000018,0.00000008,0.99983789,0.00016180
flexion_03,3,FLEXION,41,4.300000,2050,2150,3,FLEXION,0.999947,3,FLEXION,3,FLEXION,1.000000,3,FLEXION,1.000000,3,FLEXION,1.000000,3,FLEXION,1.000000,0.00000001,0.00000002,0.00000001,0.99994729,0.00005268
flexion_03,3,FLEXION,42,4.400000,2100,2200,3,FLEXION,0.999027,3,FLEXION,3,FLEXION,1.000000,3,FLEXION,1.000000,3,FLEXION,1.000000,3,FLEXION,1.000000,0.00000133,0.00000415,0.00000148,0.99902719,0.00096584
flexion_04,3,FLEXION,0,0.200000,0,100,0,REST,0.479434,0,REST,0,REST,0.000000,0,REST,0.000000,0,REST,0.000000,0,REST,0.000000,0.47943430,0.11168531,0.17642015,0.15130721,0.08115302
flexion_04,3,FLEXION,1,0.300000,50,150,0,REST,0.901888,0,REST,0,REST,1.000000,0,REST,0.666667,0,REST,0.000000,0,REST,0.000000,0.90188824,0.00888095,0.03151507,0.01566360,0.04205215
flexion_04,3,FLEXION,2,0.400000,100,200,0,REST,0.991972,0,REST,0,REST,1.000000,0,REST,1.000000,0,REST,0.750000,0,REST,0.600000,0.99197244,0.00115632,0.00315657,0.00137149,0.00234318
flexion_04,3,FLEXION,3,0.500000,150,250,0,REST,0.996765,0,REST,0,REST,1.000000,0,REST,1.000000,0,REST,1.000000,0,REST,0.800000,0.99676470,0.00017632,0.00222523,0.00030747,0.00052628
flexion_04,3,FLEXION,4,0.600000,200,300,0,REST,0.995308,0,REST,0,REST,1.000000,0,REST,1.000000,0,REST,1.000000,0,REST,1.000000,0.99530759,0.00038177,0.00375319,0.00031682,0.00024063
flexion_04,3,FLEXION,5,0.700000,250,350,0,REST,0.958376,0,REST,0,REST,1.000000,0,REST,1.000000,0,REST,1.000000,0,REST,1.000000,0.95837611,0.00287412,0.03762779,0.00060716,0.00051482
flexion_04,3,FLEXION,6,0.800000,300,400,0,REST,0.964241,0,REST,0,REST,1.000000,0,REST,1.000000,0,REST,1.000000,0,REST,1.000000,0.96424104,0.02336514,0.00983354,0.00202092,0.00053937
flexion_04,3,FLEXION,7,0.900000,350,450,0,REST,0.923858,0,REST,0,REST,1.000000,0,REST,1.000000,0,REST,1.000000,0,REST,1.000000,0.92385808,0.02516473,0.04632917,0.00291088,0.00173715
flexion_04,3,FLEXION,8,1.000000,400,500,0,REST,0.985454,0,REST,0,REST,1.000000,0,REST,1.000000,0,REST,1.000000,0,REST,1.000000,0.98545448,0.00799671,0.00315640,0.00147863,0.00191378
flexion_04,3,FLEXION,9,1.100000,450,550,0,REST,0.957307,0,REST,0,REST,1.000000,0,REST,1.000000,0,REST,1.000000,0,REST,1.000000,0.95730746,0.03676608,0.00033383,0.00437653,0.00121610
flexion_04,3,FLEXION,10,1.200000,500,600,0,REST,0.952748,0,REST,0,REST,1.000000,0,REST,1.000000,0,REST,1.000000,0,REST,1.000000,0.95274767,0.03783031,0.00065679,0.00736468,0.00140055
flexion_04,3,FLEXION,11,1.300000,550,650,0,REST,0.892918,0,REST,0,REST,1.000000,0,REST,1.000000,0,REST,1.000000,0,REST,1.000000,0.89291849,0.07628937,0.00213766,0.02546754,0.00318695
flexion_04,3,FLEXION,12,1.400000,600,700,0,REST,0.905041,0,REST,0,REST,1.000000,0,REST,1.000000,0,REST,1.000000,0,REST,1.000000,0.90504064,0.02358246,0.00508865,0.06158219,0.00470605
flexion_04,3,FLEXION,13,1.500000,650,750,0,REST,0.917976,0,REST,0,REST,1.000000,0,REST,1.000000,0,REST,1.000000,0,REST,1.000000,0.91797606,0.02388590,0.00402095,0.05044672,0.00367037
flexion_04,3,FLEXION,14,1.600000,700,800,0,REST,0.962416,0,REST,0,REST,1.000000,0,REST,1.000000,0,REST,1.000000,0,REST,1.000000,0.96241578,0.01943297,0.01006855,0.00608333,0.00199938
flexion_04,3,FLEXION,15,1.700000,750,850,0,REST,0.968947,0,REST,0,REST,1.000000,0,REST,1.000000,0,REST,1.000000,0,REST,1.000000,0.96894670,0.01654105,0.00684549,0.00638320,0.00128356
flexion_04,3,FLEXION,16,1.800000,800,900,0,REST,0.927412,0,REST,0,REST,1.000000,0,REST,1.000000,0,REST,1.000000,0,REST,1.000000,0.92741232,0.04356990,0.00450777,0.02141208,0.00309792
flexion_04,3,FLEXION,17,1.900000,850,950,0,REST,0.909087,0,REST,0,REST,1.000000,0,REST,1.000000,0,REST,1.000000,0,REST,1.000000,0.90908675,0.05163581,0.00752923,0.02588479,0.00586341
flexion_04,3,FLEXION,18,2.000000,900,1000,0,REST,0.933206,0,REST,0,REST,1.000000,0,REST,1.000000,0,REST,1.000000,0,REST,1.000000,0.93320611,0.02845436,0.00655447,0.02839975,0.00338530
flexion_04,3,FLEXION,19,2.100000,950,1050,0,REST,0.957575,0,REST,0,REST,1.000000,0,REST,1.000000,0,REST,1.000000,0,REST,1.000000,0.95757481,0.01514587,0.00986086,0.01494503,0.00247342
flexion_04,3,FLEXION,20,2.200000,1000,1100,0,REST,0.984895,0,REST,0,REST,1.000000,0,REST,1.000000,0,REST,1.000000,0,REST,1.000000,0.98489506,0.00945346,0.00153678,0.00267665,0.00143806
flexion_04,3,FLEXION,21,2.300000,1050,1150,0,REST,0.977017,0,REST,0,REST,1.000000,0,REST,1.000000,0,REST,1.000000,0,REST,1.000000,0.97701665,0.01557154,0.00173177,0.00452292,0.00115712
flexion_04,3,FLEXION,22,2.400000,1100,1200,0,REST,0.927450,0,REST,0,REST,1.000000,0,REST,1.000000,0,REST,1.000000,0,REST,1.000000,0.92745012,0.05691930,0.00231234,0.01197029,0.00134794
flexion_04,3,FLEXION,23,2.500000,1150,1250,0,REST,0.946646,0,REST,0,REST,1.000000,0,REST,1.000000,0,REST,1.000000,0,REST,1.000000,0.94664626,0.03681523,0.00426554,0.01070945,0.00156352
flexion_04,3,FLEXION,24,2.600000,1200,1300,0,REST,0.985698,0,REST,0,REST,1.000000,0,REST,1.000000,0,REST,1.000000,0,REST,1.000000,0.98569847,0.00661666,0.00255490,0.00328931,0.00184065
flexion_04,3,FLEXION,25,2.700000,1250,1350,0,REST,0.957768,0,REST,0,REST,1.000000,0,REST,1.000000,0,REST,1.000000,0,REST,1.000000,0.95776755,0.02523823,0.00886288,0.00504216,0.00308919
flexion_04,3,FLEXION,26,2.800000,1300,1400,0,REST,0.947578,0,REST,0,REST,1.000000,0,REST,1.000000,0,REST,1.000000,0,REST,1.000000,0.94757819,0.03840826,0.00413370,0.00778073,0.00209912
flexion_04,3,FLEXION,27,2.900000,1350,1450,0,REST,0.969335,0,REST,0,REST,1.000000,0,REST,1.000000,0,REST,1.000000,0,REST,1.000000,0.96933534,0.02297809,0.00125068,0.00550440,0.00093150
flexion_04,3,FLEXION,28,3.000000,1400,1500,0,REST,0.967370,0,REST,0,REST,1.000000,0,REST,1.000000,0,REST,1.000000,0,REST,1.000000,0.96736959,0.02106191,0.00127271,0.00919436,0.00110144
flexion_04,3,FLEXION,29,3.100000,1450,1550,0,REST,0.991770,0,REST,0,REST,1.000000,0,REST,1.000000,0,REST,1.000000,0,REST,1.000000,0.99177022,0.00290159,0.00220766,0.00183069,0.00128985
flexion_04,3,FLEXION,30,3.200000,1500,1600,0,REST,0.717826,0,REST,0,REST,1.000000,0,REST,1.000000,0,REST,1.000000,0,REST,1.000000,0.71782589,0.23527174,0.02341815,0.01511441,0.00836982
flexion_04,3,FLEXION,31,3.300000,1550,1650,0,REST,0.405533,0,REST,0,REST,1.000000,0,REST,1.000000,0,REST,1.000000,0,REST,1.000000,0.01466116,0.21970229,0.02200375,0.40553298,0.33809982
flexion_04,3,FLEXION,32,3.400000,1600,1700,3,FLEXION,0.792803,0,REST,0,REST,0.000000,0,REST,0.666667,0,REST,0.750000,0,REST,0.800000,0.00857281,0.05086515,0.01337092,0.79280294,0.13438818
flexion_04,3,FLEXION,33,3.500000,1650,1750,3,FLEXION,0.952095,0,REST,3,FLEXION,1.000000,3,FLEXION,0.666667,0,REST,0.000000,0,REST,0.600000,0.00056881,0.00599056,0.00142317,0.95209538,0.03992208
flexion_04,3,FLEXION,34,3.600000,1700,1800,3,FLEXION,0.999848,3,FLEXION,3,FLEXION,1.000000,3,FLEXION,1.000000,3,FLEXION,0.750000,3,FLEXION,0.600000,0.00000004,0.00000013,0.00000006,0.99984801,0.00015176
flexion_04,3,FLEXION,35,3.700000,1750,1850,3,FLEXION,0.999929,3,FLEXION,3,FLEXION,1.000000,3,FLEXION,1.000000,3,FLEXION,1.000000,3,FLEXION,0.800000,0.00000001,0.00000002,0.00000001,0.99992917,0.00007079
flexion_04,3,FLEXION,36,3.800000,1800,1900,3,FLEXION,0.987234,3,FLEXION,3,FLEXION,1.000000,3,FLEXION,1.000000,3,FLEXION,1.000000,3,FLEXION,1.000000,0.00019008,0.00059057,0.00021110,0.98723403,0.01177423
flexion_04,3,FLEXION,37,3.900000,1850,1950,3,FLEXION,0.935489,3,FLEXION,3,FLEXION,1.000000,3,FLEXION,1.000000,3,FLEXION,1.000000,3,FLEXION,1.000000,0.00068453,0.01058810,0.00104713,0.93548900,0.05219125
flexion_04,3,FLEXION,38,4.000000,1900,2000,3,FLEXION,0.999956,3,FLEXION,3,FLEXION,1.000000,3,FLEXION,1.000000,3,FLEXION,1.000000,3,FLEXION,1.000000,0.00000000,0.00000001,0.00000000,0.99995564,0.00004435
flexion_04,3,FLEXION,39,4.100000,1950,2050,3,FLEXION,0.999825,3,FLEXION,3,FLEXION,1.000000,3,FLEXION,1.000000,3,FLEXION,1.000000,3,FLEXION,1.000000,0.00000004,0.00000014,0.00000005,0.99982497,0.00017480
flexion_04,3,FLEXION,40,4.200000,2000,2100,3,FLEXION,0.993963,3,FLEXION,3,FLEXION,1.000000,3,FLEXION,1.000000,3,FLEXION,1.000000,3,FLEXION,1.000000,0.00004279,0.00013419,0.00004961,0.99396288,0.00581052
flexion_04,3,FLEXION,41,4.300000,2050,2150,3,FLEXION,0.986782,3,FLEXION,3,FLEXION,1.000000,3,FLEXION,1.000000,3,FLEXION,1.000000,3,FLEXION,1.000000,0.00005528,0.00245452,0.00108370,0.98678210,0.00962439
flexion_04,3,FLEXION,42,4.400000,2100,2200,3,FLEXION,0.795240,3,FLEXION,3,FLEXION,1.000000,3,FLEXION,1.000000,3,FLEXION,1.000000,3,FLEXION,1.000000,0.00759907,0.04095464,0.02263881,0.79523991,0.13356756
flexion_04,3,FLEXION,43,4.500000,2150,2250,3,FLEXION,0.800727,3,FLEXION,3,FLEXION,1.000000,3,FLEXION,1.000000,3,FLEXION,1.000000,3,FLEXION,1.000000,0.00729983,0.04136445,0.01047798,0.80072688,0.14013085
flexion_05,3,FLEXION,0,0.200000,0,100,0,REST,0.480098,0,REST,0,REST,0.000000,0,REST,0.000000,0,REST,0.000000,0,REST,0.000000,0.48009844,0.11163524,0.17637863,0.15095025,0.08093744
flexion_05,3,FLEXION,1,0.300000,50,150,0,REST,0.904386,0,REST,0,REST,1.000000,0,REST,0.666667,0,REST,0.000000,0,REST,0.000000,0.90438582,0.00823660,0.03095231,0.01454894,0.04187633
flexion_05,3,FLEXION,2,0.400000,100,200,0,REST,0.992079,0,REST,0,REST,1.000000,0,REST,1.000000,0,REST,0.750000,0,REST,0.600000,0.99207949,0.00109473,0.00315904,0.00131485,0.00235189
flexion_05,3,FLEXION,3,0.500000,150,250,0,REST,0.996193,0,REST,0,REST,1.000000,0,REST,1.000000,0,REST,1.000000,0,REST,0.800000,0.99619280,0.00010833,0.00277122,0.00028285,0.00064480
flexion_05,3,FLEXION,4,0.600000,200,300,0,REST,0.992298,0,REST,0,REST,1.000000,0,REST,1.000000,0,REST,1.000000,0,REST,1.000000,0.99229836,0.00015360,0.00683450,0.00020867,0.00050486
flexion_05,3,FLEXION,5,0.700000,250,350,0,REST,0.975909,0,REST,0,REST,1.000000,0,REST,1.000000,0,REST,1.000000,0,REST,1.000000,0.97590859,0.00126107,0.02193471,0.00054812,0.00034751
flexion_05,3,FLEXION,6,0.800000,300,400,0,REST,0.991079,0,REST,0,REST,1.000000,0,REST,1.000000,0,REST,1.000000,0,REST,1.000000,0.99107941,0.00632903,0.00134072,0.00102405,0.00022680
flexion_05,3,FLEXION,7,0.900000,350,450,0,REST,0.951836,0,REST,0,REST,1.000000,0,REST,1.000000,0,REST,1.000000,0,REST,1.000000,0.95183551,0.04263576,0.00036366,0.00447430,0.00069077
flexion_05,3,FLEXION,8,1.000000,400,500,0,REST,0.971829,0,REST,0,REST,1.000000,0,REST,1.000000,0,REST,1.000000,0,REST,1.000000,0.97182919,0.01712833,0.00082991,0.00319944,0.00701313
flexion_05,3,FLEXION,9,1.100000,450,550,0,REST,0.922417,0,REST,0,REST,1.000000,0,REST,1.000000,0,REST,1.000000,0,REST,1.000000,0.92241730,0.05028761,0.00120205,0.01946015,0.00663289
flexion_05,3,FLEXION,10,1.200000,500,600,0,REST,0.902408,0,REST,0,REST,1.000000,0,REST,1.000000,0,REST,1.000000,0,REST,1.000000,0.90240793,0.02457489,0.00298315,0.06599467,0.00403937
flexion_05,3,FLEXION,11,1.300000,550,650,0,REST,0.978421,0,REST,0,REST,1.000000,0,REST,1.000000,0,REST,1.000000,0,REST,1.000000,0.97842067,0.00428927,0.00902828,0.00548431,0.00277747
flexion_05,3,FLEXION,12,1.400000,600,700,0,REST,0.967893,0,REST,0,REST,1.000000,0,REST,1.000000,0,REST,1.000000,0,REST,1.000000,0.96789289,0.01601346,0.00360242,0.01022150,0.00226973
flexion_05,3,FLEXION,13,1.500000,650,750,0,REST,0.955226,0,REST,0,REST,1.000000,0,REST,1.000000,0,REST,1.000000,0,REST,1.000000,0.95522579,0.02772022,0.00164727,0.01316401,0.00224270
flexion_05,3,FLEXION,14,1.600000,700,800,0,REST,0.966683,0,REST,0,REST,1.000000,0,REST,1.000000,0,REST,1.000000,0,REST,1.000000,0.96668329,0.00663765,0.00333397,0.02047353,0.00287156
flexion_05,3,FLEXION,15,1.700000,750,850,0,REST,0.978367,0,REST,0,REST,1.000000,0,REST,1.000000,0,REST,1.000000,0,REST,1.000000,0.97836709,0.00484223,0.00346353,0.01262761,0.00069953
flexion_05,3,FLEXION,16,1.800000,800,900,0,REST,0.989082,0,REST,0,REST,1.000000,0,REST,1.000000,0,REST,1.000000,0,REST,1.000000,0.98908235,0.00438554,0.00159274,0.00449757,0.00044179
flexion_05,3,FLEXION,17,1.900000,850,950,0,REST,0.988624,0,REST,0,REST,1.000000,0,REST,1.000000,0,REST,1.000000,0,REST,1.000000,0.98862381,0.00350838,0.00175869,0.00549844,0.00061069
flexion_05,3,FLEXION,18,2.000000,900,1000,0,REST,0.970535,0,REST,0,REST,1.000000,0,REST,1.000000,0,REST,1.000000,0,REST,1.000000,0.97053493,0.00941267,0.00187239,0.01720127,0.00097875
flexion_05,3,FLEXION,19,2.100000,950,1050,0,REST,0.978414,0,REST,0,REST,1.000000,0,REST,1.000000,0,REST,1.000000,0,REST,1.000000,0.97841369,0.00551317,0.00194834,0.01344931,0.00067549
flexion_05,3,FLEXION,20,2.200000,1000,1100,0,REST,0.986294,0,REST,0,REST,1.000000,0,REST,1.000000,0,REST,1.000000,0,REST,1.000000,0.98629366,0.00281816,0.00659268,0.00322033,0.00107516
flexion_05,3,FLEXION,21,2.300000,1050,1150,0,REST,0.970836,0,REST,0,REST,1.000000,0,REST,1.000000,0,REST,1.000000,0,REST,1.000000,0.97083593,0.00650738,0.01226864,0.00780859,0.00257947
flexion_05,3,FLEXION,22,2.400000,1100,1200,0,REST,0.986178,0,REST,0,REST,1.000000,0,REST,1.000000,0,REST,1.000000,0,REST,1.000000,0.98617757,0.00376898,0.00575271,0.00092983,0.00337092
flexion_05,3,FLEXION,23,2.500000,1150,1250,0,REST,0.975212,0,REST,0,REST,1.000000,0,REST,1.000000,0,REST,1.000000,0,REST,1.000000,0.97521247,0.01281219,0.00456804,0.00223766,0.00516964
flexion_05,3,FLEXION,24,2.600000,1200,1300,0,REST,0.949325,0,REST,0,REST,1.000000,0,REST,1.000000,0,REST,1.000000,0,REST,1.000000,0.94932535,0.01753437,0.00737964,0.02309611,0.00266453
flexion_05,3,FLEXION,25,2.700000,1250,1350,0,REST,0.926810,0,REST,0,REST,1.000000,0,REST,1.000000,0,REST,1.000000,0,REST,1.000000,0.92681015,0.04383518,0.00724883,0.02001587,0.00208998
flexion_05,3,FLEXION,26,2.800000,1300,1400,0,REST,0.910701,0,REST,0,REST,1.000000,0,REST,1.000000,0,REST,1.000000,0,REST,1.000000,0.91070138,0.05051188,0.00351280,0.03193904,0.00333489
flexion_05,3,FLEXION,27,2.900000,1350,1450,0,REST,0.976265,0,REST,0,REST,1.000000,0,REST,1.000000,0,REST,1.000000,0,REST,1.000000,0.97626520,0.00774877,0.00121897,0.01385511,0.00091195
flexion_05,3,FLEXION,28,3.000000,1400,1500,0,REST,0.988990,0,REST,0,REST,1.000000,0,REST,1.000000,0,REST,1.000000,0,REST,1.000000,0.98898981,0.00152713,0.00157136,0.00671916,0.00119255
flexion_05,3,FLEXION,29,3.100000,1450,1550,0,REST,0.962927,0,REST,0,REST,1.000000,0,REST,1.000000,0,REST,1.000000,0,REST,1.000000,0.96292664,0.01712189,0.00944322,0.00690017,0.00360809
flexion_05,3,FLEXION,30,3.200000,1500,1600,0,REST,0.458219,0,REST,0,REST,1.000000,0,REST,1.000000,0,REST,1.000000,0,REST,1.000000,0.01066599,0.15296056,0.05763262,0.45821862,0.32052221
flexion_05,3,FLEXION,31,3.300000,1550,1650,3,FLEXION,0.937969,0,REST,0,REST,0.000000,0,REST,0.666667,0,REST,0.750000,0,REST,0.800000,0.00101365,0.01073885,0.00233653,0.93796911,0.04794187
flexion_05,3,FLEXION,32,3.400000,1600,1700,3,FLEXION,0.876976,0,REST,3,FLEXION,1.000000,3,FLEXION,0.666667,0,REST,0.000000,0,REST,0.600000,0.00243648,0.02293750,0.00333126,0.87697564,0.09431911
flexion_05,3,FLEXION,33,3.500000,1650,1750,3,FLEXION,0.996176,3,FLEXION,3,FLEXION,1.000000,3,FLEXION,1.000000,3,FLEXION,0.750000,3,FLEXION,0.600000,0.00001956,0.00006102,0.00002165,0.99617575,0.00372201
flexion_05,3,FLEXION,34,3.600000,1700,1800,3,FLEXION,0.999687,3,FLEXION,3,FLEXION,1.000000,3,FLEXION,1.000000,3,FLEXION,1.000000,3,FLEXION,0.800000,0.00000014,0.00000044,0.00000016,0.99968695,0.00031231
flexion_05,3,FLEXION,35,3.700000,1750,1850,3,FLEXION,0.999945,3,FLEXION,3,FLEXION,1.000000,3,FLEXION,1.000000,3,FLEXION,1.000000,3,FLEXION,1.000000,0.00000000,0.00000001,0.00000000,0.99994521,0.00005477
flexion_05,3,FLEXION,36,3.800000,1800,1900,3,FLEXION,0.999501,3,FLEXION,3,FLEXION,1.000000,3,FLEXION,1.000000,3,FLEXION,1.000000,3,FLEXION,1.000000,0.00000036,0.00000112,0.00000041,0.99950057,0.00049755
flexion_05,3,FLEXION,37,3.900000,1850,1950,3,FLEXION,0.973231,3,FLEXION,3,FLEXION,1.000000,3,FLEXION,1.000000,3,FLEXION,1.000000,3,FLEXION,1.000000,0.00028570,0.00142769,0.00107959,0.97323056,0.02397647
flexion_05,3,FLEXION,38,4.000000,1900,2000,3,FLEXION,0.995905,3,FLEXION,3,FLEXION,1.000000,3,FLEXION,1.000000,3,FLEXION,1.000000,3,FLEXION,1.000000,0.00002307,0.00006999,0.00002829,0.99590481,0.00397384
flexion_05,3,FLEXION,39,4.100000,1950,2050,3,FLEXION,0.999951,3,FLEXION,3,FLEXION,1.000000,3,FLEXION,1.000000,3,FLEXION,1.000000,3,FLEXION,1.000000,0.00000000,0.00000001,0.00000001,0.99995083,0.00004914
flexion_05,3,FLEXION,40,4.200000,2000,2100,3,FLEXION,0.999980,3,FLEXION,3,FLEXION,1.000000,3,FLEXION,1.000000,3,FLEXION,1.000000,3,FLEXION,1.000000,0.00000000,0.00000000,0.00000000,0.99998011,0.00001989
flexion_05,3,FLEXION,41,4.300000,2050,2150,3,FLEXION,0.999980,3,FLEXION,3,FLEXION,1.000000,3,FLEXION,1.000000,3,FLEXION,1.000000,3,FLEXION,1.000000,0.00000000,0.00000000,0.00000000,0.99998006,0.00001994
flexion_05,3,FLEXION,42,4.400000,2100,2200,3,FLEXION,1.000000,3,FLEXION,3,FLEXION,1.000000,3,FLEXION,1.000000,3,FLEXION,1.000000,3,FLEXION,1.000000,0.00000000,0.00000000,0.00000000,0.99999958,0.00000042
open_01,2,OPEN,0,0.200000,0,100,0,REST,0.434304,0,REST,0,REST,0.000000,0,REST,0.000000,0,REST,0.000000,0,REST,0.000000,0.43430409,0.11460661,0.17876514,0.17803975,0.09428442
open_01,2,OPEN,1,0.300000,50,150,0,REST,0.877067,0,REST,0,REST,1.000000,0,REST,0.666667,0,REST,0.000000,0,REST,0.000000,0.87706707,0.02269426,0.03828541,0.02365002,0.03830324
open_01,2,OPEN,2,0.400000,100,200,0,REST,0.989070,0,REST,0,REST,1.000000,0,REST,1.000000,0,REST,0.750000,0,REST,0.600000,0.98906987,0.00294960,0.00395246,0.00196059,0.00206748
open_01,2,OPEN,3,0.500000,150,250,0,REST,0.993691,0,REST,0,REST,1.000000,0,REST,1.000000,0,REST,1.000000,0,REST,0.800000,0.99369145,0.00138195,0.00376113,0.00075621,0.00040927
open_01,2,OPEN,4,0.600000,200,300,0,REST,0.972247,0,REST,0,REST,1.000000,0,REST,1.000000,0,REST,1.000000,0,REST,1.000000,0.97224719,0.01036343,0.01569267,0.00126172,0.00043499
open_01,2,OPEN,5,0.700000,250,350,0,REST,0.983491,0,REST,0,REST,1.000000,0,REST,1.000000,0,REST,1.000000,0,REST,1.000000,0.98349099,0.00901556,0.00573532,0.00129934,0.00045880
open_01,2,OPEN,6,0.800000,300,400,0,REST,0.989850,0,REST,0,REST,1.000000,0,REST,1.000000,0,REST,1.000000,0,REST,1.000000,0.98985032,0.00549721,0.00265052,0.00157543,0.00042652
open_01,2,OPEN,7,0.900000,350,450,0,REST,0.965530,0,REST,0,REST,1.000000,0,REST,1.000000,0,REST,1.000000,0,REST,1.000000,0.96552972,0.00516557,0.02515665,0.00296502,0.00118305
open_01,2,OPEN,8,1.000000,400,500,0,REST,0.514125,0,REST,0,REST,1.000000,0,REST,1.000000,0,REST,1.000000,0,REST,1.000000,0.51412537,0.04010564,0.41765471,0.00533473,0.02277955
open_01,2,OPEN,9,1.100000,450,550,0,REST,0.955235,0,REST,0,REST,1.000000,0,REST,1.000000,0,REST,1.000000,0,REST,1.000000,0.95523458,0.00609546,0.02663618,0.00137916,0.01065461
open_01,2,OPEN,10,1.200000,500,600,0,REST,0.971163,0,REST,0,REST,1.000000,0,REST,1.000000,0,REST,1.000000,0,REST,1.000000,0.97116294,0.01788224,0.00518821,0.00115725,0.00460936
open_01,2,OPEN,11,1.300000,550,650,0,REST,0.747337,0,REST,0,REST,1.000000,0,REST,1.000000,0,REST,1.000000,0,REST,1.000000,0.74733717,0.23940957,0.00463150,0.00592903,0.00269273
open_01,2,OPEN,12,1.400000,600,700,0,REST,0.649545,0,REST,0,REST,1.000000,0,REST,1.000000,0,REST,1.000000,0,REST,1.000000,0.64954517,0.33437487,0.00499256,0.00912851,0.00195889
open_01,2,OPEN,13,1.500000,650,750,0,REST,0.937645,0,REST,0,REST,1.000000,0,REST,1.000000,0,REST,1.000000,0,REST,1.000000,0.93764477,0.03863840,0.00878320,0.01277628,0.00215735
open_01,2,OPEN,14,1.600000,700,800,0,REST,0.920160,0,REST,0,REST,1.000000,0,REST,1.000000,0,REST,1.000000,0,REST,1.000000,0.92016012,0.06089237,0.00450342,0.01168251,0.00276159
open_01,2,OPEN,15,1.700000,750,850,0,REST,0.920339,0,REST,0,REST,1.000000,0,REST,1.000000,0,REST,1.000000,0,REST,1.000000,0.92033864,0.05228988,0.00609463,0.01428715,0.00698970
open_01,2,OPEN,16,1.800000,800,900,0,REST,0.962033,0,REST,0,REST,1.000000,0,REST,1.000000,0,REST,1.000000,0,REST,1.000000,0.96203310,0.02485931,0.00498580,0.00534105,0.00278074
open_01,2,OPEN,17,1.900000,850,950,0,REST,0.975461,0,REST,0,REST,1.000000,0,REST,1.000000,0,REST,1.000000,0,REST,1.000000,0.97546108,0.01576862,0.00463370,0.00306405,0.00107255
open_01,2,OPEN,18,2.000000,900,1000,0,REST,0.985418,0,REST,0,REST,1.000000,0,REST,1.000000,0,REST,1.000000,0,REST,1.000000,0.98541776,0.00788300,0.00269529,0.00297100,0.00103294
open_01,2,OPEN,19,2.100000,950,1050,0,REST,0.977929,0,REST,0,REST,1.000000,0,REST,1.000000,0,REST,1.000000,0,REST,1.000000,0.97792914,0.01327919,0.00224348,0.00431421,0.00223396
open_01,2,OPEN,20,2.200000,1000,1100,0,REST,0.961782,0,REST,0,REST,1.000000,0,REST,1.000000,0,REST,1.000000,0,REST,1.000000,0.96178164,0.02745442,0.00290743,0.00634462,0.00151189
open_01,2,OPEN,21,2.300000,1050,1150,0,REST,0.697659,0,REST,0,REST,1.000000,0,REST,1.000000,0,REST,1.000000,0,REST,1.000000,0.69765947,0.27704543,0.01506398,0.00804717,0.00218395
open_01,2,OPEN,22,2.400000,1100,1200,0,REST,0.982089,0,REST,0,REST,1.000000,0,REST,1.000000,0,REST,1.000000,0,REST,1.000000,0.98208923,0.01220304,0.00216478,0.00191691,0.00162603
open_01,2,OPEN,23,2.500000,1150,1250,0,REST,0.993777,0,REST,0,REST,1.000000,0,REST,1.000000,0,REST,1.000000,0,REST,1.000000,0.99377732,0.00344820,0.00108524,0.00063188,0.00105737
open_01,2,OPEN,24,2.600000,1200,1300,0,REST,0.977862,0,REST,0,REST,1.000000,0,REST,1.000000,0,REST,1.000000,0,REST,1.000000,0.97786192,0.01241468,0.00589007,0.00196510,0.00186823
open_01,2,OPEN,25,2.700000,1250,1350,0,REST,0.979357,0,REST,0,REST,1.000000,0,REST,1.000000,0,REST,1.000000,0,REST,1.000000,0.97935740,0.00938721,0.00698094,0.00238452,0.00188994
open_01,2,OPEN,26,2.800000,1300,1400,0,REST,0.990457,0,REST,0,REST,1.000000,0,REST,1.000000,0,REST,1.000000,0,REST,1.000000,0.99045679,0.00303273,0.00267184,0.00254750,0.00129115
open_01,2,OPEN,27,2.900000,1350,1450,0,REST,0.980803,0,REST,0,REST,1.000000,0,REST,1.000000,0,REST,1.000000,0,REST,1.000000,0.98080317,0.00803151,0.00419559,0.00316279,0.00380693
open_01,2,OPEN,28,3.000000,1400,1500,0,REST,0.962369,0,REST,0,REST,1.000000,0,REST,1.000000,0,REST,1.000000,0,REST,1.000000,0.96236863,0.01068246,0.01816098,0.00485348,0.00393446
open_01,2,OPEN,29,3.100000,1450,1550,0,REST,0.980719,0,REST,0,REST,1.000000,0,REST,1.000000,0,REST,1.000000,0,REST,1.000000,0.98071917,0.00439738,0.01053537,0.00151368,0.00283439
open_01,2,OPEN,30,3.200000,1500,1600,2,OPEN,0.929557,0,REST,0,REST,0.000000,0,REST,0.666667,0,REST,0.750000,0,REST,0.800000,0.00734130,0.02942972,0.92955692,0.01176109,0.02191097
open_01,2,OPEN,31,3.300000,1550,1650,4,EXTENSION,0.982544,0,REST,0,REST,0.000000,0,REST,0.000000,0,REST,0.000000,0,REST,0.600000,0.00006791,0.00023430,0.01711140,0.00004273,0.98254366
open_01,2,OPEN,32,3.400000,1600,1700,4,EXTENSION,0.921073,0,REST,4,EXTENSION,1.000000,4,EXTENSION,0.666667,0,REST,0.000000,0,REST,0.000000,0.00002207,0.00634647,0.07249755,0.00006087,0.92107304
open_01,2,OPEN,33,3.500000,1650,1750,4,EXTENSION,0.864543,4,EXTENSION,4,EXTENSION,1.000000,4,EXTENSION,1.000000,4,EXTENSION,0.750000,4,EXTENSION,0.600000,0.00001987,0.00110972,0.13417477,0.00015248,0.86454315
open_01,2,OPEN,34,3.600000,1700,1800,4,EXTENSION,0.935595,4,EXTENSION,4,EXTENSION,1.000000,4,EXTENSION,1.000000,4,EXTENSION,1.000000,4,EXTENSION,0.800000,0.00000209,0.00004036,0.06435551,0.00000739,0.93559465
open_01,2,OPEN,35,3.700000,1750,1850,4,EXTENSION,0.768533,4,EXTENSION,4,EXTENSION,1.000000,4,EXTENSION,1.000000,4,EXTENSION,1.000000,4,EXTENSION,1.000000,0.00006551,0.00021834,0.23116716,0.00001628,0.76853272
open_01,2,OPEN,36,3.800000,1800,1900,2,OPEN,0.642717,4,EXTENSION,0,REST,0.000000,4,EXTENSION,0.666667,4,EXTENSION,0.750000,4,EXTENSION,0.800000,0.00001293,0.00132097,0.64271693,0.00004147,0.35590770
open_01,2,OPEN,37,3.900000,1850,1950,2,OPEN,0.636877,4,EXTENSION,2,OPEN,1.000000,2,OPEN,0.666667,0,REST,0.000000,4,EXTENSION,0.600000,0.00003344,0.00122301,0.63687704,0.00040525,0.36146125
open_01,2,OPEN,38,4.000000,1900,2000,2,OPEN,0.765526,2,OPEN,2,OPEN,1.000000,2,OPEN,1.000000,2,OPEN,0.750000,2,OPEN,0.600000,0.00001032,0.00123314,0.76552565,0.00131743,0.23191345
open_01,2,OPEN,39,4.100000,1950,2050,4,EXTENSION,0.699901,2,OPEN,0,REST,0.000000,2,OPEN,0.666667,2,OPEN,0.750000,2,OPEN,0.600000,0.00008637,0.00214570,0.29777966,0.00008754,0.69990073
open_01,2,OPEN,40,4.200000,2000,2100,4,EXTENSION,0.569441,2,OPEN,4,EXTENSION,1.000000,4,EXTENSION,0.666667,0,REST,0.000000,2,OPEN,0.600000,0.00007010,0.00022842,0.43014371,0.00011695,0.56944082
open_01,2,OPEN,41,4.300000,2050,2150,4,EXTENSION,0.694149,4,EXTENSION,4,EXTENSION,1.000000,4,EXTENSION,1.000000,4,EXTENSION,0.750000,4,EXTENSION,0.600000,0.00009892,0.00077085,0.30344392,0.00153761,0.69414871
open_01,2,OPEN,42,4.400000,2100,2200,2,OPEN,0.985279,4,EXTENSION,0,REST,0.000000,4,EXTENSION,0.666667,4,EXTENSION,0.750000,4,EXTENSION,0.600000,0.00007265,0.00011815,0.98527859,0.00016209,0.01436852
open_01,2,OPEN,43,4.500000,2150,2250,2,OPEN,0.994191,4,EXTENSION,2,OPEN,1.000000,2,OPEN,0.666667,0,REST,0.000000,4,EXTENSION,0.600000,0.00001231,0.00001879,0.99419085,0.00004808,0.00572998
open_02,2,OPEN,0,0.200000,0,100,0,REST,0.439049,0,REST,0,REST,0.000000,0,REST,0.000000,0,REST,0.000000,0,REST,0.000000,0.43904907,0.11416142,0.17824648,0.17532689,0.09321613
open_02,2,OPEN,1,0.300000,50,150,0,REST,0.883921,0,REST,0,REST,1.000000,0,REST,0.666667,0,REST,0.000000,0,REST,0.000000,0.88392125,0.02085833,0.03608232,0.02264932,0.03648878
open_02,2,OPEN,2,0.400000,100,200,0,REST,0.989367,0,REST,0,REST,1.000000,0,REST,1.000000,0,REST,0.750000,0,REST,0.600000,0.98936670,0.00279890,0.00387118,0.00190620,0.00205701
open_02,2,OPEN,3,0.500000,150,250,0,REST,0.994591,0,REST,0,REST,1.000000,0,REST,1.000000,0,REST,1.000000,0,REST,0.800000,0.99459095,0.00049524,0.00376074,0.00057348,0.00057958
open_02,2,OPEN,4,0.600000,200,300,0,REST,0.965678,0,REST,0,REST,1.000000,0,REST,1.000000,0,REST,1.000000,0,REST,1.000000,0.96567806,0.00456072,0.02785844,0.00135573,0.00054705
open_02,2,OPEN,5,0.700000,250,350,0,REST,0.883218,0,REST,0,REST,1.000000,0,REST,1.000000,0,REST,1.000000,0,REST,1.000000,0.88321841,0.00643246,0.10840027,0.00130834,0.00064052
open_02,2,OPEN,6,0.800000,300,400,0,REST,0.589324,0,REST,0,REST,1.000000,0,REST,1.000000,0,REST,1.000000,0,REST,1.000000,0.58932382,0.00649996,0.40159894,0.00103061,0.00154668
open_02,2,OPEN,7,0.900000,350,450,0,REST,0.864626,0,REST,0,REST,1.000000,0,REST,1.000000,0,REST,1.000000,0,REST,1.000000,0.86462605,0.04458664,0.08201984,0.00368634,0.00508113
open_02,2,OPEN,8,1.000000,400,500,0,REST,0.952239,0,REST,0,REST,1.000000,0,REST,1.000000,0,REST,1.000000,0,REST,1.000000,0.95223925,0.02728397,0.00477295,0.00810313,0.00760071
open_02,2,OPEN,9,1.100000,450,550,0,REST,0.984840,0,REST,0,REST,1.000000,0,REST,1.000000,0,REST,1.000000,0,REST,1.000000,0.98484000,0.00503062,0.00422101,0.00222388,0.00368449
open_02,2,OPEN,10,1.200000,500,600,0,REST,0.995031,0,REST,0,REST,1.000000,0,REST,1.000000,0,REST,1.000000,0,REST,1.000000,0.99503063,0.00063820,0.00071548,0.00125701,0.00235869
open_02,2,OPEN,11,1.300000,550,650,0,REST,0.972027,0,REST,0,REST,1.000000,0,REST,1.000000,0,REST,1.000000,0,REST,1.000000,0.97202671,0.01418029,0.00259892,0.01025497,0.00093912
open_02,2,OPEN,12,1.400000,600,700,0,REST,0.963926,0,REST,0,REST,1.000000,0,REST,1.000000,0,REST,1.000000,0,REST,1.000000,0.96392602,0.01548414,0.01481116,0.00380427,0.00197442
open_02,2,OPEN,13,1.500000,650,750,0,REST,0.876171,0,REST,0,REST,1.000000,0,REST,1.000000,0,REST,1.000000,0,REST,1.000000,0.87617050,0.08203125,0.03265652,0.00647547,0.00266625
open_02,2,OPEN,14,1.600000,700,800,0,REST,0.718774,0,REST,0,REST,1.000000,0,REST,1.000000,0,REST,1.000000,0,REST,1.000000,0.71877413,0.22965692,0.01942572,0.02909401,0.00304921
open_02,2,OPEN,15,1.700000,750,850,0,REST,0.940245,0,REST,0,REST,1.000000,0,REST,1.000000,0,REST,1.000000,0,REST,1.000000,0.94024489,0.03692455,0.00596290,0.01521068,0.00165698
open_02,2,OPEN,16,1.800000,800,900,0,REST,0.959497,0,REST,0,REST,1.000000,0,REST,1.000000,0,REST,1.000000,0,REST,1.000000,0.95949709,0.02668837,0.00179326,0.01092776,0.00109352
open_02,2,OPEN,17,1.900000,850,950,0,REST,0.954131,0,REST,0,REST,1.000000,0,REST,1.000000,0,REST,1.000000,0,REST,1.000000,0.95413075,0.03210156,0.00290088,0.00951870,0.00134811
open_02,2,OPEN,18,2.000000,900,1000,0,REST,0.976395,0,REST,0,REST,1.000000,0,REST,1.000000,0,REST,1.000000,0,REST,1.000000,0.97639485,0.01228841,0.00881846,0.00132152,0.00117676
open_02,2,OPEN,19,2.100000,950,1050,0,REST,0.952485,0,REST,0,REST,1.000000,0,REST,1.000000,0,REST,1.000000,0,REST,1.000000,0.95248466,0.02084582,0.01941149,0.00594354,0.00131448
open_02,2,OPEN,20,2.200000,1000,1100,0,REST,0.933717,0,REST,0,REST,1.000000,0,REST,1.000000,0,REST,1.000000,0,REST,1.000000,0.93371681,0.04518892,0.00884900,0.01084202,0.00140326
open_02,2,OPEN,21,2.300000,1050,1150,0,REST,0.966541,0,REST,0,REST,1.000000,0,REST,1.000000,0,REST,1.000000,0,REST,1.000000,0.96654122,0.02501134,0.00512270,0.00235605,0.00096869
open_02,2,OPEN,22,2.400000,1100,1200,0,REST,0.947445,0,REST,0,REST,1.000000,0,REST,1.000000,0,REST,1.000000,0,REST,1.000000,0.94744534,0.03922636,0.00642589,0.00519144,0.00171097
open_02,2,OPEN,23,2.500000,1150,1250,0,REST,0.927191,0,REST,0,REST,1.000000,0,REST,1.000000,0,REST,1.000000,0,REST,1.000000,0.92719096,0.05113855,0.01650511,0.00218700,0.00297837
open_02,2,OPEN,24,2.600000,1200,1300,0,REST,0.970990,0,REST,0,REST,1.000000,0,REST,1.000000,0,REST,1.000000,0,REST,1.000000,0.97098973,0.00683713,0.01921892,0.00115680,0.00179742
open_02,2,OPEN,25,2.700000,1250,1350,0,REST,0.980503,0,REST,0,REST,1.000000,0,REST,1.000000,0,REST,1.000000,0,REST,1.000000,0.98050326,0.00530633,0.00861505,0.00470219,0.00087317
open_02,2,OPEN,26,2.800000,1300,1400,0,REST,0.971116,0,REST,0,REST,1.000000,0,REST,1.000000,0,REST,1.000000,0,REST,1.000000,0.97111616,0.01623823,0.00344014,0.00796910,0.00123638
open_02,2,OPEN,27,2.900000,1350,1450,0,REST,0.988045,0,REST,0,REST,1.000000,0,REST,1.000000,0,REST,1.000000,0,REST,1.000000,0.98804458,0.00489870,0.00499623,0.00046902,0.00159147
open_02,2,OPEN,28,3.000000,1400,1500,0,REST,0.957562,0,REST,0,REST,1.000000,0,REST,1.000000,0,REST,1.000000,0,REST,1.000000,0.95756173,0.03295603,0.00671487,0.00060273,0.00216463
open_02,2,OPEN,29,3.100000,1450,1550,2,OPEN,0.584266,0,REST,0,REST,0.000000,0,REST,0.666667,0,REST,0.750000,0,REST,0.800000,0.00085566,0.38632585,0.58426571,0.00690573,0.02164705
open_02,2,OPEN,30,3.200000,1500,1600,4,EXTENSION,0.983290,0,REST,0,REST,0.000000,0,REST,0.000000,0,REST,0.000000,0,REST,0.600000,0.00018998,0.01426674,0.00211838,0.00013519,0.98328971
open_02,2,OPEN,31,3.300000,1550,1650,4,EXTENSION,1.000000,0,REST,4,EXTENSION,1.000000,4,EXTENSION,0.666667,0,REST,0.000000,0,REST,0.000000,0.00000003,0.00000005,0.00000009,0.00000003,0.99999980
open_02,2,OPEN,32,3.400000,1600,1700,4,EXTENSION,0.672264,4,EXTENSION,4,EXTENSION,1.000000,4,EXTENSION,1.000000,4,EXTENSION,0.750000,4,EXTENSION,0.600000,0.00009222,0.00165568,0.32539313,0.00059469,0.67226428
open_02,2,OPEN,33,3.500000,1650,1750,2,OPEN,0.932728,4,EXTENSION,0,REST,0.000000,4,EXTENSION,0.666667,4,EXTENSION,0.750000,4,EXTENSION,0.600000,0.00001005,0.00020023,0.93272771,0.00007543,0.06698657
open_02,2,OPEN,34,3.600000,1700,1800,2,OPEN,0.974635,4,EXTENSION,2,OPEN,1.000000,2,OPEN,0.666667,0,REST,0.000000,4,EXTENSION,0.600000,0.00020219,0.00032771,0.97463480,0.00025436,0.02458094
open_02,2,OPEN,35,3.700000,1750,1850,2,OPEN,0.646731,2,OPEN,2,OPEN,1.000000,2,OPEN,1.000000,2,OPEN,0.750000,2,OPEN,0.600000,0.00011967,0.01532788,0.64673072,0.00019610,0.33762563
open_02,2,OPEN,36,3.800000,1800,1900,2,OPEN,0.629537,2,OPEN,2,OPEN,1.000000,2,OPEN,1.000000,2,OPEN,1.000000,2,OPEN,0.800000,0.00005139,0.00954155,0.62953653,0.00013305,0.36073747
open_02,2,OPEN,37,3.900000,1850,1950,2,OPEN,0.598464,2,OPEN,2,OPEN,1.000000,2,OPEN,1.000000,2,OPEN,1.000000,2,OPEN,1.000000,0.00029481,0.02258976,0.59846425,0.00889840,0.36975278
open_02,2,OPEN,38,4.000000,1900,2000,2,OPEN,0.628536,2,OPEN,2,OPEN,1.000000,2,OPEN,1.000000,2,OPEN,1.000000,2,OPEN,1.000000,0.00037279,0.00617001,0.62853589,0.00359031,0.36133098
open_02,2,OPEN,39,4.100000,1950,2050,2,OPEN,0.952805,2,OPEN,2,OPEN,1.000000,2,OPEN,1.000000,2,OPEN,1.000000,2,OPEN,1.000000,0.00001080,0.00302908,0.95280544,0.00105110,0.04310359
open_02,2,OPEN,40,4.200000,2000,2100,2,OPEN,0.926359,2,OPEN,2,OPEN,1.000000,2,OPEN,1.000000,2,OPEN,1.000000,2,OPEN,1.000000,0.00001381,0.00153662,0.92635855,0.00266720,0.06942383
open_02,2,OPEN,41,4.300000,2050,2150,2,OPEN,0.674988,2,OPEN,2,OPEN,1.000000,2,OPEN,1.000000,2,OPEN,1.000000,2,OPEN,1.000000,0.00011424,0.00043774,0.67498791,0.00645029,0.31800983
open_02,2,OPEN,42,4.400000,2100,2200,2,OPEN,0.815402,2,OPEN,2,OPEN,1.000000,2,OPEN,1.000000,2,OPEN,1.000000,2,OPEN,1.000000,0.00001259,0.00223968,0.81540238,0.00095868,0.18138667
open_03,2,OPEN,0,0.200000,0,100,0,REST,0.443553,0,REST,0,REST,0.000000,0,REST,0.000000,0,REST,0.000000,0,REST,0.000000,0.44355255,0.11375217,0.17764186,0.17296121,0.09209223
open_03,2,OPEN,1,0.300000,50,150,0,REST,0.898908,0,REST,0,REST,1.000000,0,REST,0.666667,0,REST,0.000000,0,REST,0.000000,0.89890784,0.01201987,0.03191858,0.01710009,0.04005362
open_03,2,OPEN,2,0.400000,100,200,0,REST,0.991209,0,REST,0,REST,1.000000,0,REST,1.000000,0,REST,0.750000,0,REST,0.600000,0.99120885,0.00148804,0.00344359,0.00149711,0.00236241
open_03,2,OPEN,3,0.500000,150,250,0,REST,0.996050,0,REST,0,REST,1.000000,0,REST,1.000000,0,REST,1.000000,0,REST,0.800000,0.99604992,0.00018857,0.00282562,0.00034986,0.00058603
open_03,2,OPEN,4,0.600000,200,300,0,REST,0.992120,0,REST,0,REST,1.000000,0,REST,1.000000,0,REST,1.000000,0,REST,1.000000,0.99212049,0.00044841,0.00667330,0.00045663,0.00030117
open_03,2,OPEN,5,0.700000,250,350,0,REST,0.986093,0,REST,0,REST,1.000000,0,REST,1.000000,0,REST,1.000000,0,REST,1.000000,0.98609299,0.00433960,0.00828581,0.00103937,0.00024222
open_03,2,OPEN,6,0.800000,300,400,0,REST,0.908172,0,REST,0,REST,1.000000,0,REST,1.000000,0,REST,1.000000,0,REST,1.000000,0.90817182,0.01979321,0.06863208,0.00146558,0.00193730
open_03,2,OPEN,7,0.900000,350,450,0,REST,0.904906,0,REST,0,REST,1.000000,0,REST,1.000000,0,REST,1.000000,0,REST,1.000000,0.90490554,0.01292135,0.06300577,0.00323510,0.01593225
open_03,2,OPEN,8,1.000000,400,500,0,REST,0.985398,0,REST,0,REST,1.000000,0,REST,1.000000,0,REST,1.000000,0,REST,1.000000,0.98539808,0.00265475,0.00450895,0.00051187,0.00692635
open_03,2,OPEN,9,1.100000,450,550,0,REST,0.996468,0,REST,0,REST,1.000000,0,REST,1.000000,0,REST,1.000000,0,REST,1.000000,0.99646765,0.00116720,0.00046599,0.00036950,0.00152966
open_03,2,OPEN,10,1.200000,500,600,0,REST,0.972029,0,REST,0,REST,1.000000,0,REST,1.000000,0,REST,1.000000,0,REST,1.000000,0.97202909,0.01917607,0.00265336,0.00426367,0.00187781
open_03,2,OPEN,11,1.300000,550,650,0,REST,0.850576,0,REST,0,REST,1.000000,0,REST,1.000000,0,REST,1.000000,0,REST,1.000000,0.85057609,0.13080368,0.00792455,0.00873495,0.00196074
open_03,2,OPEN,12,1.400000,600,700,0,REST,0.960782,0,REST,0,REST,1.000000,0,REST,1.000000,0,REST,1.000000,0,REST,1.000000,0.96078226,0.01790820,0.00447573,0.01580203,0.00103178
open_03,2,OPEN,13,1.500000,650,750,0,REST,0.953488,0,REST,0,REST,1.000000,0,REST,1.000000,0,REST,1.000000,0,REST,1.000000,0.95348839,0.01088061,0.00649012,0.02713410,0.00200678
open_03,2,OPEN,14,1.600000,700,800,0,REST,0.952526,0,REST,0,REST,1.000000,0,REST,1.000000,0,REST,1.000000,0,REST,1.000000,0.95252623,0.03497205,0.00374736,0.00663818,0.00211618
open_03,2,OPEN,15,1.700000,750,850,0,REST,0.956325,0,REST,0,REST,1.000000,0,REST,1.000000,0,REST,1.000000,0,REST,1.000000,0.95632498,0.03553477,0.00473948,0.00139559,0.00200518
open_03,2,OPEN,16,1.800000,800,900,0,REST,0.968809,0,REST,0,REST,1.000000,0,REST,1.000000,0,REST,1.000000,0,REST,1.000000,0.96880921,0.02279593,0.00427159,0.00264070,0.00148256
open_03,2,OPEN,17,1.900000,850,950,0,REST,0.975506,0,REST,0,REST,1.000000,0,REST,1.000000,0,REST,1.000000,0,REST,1.000000,0.97550641,0.01102436,0.00678567,0.00514526,0.00153830
open_03,2,OPEN,18,2.000000,900,1000,0,REST,0.984079,0,REST,0,REST,1.000000,0,REST,1.000000,0,REST,1.000000,0,REST,1.000000,0.98407870,0.00545414,0.00527048,0.00329341,0.00190326
open_03,2,OPEN,19,2.100000,950,1050,0,REST,0.985861,0,REST,0,REST,1.000000,0,REST,1.000000,0,REST,1.000000,0,REST,1.000000,0.98586133,0.00503965,0.00697761,0.00078533,0.00133608
open_03,2,OPEN,20,2.200000,1000,1100,0,REST,0.977806,0,REST,0,REST,1.000000,0,REST,1.000000,0,REST,1.000000,0,REST,1.000000,0.97780644,0.00706668,0.01107431,0.00136407,0.00268851
open_03,2,OPEN,21,2.300000,1050,1150,0,REST,0.980411,0,REST,0,REST,1.000000,0,REST,1.000000,0,REST,1.000000,0,REST,1.000000,0.98041083,0.00931062,0.00483379,0.00406334,0.00138142
open_03,2,OPEN,22,2.400000,1100,1200,0,REST,0.985926,0,REST,0,REST,1.000000,0,REST,1.000000,0,REST,1.000000,0,REST,1.000000,0.98592577,0.00272626,0.00574745,0.00444971,0.00115082
open_03,2,OPEN,23,2.500000,1150,1250,0,REST,0.984179,0,REST,0,REST,1.000000,0,REST,1.000000,0,REST,1.000000,0,REST,1.000000,0.98417934,0.00370628,0.00605990,0.00471941,0.00133507
open_03,2,OPEN,24,2.600000,1200,1300,0,REST,0.965891,0,REST,0,REST,1.000000,0,REST,1.000000,0,REST,1.000000,0,REST,1.000000,0.96589108,0.01271579,0.01708274,0.00216716,0.00214323
open_03,2,OPEN,25,2.700000,1250,1350,0,REST,0.963147,0,REST,0,REST,1.000000,0,REST,1.000000,0,REST,1.000000,0,REST,1.000000,0.96314696,0.01359647,0.01894628,0.00141300,0.00289729
open_03,2,OPEN,26,2.800000,1300,1400,0,REST,0.954005,0,REST,0,REST,1.000000,0,REST,1.000000,0,REST,1.000000,0,REST,1.000000,0.95400451,0.01297677,0.02791368,0.00215666,0.00294837
open_03,2,OPEN,27,2.900000,1350,1450,0,REST,0.978180,0,REST,0,REST,1.000000,0,REST,1.000000,0,REST,1.000000,0,REST,1.000000,0.97818030,0.00467311,0.01181847,0.00139042,0.00393771
open_03,2,OPEN,28,3.000000,1400,1500,0,REST,0.969899,0,REST,0,REST,1.000000,0,REST,1.000000,0,REST,1.000000,0,REST,1.000000,0.96989900,0.00768223,0.01755399,0.00187215,0.00299262
open_03,2,OPEN,29,3.100000,1450,1550,2,OPEN,0.833261,0,REST,0,REST,0.000000,0,REST,0.666667,0,REST,0.750000,0,REST,0.800000,0.00022988,0.00184483,0.83326052,0.00009627,0.16456851
open_03,2,OPEN,30,3.200000,1500,1600,4,EXTENSION,1.000000,0,REST,0,REST,0.000000,0,REST,0.000000,0,REST,0.000000,0,REST,0.600000,0.00000003,0.00000005,0.00000009,0.00000003,0.99999980
open_03,2,OPEN,31,3.300000,1550,1650,4,EXTENSION,0.999998,0,REST,4,EXTENSION,1.000000,4,EXTENSION,0.666667,0,REST,0.000000,0,REST,0.000000,0.00000030,0.00000047,0.00000087,0.00000031,0.99999805
open_03,2,OPEN,32,3.400000,1600,1700,4,EXTENSION,0.993514,4,EXTENSION,4,EXTENSION,1.000000,4,EXTENSION,1.000000,4,EXTENSION,0.750000,4,EXTENSION,0.600000,0.00000875,0.00197264,0.00449837,0.00000578,0.99351446
open_03,2,OPEN,33,3.500000,1650,1750,4,EXTENSION,0.991652,4,EXTENSION,4,EXTENSION,1.000000,4,EXTENSION,1.000000,4,EXTENSION,1.000000,4,EXTENSION,0.800000,0.00001961,0.00394259,0.00431834,0.00006766,0.99165181
open_03,2,OPEN,34,3.600000,1700,1800,4,EXTENSION,0.976704,4,EXTENSION,4,EXTENSION,1.000000,4,EXTENSION,1.000000,4,EXTENSION,1.000000,4,EXTENSION,1.000000,0.00010384,0.00280455,0.02012721,0.00026005,0.97670435
open_03,2,OPEN,35,3.700000,1750,1850,4,EXTENSION,0.751776,4,EXTENSION,4,EXTENSION,1.000000,4,EXTENSION,1.000000,4,EXTENSION,1.000000,4,EXTENSION,1.000000,0.00005535,0.00013849,0.24789165,0.00013859,0.75177593
open_03,2,OPEN,36,3.800000,1800,1900,2,OPEN,0.680581,4,EXTENSION,0,REST,0.000000,4,EXTENSION,0.666667,4,EXTENSION,0.750000,4,EXTENSION,0.800000,0.00001430,0.00040882,0.68058103,0.00118993,0.31780592
open_03,2,OPEN,37,3.900000,1850,1950,4,EXTENSION,0.584458,4,EXTENSION,0,REST,0.000000,4,EXTENSION,0.666667,4,EXTENSION,0.750000,4,EXTENSION,0.800000,0.00013330,0.01318893,0.40141939,0.00080083,0.58445754
open_03,2,OPEN,38,4.000000,1900,2000,0,REST,0.533739,4,EXTENSION,0,REST,0.000000,0,REST,0.000000,0,REST,0.000000,4,EXTENSION,0.600000,0.00067003,0.03612808,0.42794014,0.00152294,0.53373881
open_03,2,OPEN,39,4.100000,1950,2050,4,EXTENSION,0.562486,4,EXTENSION,0,REST,0.000000,4,EXTENSION,0.666667,0,REST,0.000000,4,EXTENSION,0.600000,0.00008572,0.00131925,0.43593459,0.00017395,0.56248649
open_03,2,OPEN,40,4.200000,2000,2100,4,EXTENSION,0.949363,4,EXTENSION,4,EXTENSION,1.000000,4,EXTENSION,0.666667,4,EXTENSION,0.750000,4,EXTENSION,0.600000,0.00000467,0.00016645,0.05041294,0.00005257,0.94936337
open_03,2,OPEN,41,4.300000,2050,2150,4,EXTENSION,0.664229,4,EXTENSION,4,EXTENSION,1.000000,4,EXTENSION,1.000000,4,EXTENSION,0.750000,4,EXTENSION,0.800000,0.00010151,0.00236101,0.33280033,0.00050771,0.66422943
open_03,2,OPEN,42,4.400000,2100,2200,2,OPEN,0.728740,4,EXTENSION,0,REST,0.000000,4,EXTENSION,0.666667,4,EXTENSION,0.750000,4,EXTENSION,0.600000,0.00002446,0.00444137,0.72873979,0.00165082,0.26514356
open_03,2,OPEN,43,4.500000,2150,2250,2,OPEN,0.967343,4,EXTENSION,2,OPEN,1.000000,2,OPEN,0.666667,0,REST,0.000000,4,EXTENSION,0.600000,0.00000074,0.00027391,0.96734295,0.00042454,0.03195786
open_03,2,OPEN,44,4.600000,2200,2300,2,OPEN,0.826131,2,OPEN,2,OPEN,1.000000,2,OPEN,1.000000,2,OPEN,0.750000,2,OPEN,0.600000,0.00000114,0.00003866,0.82613141,0.00029582,0.17353297
open_03,2,OPEN,45,4.700000,2250,2350,4,EXTENSION,0.918959,2,OPEN,0,REST,0.000000,2,OPEN,0.666667,2,OPEN,0.750000,2,OPEN,0.600000,0.00000812,0.00104013,0.07967592,0.00031648,0.91895935
open_03,2,OPEN,46,4.800000,2300,2400,2,OPEN,0.759957,2,OPEN,0,REST,0.000000,2,OPEN,0.666667,2,OPEN,0.750000,2,OPEN,0.800000,0.00001067,0.00352899,0.75995740,0.00052027,0.23598267
open_03,2,OPEN,47,4.900000,2350,2450,2,OPEN,0.959369,2,OPEN,2,OPEN,1.000000,2,OPEN,0.666667,2,OPEN,0.750000,2,OPEN,0.800000,0.00000170,0.00048434,0.95936916,0.00009559,0.04004920
open_03,2,OPEN,48,5.000000,2400,2500,4,EXTENSION,0.704657,2,OPEN,0,REST,0.000000,2,OPEN,0.666667,0,REST,0.000000,2,OPEN,0.600000,0.00009041,0.00182612,0.29171900,0.00170754,0.70465694
open_03,2,OPEN,49,5.100000,2450,2550,0,REST,0.512559,2,OPEN,0,REST,0.000000,0,REST,0.000000,0,REST,0.000000,0,REST,0.000000,0.00005087,0.00047837,0.51255883,0.00083742,0.48607452
open_03,2,OPEN,50,5.200000,2500,2600,2,OPEN,0.971211,2,OPEN,0,REST,0.000000,0,REST,0.000000,0,REST,0.000000,2,OPEN,0.600000,0.00000044,0.00006823,0.97121135,0.00001727,0.02870271
open_03,2,OPEN,51,5.300000,2550,2650,2,OPEN,0.874343,2,OPEN,2,OPEN,1.000000,2,OPEN,0.666667,0,REST,0.000000,2,OPEN,0.600000,0.00008638,0.00052123,0.87434272,0.00008405,0.12496561
open_03,2,OPEN,52,5.400000,2600,2700,0,REST,0.510896,2,OPEN,0,REST,0.000000,2,OPEN,0.666667,0,REST,0.000000,0,REST,0.000000,0.00007044,0.00076938,0.51089603,0.00033204,0.48793211
open_03,2,OPEN,53,5.500000,2650,2750,2,OPEN,0.897849,2,OPEN,0,REST,0.000000,2,OPEN,0.666667,2,OPEN,0.750000,2,OPEN,0.600000,0.00000219,0.00021682,0.89784872,0.00010157,0.10183070
open_03,2,OPEN,54,5.600000,2700,2800,2,OPEN,0.729067,2,OPEN,2,OPEN,1.000000,2,OPEN,0.666667,2,OPEN,0.750000,2,OPEN,0.800000,0.00000531,0.00074764,0.72906680,0.00067474,0.26950550
open_03,2,OPEN,55,5.700000,2750,2850,4,EXTENSION,0.695984,2,OPEN,0,REST,0.000000,2,OPEN,0.666667,0,REST,0.000000,2,OPEN,0.600000,0.00009569,0.00850195,0.29418037,0.00123793,0.69598406
open_03,2,OPEN,56,5.800000,2800,2900,4,EXTENSION,0.782999,2,OPEN,4,EXTENSION,1.000000,4,EXTENSION,0.666667,0,REST,0.000000,0,REST,0.000000,0.00020165,0.01919197,0.19686197,0.00074516,0.78299925
open_03,2,OPEN,57,5.900000,2850,2950,2,OPEN,0.578489,2,OPEN,0,REST,0.000000,4,EXTENSION,0.666667,0,REST,0.000000,2,OPEN,0.600000,0.00005654,0.00891996,0.57848871,0.00414955,0.40838524
open_04,2,OPEN,0,0.200000,0,100,0,REST,0.453159,0,REST,0,REST,0.000000,0,REST,0.000000,0,REST,0.000000,0,REST,0.000000,0.45315892,0.11324442,0.17688113,0.16744928,0.08926624
open_04,2,OPEN,1,0.300000,50,150,0,REST,0.666478,0,REST,0,REST,1.000000,0,REST,0.666667,0,REST,0.000000,0,REST,0.000000,0.66647781,0.11461157,0.06866130,0.10151950,0.04872982
open_04,2,OPEN,2,0.400000,100,200,0,REST,0.961000,0,REST,0,REST,1.000000,0,REST,1.000000,0,REST,0.750000,0,REST,0.600000,0.96099979,0.02112322,0.00897834,0.00662052,0.00227814
open_04,2,OPEN,3,0.500000,150,250,0,REST,0.993532,0,REST,0,REST,1.000000,0,REST,1.000000,0,REST,1.000000,0,REST,0.800000,0.99353178,0.00132303,0.00385265,0.00079719,0.00049536
open_04,2,OPEN,4,0.600000,200,300,0,REST,0.802509,0,REST,0,REST,1.000000,0,REST,1.000000,0,REST,1.000000,0,REST,1.000000,0.80250945,0.12801524,0.06214677,0.00595401,0.00137453
open_04,2,OPEN,5,0.700000,250,350,0,REST,0.737353,0,REST,0,REST,1.000000,0,REST,1.000000,0,REST,1.000000,0,REST,1.000000,0.73735256,0.14670847,0.10921615,0.00505632,0.00166650
open_04,2,OPEN,6,0.800000,300,400,0,REST,0.506504,0,REST,0,REST,1.000000,0,REST,1.000000,0,REST,1.000000,0,REST,1.000000,0.50650445,0.38243145,0.08513179,0.02035312,0.00557919
open_04,2,OPEN,7,0.900000,350,450,0,REST,0.906177,0,REST,0,REST,1.000000,0,REST,1.000000,0,REST,1.000000,0,REST,1.000000,0.90617710,0.06384715,0.00882412,0.01373305,0.00741859
open_04,2,OPEN,8,1.000000,400,500,0,REST,0.807332,0,REST,0,REST,1.000000,0,REST,1.000000,0,REST,1.000000,0,REST,1.000000,0.80733247,0.13123069,0.00464631,0.04992626,0.00686427
open_04,2,OPEN,9,1.100000,450,550,0,REST,0.913791,0,REST,0,REST,1.000000,0,REST,1.000000,0,REST,1.000000,0,REST,1.000000,0.91379099,0.03725844,0.02694110,0.01690095,0.00510851
open_04,2,OPEN,10,1.200000,500,600,0,REST,0.968890,0,REST,0,REST,1.000000,0,REST,1.000000,0,REST,1.000000,0,REST,1.000000,0.96889017,0.00877303,0.01653309,0.00234342,0.00346029
open_04,2,OPEN,11,1.300000,550,650,0,REST,0.964285,0,REST,0,REST,1.000000,0,REST,1.000000,0,REST,1.000000,0,REST,1.000000,0.96428497,0.02244216,0.00661608,0.00426182,0.00239496
open_04,2,OPEN,12,1.400000,600,700,0,REST,0.928406,0,REST,0,REST,1.000000,0,REST,1.000000,0,REST,1.000000,0,REST,1.000000,0.92840643,0.04641710,0.01316464,0.00948544,0.00252639
open_04,2,OPEN,13,1.500000,650,750,0,REST,0.848618,0,REST,0,REST,1.000000,0,REST,1.000000,0,REST,1.000000,0,REST,1.000000,0.84861850,0.09222521,0.04869588,0.00756887,0.00289154
open_04,2,OPEN,14,1.600000,700,800,0,REST,0.921659,0,REST,0,REST,1.000000,0,REST,1.000000,0,REST,1.000000,0,REST,1.000000,0.92165880,0.03181931,0.04081000,0.00157031,0.00414158
open_04,2,OPEN,15,1.700000,750,850,0,REST,0.881682,0,REST,0,REST,1.000000,0,REST,1.000000,0,REST,1.000000,0,REST,1.000000,0.88168242,0.04393208,0.05932477,0.00548109,0.00957964
open_04,2,OPEN,16,1.800000,800,900,0,REST,0.960729,0,REST,0,REST,1.000000,0,REST,1.000000,0,REST,1.000000,0,REST,1.000000,0.96072949,0.02166151,0.01283409,0.00170057,0.00307434
open_04,2,OPEN,17,1.900000,850,950,0,REST,0.983033,0,REST,0,REST,1.000000,0,REST,1.000000,0,REST,1.000000,0,REST,1.000000,0.98303332,0.00476745,0.00927361,0.00064656,0.00227906
open_04,2,OPEN,18,2.000000,900,1000,0,REST,0.740829,0,REST,0,REST,1.000000,0,REST,1.000000,0,REST,1.000000,0,REST,1.000000,0.74082851,0.22631733,0.02478737,0.00601052,0.00205626
open_04,2,OPEN,19,2.100000,950,1050,0,REST,0.776620,0,REST,0,REST,1.000000,0,REST,1.000000,0,REST,1.000000,0,REST,1.000000,0.77662005,0.19982235,0.00664399,0.01117569,0.00573792
open_04,2,OPEN,20,2.200000,1000,1100,0,REST,0.863351,0,REST,0,REST,1.000000,0,REST,1.000000,0,REST,1.000000,0,REST,1.000000,0.86335070,0.11383147,0.00771527,0.01165692,0.00344564
open_04,2,OPEN,21,2.300000,1050,1150,0,REST,0.892819,0,REST,0,REST,1.000000,0,REST,1.000000,0,REST,1.000000,0,REST,1.000000,0.89281865,0.09233157,0.01006086,0.00309790,0.00169102
open_04,2,OPEN,22,2.400000,1100,1200,0,REST,0.835697,0,REST,0,REST,1.000000,0,REST,1.000000,0,REST,1.000000,0,REST,1.000000,0.83569732,0.12755090,0.02796216,0.00233087,0.00645876
open_04,2,OPEN,23,2.500000,1150,1250,0,REST,0.948749,0,REST,0,REST,1.000000,0,REST,1.000000,0,REST,1.000000,0,REST,1.000000,0.94874944,0.02157983,0.02228641,0.00080330,0.00658103
open_04,2,OPEN,24,2.600000,1200,1300,0,REST,0.961782,0,REST,0,REST,1.000000,0,REST,1.000000,0,REST,1.000000,0,REST,1.000000,0.96178164,0.01194998,0.02015504,0.00137150,0.00474184
open_04,2,OPEN,25,2.700000,1250,1350,0,REST,0.919695,0,REST,0,REST,1.000000,0,REST,1.000000,0,REST,1.000000,0,REST,1.000000,0.91969469,0.04865127,0.01775102,0.00980961,0.00409341
open_04,2,OPEN,26,2.800000,1300,1400,0,REST,0.938240,0,REST,0,REST,1.000000,0,REST,1.000000,0,REST,1.000000,0,REST,1.000000,0.93824001,0.03570687,0.02044106,0.00227810,0.00333396
open_04,2,OPEN,27,2.900000,1350,1450,0,REST,0.937172,0,REST,0,REST,1.000000,0,REST,1.000000,0,REST,1.000000,0,REST,1.000000,0.93717188,0.03930856,0.01558284,0.00577313,0.00216359
open_04,2,OPEN,28,3.000000,1400,1500,0,REST,0.976586,0,REST,0,REST,1.000000,0,REST,1.000000,0,REST,1.000000,0,REST,1.000000,0.97658622,0.01373814,0.00442937,0.00424768,0.00099858
open_04,2,OPEN,29,3.100000,1450,1550,0,REST,0.964050,0,REST,0,REST,1.000000,0,REST,1.000000,0,REST,1.000000,0,REST,1.000000,0.96405015,0.02271429,0.01039795,0.00074202,0.00209559
open_04,2,OPEN,30,3.200000,1500,1600,0,REST,0.885168,0,REST,0,REST,1.000000,0,REST,1.000000,0,REST,1.000000,0,REST,1.000000,0.88516789,0.08851988,0.02157348,0.00091935,0.00381941
open_04,2,OPEN,31,3.300000,1550,1650,2,OPEN,0.773342,0,REST,0,REST,0.000000,0,REST,0.666667,0,REST,0.750000,0,REST,0.800000,0.00001113,0.00122288,0.77334199,0.00080323,0.22462077
open_04,2,OPEN,32,3.400000,1600,1700,4,EXTENSION,0.917174,0,REST,0,REST,0.000000,0,REST,0.000000,0,REST,0.000000,0,REST,0.600000,0.00000475,0.00094574,0.08180496,0.00007055,0.91717400
open_04,2,OPEN,33,3.500000,1650,1750,4,EXTENSION,0.810457,0,REST,4,EXTENSION,1.000000,4,EXTENSION,0.666667,0,REST,0.000000,0,REST,0.000000,0.00003934,0.00257850,0.18687678,0.00004878,0.81045661
open_04,2,OPEN,34,3.600000,1700,1800,4,EXTENSION,0.800744,4,EXTENSION,4,EXTENSION,1.000000,4,EXTENSION,1.000000,4,EXTENSION,0.750000,4,EXTENSION,0.600000,0.00004314,0.00214372,0.19691175,0.00015749,0.80074390
open_04,2,OPEN,35,3.700000,1750,1850,4,EXTENSION,0.827832,4,EXTENSION,4,EXTENSION,1.000000,4,EXTENSION,1.000000,4,EXTENSION,1.000000,4,EXTENSION,0.800000,0.00003529,0.00266586,0.16922954,0.00023779,0.82783152
open_04,2,OPEN,36,3.800000,1800,1900,2,OPEN,0.591293,4,EXTENSION,0,REST,0.000000,4,EXTENSION,0.666667,4,EXTENSION,0.750000,4,EXTENSION,0.800000,0.00006719,0.01050758,0.59129275,0.00020429,0.39792819
open_04,2,OPEN,37,3.900000,1850,1950,2,OPEN,0.941303,4,EXTENSION,2,OPEN,1.000000,2,OPEN,0.666667,0,REST,0.000000,4,EXTENSION,0.600000,0.00000507,0.00081728,0.94130277,0.00010456,0.05777031
open_04,2,OPEN,38,4.000000,1900,2000,0,REST,0.518946,4,EXTENSION,0,REST,0.000000,2,OPEN,0.666667,0,REST,0.000000,0,REST,0.000000,0.00006496,0.00035760,0.48047133,0.00016030,0.51894581
open_04,2,OPEN,39,4.100000,1950,2050,4,EXTENSION,0.956026,4,EXTENSION,0,REST,0.000000,0,REST,0.000000,0,REST,0.000000,0,REST,0.000000,0.00000053,0.00030813,0.04360941,0.00005571,0.95602623
open_04,2,OPEN,40,4.200000,2000,2100,4,EXTENSION,0.627835,4,EXTENSION,4,EXTENSION,1.000000,4,EXTENSION,0.666667,0,REST,0.000000,0,REST,0.000000,0.00009605,0.00091944,0.37019988,0.00095007,0.62783456
open_04,2,OPEN,41,4.300000,2050,2150,2,OPEN,0.851213,4,EXTENSION,0,REST,0.000000,4,EXTENSION,0.666667,0,REST,0.000000,0,REST,0.000000,0.00000571,0.00008286,0.85121267,0.00052656,0.14817219
open_04,2,OPEN,42,4.400000,2100,2200,2,OPEN,0.722721,4,EXTENSION,2,OPEN,1.000000,2,OPEN,0.666667,0,REST,0.000000,0,REST,0.000000,0.00000346,0.00007920,0.72272083,0.00002584,0.27717067
open_04,2,OPEN,43,4.500000,2150,2250,4,EXTENSION,0.905190,4,EXTENSION,0,REST,0.000000,2,OPEN,0.666667,0,REST,0.000000,4,EXTENSION,0.600000,0.00000770,0.00087152,0.09354825,0.00038293,0.90518961
open_04,2,OPEN,44,4.600000,2200,2300,2,OPEN,0.606432,2,OPEN,0,REST,0.000000,2,OPEN,0.666667,2,OPEN,0.750000,2,OPEN,0.600000,0.00031262,0.00204437,0.60643162,0.02421649,0.36699490
open_04,2,OPEN,45,4.700000,2250,2350,2,OPEN,0.774679,2,OPEN,2,OPEN,1.000000,2,OPEN,0.666667,2,OPEN,0.750000,2,OPEN,0.800000,0.00014484,0.00137547,0.77467885,0.01321118,0.21058966
open_04,2,OPEN,46,4.800000,2300,2400,2,OPEN,0.912653,2,OPEN,2,OPEN,1.000000,2,OPEN,1.000000,2,OPEN,0.750000,2,OPEN,0.800000,0.00011655,0.00065129,0.91265252,0.00139422,0.08518542
open_04,2,OPEN,47,4.900000,2350,2450,0,REST,0.505976,2,OPEN,0,REST,0.000000,2,OPEN,0.666667,2,OPEN,0.750000,2,OPEN,0.600000,0.00009797,0.00030360,0.49248108,0.00114095,0.50597639
open_04,2,OPEN,48,5.000000,2400,2500,0,REST,0.539929,2,OPEN,0,REST,1.000000,0,REST,0.666667,0,REST,0.000000,2,OPEN,0.600000,0.00010713,0.00475196,0.45102175,0.00418974,0.53992941
open_04,2,OPEN,49,5.100000,2450,2550,2,OPEN,0.650586,2,OPEN,0,REST,0.000000,0,REST,0.666667,0,REST,0.000000,2,OPEN,0.600000,0.00026969,0.01568443,0.65058619,0.01786846,0.31559122
open_04,2,OPEN,50,5.200000,2500,2600,2,OPEN,0.883257,2,OPEN,2,OPEN,1.000000,2,OPEN,0.666667,0,REST,0.000000,2,OPEN,0.600000,0.00007964,0.00362118,0.88325659,0.00531879,0.10772378
open_04,2,OPEN,51,5.300000,2550,2650,2,OPEN,0.746686,2,OPEN,2,OPEN,1.000000,2,OPEN,1.000000,2,OPEN,0.750000,2,OPEN,0.600000,0.00009763,0.02727537,0.74668617,0.00559049,0.22035034
open_04,2,OPEN,52,5.400000,2600,2700,2,OPEN,0.733029,2,OPEN,2,OPEN,1.000000,2,OPEN,1.000000,2,OPEN,1.000000,2,OPEN,0.800000,0.00008578,0.00841010,0.73302929,0.00524071,0.25323412
open_04,2,OPEN,53,5.500000,2650,2750,2,OPEN,0.969498,2,OPEN,2,OPEN,1.000000,2,OPEN,1.000000,2,OPEN,1.000000,2,OPEN,1.000000,0.00000640,0.00094717,0.96949807,0.00082015,0.02872822
open_04,2,OPEN,54,5.600000,2700,2800,2,OPEN,0.943615,2,OPEN,2,OPEN,1.000000,2,OPEN,1.000000,2,OPEN,1.000000,2,OPEN,1.000000,0.00002209,0.02316792,0.94361546,0.00204757,0.03114696
open_05,2,OPEN,0,0.200000,0,100,0,REST,0.464517,0,REST,0,REST,0.000000,0,REST,0.000000,0,REST,0.000000,0,REST,0.000000,0.46451722,0.11253172,0.17629369,0.16064914,0.08600823
open_05,2,OPEN,1,0.300000,50,150,0,REST,0.902615,0,REST,0,REST,1.000000,0,REST,0.666667,0,REST,0.000000,0,REST,0.000000,0.90261512,0.01025736,0.03091480,0.01633732,0.03987540
open_05,2,OPEN,2,0.400000,100,200,0,REST,0.991741,0,REST,0,REST,1.000000,0,REST,1.000000,0,REST,0.750000,0,REST,0.600000,0.99174136,0.00129417,0.00324672,0.00142145,0.00229630
open_05,2,OPEN,3,0.500000,150,250,0,REST,0.996164,0,REST,0,REST,1.000000,0,REST,1.000000,0,REST,1.000000,0,REST,0.800000,0.99616446,0.00016955,0.00275643,0.00033793,0.00057162
open_05,2,OPEN,4,0.600000,200,300,0,REST,0.989952,0,REST,0,REST,1.000000,0,REST,1.000000,0,REST,1.000000,0,REST,1.000000,0.98995219,0.00011742,0.00901675,0.00019726,0.00071637
open_05,2,OPEN,5,0.700000,250,350,0,REST,0.968535,0,REST,0,REST,1.000000,0,REST,1.000000,0,REST,1.000000,0,REST,1.000000,0.96853452,0.00057457,0.02987590,0.00024727,0.00076774
open_05,2,OPEN,6,0.800000,300,400,0,REST,0.936298,0,REST,0,REST,1.000000,0,REST,1.000000,0,REST,1.000000,0,REST,1.000000,0.93629751,0.00180744,0.06086557,0.00048491,0.00054457
open_05,2,OPEN,7,0.900000,350,450,0,REST,0.735525,0,REST,0,REST,1.000000,0,REST,1.000000,0,REST,1.000000,0,REST,1.000000,0.73552472,0.02672630,0.23545301,0.00155035,0.00074562
open_05,2,OPEN,8,1.000000,400,500,0,REST,0.952479,0,REST,0,REST,1.000000,0,REST,1.000000,0,REST,1.000000,0,REST,1.000000,0.95247937,0.03984841,0.00306702,0.00401490,0.00059030
open_05,2,OPEN,9,1.100000,450,550,0,REST,0.985146,0,REST,0,REST,1.000000,0,REST,1.000000,0,REST,1.000000,0,REST,1.000000,0.98514593,0.00771306,0.00091064,0.00347875,0.00275163
open_05,2,OPEN,10,1.200000,500,600,0,REST,0.993387,0,REST,0,REST,1.000000,0,REST,1.000000,0,REST,1.000000,0,REST,1.000000,0.99338681,0.00055382,0.00234162,0.00075753,0.00296022
open_05,2,OPEN,11,1.300000,550,650,0,REST,0.991855,0,REST,0,REST,1.000000,0,REST,1.000000,0,REST,1.000000,0,REST,1.000000,0.99185541,0.00246854,0.00219768,0.00097190,0.00250647
open_05,2,OPEN,12,1.400000,600,700,0,REST,0.970458,0,REST,0,REST,1.000000,0,REST,1.000000,0,REST,1.000000,0,REST,1.000000,0.97045824,0.01791438,0.00753790,0.00199763,0.00209184
open_05,2,OPEN,13,1.500000,650,750,0,REST,0.971877,0,REST,0,REST,1.000000,0,REST,1.000000,0,REST,1.000000,0,REST,1.000000,0.97187663,0.01005606,0.00503750,0.01051559,0.00251422
open_05,2,OPEN,14,1.600000,700,800,0,REST,0.977778,0,REST,0,REST,1.000000,0,REST,1.000000,0,REST,1.000000,0,REST,1.000000,0.97777825,0.00625664,0.00276347,0.01091732,0.00228432
open_05,2,OPEN,15,1.700000,750,850,0,REST,0.986185,0,REST,0,REST,1.000000,0,REST,1.000000,0,REST,1.000000,0,REST,1.000000,0.98618540,0.00512451,0.00294638,0.00392312,0.00182058
open_05,2,OPEN,16,1.800000,800,900,0,REST,0.989735,0,REST,0,REST,1.000000,0,REST,1.000000,0,REST,1.000000,0,REST,1.000000,0.98973547,0.00099089,0.00450382,0.00312502,0.00164480
open_05,2,OPEN,17,1.900000,850,950,0,REST,0.994777,0,REST,0,REST,1.000000,0,REST,1.000000,0,REST,1.000000,0,REST,1.000000,0.99477700,0.00052425,0.00124678,0.00250573,0.00094624
open_05,2,OPEN,18,2.000000,900,1000,0,REST,0.987255,0,REST,0,REST,1.000000,0,REST,1.000000,0,REST,1.000000,0,REST,1.000000,0.98725522,0.00398590,0.00228624,0.00424942,0.00222322
open_05,2,OPEN,19,2.100000,950,1050,0,REST,0.984348,0,REST,0,REST,1.000000,0,REST,1.000000,0,REST,1.000000,0,REST,1.000000,0.98434818,0.00407833,0.00200756,0.00825041,0.00131551
open_05,2,OPEN,20,2.200000,1000,1100,0,REST,0.988373,0,REST,0,REST,1.000000,0,REST,1.000000,0,REST,1.000000,0,REST,1.000000,0.98837281,0.00181463,0.00567166,0.00298718,0.00115373
open_05,2,OPEN,21,2.300000,1050,1150,0,REST,0.991434,0,REST,0,REST,1.000000,0,REST,1.000000,0,REST,1.000000,0,REST,1.000000,0.99143399,0.00301049,0.00268310,0.00186721,0.00100521
open_05,2,OPEN,22,2.400000,1100,1200,0,REST,0.985882,0,REST,0,REST,1.000000,0,REST,1.000000,0,REST,1.000000,0,REST,1.000000,0.98588211,0.00803788,0.00362942,0.00130715,0.00114344
open_05,2,OPEN,23,2.500000,1150,1250,0,REST,0.986644,0,REST,0,REST,1.000000,0,REST,1.000000,0,REST,1.000000,0,REST,1.000000,0.98664377,0.00715018,0.00307433,0.00199925,0.00113247
open_05,2,OPEN,24,2.600000,1200,1300,0,REST,0.928829,0,REST,0,REST,1.000000,0,REST,1.000000,0,REST,1.000000,0,REST,1.000000,0.92882868,0.01678261,0.01042318,0.04127508,0.00269047
open_05,2,OPEN,25,2.700000,1250,1350,0,REST,0.945044,0,REST,0,REST,1.000000,0,REST,1.000000,0,REST,1.000000,0,REST,1.000000,0.94504439,0.01836429,0.00289893,0.03226852,0.00142387
open_05,2,OPEN,26,2.800000,1300,1400,0,REST,0.971198,0,REST,0,REST,1.000000,0,REST,1.000000,0,REST,1.000000,0,REST,1.000000,0.97119818,0.01628830,0.00365798,0.00787245,0.00098309
open_05,2,OPEN,27,2.900000,1350,1450,0,REST,0.980321,0,REST,0,REST,1.000000,0,REST,1.000000,0,REST,1.000000,0,REST,1.000000,0.98032114,0.01297204,0.00319190,0.00210109,0.00141384
open_05,2,OPEN,28,3.000000,1400,1500,0,REST,0.981617,0,REST,0,REST,1.000000,0,REST,1.000000,0,REST,1.000000,0,REST,1.000000,0.98161660,0.01163644,0.00317360,0.00158579,0.00198757
open_05,2,OPEN,29,3.100000,1450,1550,0,REST,0.988386,0,REST,0,REST,1.000000,0,REST,1.000000,0,REST,1.000000,0,REST,1.000000,0.98838554,0.00308041,0.00543517,0.00153149,0.00156739
open_05,2,OPEN,30,3.200000,1500,1600,0,REST,0.404744,0,REST,0,REST,1.000000,0,REST,1.000000,0,REST,1.000000,0,REST,1.000000,0.40474430,0.11041927,0.35791426,0.08565348,0.04126869
open_05,2,OPEN,31,3.300000,1550,1650,4,EXTENSION,0.979401,0,REST,0,REST,0.000000,0,REST,0.666667,0,REST,0.750000,0,REST,0.800000,0.00009142,0.00039603,0.01997136,0.00014020,0.97940099
open_05,2,OPEN,32,3.400000,1600,1700,4,EXTENSION,0.997151,0,REST,4,EXTENSION,1.000000,4,EXTENSION,0.666667,0,REST,0.000000,0,REST,0.600000,0.00000179,0.00020217,0.00264024,0.00000445,0.99715136
open_05,2,OPEN,33,3.500000,1650,1750,4,EXTENSION,0.862750,4,EXTENSION,4,EXTENSION,1.000000,4,EXTENSION,1.000000,4,EXTENSION,0.750000,4,EXTENSION,0.600000,0.00002120,0.00016173,0.13705022,0.00001673,0.86275012
open_05,2,OPEN,34,3.600000,1700,1800,4,EXTENSION,0.881946,4,EXTENSION,4,EXTENSION,1.000000,4,EXTENSION,1.000000,4,EXTENSION,1.000000,4,EXTENSION,0.800000,0.00001451,0.00037572,0.11750681,0.00015733,0.88194563
open_05,2,OPEN,35,3.700000,1750,1850,4,EXTENSION,0.979928,4,EXTENSION,4,EXTENSION,1.000000,4,EXTENSION,1.000000,4,EXTENSION,1.000000,4,EXTENSION,1.000000,0.00008848,0.00022443,0.01878258,0.00097661,0.97992789
open_05,2,OPEN,36,3.800000,1800,1900,4,EXTENSION,0.900752,4,EXTENSION,4,EXTENSION,1.000000,4,EXTENSION,1.000000,4,EXTENSION,1.000000,4,EXTENSION,1.000000,0.00000842,0.00008637,0.09903245,0.00012111,0.90075164
open_05,2,OPEN,37,3.900000,1850,1950,4,EXTENSION,0.876486,4,EXTENSION,4,EXTENSION,1.000000,4,EXTENSION,1.000000,4,EXTENSION,1.000000,4,EXTENSION,1.000000,0.00001615,0.00009697,0.12331806,0.00008304,0.87648578
open_05,2,OPEN,38,4.000000,1900,2000,4,EXTENSION,0.835642,4,EXTENSION,4,EXTENSION,1.000000,4,EXTENSION,1.000000,4,EXTENSION,1.000000,4,EXTENSION,1.000000,0.00003418,0.00013176,0.16401963,0.00017279,0.83564164
open_05,2,OPEN,39,4.100000,1950,2050,2,OPEN,0.970069,4,EXTENSION,0,REST,0.000000,4,EXTENSION,0.666667,4,EXTENSION,0.750000,4,EXTENSION,0.800000,0.00000306,0.00012342,0.97006876,0.00030754,0.02949722
open_05,2,OPEN,40,4.200000,2000,2100,2,OPEN,0.851097,4,EXTENSION,2,OPEN,1.000000,2,OPEN,0.666667,0,REST,0.000000,4,EXTENSION,0.600000,0.00000332,0.00032961,0.85109672,0.00147908,0.14709127
open_05,2,OPEN,41,4.300000,2050,2150,2,OPEN,0.613302,2,OPEN,2,OPEN,1.000000,2,OPEN,1.000000,2,OPEN,0.750000,2,OPEN,0.600000,0.00012712,0.00163119,0.61330151,0.01120574,0.37373444
open_05,2,OPEN,42,4.400000,2100,2200,2,OPEN,0.668990,2,OPEN,2,OPEN,1.000000,2,OPEN,1.000000,2,OPEN,1.000000,2,OPEN,0.800000,0.00001557,0.00063654,0.66898959,0.00116026,0.32919804
open_05,2,OPEN,43,4.500000,2150,2250,2,OPEN,0.706016,2,OPEN,2,OPEN,1.000000,2,OPEN,1.000000,2,OPEN,1.000000,2,OPEN,1.000000,0.00003429,0.00772614,0.70601567,0.00037329,0.28585061
power_01,1,POWER,0,0.200000,0,100,0,REST,0.423943,0,REST,0,REST,0.000000,0,REST,0.000000,0,REST,0.000000,0,REST,0.000000,0.42394272,0.11504366,0.18166287,0.18040770,0.09894305
power_01,1,POWER,1,0.300000,50,150,0,REST,0.901466,0,REST,0,REST,1.000000,0,REST,0.666667,0,REST,0.000000,0,REST,0.000000,0.90146551,0.01434430,0.03137320,0.01844893,0.03436806
power_01,1,POWER,2,0.400000,100,200,0,REST,0.990780,0,REST,0,REST,1.000000,0,REST,1.000000,0,REST,0.750000,0,REST,0.600000,0.99077959,0.00182618,0.00358594,0.00162641,0.00218188
power_01,1,POWER,3,0.500000,150,250,0,REST,0.995852,0,REST,0,REST,1.000000,0,REST,1.000000,0,REST,1.000000,0,REST,0.800000,0.99585174,0.00021097,0.00299454,0.00037412,0.00056863
power_01,1,POWER,4,0.600000,200,300,0,REST,0.994502,0,REST,0,REST,1.000000,0,REST,1.000000,0,REST,1.000000,0,REST,1.000000,0.99450201,0.00009794,0.00477798,0.00021109,0.00041098
power_01,1,POWER,5,0.700000,250,350,0,REST,0.993963,0,REST,0,REST,1.000000,0,REST,1.000000,0,REST,1.000000,0,REST,1.000000,0.99396253,0.00008946,0.00546572,0.00016555,0.00031674
power_01,1,POWER,6,0.800000,300,400,0,REST,0.995444,0,REST,0,REST,1.000000,0,REST,1.000000,0,REST,1.000000,0,REST,1.000000,0.99544372,0.00028531,0.00362384,0.00041382,0.00023331
power_01,1,POWER,7,0.900000,350,450,0,REST,0.992717,0,REST,0,REST,1.000000,0,REST,1.000000,0,REST,1.000000,0,REST,1.000000,0.99271749,0.00385299,0.00120507,0.00189047,0.00033398
power_01,1,POWER,8,1.000000,400,500,0,REST,0.968254,0,REST,0,REST,1.000000,0,REST,1.000000,0,REST,1.000000,0,REST,1.000000,0.96825449,0.02693199,0.00010043,0.00396003,0.00075307
power_01,1,POWER,9,1.100000,450,550,0,REST,0.988890,0,REST,0,REST,1.000000,0,REST,1.000000,0,REST,1.000000,0,REST,1.000000,0.98889042,0.00479007,0.00125123,0.00370050,0.00136779
power_01,1,POWER,10,1.200000,500,600,0,REST,0.992819,0,REST,0,REST,1.000000,0,REST,1.000000,0,REST,1.000000,0,REST,1.000000,0.99281947,0.00059476,0.00357905,0.00186316,0.00114356
power_01,1,POWER,11,1.300000,550,650,0,REST,0.996022,0,REST,0,REST,1.000000,0,REST,1.000000,0,REST,1.000000,0,REST,1.000000,0.99602188,0.00116703,0.00134001,0.00086383,0.00060726
power_01,1,POWER,12,1.400000,600,700,0,REST,0.996884,0,REST,0,REST,1.000000,0,REST,1.000000,0,REST,1.000000,0,REST,1.000000,0.99688391,0.00114818,0.00112201,0.00056039,0.00028551
power_01,1,POWER,13,1.500000,650,750,0,REST,0.997154,0,REST,0,REST,1.000000,0,REST,1.000000,0,REST,1.000000,0,REST,1.000000,0.99715400,0.00063014,0.00135683,0.00018754,0.00067150
power_01,1,POWER,14,1.600000,700,800,0,REST,0.995923,0,REST,0,REST,1.000000,0,REST,1.000000,0,REST,1.000000,0,REST,1.000000,0.99592286,0.00038934,0.00233872,0.00018449,0.00116459
power_01,1,POWER,15,1.700000,750,850,0,REST,0.995679,0,REST,0,REST,1.000000,0,REST,1.000000,0,REST,1.000000,0,REST,1.000000,0.99567916,0.00116748,0.00208940,0.00015605,0.00090791
power_01,1,POWER,16,1.800000,800,900,0,REST,0.994191,0,REST,0,REST,1.000000,0,REST,1.000000,0,REST,1.000000,0,REST,1.000000,0.99419095,0.00282146,0.00168906,0.00028662,0.00101191
power_01,1,POWER,17,1.900000,850,950,0,REST,0.994280,0,REST,0,REST,1.000000,0,REST,1.000000,0,REST,1.000000,0,REST,1.000000,0.99427993,0.00199561,0.00204079,0.00064272,0.00104095
power_01,1,POWER,18,2.000000,900,1000,0,REST,0.995653,0,REST,0,REST,1.000000,0,REST,1.000000,0,REST,1.000000,0,REST,1.000000,0.99565284,0.00055387,0.00193924,0.00068365,0.00117040
power_01,1,POWER,19,2.100000,950,1050,0,REST,0.997485,0,REST,0,REST,1.000000,0,REST,1.000000,0,REST,1.000000,0,REST,1.000000,0.99748545,0.00059152,0.00108947,0.00023400,0.00059956
power_01,1,POWER,20,2.200000,1000,1100,0,REST,0.991229,0,REST,0,REST,1.000000,0,REST,1.000000,0,REST,1.000000,0,REST,1.000000,0.99122939,0.00289959,0.00382762,0.00067071,0.00137270
power_01,1,POWER,21,2.300000,1050,1150,0,REST,0.971765,0,REST,0,REST,1.000000,0,REST,1.000000,0,REST,1.000000,0,REST,1.000000,0.97176501,0.00897602,0.01195153,0.00286710,0.00444034
power_01,1,POWER,22,2.400000,1100,1200,0,REST,0.954373,0,REST,0,REST,1.000000,0,REST,1.000000,0,REST,1.000000,0,REST,1.000000,0.95437259,0.01939490,0.01747064,0.00477641,0.00398545
power_01,1,POWER,23,2.500000,1150,1250,0,REST,0.941548,0,REST,0,REST,1.000000,0,REST,1.000000,0,REST,1.000000,0,REST,1.000000,0.94154800,0.02713219,0.02261682,0.00335540,0.00534759
power_01,1,POWER,24,2.600000,1200,1300,0,REST,0.389801,0,REST,0,REST,1.000000,0,REST,1.000000,0,REST,1.000000,0,REST,1.000000,0.33345823,0.38980105,0.18290811,0.03072180,0.06311081
power_01,1,POWER,25,2.700000,1250,1350,0,REST,0.886970,0,REST,0,REST,1.000000,0,REST,1.000000,0,REST,1.000000,0,REST,1.000000,0.88697037,0.00833789,0.02321895,0.02477825,0.05669454
power_01,1,POWER,26,2.800000,1300,1400,0,REST,0.815165,0,REST,0,REST,1.000000,0,REST,1.000000,0,REST,1.000000,0,REST,1.000000,0.81516513,0.09478281,0.00629019,0.06618815,0.01757371
power_01,1,POWER,27,2.900000,1350,1450,1,POWER,0.624922,0,REST,0,REST,0.000000,0,REST,0.666667,0,REST,0.750000,0,REST,0.800000,0.26050788,0.62492184,0.09081408,0.01807423,0.00568196
power_01,1,POWER,28,3.000000,1400,1500,0,REST,0.596297,0,REST,0,REST,0.000000,0,REST,0.666667,0,REST,0.750000,0,REST,0.800000,0.59629702,0.30502993,0.07817186,0.01290321,0.00759798
power_01,1,POWER,29,3.100000,1450,1550,0,REST,0.597272,0,REST,0,REST,1.000000,0,REST,0.666667,0,REST,0.750000,0,REST,0.800000,0.59727181,0.28430444,0.05759215,0.05200351,0.00882810
power_01,1,POWER,30,3.200000,1500,1600,2,OPEN,0.707430,0,REST,0,REST,0.000000,0,REST,0.666667,0,REST,0.000000,0,REST,0.600000,0.13310479,0.05017079,0.70742967,0.04357663,0.06571813
power_01,1,POWER,31,3.300000,1550,1650,4,EXTENSION,0.965235,0,REST,0,REST,0.000000,0,REST,0.000000,0,REST,0.000000,0,REST,0.000000,0.00024662,0.00038568,0.00054854,0.03358459,0.96523456
power_01,1,POWER,32,3.400000,1600,1700,4,EXTENSION,0.721065,0,REST,4,EXTENSION,1.000000,4,EXTENSION,0.666667,0,REST,0.000000,0,REST,0.000000,0.00247283,0.09348230,0.00721563,0.17576473,0.72106451
power_01,1,POWER,33,3.500000,1650,1750,4,EXTENSION,0.846314,4,EXTENSION,4,EXTENSION,1.000000,4,EXTENSION,1.000000,4,EXTENSION,0.750000,4,EXTENSION,0.600000,0.00002328,0.00663422,0.00202790,0.14500014,0.84631447
power_01,1,POWER,34,3.600000,1700,1800,0,REST,0.534220,4,EXTENSION,0,REST,0.000000,4,EXTENSION,0.666667,4,EXTENSION,0.750000,4,EXTENSION,0.600000,0.01891900,0.03994431,0.13739361,0.26952271,0.53422037
power_01,1,POWER,35,3.700000,1750,1850,4,EXTENSION,0.876000,4,EXTENSION,0,REST,0.000000,4,EXTENSION,0.666667,4,EXTENSION,0.750000,4,EXTENSION,0.800000,0.00008855,0.01520436,0.00181237,0.10689450,0.87600021
power_01,1,POWER,36,3.800000,1800,1900,4,EXTENSION,0.907851,4,EXTENSION,4,EXTENSION,1.000000,4,EXTENSION,0.666667,4,EXTENSION,0.750000,4,EXTENSION,0.800000,0.00001320,0.00238334,0.00026275,0.08948948,0.90785124
power_01,1,POWER,37,3.900000,1850,1950,0,REST,0.507823,4,EXTENSION,0,REST,0.000000,4,EXTENSION,0.666667,0,REST,0.000000,4,EXTENSION,0.600000,0.00024426,0.01479049,0.01080002,0.50782305,0.46634218
power_01,1,POWER,38,4.000000,1900,2000,3,FLEXION,0.862303,4,EXTENSION,0,REST,0.000000,0,REST,0.000000,0,REST,0.000000,0,REST,0.000000,0.00034095,0.00810579,0.03460179,0.86230281,0.09464867
power_01,1,POWER,39,4.100000,1950,2050,3,FLEXION,0.970925,4,EXTENSION,3,FLEXION,1.000000,3,FLEXION,0.666667,0,REST,0.000000,0,REST,0.000000,0.00011172,0.00486136,0.01137271,0.97092518,0.01272903
power_01,1,POWER,40,4.200000,2000,2100,4,EXTENSION,0.668121,4,EXTENSION,0,REST,0.000000,3,FLEXION,0.666667,0,REST,0.000000,0,REST,0.000000,0.00090414,0.04179331,0.00692076,0.28226047,0.66812132
power_01,1,POWER,41,4.300000,2050,2150,4,EXTENSION,0.997976,4,EXTENSION,4,EXTENSION,1.000000,4,EXTENSION,0.666667,0,REST,0.000000,0,REST,0.000000,0.00000099,0.00003989,0.00005148,0.00193191,0.99797572
power_01,1,POWER,42,4.400000,2100,2200,4,EXTENSION,0.988390,4,EXTENSION,4,EXTENSION,1.000000,4,EXTENSION,1.000000,4,EXTENSION,0.750000,4,EXTENSION,0.600000,0.00000274,0.00002460,0.00181457,0.00976859,0.98838950
power_01,1,POWER,43,4.500000,2150,2250,0,REST,0.545607,4,EXTENSION,0,REST,0.000000,4,EXTENSION,0.666667,4,EXTENSION,0.750000,4,EXTENSION,0.600000,0.00220890,0.00404881,0.07603804,0.37209718,0.54560706
power_01,1,POWER,44,4.600000,2200,2300,4,EXTENSION,0.883894,4,EXTENSION,0,REST,0.000000,4,EXTENSION,0.666667,4,EXTENSION,0.750000,4,EXTENSION,0.800000,0.00001008,0.00158406,0.01109412,0.10341735,0.88389439
power_01,1,POWER,45,4.700000,2250,2350,4,EXTENSION,0.627486,4,EXTENSION,4,EXTENSION,1.000000,4,EXTENSION,0.666667,4,EXTENSION,0.750000,4,EXTENSION,0.800000,0.00003225,0.00776784,0.00571619,0.35899725,0.62748647
power_01,1,POWER,46,4.800000,2300,2400,4,EXTENSION,0.841039,4,EXTENSION,4,EXTENSION,1.000000,4,EXTENSION,1.000000,4,EXTENSION,0.750000,4,EXTENSION,0.800000,0.00399245,0.08518049,0.02502684,0.04476106,0.84103916
power_01,1,POWER,47,4.900000,2350,2450,4,EXTENSION,0.722640,4,EXTENSION,4,EXTENSION,1.000000,4,EXTENSION,1.000000,4,EXTENSION,1.000000,4,EXTENSION,0.800000,0.00854471,0.16200863,0.02789683,0.07890989,0.72263994
power_01,1,POWER,48,5.000000,2400,2500,4,EXTENSION,0.787868,4,EXTENSION,4,EXTENSION,1.000000,4,EXTENSION,1.000000,4,EXTENSION,1.000000,4,EXTENSION,1.000000,0.00515429,0.10226418,0.04754113,0.05717252,0.78786788
power_01,1,POWER,49,5.100000,2450,2550,4,EXTENSION,0.696761,4,EXTENSION,4,EXTENSION,1.000000,4,EXTENSION,1.000000,4,EXTENSION,1.000000,4,EXTENSION,1.000000,0.00711596,0.05673433,0.13209699,0.10729180,0.69676092
power_01,1,POWER,50,5.200000,2500,2600,3,FLEXION,0.872127,4,EXTENSION,0,REST,0.000000,4,EXTENSION,0.666667,4,EXTENSION,0.750000,4,EXTENSION,0.800000,0.00233699,0.02698846,0.02869478,0.87212691,0.06985286
power_01,1,POWER,51,5.300000,2550,2650,0,REST,0.362435,4,EXTENSION,0,REST,0.000000,0,REST,0.000000,0,REST,0.000000,4,EXTENSION,0.600000,0.01183100,0.26805742,0.11922562,0.36243492,0.23845104
power_01,1,POWER,52,5.400000,2600,2700,4,EXTENSION,0.591917,4,EXTENSION,0,REST,0.000000,0,REST,0.000000,0,REST,0.000000,4,EXTENSION,0.600000,0.00500834,0.11366547,0.21560700,0.07380214,0.59191705
power_01,1,POWER,53,5.500000,2650,2750,0,REST,0.399452,4,EXTENSION,0,REST,0.000000,0,REST,0.666667,0,REST,0.000000,0,REST,0.000000,0.01417848,0.36764620,0.09393806,0.12478566,0.39945160
power_01,1,POWER,54,5.600000,2700,2800,0,REST,0.284067,0,REST,0,REST,1.000000,0,REST,0.666667,0,REST,0.750000,0,REST,0.600000,0.03620274,0.24364885,0.18179351,0.28406735,0.25428754
power_01,1,POWER,55,5.700000,2750,2850,0,REST,0.417953,0,REST,0,REST,1.000000,0,REST,1.000000,0,REST,0.750000,0,REST,0.800000,0.01836346,0.28385711,0.09325932,0.41795305,0.18656705
power_01,1,POWER,56,5.800000,2800,2900,1,POWER,0.629064,0,REST,0,REST,0.000000,0,REST,0.666667,0,REST,0.750000,0,REST,0.600000,0.00349528,0.62906437,0.05476281,0.18249448,0.13018306
power_01,1,POWER,57,5.900000,2850,2950,0,REST,0.420585,0,REST,0,REST,0.000000,0,REST,0.666667,0,REST,0.750000,0,REST,0.800000,0.00429827,0.42058464,0.40738080,0.08484169,0.08289460
power_01,1,POWER,58,6.000000,2900,3000,2,OPEN,0.680219,0,REST,0,REST,0.000000,0,REST,0.000000,0,REST,0.000000,0,REST,0.600000,0.00172251,0.12372758,0.68021923,0.07524915,0.11908153
power_01,1,POWER,59,6.100000,2950,3050,0,REST,0.488184,0,REST,0,REST,0.000000,0,REST,0.666667,0,REST,0.000000,0,REST,0.600000,0.00355992,0.16093472,0.28046367,0.06685722,0.48818447
power_01,1,POWER,60,6.200000,3000,3100,4,EXTENSION,0.733761,0,REST,0,REST,0.000000,0,REST,0.000000,0,REST,0.000000,0,REST,0.000000,0.00292247,0.07223703,0.13619102,0.05488884,0.73376063
power_01,1,POWER,61,6.300000,3050,3150,4,EXTENSION,0.686757,0,REST,4,EXTENSION,1.000000,4,EXTENSION,0.666667,0,REST,0.000000,0,REST,0.000000,0.00421428,0.03930015,0.20844923,0.06127899,0.68675735
power_01,1,POWER,62,6.400000,3100,3200,0,REST,0.543655,0,REST,0,REST,0.000000,4,EXTENSION,0.666667,0,REST,0.000000,0,REST,0.000000,0.01613489,0.13772907,0.07563425,0.54365483,0.22684696
power_01,1,POWER,63,6.500000,3150,3250,0,REST,0.541729,0,REST,0,REST,1.000000,0,REST,0.666667,0,REST,0.000000,0,REST,0.600000,0.00177741,0.39134835,0.04518911,0.54172889,0.01995624
power_01,1,POWER,64,6.600000,3200,3300,1,POWER,0.872248,0,REST,0,REST,0.000000,0,REST,0.666667,0,REST,0.000000,0,REST,0.000000,0.00017122,0.87224795,0.00908046,0.11387803,0.00462234
power_01,1,POWER,65,6.700000,3250,3350,1,POWER,0.844671,0,REST,1,POWER,1.000000,1,POWER,0.666667,0,REST,0.000000,0,REST,0.000000,0.00111049,0.84467143,0.03531211,0.05877287,0.06013310
power_01,1,POWER,66,6.800000,3300,3400,1,POWER,0.591097,1,POWER,1,POWER,1.000000,1,POWER,1.000000,1,POWER,0.750000,1,POWER,0.600000,0.00495519,0.59109707,0.14315221,0.05100778,0.20978776
power_01,1,POWER,67,6.900000,3350,3450,0,REST,0.461638,1,POWER,0,REST,0.000000,1,POWER,0.666667,1,POWER,0.750000,1,POWER,0.600000,0.00878361,0.46163767,0.09489076,0.35111372,0.08357424
power_01,1,POWER,68,7.000000,3400,3500,0,REST,0.501141,1,POWER,0,REST,1.000000,0,REST,0.666667,0,REST,0.000000,1,POWER,0.600000,0.00913953,0.50114072,0.11213836,0.30539709,0.07218429
power_01,1,POWER,69,7.100000,3450,3550,1,POWER,0.672517,1,POWER,0,REST,0.000000,0,REST,0.666667,0,REST,0.000000,1,POWER,0.600000,0.00479332,0.67251715,0.06862973,0.06392628,0.19013352
power_01,1,POWER,70,7.200000,3500,3600,0,REST,0.470224,0,REST,0,REST,0.000000,0,REST,0.666667,0,REST,0.750000,0,REST,0.600000,0.00240997,0.46478180,0.02677127,0.03581335,0.47022361
power_01,1,POWER,71,7.300000,3550,3650,0,REST,0.372500,0,REST,0,REST,1.000000,0,REST,0.666667,0,REST,0.750000,0,REST,0.800000,0.01344372,0.37249991,0.33713777,0.07284109,0.20407750
power_01,1,POWER,72,7.400000,3600,3700,0,REST,0.519910,0,REST,0,REST,1.000000,0,REST,1.000000,0,REST,0.750000,0,REST,0.800000,0.01327506,0.19230823,0.51991010,0.11139089,0.16311572
power_01,1,POWER,73,7.500000,3650,3750,0,REST,0.303095,0,REST,0,REST,1.000000,0,REST,1.000000,0,REST,1.000000,0,REST,0.800000,0.02324965,0.28911343,0.11581611,0.26872585,0.30309496
power_02,1,POWER,0,0.200000,0,100,0,REST,0.391517,0,REST,0,REST,0.000000,0,REST,0.000000,0,REST,0.000000,0,REST,0.000000,0.39151666,0.11587087,0.18420968,0.20088503,0.10751776
power_02,1,POWER,1,0.300000,50,150,0,REST,0.895129,0,REST,0,REST,1.000000,0,REST,0.666667,0,REST,0.000000,0,REST,0.000000,0.89512852,0.01460630,0.03377595,0.01789192,0.03859731
power_02,1,POWER,2,0.400000,100,200,0,REST,0.990773,0,REST,0,REST,1.000000,0,REST,1.000000,0,REST,0.750000,0,REST,0.600000,0.99077348,0.00175433,0.00366453,0.00155614,0.00225152
power_02,1,POWER,3,0.500000,150,250,0,REST,0.995806,0,REST,0,REST,1.000000,0,REST,1.000000,0,REST,1.000000,0,REST,0.800000,0.99580595,0.00020631,0.00306218,0.00035872,0.00056683
power_02,1,POWER,4,0.600000,200,300,0,REST,0.995835,0,REST,0,REST,1.000000,0,REST,1.000000,0,REST,1.000000,0,REST,1.000000,0.99583502,0.00009205,0.00354329,0.00020780,0.00032183
power_02,1,POWER,5,0.700000,250,350,0,REST,0.959125,0,REST,0,REST,1.000000,0,REST,1.000000,0,REST,1.000000,0,REST,1.000000,0.95912540,0.00029564,0.03844080,0.00028890,0.00184926
power_02,1,POWER,6,0.800000,300,400,0,REST,0.827982,0,REST,0,REST,1.000000,0,REST,1.000000,0,REST,1.000000,0,REST,1.000000,0.82798195,0.00075528,0.16409779,0.00066608,0.00649891
power_02,1,POWER,7,0.900000,350,450,0,REST,0.980949,0,REST,0,REST,1.000000,0,REST,1.000000,0,REST,1.000000,0,REST,1.000000,0.98094868,0.00082531,0.01710558,0.00046101,0.00065942
power_02,1,POWER,8,1.000000,400,500,0,REST,0.949117,0,REST,0,REST,1.000000,0,REST,1.000000,0,REST,1.000000,0,REST,1.000000,0.94911685,0.04244014,0.00014761,0.00707066,0.00122475
power_02,1,POWER,9,1.100000,450,550,0,REST,0.848014,0,REST,0,REST,1.000000,0,REST,1.000000,0,REST,1.000000,0,REST,1.000000,0.84801359,0.05080109,0.00619368,0.08058218,0.01440946
power_02,1,POWER,10,1.200000,500,600,0,REST,0.953184,0,REST,0,REST,1.000000,0,REST,1.000000,0,REST,1.000000,0,REST,1.000000,0.95318447,0.00656785,0.01018069,0.02238115,0.00768583
power_02,1,POWER,11,1.300000,550,650,0,REST,0.982061,0,REST,0,REST,1.000000,0,REST,1.000000,0,REST,1.000000,0,REST,1.000000,0.98206075,0.00502796,0.00908466,0.00229864,0.00152799
power_02,1,POWER,12,1.400000,600,700,0,REST,0.983321,0,REST,0,REST,1.000000,0,REST,1.000000,0,REST,1.000000,0,REST,1.000000,0.98332108,0.00690971,0.00734712,0.00087924,0.00154285
power_02,1,POWER,13,1.500000,650,750,0,REST,0.970386,0,REST,0,REST,1.000000,0,REST,1.000000,0,REST,1.000000,0,REST,1.000000,0.97038565,0.01317565,0.01179233,0.00323295,0.00141341
power_02,1,POWER,14,1.600000,700,800,0,REST,0.974307,0,REST,0,REST,1.000000,0,REST,1.000000,0,REST,1.000000,0,REST,1.000000,0.97430742,0.01314388,0.00900386,0.00214124,0.00140360
power_02,1,POWER,15,1.700000,750,850,0,REST,0.980408,0,REST,0,REST,1.000000,0,REST,1.000000,0,REST,1.000000,0,REST,1.000000,0.98040780,0.01041446,0.00612146,0.00124500,0.00181127
power_02,1,POWER,16,1.800000,800,900,0,REST,0.976903,0,REST,0,REST,1.000000,0,REST,1.000000,0,REST,1.000000,0,REST,1.000000,0.97690268,0.00511275,0.01041297,0.00391789,0.00365371
power_02,1,POWER,17,1.900000,850,950,0,REST,0.979438,0,REST,0,REST,1.000000,0,REST,1.000000,0,REST,1.000000,0,REST,1.000000,0.97943808,0.00500608,0.00784966,0.00493503,0.00277115
power_02,1,POWER,18,2.000000,900,1000,0,REST,0.978286,0,REST,0,REST,1.000000,0,REST,1.000000,0,REST,1.000000,0,REST,1.000000,0.97828600,0.00779430,0.00823744,0.00411274,0.00156952
power_02,1,POWER,19,2.100000,950,1050,0,REST,0.964701,0,REST,0,REST,1.000000,0,REST,1.000000,0,REST,1.000000,0,REST,1.000000,0.96470111,0.01246454,0.01316208,0.00807759,0.00159467
power_02,1,POWER,20,2.200000,1000,1100,0,REST,0.922789,0,REST,0,REST,1.000000,0,REST,1.000000,0,REST,1.000000,0,REST,1.000000,0.92278874,0.02823747,0.01683714,0.02922775,0.00290889
power_02,1,POWER,21,2.300000,1050,1150,0,REST,0.964212,0,REST,0,REST,1.000000,0,REST,1.000000,0,REST,1.000000,0,REST,1.000000,0.96421184,0.00863545,0.01054458,0.01357993,0.00302821
power_02,1,POWER,22,2.400000,1100,1200,0,REST,0.987342,0,REST,0,REST,1.000000,0,REST,1.000000,0,REST,1.000000,0,REST,1.000000,0.98734247,0.00198482,0.00582988,0.00321210,0.00163073
power_02,1,POWER,23,2.500000,1150,1250,0,REST,0.984363,0,REST,0,REST,1.000000,0,REST,1.000000,0,REST,1.000000,0,REST,1.000000,0.98436271,0.00574232,0.00702743,0.00129318,0.00157436
power_02,1,POWER,24,2.600000,1200,1300,0,REST,0.981951,0,REST,0,REST,1.000000,0,REST,1.000000,0,REST,1.000000,0,REST,1.000000,0.98195085,0.00671506,0.00833366,0.00134044,0.00166000
power_02,1,POWER,25,2.700000,1250,1350,0,REST,0.987170,0,REST,0,REST,1.000000,0,REST,1.000000,0,REST,1.000000,0,REST,1.000000,0.98717029,0.00547060,0.00530509,0.00114619,0.00090784
power_02,1,POWER,26,2.800000,1300,1400,0,REST,0.993809,0,REST,0,REST,1.000000,0,REST,1.000000,0,REST,1.000000,0,REST,1.000000,0.99380881,0.00138959,0.00344417,0.00032912,0.00102830
power_02,1,POWER,27,2.900000,1350,1450,0,REST,0.990811,0,REST,0,REST,1.000000,0,REST,1.000000,0,REST,1.000000,0,REST,1.000000,0.99081071,0.00222521,0.00540375,0.00089054,0.00066979
power_02,1,POWER,28,3.000000,1400,1500,0,REST,0.961437,0,REST,0,REST,1.000000,0,REST,1.000000,0,REST,1.000000,0,REST,1.000000,0.96143661,0.01212857,0.01069272,0.01344956,0.00229254
power_02,1,POWER,29,3.100000,1450,1550,0,REST,0.951006,0,REST,0,REST,1.000000,0,REST,1.000000,0,REST,1.000000,0,REST,1.000000,0.95100607,0.02828883,0.00764198,0.00855055,0.00451257
power_02,1,POWER,30,3.200000,1500,1600,0,REST,0.789856,0,REST,0,REST,1.000000,0,REST,1.000000,0,REST,1.000000,0,REST,1.000000,0.78985640,0.15657256,0.00743922,0.02550995,0.02062187
power_02,1,POWER,31,3.300000,1550,1650,1,POWER,0.668252,0,REST,0,REST,0.000000,0,REST,0.666667,0,REST,0.750000,0,REST,0.800000,0.06315904,0.66825213,0.05384656,0.09789220,0.11685008
power_02,1,POWER,32,3.400000,1600,1700,0,REST,0.503958,0,REST,0,REST,0.000000,0,REST,0.666667,0,REST,0.750000,0,REST,0.800000,0.00596527,0.19633057,0.03763857,0.25610751,0.50395808
power_02,1,POWER,33,3.500000,1650,1750,4,EXTENSION,0.638771,0,REST,0,REST,0.000000,0,REST,0.000000,0,REST,0.000000,0,REST,0.600000,0.00401197,0.02906981,0.14030842,0.18783859,0.63877120
power_02,1,POWER,34,3.600000,1700,1800,3,FLEXION,0.767823,0,REST,0,REST,0.000000,0,REST,0.000000,0,REST,0.000000,0,REST,0.000000,0.00374661,0.08423078,0.08740966,0.76782267,0.05679028
power_02,1,POWER,35,3.700000,1750,1850,1,POWER,0.637395,0,REST,0,REST,0.000000,0,REST,0.000000,0,REST,0.000000,0,REST,0.000000,0.00000874,0.63739450,0.00102970,0.35983840,0.00172865
power_02,1,POWER,36,3.800000,1800,1900,1,POWER,0.801848,0,REST,1,POWER,1.000000,1,POWER,0.666667,0,REST,0.000000,0,REST,0.000000,0.00083802,0.80184760,0.02693684,0.11788844,0.05248910
power_02,1,POWER,37,3.900000,1850,1950,1,POWER,0.671704,1,POWER,1,POWER,1.000000,1,POWER,1.000000,1,POWER,0.750000,1,POWER,0.600000,0.00352778,0.67170369,0.09642016,0.21060553,0.01774284
power_02,1,POWER,38,4.000000,1900,2000,1,POWER,0.939728,1,POWER,1,POWER,1.000000,1,POWER,1.000000,1,POWER,1.000000,1,POWER,0.800000,0.00023802,0.93972842,0.01284016,0.03597498,0.01121842
power_02,1,POWER,39,4.100000,1950,2050,1,POWER,0.777175,1,POWER,1,POWER,1.000000,1,POWER,1.000000,1,POWER,1.000000,1,POWER,1.000000,0.00868442,0.77717493,0.12418066,0.01654571,0.07341428
power_02,1,POWER,40,4.200000,2000,2100,1,POWER,0.739594,1,POWER,1,POWER,1.000000,1,POWER,1.000000,1,POWER,1.000000,1,POWER,1.000000,0.00446732,0.73959363,0.09001886,0.04757783,0.11834235
power_02,1,POWER,41,4.300000,2050,2150,1,POWER,0.915213,1,POWER,1,POWER,1.000000,1,POWER,1.000000,1,POWER,1.000000,1,POWER,1.000000,0.00063794,0.91521344,0.03537726,0.02083749,0.02793387
power_02,1,POWER,42,4.400000,2100,2200,1,POWER,0.943052,1,POWER,1,POWER,1.000000,1,POWER,1.000000,1,POWER,1.000000,1,POWER,1.000000,0.00051745,0.94305199,0.00983812,0.03479615,0.01179629
power_02,1,POWER,43,4.500000,2150,2250,1,POWER,0.916770,1,POWER,1,POWER,1.000000,1,POWER,1.000000,1,POWER,1.000000,1,POWER,1.000000,0.00036996,0.91676958,0.00627307,0.01383613,0.06275126
power_02,1,POWER,44,4.600000,2200,2300,1,POWER,0.946805,1,POWER,1,POWER,1.000000,1,POWER,1.000000,1,POWER,1.000000,1,POWER,1.000000,0.00102767,0.94680537,0.00539009,0.02181684,0.02496003
power_03,1,POWER,0,0.200000,0,100,0,REST,0.400767,0,REST,0,REST,0.000000,0,REST,0.000000,0,REST,0.000000,0,REST,0.000000,0.40076727,0.11591004,0.18213193,0.19685530,0.10433546
power_03,1,POWER,1,0.300000,50,150,0,REST,0.900059,0,REST,0,REST,1.000000,0,REST,0.666667,0,REST,0.000000,0,REST,0.000000,0.90005881,0.01338220,0.03226407,0.01699738,0.03729754
power_03,1,POWER,2,0.400000,100,200,0,REST,0.991066,0,REST,0,REST,1.000000,0,REST,1.000000,0,REST,0.750000,0,REST,0.600000,0.99106585,0.00165956,0.00355141,0.00151542,0.00220776
power_03,1,POWER,3,0.500000,150,250,0,REST,0.995872,0,REST,0,REST,1.000000,0,REST,1.000000,0,REST,1.000000,0,REST,0.800000,0.99587217,0.00020478,0.00298445,0.00035976,0.00057885
power_03,1,POWER,4,0.600000,200,300,0,REST,0.994541,0,REST,0,REST,1.000000,0,REST,1.000000,0,REST,1.000000,0,REST,1.000000,0.99454090,0.00009685,0.00474474,0.00020729,0.00041023
power_03,1,POWER,5,0.700000,250,350,0,REST,0.982944,0,REST,0,REST,1.000000,0,REST,1.000000,0,REST,1.000000,0,REST,1.000000,0.98294380,0.00019776,0.01583310,0.00022178,0.00080356
power_03,1,POWER,6,0.800000,300,400,0,REST,0.963950,0,REST,0,REST,1.000000,0,REST,1.000000,0,REST,1.000000,0,REST,1.000000,0.96395030,0.00061969,0.03371213,0.00028765,0.00143023
power_03,1,POWER,7,0.900000,350,450,0,REST,0.947315,0,REST,0,REST,1.000000,0,REST,1.000000,0,REST,1.000000,0,REST,1.000000,0.94731509,0.00346116,0.04451645,0.00207326,0.00263404
power_03,1,POWER,8,1.000000,400,500,0,REST,0.986396,0,REST,0,REST,1.000000,0,REST,1.000000,0,REST,1.000000,0,REST,1.000000,0.98639626,0.00608844,0.00230854,0.00307508,0.00213168
power_03,1,POWER,9,1.100000,450,550,0,REST,0.986175,0,REST,0,REST,1.000000,0,REST,1.000000,0,REST,1.000000,0,REST,1.000000,0.98617483,0.00613634,0.00286112,0.00243556,0.00239216
power_03,1,POWER,10,1.200000,500,600,0,REST,0.955123,0,REST,0,REST,1.000000,0,REST,1.000000,0,REST,1.000000,0,REST,1.000000,0.95512288,0.01364071,0.01505357,0.00777254,0.00841030
power_03,1,POWER,11,1.300000,550,650,0,REST,0.982130,0,REST,0,REST,1.000000,0,REST,1.000000,0,REST,1.000000,0,REST,1.000000,0.98212960,0.00550227,0.00224516,0.00929217,0.00083081
power_03,1,POWER,12,1.400000,600,700,0,REST,0.946821,0,REST,0,REST,1.000000,0,REST,1.000000,0,REST,1.000000,0,REST,1.000000,0.94682124,0.01327618,0.00691971,0.03124418,0.00173868
power_03,1,POWER,13,1.500000,650,750,0,REST,0.989320,0,REST,0,REST,1.000000,0,REST,1.000000,0,REST,1.000000,0,REST,1.000000,0.98932033,0.00222888,0.00542384,0.00146953,0.00155743
power_03,1,POWER,14,1.600000,700,800,0,REST,0.987516,0,REST,0,REST,1.000000,0,REST,1.000000,0,REST,1.000000,0,REST,1.000000,0.98751623,0.00243214,0.00695766,0.00108189,0.00201207
power_03,1,POWER,15,1.700000,750,850,0,REST,0.970835,0,REST,0,REST,1.000000,0,REST,1.000000,0,REST,1.000000,0,REST,1.000000,0.97083485,0.00813155,0.01371614,0.00389136,0.00342610
power_03,1,POWER,16,1.800000,800,900,0,REST,0.961246,0,REST,0,REST,1.000000,0,REST,1.000000,0,REST,1.000000,0,REST,1.000000,0.96124574,0.01217985,0.01588233,0.00699590,0.00369617
power_03,1,POWER,17,1.900000,850,950,0,REST,0.962202,0,REST,0,REST,1.000000,0,REST,1.000000,0,REST,1.000000,0,REST,1.000000,0.96220238,0.01390587,0.01243689,0.00936898,0.00208588
power_03,1,POWER,18,2.000000,900,1000,0,REST,0.964778,0,REST,0,REST,1.000000,0,REST,1.000000,0,REST,1.000000,0,REST,1.000000,0.96477831,0.01701415,0.01066308,0.00559624,0.00194823
power_03,1,POWER,19,2.100000,950,1050,0,REST,0.985009,0,REST,0,REST,1.000000,0,REST,1.000000,0,REST,1.000000,0,REST,1.000000,0.98500892,0.00317539,0.00962137,0.00090022,0.00129411
power_03,1,POWER,20,2.200000,1000,1100,0,REST,0.975951,0,REST,0,REST,1.000000,0,REST,1.000000,0,REST,1.000000,0,REST,1.000000,0.97595062,0.00302823,0.01815826,0.00143422,0.00142867
power_03,1,POWER,21,2.300000,1050,1150,0,REST,0.978235,0,REST,0,REST,1.000000,0,REST,1.000000,0,REST,1.000000,0,REST,1.000000,0.97823475,0.00266164,0.01608077,0.00070134,0.00232150
power_03,1,POWER,22,2.400000,1100,1200,0,REST,0.992037,0,REST,0,REST,1.000000,0,REST,1.000000,0,REST,1.000000,0,REST,1.000000,0.99203677,0.00063848,0.00501968,0.00054183,0.00176324
power_03,1,POWER,23,2.500000,1150,1250,0,REST,0.989262,0,REST,0,REST,1.000000,0,REST,1.000000,0,REST,1.000000,0,REST,1.000000,0.98926167,0.00215910,0.00432699,0.00295192,0.00130032
power_03,1,POWER,24,2.600000,1200,1300,0,REST,0.983228,0,REST,0,REST,1.000000,0,REST,1.000000,0,REST,1.000000,0,REST,1.000000,0.98322793,0.00441830,0.00833545,0.00146294,0.00255539
power_03,1,POWER,25,2.700000,1250,1350,0,REST,0.988969,0,REST,0,REST,1.000000,0,REST,1.000000,0,REST,1.000000,0,REST,1.000000,0.98896905,0.00168828,0.00709885,0.00024580,0.00199801
power_03,1,POWER,26,2.800000,1300,1400,0,REST,0.996831,0,REST,0,REST,1.000000,0,REST,1.000000,0,REST,1.000000,0,REST,1.000000,0.99683086,0.00034789,0.00143298,0.00037620,0.00101208
power_03,1,POWER,27,2.900000,1350,1450,0,REST,0.997130,0,REST,0,REST,1.000000,0,REST,1.000000,0,REST,1.000000,0,REST,1.000000,0.99712982,0.00041015,0.00126618,0.00023461,0.00095923
power_03,1,POWER,28,3.000000,1400,1500,0,REST,0.989341,0,REST,0,REST,1.000000,0,REST,1.000000,0,REST,1.000000,0,REST,1.000000,0.98934106,0.00278892,0.00578188,0.00033984,0.00174830
power_03,1,POWER,29,3.100000,1450,1550,0,REST,0.980784,0,REST,0,REST,1.000000,0,REST,1.000000,0,REST,1.000000,0,REST,1.000000,0.98078437,0.00525344,0.00877707,0.00127913,0.00390598
power_03,1,POWER,30,3.200000,1500,1600,0,REST,0.985074,0,REST,0,REST,1.000000,0,REST,1.000000,0,REST,1.000000,0,REST,1.000000,0.98507358,0.00329247,0.00699168,0.00076319,0.00387908
power_03,1,POWER,31,3.300000,1550,1650,1,POWER,0.833236,0,REST,0,REST,0.000000,0,REST,0.666667,0,REST,0.750000,0,REST,0.800000,0.07018275,0.83323567,0.02712672,0.03616111,0.03329374
power_03,1,POWER,32,3.400000,1600,1700,4,EXTENSION,0.937777,0,REST,0,REST,0.000000,0,REST,0.000000,0,REST,0.000000,0,REST,0.600000,0.00174776,0.02436119,0.03313128,0.00298315,0.93777662
power_03,1,POWER,33,3.500000,1650,1750,4,EXTENSION,0.983907,0,REST,4,EXTENSION,1.000000,4,EXTENSION,0.666667,0,REST,0.000000,0,REST,0.000000,0.00007965,0.00228639,0.00583077,0.00789645,0.98390674
power_03,1,POWER,34,3.600000,1700,1800,4,EXTENSION,0.897555,4,EXTENSION,4,EXTENSION,1.000000,4,EXTENSION,1.000000,4,EXTENSION,0.750000,4,EXTENSION,0.600000,0.00119684,0.02466528,0.03320509,0.04337742,0.89755537
power_03,1,POWER,35,3.700000,1750,1850,4,EXTENSION,0.767610,4,EXTENSION,4,EXTENSION,1.000000,4,EXTENSION,1.000000,4,EXTENSION,1.000000,4,EXTENSION,0.800000,0.00169272,0.06373999,0.10932005,0.05763740,0.76760984
power_03,1,POWER,36,3.800000,1800,1900,1,POWER,0.704799,4,EXTENSION,0,REST,0.000000,4,EXTENSION,0.666667,4,EXTENSION,0.750000,4,EXTENSION,0.800000,0.00516380,0.70479929,0.11916674,0.01321000,0.15766017
power_03,1,POWER,37,3.900000,1850,1950,1,POWER,0.558485,4,EXTENSION,1,POWER,1.000000,1,POWER,0.666667,0,REST,0.000000,4,EXTENSION,0.600000,0.01125189,0.55848513,0.26759166,0.02013827,0.14253305
power_03,1,POWER,38,4.000000,1900,2000,2,OPEN,0.719084,4,EXTENSION,0,REST,0.000000,1,POWER,0.666667,0,REST,0.000000,0,REST,0.000000,0.00426888,0.20394448,0.71908438,0.01622763,0.05647462
power_03,1,POWER,39,4.100000,1950,2050,0,REST,0.485310,4,EXTENSION,0,REST,0.000000,0,REST,0.000000,0,REST,0.000000,0,REST,0.000000,0.00917935,0.48530957,0.35520429,0.01497232,0.13533446
power_03,1,POWER,40,4.200000,2000,2100,1,POWER,0.776821,1,POWER,0,REST,0.000000,0,REST,0.000000,0,REST,0.000000,1,POWER,0.600000,0.00254161,0.77682082,0.05957125,0.01034627,0.15072005
power_03,1,POWER,41,4.300000,2050,2150,1,POWER,0.973719,1,POWER,1,POWER,1.000000,1,POWER,0.666667,0,REST,0.000000,1,POWER,0.600000,0.00021774,0.97371877,0.00034156,0.02546281,0.00025911
power_03,1,POWER,42,4.400000,2100,2200,1,POWER,0.971905,1,POWER,1,POWER,1.000000,1,POWER,1.000000,1,POWER,0.750000,1,POWER,0.600000,0.00026716,0.97190534,0.01260195,0.00442839,0.01079716
power_03,1,POWER,43,4.500000,2150,2250,1,POWER,0.946099,1,POWER,1,POWER,1.000000,1,POWER,1.000000,1,POWER,1.000000,1,POWER,0.800000,0.00393517,0.94609879,0.03513674,0.01051765,0.00431165
power_03,1,POWER,44,4.600000,2200,2300,1,POWER,0.967003,1,POWER,1,POWER,1.000000,1,POWER,1.000000,1,POWER,1.000000,1,POWER,1.000000,0.00548066,0.96700321,0.00072930,0.02623862,0.00054821
power_03,1,POWER,45,4.700000,2250,2350,1,POWER,0.929644,1,POWER,1,POWER,1.000000,1,POWER,1.000000,1,POWER,1.000000,1,POWER,1.000000,0.00045579,0.92964378,0.00246708,0.06594996,0.00148340
power_03,1,POWER,46,4.800000,2300,2400,1,POWER,0.941999,1,POWER,1,POWER,1.000000,1,POWER,1.000000,1,POWER,1.000000,1,POWER,1.000000,0.00048265,0.94199859,0.01749092,0.03241916,0.00760867
power_03,1,POWER,47,4.900000,2350,2450,1,POWER,0.979803,1,POWER,1,POWER,1.000000,1,POWER,1.000000,1,POWER,1.000000,1,POWER,1.000000,0.00013323,0.97980331,0.00123174,0.01682965,0.00200206
power_03,1,POWER,48,5.000000,2400,2500,1,POWER,0.932586,1,POWER,1,POWER,1.000000,1,POWER,1.000000,1,POWER,1.000000,1,POWER,1.000000,0.00233630,0.93258620,0.00909815,0.03189966,0.02407969
power_04,1,POWER,0,0.200000,0,100,0,REST,0.411587,0,REST,0,REST,0.000000,0,REST,0.000000,0,REST,0.000000,0,REST,0.000000,0.41158679,0.11563397,0.18088759,0.19096962,0.10092202
power_04,1,POWER,1,0.300000,50,150,0,REST,0.904801,0,REST,0,REST,1.000000,0,REST,0.666667,0,REST,0.000000,0,REST,0.000000,0.90480102,0.01201710,0.03136458,0.01565672,0.03616058
power_04,1,POWER,2,0.400000,100,200,0,REST,0.991325,0,REST,0,REST,1.000000,0,REST,1.000000,0,REST,0.750000,0,REST,0.600000,0.99132460,0.00152561,0.00353663,0.00143179,0.00218136
power_04,1,POWER,3,0.500000,150,250,0,REST,0.995833,0,REST,0,REST,1.000000,0,REST,1.000000,0,REST,1.000000,0,REST,0.800000,0.99583312,0.00019365,0.00306175,0.00034546,0.00056602
power_04,1,POWER,4,0.600000,200,300,0,REST,0.994400,0,REST,0,REST,1.000000,0,REST,1.000000,0,REST,1.000000,0,REST,1.000000,0.99439971,0.00009459,0.00489049,0.00020324,0.00041197
power_04,1,POWER,5,0.700000,250,350,0,REST,0.994824,0,REST,0,REST,1.000000,0,REST,1.000000,0,REST,1.000000,0,REST,1.000000,0.99482375,0.00011534,0.00455751,0.00021672,0.00028668
power_04,1,POWER,6,0.800000,300,400,0,REST,0.992812,0,REST,0,REST,1.000000,0,REST,1.000000,0,REST,1.000000,0,REST,1.000000,0.99281241,0.00039527,0.00613257,0.00042731,0.00023244
power_04,1,POWER,7,0.900000,350,450,0,REST,0.934531,0,REST,0,REST,1.000000,0,REST,1.000000,0,REST,1.000000,0,REST,1.000000,0.93453122,0.00285879,0.06128388,0.00066569,0.00066041
power_04,1,POWER,8,1.000000,400,500,0,REST,0.959585,0,REST,0,REST,1.000000,0,REST,1.000000,0,REST,1.000000,0,REST,1.000000,0.95958496,0.03071928,0.00744496,0.00161224,0.00063856
power_04,1,POWER,9,1.100000,450,550,0,REST,0.984116,0,REST,0,REST,1.000000,0,REST,1.000000,0,REST,1.000000,0,REST,1.000000,0.98411566,0.00519296,0.00288193,0.00342669,0.00438276
power_04,1,POWER,10,1.200000,500,600,0,REST,0.987984,0,REST,0,REST,1.000000,0,REST,1.000000,0,REST,1.000000,0,REST,1.000000,0.98798415,0.00213822,0.00323495,0.00269843,0.00394425
power_04,1,POWER,11,1.300000,550,650,0,REST,0.994062,0,REST,0,REST,1.000000,0,REST,1.000000,0,REST,1.000000,0,REST,1.000000,0.99406185,0.00166918,0.00197956,0.00158018,0.00070923
power_04,1,POWER,12,1.400000,600,700,0,REST,0.996642,0,REST,0,REST,1.000000,0,REST,1.000000,0,REST,1.000000,0,REST,1.000000,0.99664161,0.00063158,0.00100444,0.00105500,0.00066737
power_04,1,POWER,13,1.500000,650,750,0,REST,0.975909,0,REST,0,REST,1.000000,0,REST,1.000000,0,REST,1.000000,0,REST,1.000000,0.97590898,0.01182563,0.00837691,0.00215838,0.00173010
power_04,1,POWER,14,1.600000,700,800,0,REST,0.988099,0,REST,0,REST,1.000000,0,REST,1.000000,0,REST,1.000000,0,REST,1.000000,0.98809884,0.00591074,0.00394880,0.00130286,0.00073876
power_04,1,POWER,15,1.700000,750,850,0,REST,0.995266,0,REST,0,REST,1.000000,0,REST,1.000000,0,REST,1.000000,0,REST,1.000000,0.99526594,0.00060209,0.00223313,0.00054286,0.00135598
power_04,1,POWER,16,1.800000,800,900,0,REST,0.991392,0,REST,0,REST,1.000000,0,REST,1.000000,0,REST,1.000000,0,REST,1.000000,0.99139177,0.00108142,0.00489822,0.00043275,0.00219584
power_04,1,POWER,17,1.900000,850,950,0,REST,0.992560,0,REST,0,REST,1.000000,0,REST,1.000000,0,REST,1.000000,0,REST,1.000000,0.99255977,0.00129270,0.00392525,0.00063953,0.00158276
power_04,1,POWER,18,2.000000,900,1000,0,REST,0.989944,0,REST,0,REST,1.000000,0,REST,1.000000,0,REST,1.000000,0,REST,1.000000,0.98994379,0.00250414,0.00503703,0.00078287,0.00173218
power_04,1,POWER,19,2.100000,950,1050,0,REST,0.981016,0,REST,0,REST,1.000000,0,REST,1.000000,0,REST,1.000000,0,REST,1.000000,0.98101593,0.00631895,0.00969961,0.00105910,0.00190641
power_04,1,POWER,20,2.200000,1000,1100,0,REST,0.990518,0,REST,0,REST,1.000000,0,REST,1.000000,0,REST,1.000000,0,REST,1.000000,0.99051792,0.00484803,0.00287316,0.00065096,0.00110993
power_04,1,POWER,21,2.300000,1050,1150,0,REST,0.996404,0,REST,0,REST,1.000000,0,REST,1.000000,0,REST,1.000000,0,REST,1.000000,0.99640443,0.00079046,0.00160623,0.00022701,0.00097186
power_04,1,POWER,22,2.400000,1100,1200,0,REST,0.994126,0,REST,0,REST,1.000000,0,REST,1.000000,0,REST,1.000000,0,REST,1.000000,0.99412634,0.00216874,0.00184711,0.00021069,0.00164712
power_04,1,POWER,23,2.500000,1150,1250,0,REST,0.989524,0,REST,0,REST,1.000000,0,REST,1.000000,0,REST,1.000000,0,REST,1.000000,0.98952420,0.00696409,0.00166195,0.00028933,0.00156042
power_04,1,POWER,24,2.600000,1200,1300,0,REST,0.995675,0,REST,0,REST,1.000000,0,REST,1.000000,0,REST,1.000000,0,REST,1.000000,0.99567518,0.00104071,0.00198194,0.00064451,0.00065766
power_04,1,POWER,25,2.700000,1250,1350,0,REST,0.997150,0,REST,0,REST,1.000000,0,REST,1.000000,0,REST,1.000000,0,REST,1.000000,0.99714964,0.00033840,0.00153290,0.00053283,0.00044623
power_04,1,POWER,26,2.800000,1300,1400,0,REST,0.997058,0,REST,0,REST,1.000000,0,REST,1.000000,0,REST,1.000000,0,REST,1.000000,0.99705803,0.00029825,0.00179832,0.00027132,0.00057408
power_04,1,POWER,27,2.900000,1350,1450,0,REST,0.990842,0,REST,0,REST,1.000000,0,REST,1.000000,0,REST,1.000000,0,REST,1.000000,0.99084164,0.00135270,0.00421374,0.00280230,0.00078962
power_04,1,POWER,28,3.000000,1400,1500,0,REST,0.970789,0,REST,0,REST,1.000000,0,REST,1.000000,0,REST,1.000000,0,REST,1.000000,0.97078853,0.02146944,0.00215103,0.00462838,0.00096262
power_04,1,POWER,29,3.100000,1450,1550,1,POWER,0.724896,0,REST,0,REST,0.000000,0,REST,0.666667,0,REST,0.750000,0,REST,0.800000,0.06500687,0.72489552,0.00717682,0.10166692,0.10125386
power_04,1,POWER,30,3.200000,1500,1600,0,REST,0.443984,0,REST,0,REST,0.000000,0,REST,0.666667,0,REST,0.750000,0,REST,0.800000,0.00521493,0.38487386,0.07826961,0.44398420,0.08765741
power_04,1,POWER,31,3.300000,1550,1650,0,REST,0.463269,0,REST,0,REST,1.000000,0,REST,0.666667,0,REST,0.750000,0,REST,0.800000,0.00199536,0.40185765,0.05599958,0.07687844,0.46326897
power_04,1,POWER,32,3.400000,1600,1700,0,REST,0.403074,0,REST,0,REST,1.000000,0,REST,1.000000,0,REST,0.750000,0,REST,0.800000,0.01335307,0.40307399,0.14131595,0.05107796,0.39117904
power_04,1,POWER,33,3.500000,1650,1750,0,REST,0.312204,0,REST,0,REST,1.000000,0,REST,1.000000,0,REST,1.000000,0,REST,0.800000,0.01470539,0.31220359,0.14218281,0.22484663,0.30606157
power_04,1,POWER,34,3.600000,1700,1800,3,FLEXION,0.606054,0,REST,0,REST,0.000000,0,REST,0.666667,0,REST,0.750000,0,REST,0.800000,0.00754049,0.12395653,0.03678089,0.60605422,0.22566787
power_04,1,POWER,35,3.700000,1750,1850,0,REST,0.465366,0,REST,0,REST,0.000000,0,REST,0.666667,0,REST,0.750000,0,REST,0.800000,0.00356462,0.15698764,0.07040803,0.46536641,0.30367331
power_04,1,POWER,36,3.800000,1800,1900,0,REST,0.309272,0,REST,0,REST,1.000000,0,REST,0.666667,0,REST,0.750000,0,REST,0.800000,0.00918770,0.28781797,0.30927206,0.14426411,0.24945815
power_04,1,POWER,37,3.900000,1850,1950,0,REST,0.415140,0,REST,0,REST,1.000000,0,REST,1.000000,0,REST,0.750000,0,REST,0.800000,0.00583584,0.21293766,0.41513990,0.07935822,0.28672837
power_04,1,POWER,38,4.000000,1900,2000,1,POWER,0.583138,0,REST,0,REST,0.000000,0,REST,0.666667,0,REST,0.750000,0,REST,0.600000,0.00517440,0.58313810,0.14098663,0.20963538,0.06106549
power_04,1,POWER,39,4.100000,1950,2050,1,POWER,0.732797,0,REST,1,POWER,1.000000,1,POWER,0.666667,0,REST,0.000000,0,REST,0.600000,0.00169024,0.73279655,0.07361062,0.15330430,0.03859830
power_04,1,POWER,40,4.200000,2000,2100,0,REST,0.451091,0,REST,0,REST,0.000000,1,POWER,0.666667,0,REST,0.000000,0,REST,0.600000,0.00289238,0.45109125,0.32778944,0.04042089,0.17780605
power_04,1,POWER,41,4.300000,2050,2150,1,POWER,0.828888,1,POWER,0,REST,0.000000,1,POWER,0.666667,1,POWER,0.750000,1,POWER,0.600000,0.00058516,0.82888815,0.06888865,0.02578804,0.07584999
power_04,1,POWER,42,4.400000,2100,2200,1,POWER,0.858585,1,POWER,1,POWER,1.000000,1,POWER,0.666667,1,POWER,0.750000,1,POWER,0.800000,0.00036652,0.85858474,0.00773272,0.12552798,0.00778804
power_04,1,POWER,43,4.500000,2150,2250,1,POWER,0.903196,1,POWER,1,POWER,1.000000,1,POWER,1.000000,1,POWER,0.750000,1,POWER,0.800000,0.00048352,0.90319590,0.00705179,0.08653259,0.00273619
power_04,1,POWER,44,4.600000,2200,2300,1,POWER,0.880784,1,POWER,1,POWER,1.000000,1,POWER,1.000000,1,POWER,1.000000,1,POWER,0.800000,0.00098009,0.88078443,0.02822149,0.03772969,0.05228429
power_04,1,POWER,45,4.700000,2250,2350,1,POWER,0.771175,1,POWER,1,POWER,1.000000,1,POWER,1.000000,1,POWER,1.000000,1,POWER,1.000000,0.00042075,0.77117509,0.01439348,0.21069434,0.00331634
power_04,1,POWER,46,4.800000,2300,2400,1,POWER,0.850473,1,POWER,1,POWER,1.000000,1,POWER,1.000000,1,POWER,1.000000,1,POWER,1.000000,0.00065550,0.85047265,0.00371885,0.14216547,0.00298753
power_05,1,POWER,0,0.200000,0,100,0,REST,0.424244,0,REST,0,REST,0.000000,0,REST,0.000000,0,REST,0.000000,0,REST,0.000000,0.42424385,0.11497257,0.17992484,0.18362461,0.09723413
power_05,1,POWER,1,0.300000,50,150,0,REST,0.894013,0,REST,0,REST,1.000000,0,REST,0.666667,0,REST,0.000000,0,REST,0.000000,0.89401287,0.01376071,0.03333766,0.01815192,0.04073684
power_05,1,POWER,2,0.400000,100,200,0,REST,0.991079,0,REST,0,REST,1.000000,0,REST,1.000000,0,REST,0.750000,0,REST,0.600000,0.99107944,0.00160951,0.00348441,0.00153681,0.00228983
power_05,1,POWER,3,0.500000,150,250,0,REST,0.996017,0,REST,0,REST,1.000000,0,REST,1.000000,0,REST,1.000000,0,REST,0.800000,0.99601650,0.00019445,0.00287295,0.00035271,0.00056339
power_05,1,POWER,4,0.600000,200,300,0,REST,0.995178,0,REST,0,REST,1.000000,0,REST,1.000000,0,REST,1.000000,0,REST,1.000000,0.99517784,0.00015992,0.00405096,0.00029164,0.00031964
power_05,1,POWER,5,0.700000,250,350,0,REST,0.991831,0,REST,0,REST,1.000000,0,REST,1.000000,0,REST,1.000000,0,REST,1.000000,0.99183112,0.00038957,0.00718705,0.00032560,0.00026666
power_05,1,POWER,6,0.800000,300,400,0,REST,0.982183,0,REST,0,REST,1.000000,0,REST,1.000000,0,REST,1.000000,0,REST,1.000000,0.98218290,0.00174347,0.01483441,0.00090692,0.00033230
power_05,1,POWER,7,0.900000,350,450,0,REST,0.913486,0,REST,0,REST,1.000000,0,REST,1.000000,0,REST,1.000000,0,REST,1.000000,0.91348564,0.07259589,0.00878158,0.00369457,0.00144231
power_05,1,POWER,8,1.000000,400,500,0,REST,0.938403,0,REST,0,REST,1.000000,0,REST,1.000000,0,REST,1.000000,0,REST,1.000000,0.93840341,0.04589695,0.00860343,0.00353528,0.00356093
power_05,1,POWER,9,1.100000,450,550,0,REST,0.986434,0,REST,0,REST,1.000000,0,REST,1.000000,0,REST,1.000000,0,REST,1.000000,0.98643389,0.00304388,0.00241199,0.00227451,0.00583573
power_05,1,POWER,10,1.200000,500,600,0,REST,0.974039,0,REST,0,REST,1.000000,0,REST,1.000000,0,REST,1.000000,0,REST,1.000000,0.97403859,0.01295341,0.00534011,0.00484982,0.00281808
power_05,1,POWER,11,1.300000,550,650,0,REST,0.942727,0,REST,0,REST,1.000000,0,REST,1.000000,0,REST,1.000000,0,REST,1.000000,0.94272718,0.04717224,0.00546883,0.00332369,0.00130807
power_05,1,POWER,12,1.400000,600,700,0,REST,0.935362,0,REST,0,REST,1.000000,0,REST,1.000000,0,REST,1.000000,0,REST,1.000000,0.93536223,0.05623584,0.00481299,0.00247952,0.00110942
power_05,1,POWER,13,1.500000,650,750,0,REST,0.944954,0,REST,0,REST,1.000000,0,REST,1.000000,0,REST,1.000000,0,REST,1.000000,0.94495358,0.04854401,0.00248308,0.00304333,0.00097601
power_05,1,POWER,14,1.600000,700,800,0,REST,0.968438,0,REST,0,REST,1.000000,0,REST,1.000000,0,REST,1.000000,0,REST,1.000000,0.96843781,0.02569027,0.00228933,0.00264207,0.00094052
power_05,1,POWER,15,1.700000,750,850,0,REST,0.988914,0,REST,0,REST,1.000000,0,REST,1.000000,0,REST,1.000000,0,REST,1.000000,0.98891379,0.00225619,0.00452831,0.00228529,0.00201643
power_05,1,POWER,16,1.800000,800,900,0,REST,0.966065,0,REST,0,REST,1.000000,0,REST,1.000000,0,REST,1.000000,0,REST,1.000000,0.96606487,0.02365143,0.00603829,0.00304487,0.00120055
power_05,1,POWER,17,1.900000,850,950,0,REST,0.918165,0,REST,0,REST,1.000000,0,REST,1.000000,0,REST,1.000000,0,REST,1.000000,0.91816468,0.06826868,0.00491663,0.00710967,0.00154034
power_05,1,POWER,18,2.000000,900,1000,0,REST,0.959837,0,REST,0,REST,1.000000,0,REST,1.000000,0,REST,1.000000,0,REST,1.000000,0.95983681,0.02908376,0.00431926,0.00455256,0.00220761
power_05,1,POWER,19,2.100000,950,1050,0,REST,0.934029,0,REST,0,REST,1.000000,0,REST,1.000000,0,REST,1.000000,0,REST,1.000000,0.93402918,0.04566792,0.00545833,0.01210310,0.00274147
power_05,1,POWER,20,2.200000,1000,1100,0,REST,0.987143,0,REST,0,REST,1.000000,0,REST,1.000000,0,REST,1.000000,0,REST,1.000000,0.98714296,0.00440329,0.00247752,0.00492468,0.00105155
power_05,1,POWER,21,2.300000,1050,1150,0,REST,0.991538,0,REST,0,REST,1.000000,0,REST,1.000000,0,REST,1.000000,0,REST,1.000000,0.99153777,0.00190760,0.00336668,0.00215084,0.00103711
power_05,1,POWER,22,2.400000,1100,1200,0,REST,0.991817,0,REST,0,REST,1.000000,0,REST,1.000000,0,REST,1.000000,0,REST,1.000000,0.99181723,0.00373453,0.00090680,0.00253978,0.00100167
power_05,1,POWER,23,2.500000,1150,1250,0,REST,0.993451,0,REST,0,REST,1.000000,0,REST,1.000000,0,REST,1.000000,0,REST,1.000000,0.99345129,0.00255480,0.00083541,0.00119446,0.00196403
power_05,1,POWER,24,2.600000,1200,1300,0,REST,0.991894,0,REST,0,REST,1.000000,0,REST,1.000000,0,REST,1.000000,0,REST,1.000000,0.99189358,0.00137978,0.00188508,0.00366831,0.00117326
power_05,1,POWER,25,2.700000,1250,1350,0,REST,0.987605,0,REST,0,REST,1.000000,0,REST,1.000000,0,REST,1.000000,0,REST,1.000000,0.98760492,0.00179932,0.00745437,0.00167271,0.00146867
power_05,1,POWER,26,2.800000,1300,1400,0,REST,0.990785,0,REST,0,REST,1.000000,0,REST,1.000000,0,REST,1.000000,0,REST,1.000000,0.99078513,0.00224615,0.00439628,0.00118829,0.00138415
power_05,1,POWER,27,2.900000,1350,1450,0,REST,0.758556,0,REST,0,REST,1.000000,0,REST,1.000000,0,REST,1.000000,0,REST,1.000000,0.75855635,0.17774876,0.00445812,0.05601951,0.00321725
power_05,1,POWER,28,3.000000,1400,1500,0,REST,0.570556,0,REST,0,REST,1.000000,0,REST,1.000000,0,REST,1.000000,0,REST,1.000000,0.57055640,0.36959817,0.02082120,0.03124960,0.00777463
power_05,1,POWER,29,3.100000,1450,1550,4,EXTENSION,0.878616,0,REST,0,REST,0.000000,0,REST,0.666667,0,REST,0.750000,0,REST,0.800000,0.00078701,0.04295101,0.06032150,0.01732484,0.87861563
power_05,1,POWER,30,3.200000,1500,1600,4,EXTENSION,0.948989,0,REST,4,EXTENSION,1.000000,4,EXTENSION,0.666667,0,REST,0.000000,0,REST,0.600000,0.00012394,0.01636959,0.00347953,0.03103838,0.94898856
power_05,1,POWER,31,3.300000,1550,1650,4,EXTENSION,0.977888,4,EXTENSION,4,EXTENSION,1.000000,4,EXTENSION,1.000000,4,EXTENSION,0.750000,4,EXTENSION,0.600000,0.00000187,0.00165998,0.00205686,0.01839370,0.97788758
power_05,1,POWER,32,3.400000,1600,1700,0,REST,0.545922,4,EXTENSION,0,REST,0.000000,4,EXTENSION,0.666667,4,EXTENSION,0.750000,4,EXTENSION,0.600000,0.00180411,0.05526241,0.03937330,0.35763791,0.54592228
power_05,1,POWER,33,3.500000,1650,1750,0,REST,0.374950,4,EXTENSION,0,REST,1.000000,0,REST,0.666667,0,REST,0.000000,4,EXTENSION,0.600000,0.00731948,0.36461587,0.07263210,0.37495005,0.18048250
power_05,1,POWER,34,3.600000,1700,1800,0,REST,0.421515,0,REST,0,REST,1.000000,0,REST,1.000000,0,REST,0.750000,0,REST,0.600000,0.00349697,0.33786697,0.12020669,0.11691482,0.42151456
power_05,1,POWER,35,3.700000,1750,1850,1,POWER,0.953004,0,REST,0,REST,0.000000,0,REST,0.666667,0,REST,0.750000,0,REST,0.600000,0.00001879,0.95300386,0.00296004,0.03954991,0.00446740
power_05,1,POWER,36,3.800000,1800,1900,1,POWER,0.972034,0,REST,1,POWER,1.000000,1,POWER,0.666667,0,REST,0.000000,0,REST,0.600000,0.00023716,0.97203393,0.00041329,0.02720196,0.00011365
power_05,1,POWER,37,3.900000,1850,1950,0,REST,0.392440,0,REST,0,REST,0.000000,1,POWER,0.666667,0,REST,0.000000,0,REST,0.600000,0.00950105,0.20483463,0.39244025,0.21708957,0.17613451
power_05,1,POWER,38,4.000000,1900,2000,2,OPEN,0.732218,0,REST,0,REST,0.000000,0,REST,0.000000,0,REST,0.000000,0,REST,0.000000,0.00083069,0.04549305,0.73221848,0.02211928,0.19933850
power_05,1,POWER,39,4.100000,1950,2050,1,POWER,0.781550,1,POWER,0,REST,0.000000,0,REST,0.000000,0,REST,0.000000,1,POWER,0.600000,0.00238017,0.78154994,0.06395912,0.02640886,0.12570192
power_05,1,POWER,40,4.200000,2000,2100,1,POWER,0.920179,1,POWER,1,POWER,1.000000,1,POWER,0.666667,0,REST,0.000000,1,POWER,0.600000,0.00008829,0.92017879,0.01162610,0.06327711,0.00482972
power_05,1,POWER,41,4.300000,2050,2150,1,POWER,0.570646,1,POWER,1,POWER,1.000000,1,POWER,1.000000,1,POWER,0.750000,1,POWER,0.600000,0.00243836,0.57064584,0.28760061,0.05241557,0.08689962
power_05,1,POWER,42,4.400000,2100,2200,2,OPEN,0.554162,1,POWER,0,REST,0.000000,1,POWER,0.666667,1,POWER,0.750000,1,POWER,0.600000,0.00471770,0.26425999,0.55416248,0.06184117,0.11501867
power_05,1,POWER,43,4.500000,2150,2250,2,OPEN,0.812056,1,POWER,2,OPEN,1.000000,2,OPEN,0.666667,0,REST,0.000000,1,POWER,0.600000,0.00107093,0.05463242,0.81205648,0.02876674,0.10347343
power_05,1,POWER,44,4.600000,2200,2300,2,OPEN,0.645252,2,OPEN,2,OPEN,1.000000,2,OPEN,1.000000,2,OPEN,0.750000,2,OPEN,0.600000,0.00035005,0.25721975,0.64525214,0.01264324,0.08453482
power_05,1,POWER,45,4.700000,2250,2350,1,POWER,0.803477,2,OPEN,0,REST,0.000000,2,OPEN,0.666667,2,OPEN,0.750000,2,OPEN,0.600000,0.00087720,0.80347671,0.10891151,0.05191941,0.03481518
power_05,1,POWER,46,4.800000,2300,2400,0,REST,0.515631,2,OPEN,0,REST,0.000000,0,REST,0.000000,0,REST,0.000000,2,OPEN,0.600000,0.00492914,0.51563060,0.29162193,0.09508957,0.09272876
power_05,1,POWER,47,4.900000,2350,2450,0,REST,0.442967,2,OPEN,0,REST,1.000000,0,REST,0.666667,0,REST,0.000000,0,REST,0.000000,0.00284810,0.44296698,0.36890393,0.01880210,0.16647890
power_05,1,POWER,48,5.000000,2400,2500,1,POWER,0.872450,2,OPEN,0,REST,0.000000,0,REST,0.666667,0,REST,0.000000,0,REST,0.000000,0.00017839,0.87244972,0.06759223,0.00592287,0.05385680
power_05,1,POWER,49,5.100000,2450,2550,1,POWER,0.928745,1,POWER,1,POWER,1.000000,1,POWER,0.666667,0,REST,0.000000,1,POWER,0.600000,0.00019502,0.92874469,0.03027870,0.00766325,0.03311834
power_05,1,POWER,50,5.200000,2500,2600,1,POWER,0.965987,1,POWER,1,POWER,1.000000,1,POWER,1.000000,1,POWER,0.750000,1,POWER,0.600000,0.00006686,0.96598702,0.00810945,0.02428298,0.00155370
power_05,1,POWER,51,5.300000,2550,2650,1,POWER,0.935143,1,POWER,1,POWER,1.000000,1,POWER,1.000000,1,POWER,1.000000,1,POWER,0.800000,0.00007903,0.93514270,0.01581152,0.04280662,0.00616012
power_05,1,POWER,52,5.400000,2600,2700,0,REST,0.494238,1,POWER,0,REST,0.000000,1,POWER,0.666667,1,POWER,0.750000,1,POWER,0.800000,0.00079785,0.46181199,0.02242916,0.49423823,0.02072276
power_05,1,POWER,53,5.500000,2650,2750,1,POWER,0.730718,1,POWER,0,REST,0.000000,1,POWER,0.666667,1,POWER,0.750000,1,POWER,0.800000,0.00014640,0.73071849,0.00007372,0.26904958,0.00001180
