trial_id,gesture_label,gesture_name,repeat_index,stage,frame_index,prediction_time_s,raw_label,raw_name,smoothed_label,smoothed_name,confidence,proportional,window_start_sample,window_end_sample,prob_rest,prob_power,prob_open,prob_flexion,prob_extension
power_01,1,POWER,1,countdown,0,0.203404,3,FLEXION,3,FLEXION,0.932849,1.000000,0,100,0.00000060,0.06653130,0.00061900,0.93284893,0.00000016
power_01,1,POWER,1,countdown,1,0.300759,4,EXTENSION,3,FLEXION,0.944343,0.417916,50,150,0.00549789,0.02180660,0.02569010,0.00266273,0.94434267
power_01,1,POWER,1,countdown,2,0.404610,1,POWER,3,FLEXION,0.667751,0.129700,100,200,0.03690619,0.66775131,0.15855878,0.01877703,0.11800669
power_01,1,POWER,1,countdown,3,0.500594,1,POWER,3,FLEXION,0.929090,0.000000,150,250,0.02318676,0.92909037,0.04617569,0.00138944,0.00015774
power_01,1,POWER,1,countdown,4,0.600353,1,POWER,1,POWER,0.903770,0.022087,200,300,0.02305151,0.90377009,0.07225170,0.00092605,0.00000065
power_01,1,POWER,1,countdown,5,0.701135,0,REST,1,POWER,0.492371,0.000000,250,350,0.49237088,0.14013150,0.36654407,0.00095345,0.00000010
power_01,1,POWER,1,countdown,6,0.801535,0,REST,1,POWER,0.957407,0.000000,300,400,0.95740663,0.00846138,0.03409684,0.00003513,0.00000001
power_01,1,POWER,1,countdown,7,0.901301,0,REST,0,REST,0.995671,0.000000,350,450,0.99567102,0.00199789,0.00231104,0.00002004,0.00000000
power_01,1,POWER,1,countdown,8,1.002607,0,REST,0,REST,0.999338,0.000000,400,500,0.99933771,0.00020797,0.00044626,0.00000806,0.00000000
power_01,1,POWER,1,countdown,9,1.101258,0,REST,0,REST,0.997071,0.000000,450,550,0.99707085,0.00045312,0.00246664,0.00000939,0.00000000
power_01,1,POWER,1,countdown,10,1.201327,0,REST,0,REST,0.994266,0.000000,500,600,0.99426624,0.00200089,0.00372474,0.00000812,0.00000000
power_01,1,POWER,1,countdown,11,1.301756,0,REST,0,REST,0.999782,0.000000,550,650,0.99978198,0.00006499,0.00015279,0.00000024,0.00000000
power_01,1,POWER,1,countdown,12,1.401961,0,REST,0,REST,0.999889,0.000000,600,700,0.99988867,0.00003040,0.00008018,0.00000075,0.00000000
power_01,1,POWER,1,countdown,13,1.501622,0,REST,0,REST,0.997592,0.000000,650,750,0.99759247,0.00201238,0.00036608,0.00002908,0.00000000
power_01,1,POWER,1,countdown,14,1.602202,0,REST,0,REST,0.997491,0.000000,700,800,0.99749081,0.00198992,0.00051737,0.00000191,0.00000000
power_01,1,POWER,1,countdown,15,1.704304,0,REST,0,REST,0.999039,0.000000,750,850,0.99903928,0.00019369,0.00076685,0.00000018,0.00000000
power_01,1,POWER,1,countdown,16,1.802768,0,REST,0,REST,0.998427,0.000000,800,900,0.99842746,0.00023798,0.00133400,0.00000056,0.00000000
power_01,1,POWER,1,countdown,17,1.902901,0,REST,0,REST,0.997272,0.000000,850,950,0.99727214,0.00197721,0.00074762,0.00000303,0.00000000
power_01,1,POWER,1,countdown,18,2.004579,0,REST,0,REST,0.993971,0.000000,900,1000,0.99397135,0.00523519,0.00078590,0.00000755,0.00000000
power_01,1,POWER,1,countdown,19,2.103299,0,REST,0,REST,0.995249,0.000000,950,1050,0.99524939,0.00425390,0.00049218,0.00000453,0.00000000
power_01,1,POWER,1,countdown,20,2.204497,0,REST,0,REST,0.999376,0.000000,1000,1100,0.99937552,0.00051245,0.00011140,0.00000063,0.00000000
power_01,1,POWER,1,countdown,21,2.304508,0,REST,0,REST,0.999712,0.000000,1050,1150,0.99971177,0.00016654,0.00012066,0.00000102,0.00000000
power_01,1,POWER,1,countdown,22,2.411716,0,REST,0,REST,0.998954,0.000000,1100,1200,0.99895408,0.00076722,0.00027146,0.00000724,0.00000000
power_01,1,POWER,1,countdown,23,2.503183,0,REST,0,REST,0.999681,0.000000,1150,1250,0.99968125,0.00020747,0.00010898,0.00000230,0.00000000
power_01,1,POWER,1,countdown,24,2.603310,0,REST,0,REST,0.999806,0.000000,1200,1300,0.99980609,0.00009417,0.00009917,0.00000057,0.00000000
power_01,1,POWER,1,countdown,25,2.705113,0,REST,0,REST,0.999679,0.000000,1250,1350,0.99967910,0.00022828,0.00009161,0.00000101,0.00000000
power_01,1,POWER,1,countdown,26,2.804418,0,REST,0,REST,0.999404,0.000000,1300,1400,0.99940373,0.00047103,0.00012277,0.00000247,0.00000000
power_01,1,POWER,1,countdown,27,2.904074,0,REST,0,REST,0.996613,0.000000,1350,1450,0.99661341,0.00262865,0.00075160,0.00000635,0.00000000
power_01,1,POWER,1,active,28,3.003742,1,POWER,0,REST,0.717259,0.000000,1400,1500,0.22724715,0.71725917,0.05504126,0.00045208,0.00000035
power_01,1,POWER,1,active,29,3.104300,1,POWER,0,REST,0.915747,0.000000,1450,1550,0.00014163,0.91574690,0.08359120,0.00019224,0.00032804
power_01,1,POWER,1,active,30,3.204418,3,FLEXION,0,REST,0.749792,0.000000,1500,1600,0.00000002,0.25012882,0.00007847,0.74979240,0.00000029
power_01,1,POWER,1,active,31,3.307312,3,FLEXION,0,REST,0.824745,0.000000,1550,1650,0.00000000,0.17518881,0.00005889,0.82474528,0.00000702
power_01,1,POWER,1,active,32,3.404950,1,POWER,1,POWER,0.989360,1.000000,1600,1700,0.00000000,0.98935978,0.00003602,0.01060412,0.00000008
power_01,1,POWER,1,active,33,3.505444,3,FLEXION,3,FLEXION,0.934995,1.000000,1650,1750,0.00000000,0.06500499,0.00000000,0.93499501,0.00000000
power_01,1,POWER,1,active,34,3.609645,3,FLEXION,3,FLEXION,0.999751,0.853215,1700,1800,0.00000000,0.00024920,0.00000000,0.99975080,0.00000000
power_01,1,POWER,1,active,35,3.705216,3,FLEXION,3,FLEXION,0.999952,0.701268,1750,1850,0.00000000,0.00004845,0.00000000,0.99995155,0.00000000
power_01,1,POWER,1,active,36,3.805553,3,FLEXION,3,FLEXION,0.950628,0.609032,1800,1900,0.00001916,0.04913151,0.00022167,0.95062763,0.00000002
power_01,1,POWER,1,active,37,3.905642,2,OPEN,3,FLEXION,0.772494,0.532046,1850,1950,0.00018513,0.22466528,0.77249363,0.00265027,0.00000569
power_01,1,POWER,1,active,38,4.005206,1,POWER,3,FLEXION,0.895495,0.504593,1900,2000,0.00001663,0.89549528,0.06729482,0.03719327,0.00000000
power_01,1,POWER,1,active,39,4.106011,3,FLEXION,3,FLEXION,0.810348,0.520262,1950,2050,0.00000002,0.18960078,0.00005139,0.81034781,0.00000000
power_01,1,POWER,1,active,40,4.209930,3,FLEXION,3,FLEXION,0.690462,0.512015,2000,2100,0.00000035,0.30947779,0.00005945,0.69046242,0.00000000
power_01,1,POWER,1,active,41,4.306251,1,POWER,3,FLEXION,0.767829,0.498233,2050,2150,0.00000134,0.76782892,0.00019718,0.23197256,0.00000000
power_01,1,POWER,1,active,42,4.407978,3,FLEXION,3,FLEXION,0.987475,0.499240,2100,2200,0.00000002,0.01252209,0.00000338,0.98747451,0.00000000
power_01,1,POWER,1,active,43,4.505772,3,FLEXION,3,FLEXION,0.962659,0.514303,2150,2250,0.00001433,0.03732242,0.00000272,0.96265886,0.00000167
power_01,1,POWER,1,active,44,4.607009,3,FLEXION,3,FLEXION,0.640997,0.603321,2200,2300,0.00000048,0.35900287,0.00000001,0.64099664,0.00000000
power_01,1,POWER,1,active,45,4.706475,1,POWER,3,FLEXION,0.665518,0.559386,2250,2350,0.00000004,0.66551819,0.00000042,0.33448135,0.00000000
power_01,1,POWER,1,active,46,4.806623,3,FLEXION,3,FLEXION,0.698742,0.505548,2300,2400,0.00000100,0.30103727,0.00021979,0.69874193,0.00000000
power_01,1,POWER,1,active,47,4.907456,3,FLEXION,3,FLEXION,0.963931,0.579421,2350,2450,0.00000003,0.03606697,0.00000238,0.96393062,0.00000000
power_01,1,POWER,1,active,48,5.013307,3,FLEXION,3,FLEXION,0.969099,0.658549,2400,2500,0.00000000,0.03090038,0.00000020,0.96909941,0.00000000
power_01,1,POWER,1,active,49,5.107195,3,FLEXION,3,FLEXION,0.999853,0.727684,2450,2550,0.00000000,0.00014654,0.00000000,0.99985346,0.00000000
power_01,1,POWER,1,active,50,5.207883,3,FLEXION,3,FLEXION,0.999993,0.675911,2500,2600,0.00000000,0.00000686,0.00000000,0.99999314,0.00000000
power_01,1,POWER,1,active,51,5.308779,3,FLEXION,3,FLEXION,0.998718,0.578562,2550,2650,0.00000000,0.00128201,0.00000000,0.99871798,0.00000000
power_01,1,POWER,1,active,52,5.407599,1,POWER,3,FLEXION,0.714108,0.575003,2600,2700,0.00000000,0.71410781,0.00000000,0.28589218,0.00000000
power_01,1,POWER,1,active,53,5.507551,1,POWER,3,FLEXION,0.999943,0.579553,2650,2750,0.00000002,0.99994326,0.00000669,0.00005002,0.00000000
power_01,1,POWER,1,active,54,5.610367,1,POWER,1,POWER,0.997925,0.834022,2700,2800,0.00014053,0.99792519,0.00156329,0.00036202,0.00000898
power_01,1,POWER,1,active,55,5.707966,1,POWER,1,POWER,0.825618,0.805977,2750,2850,0.00002831,0.82561840,0.00000106,0.17435223,0.00000000
power_01,1,POWER,1,active,56,5.808390,3,FLEXION,1,POWER,0.723649,0.814184,2800,2900,0.00000218,0.27634839,0.00000021,0.72364922,0.00000000
power_01,1,POWER,1,active,57,5.908932,3,FLEXION,1,POWER,0.570686,0.854975,2850,2950,0.00001733,0.42908862,0.00020847,0.57068558,0.00000000
power_01,1,POWER,1,active,58,6.009219,3,FLEXION,3,FLEXION,0.597834,0.561718,2900,3000,0.00000154,0.40205793,0.00010640,0.59783413,0.00000000
power_01,1,POWER,1,active,59,6.108464,1,POWER,3,FLEXION,0.953312,0.410732,2950,3050,0.00006978,0.95331234,0.00036761,0.04625027,0.00000000
power_01,1,POWER,1,active,60,6.208293,1,POWER,3,FLEXION,0.702734,0.453847,3000,3100,0.00256471,0.70273387,0.00687418,0.28782531,0.00000193
power_01,1,POWER,1,active,61,6.309295,3,FLEXION,3,FLEXION,0.999727,0.678676,3050,3150,0.00000050,0.00027197,0.00000029,0.99972712,0.00000012
power_01,1,POWER,1,active,62,6.409016,3,FLEXION,3,FLEXION,0.987118,0.724089,3100,3200,0.00000692,0.01284946,0.00000589,0.98711766,0.00002006
power_01,1,POWER,1,active,63,6.509209,1,POWER,1,POWER,0.990905,0.931259,3150,3250,0.00001021,0.99090467,0.00001225,0.00195108,0.00712179
power_01,1,POWER,1,active,64,6.610352,1,POWER,1,POWER,0.989980,0.820632,3200,3300,0.00000602,0.98997977,0.00001142,0.00007535,0.00992743
power_01,1,POWER,1,active,65,6.709066,1,POWER,1,POWER,0.996444,0.712567,3250,3350,0.00001250,0.99644417,0.00002288,0.00008385,0.00343660
power_01,1,POWER,1,active,66,6.809323,1,POWER,1,POWER,0.638292,0.743107,3300,3400,0.00018975,0.63829227,0.00013546,0.00575050,0.35563202
power_01,1,POWER,1,active,67,6.909275,0,REST,1,POWER,0.500594,0.749815,3350,3450,0.00101130,0.41631288,0.00009625,0.08198601,0.50059357
power_01,1,POWER,1,active,68,7.011251,1,POWER,1,POWER,0.940304,0.731998,3400,3500,0.00020084,0.94030372,0.00006128,0.03323849,0.02619567
power_01,1,POWER,1,active,69,7.110876,1,POWER,1,POWER,0.773253,0.680280,3450,3550,0.00023343,0.77325258,0.00196664,0.00003438,0.22451297
power_01,1,POWER,1,active,70,7.214074,1,POWER,1,POWER,0.935168,0.609569,3500,3600,0.00033450,0.93516833,0.06213402,0.00055712,0.00180602
power_01,1,POWER,1,active,71,7.319251,1,POWER,1,POWER,0.957399,0.693160,3550,3650,0.00077639,0.95739909,0.02638351,0.00696313,0.00847788
power_01,1,POWER,1,active,72,7.411178,1,POWER,1,POWER,0.858482,0.693411,3600,3700,0.00128120,0.85848241,0.00577885,0.00737884,0.12707870
power_01,1,POWER,1,active,73,7.510322,3,FLEXION,1,POWER,0.712816,0.761345,3650,3750,0.00108745,0.24786047,0.00005186,0.71281639,0.03818383
power_01,1,POWER,1,active,74,7.612514,3,FLEXION,1,POWER,0.823280,0.800331,3700,3800,0.00002611,0.17667594,0.00000068,0.82327967,0.00001761
power_01,1,POWER,1,active,75,7.710783,1,POWER,1,POWER,0.954170,0.838020,3750,3850,0.00001329,0.95417002,0.00000625,0.04580128,0.00000915
power_01,1,POWER,1,active,76,7.813353,1,POWER,1,POWER,0.960144,0.833444,3800,3900,0.00006302,0.96014423,0.00059656,0.00171248,0.03748372
power_01,1,POWER,1,active,77,7.913869,1,POWER,1,POWER,0.992334,0.643701,3850,3950,0.00000320,0.99233397,0.00141123,0.00006748,0.00618413
power_01,1,POWER,1,active,78,8.011385,1,POWER,1,POWER,0.999127,0.627006,3900,4000,0.00000091,0.99912727,0.00000780,0.00080687,0.00005715
power_02,1,POWER,2,countdown,0,0.197387,0,REST,0,REST,0.501977,0.000000,0,100,0.00000004,0.04093485,0.45708788,0.50197722,0.00000000
power_02,1,POWER,2,countdown,1,0.298539,0,REST,0,REST,0.479305,0.000000,50,150,0.01176182,0.47930529,0.00933631,0.02033750,0.47925908
power_02,1,POWER,2,countdown,2,0.397382,1,POWER,0,REST,0.971775,0.000000,100,200,0.00140552,0.97177532,0.00219808,0.00829564,0.01632543
power_02,1,POWER,2,countdown,3,0.497974,1,POWER,0,REST,0.997227,0.000000,150,250,0.00037478,0.99722686,0.00100226,0.00136246,0.00003364
power_02,1,POWER,2,countdown,4,0.600822,1,POWER,1,POWER,0.992974,0.041649,200,300,0.00079433,0.99297427,0.00419071,0.00203899,0.00000170
power_02,1,POWER,2,countdown,5,0.697948,1,POWER,1,POWER,0.952091,0.000000,250,350,0.01321321,0.95209091,0.03342416,0.00127100,0.00000073
power_02,1,POWER,2,countdown,6,0.797510,0,REST,1,POWER,0.877707,0.000000,300,400,0.87770656,0.08280725,0.03929023,0.00019574,0.00000022
power_02,1,POWER,2,countdown,7,0.899534,0,REST,1,POWER,0.945037,0.000000,350,450,0.94503729,0.04434943,0.01043212,0.00018062,0.00000054
power_02,1,POWER,2,countdown,8,0.998992,0,REST,0,REST,0.885316,0.000000,400,500,0.88531610,0.10076509,0.01381394,0.00010123,0.00000363
power_02,1,POWER,2,countdown,9,1.098907,0,REST,0,REST,0.996669,0.000000,450,550,0.99666943,0.00263514,0.00068287,0.00001255,0.00000000
power_02,1,POWER,2,countdown,10,1.202495,0,REST,0,REST,0.999610,0.000000,500,600,0.99961036,0.00021833,0.00016964,0.00000168,0.00000000
power_02,1,POWER,2,countdown,11,1.298639,0,REST,0,REST,0.997231,0.000000,550,650,0.99723114,0.00190289,0.00085845,0.00000752,0.00000000
power_02,1,POWER,2,countdown,12,1.398895,0,REST,0,REST,0.988296,0.000000,600,700,0.98829574,0.01038709,0.00128587,0.00003130,0.00000000
power_02,1,POWER,2,countdown,13,1.499478,0,REST,0,REST,0.994094,0.000000,650,750,0.99409353,0.00488873,0.00099401,0.00002371,0.00000001
power_02,1,POWER,2,countdown,14,1.598982,0,REST,0,REST,0.992582,0.000000,700,800,0.99258229,0.00687192,0.00049776,0.00004802,0.00000001
power_02,1,POWER,2,countdown,15,1.699797,0,REST,0,REST,0.998927,0.000000,750,850,0.99892718,0.00081693,0.00025109,0.00000480,0.00000000
power_02,1,POWER,2,countdown,16,1.799555,0,REST,0,REST,0.999361,0.000000,800,900,0.99936090,0.00010537,0.00053300,0.00000072,0.00000001
power_02,1,POWER,2,countdown,17,1.900138,0,REST,0,REST,0.993211,0.000000,850,950,0.99321107,0.00100750,0.00577502,0.00000590,0.00000051
power_02,1,POWER,2,countdown,18,1.999425,0,REST,0,REST,0.924568,0.000000,900,1000,0.92456842,0.03234301,0.04307296,0.00001554,0.00000007
power_02,1,POWER,2,countdown,19,2.100519,0,REST,0,REST,0.993319,0.000000,950,1050,0.99331904,0.00533944,0.00133597,0.00000554,0.00000000
power_02,1,POWER,2,countdown,20,2.200478,0,REST,0,REST,0.999706,0.000000,1000,1100,0.99970604,0.00023868,0.00005098,0.00000430,0.00000000
power_02,1,POWER,2,countdown,21,2.300696,0,REST,0,REST,0.999539,0.000000,1050,1150,0.99953863,0.00016601,0.00029109,0.00000427,0.00000000
power_02,1,POWER,2,countdown,22,2.401176,0,REST,0,REST,0.987064,0.000000,1100,1200,0.98706372,0.00297624,0.00992889,0.00003111,0.00000003
power_02,1,POWER,2,countdown,23,2.502499,0,REST,0,REST,0.993885,0.000000,1150,1250,0.99388467,0.00172897,0.00437418,0.00001217,0.00000001
power_02,1,POWER,2,countdown,24,2.600647,0,REST,0,REST,0.998692,0.000000,1200,1300,0.99869155,0.00073539,0.00057074,0.00000232,0.00000000
power_02,1,POWER,2,countdown,25,2.703673,0,REST,0,REST,0.970573,0.000000,1250,1350,0.97057344,0.02721341,0.00209547,0.00011768,0.00000000
power_02,1,POWER,2,countdown,26,2.803089,0,REST,0,REST,0.976471,0.000000,1300,1400,0.97647058,0.02176251,0.00131083,0.00045608,0.00000001
power_02,1,POWER,2,countdown,27,2.901599,0,REST,0,REST,0.999283,0.000000,1350,1450,0.99928343,0.00049190,0.00021789,0.00000675,0.00000002
power_02,1,POWER,2,active,28,3.001294,0,REST,0,REST,0.998066,0.000000,1400,1500,0.99806552,0.00047144,0.00146235,0.00000069,0.00000000
power_02,1,POWER,2,active,29,3.101602,0,REST,0,REST,0.994595,0.000000,1450,1550,0.99459518,0.00311722,0.00227820,0.00000939,0.00000000
power_02,1,POWER,2,active,30,3.201361,0,REST,0,REST,0.513042,0.000000,1500,1600,0.34340079,0.14290805,0.51304236,0.00011507,0.00053373
power_02,1,POWER,2,active,31,3.302419,4,EXTENSION,0,REST,0.999995,0.000000,1550,1650,0.00000000,0.00000262,0.00000267,0.00000000,0.99999470
power_02,1,POWER,2,active,32,3.403230,4,EXTENSION,0,REST,1.000000,0.000000,1600,1700,0.00000000,0.00000000,0.00000000,0.00000000,1.00000000
power_02,1,POWER,2,active,33,3.502552,4,EXTENSION,4,EXTENSION,1.000000,1.000000,1650,1750,0.00000000,0.00000000,0.00000000,0.00000000,1.00000000
power_02,1,POWER,2,active,34,3.603527,4,EXTENSION,4,EXTENSION,1.000000,1.000000,1700,1800,0.00000000,0.00000000,0.00000000,0.00000000,1.00000000
power_02,1,POWER,2,active,35,3.702156,4,EXTENSION,4,EXTENSION,1.000000,0.961093,1750,1850,0.00000000,0.00000000,0.00000000,0.00000000,1.00000000
power_02,1,POWER,2,active,36,3.804583,4,EXTENSION,4,EXTENSION,1.000000,0.764289,1800,1900,0.00000000,0.00000000,0.00000000,0.00000000,1.00000000
power_02,1,POWER,2,active,37,3.902605,4,EXTENSION,4,EXTENSION,1.000000,0.672678,1850,1950,0.00000000,0.00000000,0.00000000,0.00000000,1.00000000
power_02,1,POWER,2,active,38,4.002843,4,EXTENSION,4,EXTENSION,1.000000,0.816067,1900,2000,0.00000000,0.00000000,0.00000000,0.00000000,1.00000000
power_02,1,POWER,2,active,39,4.103649,4,EXTENSION,4,EXTENSION,1.000000,0.762584,1950,2050,0.00000000,0.00000000,0.00000000,0.00000000,1.00000000
power_02,1,POWER,2,active,40,4.202762,4,EXTENSION,4,EXTENSION,1.000000,0.839282,2000,2100,0.00000000,0.00000000,0.00000000,0.00000000,1.00000000
power_02,1,POWER,2,active,41,4.302729,4,EXTENSION,4,EXTENSION,1.000000,0.940080,2050,2150,0.00000000,0.00000000,0.00000000,0.00000000,1.00000000
power_02,1,POWER,2,active,42,4.403172,4,EXTENSION,4,EXTENSION,1.000000,0.955378,2100,2200,0.00000000,0.00000000,0.00000000,0.00000000,1.00000000
power_02,1,POWER,2,active,43,4.508574,4,EXTENSION,4,EXTENSION,1.000000,0.824389,2150,2250,0.00000000,0.00000000,0.00000000,0.00000000,1.00000000
power_02,1,POWER,2,active,44,4.603561,4,EXTENSION,4,EXTENSION,1.000000,0.640017,2200,2300,0.00000000,0.00000000,0.00000000,0.00000000,1.00000000
power_02,1,POWER,2,active,45,4.707259,4,EXTENSION,4,EXTENSION,1.000000,0.624211,2250,2350,0.00000000,0.00000000,0.00000000,0.00000000,1.00000000
power_02,1,POWER,2,active,46,4.803887,4,EXTENSION,4,EXTENSION,1.000000,0.511451,2300,2400,0.00000000,0.00000000,0.00000000,0.00000000,1.00000000
power_02,1,POWER,2,active,47,4.904365,4,EXTENSION,4,EXTENSION,1.000000,0.416003,2350,2450,0.00000000,0.00000000,0.00000000,0.00000000,1.00000000
power_02,1,POWER,2,active,48,5.004642,4,EXTENSION,4,EXTENSION,0.999999,0.329993,2400,2500,0.00000000,0.00000085,0.00000030,0.00000000,0.99999885
power_02,1,POWER,2,active,49,5.106607,4,EXTENSION,4,EXTENSION,0.998476,0.377276,2450,2550,0.00000004,0.00152306,0.00000052,0.00000013,0.99847624
power_02,1,POWER,2,active,50,5.204721,4,EXTENSION,4,EXTENSION,0.843518,0.440929,2500,2600,0.00000252,0.15639324,0.00000594,0.00008000,0.84351830
power_02,1,POWER,2,active,51,5.304316,4,EXTENSION,4,EXTENSION,0.987004,0.374966,2550,2650,0.00000294,0.01297890,0.00001315,0.00000075,0.98700426
power_02,1,POWER,2,active,52,5.405132,4,EXTENSION,4,EXTENSION,0.978202,0.182047,2600,2700,0.00010555,0.02162614,0.00005938,0.00000709,0.97820184
power_02,1,POWER,2,active,53,5.505566,1,POWER,4,EXTENSION,0.811933,0.147373,2650,2750,0.02041794,0.81193253,0.00335452,0.00428881,0.16000620
power_02,1,POWER,2,active,54,5.605664,4,EXTENSION,4,EXTENSION,0.585495,0.247534,2700,2800,0.00205130,0.40326319,0.00526979,0.00392039,0.58549534
power_02,1,POWER,2,active,55,5.705588,4,EXTENSION,4,EXTENSION,0.980151,0.262284,2750,2850,0.00133883,0.01768324,0.00077496,0.00005224,0.98015072
power_02,1,POWER,2,active,56,5.805027,4,EXTENSION,4,EXTENSION,0.963663,0.211980,2800,2900,0.00152753,0.03456310,0.00022684,0.00001980,0.96366273
power_02,1,POWER,2,active,57,5.905627,4,EXTENSION,4,EXTENSION,0.999111,0.144107,2850,2950,0.00009758,0.00075643,0.00003445,0.00000034,0.99911120
power_02,1,POWER,2,active,58,6.005299,4,EXTENSION,4,EXTENSION,0.999883,0.137302,2900,3000,0.00005138,0.00001815,0.00004725,0.00000000,0.99988322
power_02,1,POWER,2,active,59,6.105694,4,EXTENSION,4,EXTENSION,0.999186,0.095050,2950,3050,0.00035637,0.00018816,0.00026930,0.00000004,0.99918614
power_02,1,POWER,2,active,60,6.206123,4,EXTENSION,4,EXTENSION,0.988782,0.101962,3000,3100,0.00069207,0.01035521,0.00016232,0.00000884,0.98878156
power_02,1,POWER,2,active,61,6.306552,1,POWER,4,EXTENSION,0.997010,0.092495,3050,3150,0.00100300,0.99700968,0.00021271,0.00155429,0.00022033
power_02,1,POWER,2,active,62,6.406516,1,POWER,4,EXTENSION,0.928211,0.041904,3100,3200,0.04795424,0.92821145,0.02005388,0.00358930,0.00019113
power_02,1,POWER,2,active,63,6.506759,0,REST,4,EXTENSION,0.738683,0.038801,3150,3250,0.73868285,0.08431430,0.04821845,0.00008102,0.12870338
power_02,1,POWER,2,active,64,6.608093,1,POWER,1,POWER,0.586765,0.307102,3200,3300,0.33238051,0.58676470,0.00749406,0.00016850,0.07319223
power_02,1,POWER,2,active,65,6.706600,4,EXTENSION,1,POWER,0.993480,0.382021,3250,3350,0.00090104,0.00554020,0.00007701,0.00000177,0.99347998
power_02,1,POWER,2,active,66,6.807481,4,EXTENSION,1,POWER,0.867944,0.386372,3300,3400,0.00297486,0.12722995,0.00180952,0.00004202,0.86794365
power_02,1,POWER,2,active,67,6.909278,1,POWER,1,POWER,0.943332,0.321410,3350,3450,0.02316662,0.94333187,0.02676388,0.00298255,0.00375508
power_02,1,POWER,2,active,68,7.007344,4,EXTENSION,4,EXTENSION,0.996502,0.111732,3400,3500,0.00013805,0.00297910,0.00038001,0.00000077,0.99650207
power_02,1,POWER,2,active,69,7.108095,4,EXTENSION,4,EXTENSION,0.999025,0.142994,3450,3550,0.00002211,0.00090067,0.00005040,0.00000207,0.99902475
power_02,1,POWER,2,active,70,7.207175,4,EXTENSION,4,EXTENSION,0.724531,0.115812,3500,3600,0.00570003,0.26741349,0.00157454,0.00078132,0.72453062
power_02,1,POWER,2,active,71,7.308001,4,EXTENSION,4,EXTENSION,0.849532,0.149665,3550,3650,0.00029208,0.14993967,0.00018781,0.00004874,0.84953169
power_02,1,POWER,2,active,72,7.407959,4,EXTENSION,4,EXTENSION,0.999735,0.304540,3600,3700,0.00000003,0.00026304,0.00000220,0.00000021,0.99973452
power_02,1,POWER,2,active,73,7.508610,4,EXTENSION,4,EXTENSION,0.999707,0.388305,3650,3750,0.00000004,0.00029108,0.00000006,0.00000193,0.99970689
power_02,1,POWER,2,active,74,7.608599,4,EXTENSION,4,EXTENSION,0.999685,0.331651,3700,3800,0.00000053,0.00031205,0.00000029,0.00000188,0.99968526
power_02,1,POWER,2,active,75,7.708541,4,EXTENSION,4,EXTENSION,0.999997,0.307741,3750,3850,0.00000000,0.00000227,0.00000036,0.00000000,0.99999736
power_02,1,POWER,2,active,76,7.813653,4,EXTENSION,4,EXTENSION,0.999977,0.423167,3800,3900,0.00000001,0.00002290,0.00000023,0.00000000,0.99997687
power_02,1,POWER,2,active,77,7.908871,4,EXTENSION,4,EXTENSION,0.788134,0.428753,3850,3950,0.00023475,0.20977771,0.00016038,0.00169306,0.78813409
power_02,1,POWER,2,active,78,8.008962,1,POWER,4,EXTENSION,0.841468,0.166958,3900,4000,0.00856478,0.84146840,0.00343045,0.01189135,0.13464502
power_02,1,POWER,2,active,79,8.111839,1,POWER,4,EXTENSION,0.926213,0.000000,3950,4050,0.02762272,0.92621262,0.03880350,0.00531722,0.00204394
power_02,1,POWER,2,active,80,8.209413,0,REST,4,EXTENSION,0.530973,0.089296,4000,4100,0.09537023,0.53097256,0.37214542,0.00090154,0.00061024
power_02,1,POWER,2,active,81,8.309348,1,POWER,1,POWER,0.578359,0.344134,4050,4150,0.18347186,0.57835889,0.21064745,0.00112196,0.02639984
power_02,1,POWER,2,active,82,8.413080,4,EXTENSION,1,POWER,0.750082,0.318165,4100,4200,0.00968180,0.23373245,0.00577407,0.00072923,0.75008246
power_02,1,POWER,2,active,83,8.509916,4,EXTENSION,1,POWER,0.989097,0.461471,4150,4250,0.00004606,0.01047485,0.00034250,0.00003924,0.98909735
power_02,1,POWER,2,active,84,8.609692,4,EXTENSION,4,EXTENSION,0.830765,0.623977,4200,4300,0.00007999,0.16618811,0.00001862,0.00294789,0.83076539
power_02,1,POWER,2,active,85,8.710575,1,POWER,4,EXTENSION,0.964909,0.858023,4250,4350,0.00000634,0.96490934,0.00000182,0.03344275,0.00163974
power_02,1,POWER,2,active,86,8.812193,1,POWER,4,EXTENSION,0.999664,0.857537,4300,4400,0.00000007,0.99966409,0.00023126,0.00010166,0.00000292
power_02,1,POWER,2,active,87,8.910254,1,POWER,1,POWER,0.999762,1.000000,4350,4450,0.00000201,0.99976182,0.00000430,0.00023043,0.00000144
power_02,1,POWER,2,active,88,9.010667,1,POWER,1,POWER,0.950871,1.000000,4400,4500,0.00021405,0.95087122,0.00000657,0.03130609,0.01760206
power_02,1,POWER,2,active,89,9.109956,4,EXTENSION,1,POWER,0.719099,0.781968,4450,4550,0.00000496,0.27951498,0.00000851,0.00137225,0.71909930
power_02,1,POWER,2,active,90,9.210460,4,EXTENSION,1,POWER,0.966650,0.676908,4500,4600,0.00000541,0.03220410,0.00111460,0.00002587,0.96665002
power_02,1,POWER,2,active,91,9.310609,4,EXTENSION,4,EXTENSION,0.892986,0.326180,4550,4650,0.00012534,0.10442363,0.00234276,0.00012241,0.89298586
power_02,1,POWER,2,active,92,9.410504,4,EXTENSION,4,EXTENSION,0.856542,0.395114,4600,4700,0.00008814,0.14308571,0.00027549,0.00000858,0.85654208
power_02,1,POWER,2,active,93,9.510959,1,POWER,4,EXTENSION,0.800540,0.422076,4650,4750,0.00030201,0.80054022,0.00001340,0.00009095,0.19905342
power_02,1,POWER,2,active,94,9.611620,1,POWER,4,EXTENSION,0.881539,0.442092,4700,4800,0.00005320,0.88153947,0.00001572,0.11807982,0.00031180
power_02,1,POWER,2,active,95,9.711288,1,POWER,1,POWER,0.807504,0.818255,4750,4850,0.00017694,0.80750414,0.00031094,0.19199193,0.00001605
power_02,1,POWER,2,active,96,9.811022,1,POWER,1,POWER,0.998925,0.776934,4800,4900,0.00018138,0.99892548,0.00000822,0.00071497,0.00016995
power_02,1,POWER,2,active,97,9.912147,1,POWER,1,POWER,0.997908,0.617957,4850,4950,0.00089708,0.99790783,0.00011336,0.00028683,0.00079490
power_02,1,POWER,2,active,98,10.014503,1,POWER,1,POWER,0.975926,0.547590,4900,5000,0.00805958,0.97592630,0.00002727,0.00227869,0.01370817
power_02,1,POWER,2,active,99,10.112346,4,EXTENSION,1,POWER,0.744333,0.557025,4950,5050,0.00110115,0.25412482,0.00004553,0.00039514,0.74433335
power_02,1,POWER,2,active,100,10.212015,4,EXTENSION,1,POWER,0.674556,0.550261,5000,5100,0.00431945,0.28734230,0.02588574,0.00789676,0.67455575
power_02,1,POWER,2,active,101,10.311924,1,POWER,1,POWER,0.883503,0.525330,5050,5150,0.00222523,0.88350291,0.00023456,0.11379946,0.00023784
power_02,1,POWER,2,active,102,10.414744,1,POWER,1,POWER,0.992196,0.486237,5100,5200,0.00028068,0.99219579,0.00000482,0.00738409,0.00013461
power_02,1,POWER,2,active,103,10.512586,1,POWER,1,POWER,0.921210,0.433778,5150,5250,0.00076730,0.92120985,0.00037210,0.00011790,0.07753286
power_02,1,POWER,2,active,104,10.614720,1,POWER,1,POWER,0.995305,0.519235,5200,5300,0.00116488,0.99530468,0.00034669,0.00044818,0.00273558
power_02,1,POWER,2,active,105,10.713527,1,POWER,1,POWER,0.973421,0.581075,5250,5350,0.00009122,0.97342147,0.00016302,0.02604956,0.00027473
power_02,1,POWER,2,active,106,10.813269,1,POWER,1,POWER,0.961860,0.504213,5300,5400,0.00062863,0.96185990,0.01334442,0.01695258,0.00721448
power_02,1,POWER,2,active,107,10.913053,1,POWER,1,POWER,0.605939,0.456625,5350,5450,0.00386474,0.60593861,0.17228180,0.00009020,0.21782466
power_02,1,POWER,2,active,108,11.014800,1,POWER,1,POWER,0.977631,0.456497,5400,5500,0.00884279,0.97763066,0.00803169,0.00271742,0.00277745
power_02,1,POWER,2,active,109,11.116990,1,POWER,1,POWER,0.953113,0.509878,5450,5550,0.01197907,0.95311299,0.00025775,0.03449965,0.00015054
power_02,1,POWER,2,active,110,11.213627,1,POWER,1,POWER,0.975886,0.505731,5500,5600,0.00102540,0.97588640,0.00000617,0.02292552,0.00015652
power_02,1,POWER,2,active,111,11.315477,1,POWER,1,POWER,0.912294,0.469922,5550,5650,0.00022170,0.91229378,0.00000547,0.08743984,0.00003920
power_02,1,POWER,2,active,112,11.414415,1,POWER,1,POWER,0.987338,0.469445,5600,5700,0.00177671,0.98733789,0.00091699,0.00947971,0.00048871
power_02,1,POWER,2,active,113,11.513608,1,POWER,1,POWER,0.981555,0.426314,5650,5750,0.00844804,0.98155453,0.00061442,0.00195170,0.00743130
power_02,1,POWER,2,active,114,11.614506,1,POWER,1,POWER,0.925234,0.409675,5700,5800,0.00687866,0.92523431,0.00021151,0.00323261,0.06444292
power_02,1,POWER,2,active,115,11.714748,4,EXTENSION,1,POWER,0.701695,0.385315,5750,5850,0.02217927,0.27110142,0.00483321,0.00019118,0.70169492
power_02,1,POWER,2,active,116,11.814262,1,POWER,1,POWER,0.911636,0.366961,5800,5900,0.03168533,0.91163579,0.00013728,0.00066191,0.05587968
power_02,1,POWER,2,active,117,11.915028,1,POWER,1,POWER,0.994924,0.259517,5850,5950,0.00211850,0.99492408,0.00002146,0.00293105,0.00000492
power_02,1,POWER,2,active,118,12.014654,1,POWER,1,POWER,0.984819,0.083776,5900,6000,0.01133298,0.98481944,0.00057043,0.00327700,0.00000015
power_02,1,POWER,2,active,119,12.115661,1,POWER,1,POWER,0.915209,0.136975,5950,6050,0.06503097,0.91520916,0.01876696,0.00071414,0.00027878
power_03,1,POWER,3,countdown,0,0.202229,2,OPEN,2,OPEN,0.712367,1.000000,0,100,0.00000001,0.00170417,0.71236689,0.28592209,0.00000685
power_03,1,POWER,3,countdown,1,0.301576,4,EXTENSION,2,OPEN,0.849889,1.000000,50,150,0.00644535,0.07508585,0.00184833,0.06673120,0.84988927
power_03,1,POWER,3,countdown,2,0.399194,1,POWER,2,OPEN,0.917577,0.584312,100,200,0.01620083,0.91757687,0.00713964,0.05193216,0.00715051
power_03,1,POWER,3,countdown,3,0.502054,1,POWER,2,OPEN,0.898661,0.152661,150,250,0.04354071,0.89866085,0.05160088,0.00589720,0.00030035
power_03,1,POWER,3,countdown,4,0.599853,1,POWER,1,POWER,0.940747,0.057062,200,300,0.03142545,0.94074702,0.02564008,0.00217667,0.00001078
power_03,1,POWER,3,countdown,5,0.700334,1,POWER,1,POWER,0.905226,0.000000,250,350,0.06479546,0.90522590,0.02638419,0.00359443,0.00000003
power_03,1,POWER,3,countdown,6,0.800522,0,REST,1,POWER,0.472328,0.000000,300,400,0.44264308,0.47232850,0.08109118,0.00393723,0.00000001
power_03,1,POWER,3,countdown,7,0.899941,0,REST,1,POWER,0.511431,0.000000,350,450,0.51143103,0.41614659,0.07187857,0.00054376,0.00000005
power_03,1,POWER,3,countdown,8,1.001093,0,REST,0,REST,0.741902,0.000000,400,500,0.74190203,0.19445822,0.06328556,0.00035399,0.00000019
power_03,1,POWER,3,countdown,9,1.100243,0,REST,0,REST,0.970765,0.000000,450,550,0.97076539,0.02364525,0.00530552,0.00028382,0.00000002
power_03,1,POWER,3,countdown,10,1.200679,0,REST,0,REST,0.982505,0.000000,500,600,0.98250543,0.01567155,0.00173575,0.00008728,0.00000000
power_03,1,POWER,3,countdown,11,1.300990,0,REST,0,REST,0.946844,0.000000,550,650,0.94684387,0.04741561,0.00536531,0.00037520,0.00000000
power_03,1,POWER,3,countdown,12,1.405446,0,REST,0,REST,0.995819,0.000000,600,700,0.99581933,0.00381788,0.00027096,0.00009184,0.00000000
power_03,1,POWER,3,countdown,13,1.501259,0,REST,0,REST,0.999285,0.000000,650,750,0.99928521,0.00066150,0.00004527,0.00000802,0.00000000
power_03,1,POWER,3,countdown,14,1.601060,0,REST,0,REST,0.998414,0.000000,700,800,0.99841411,0.00137748,0.00020169,0.00000672,0.00000000
power_03,1,POWER,3,countdown,15,1.702185,0,REST,0,REST,0.995997,0.000000,750,850,0.99599696,0.00355334,0.00043322,0.00001648,0.00000000
power_03,1,POWER,3,countdown,16,1.800724,0,REST,0,REST,0.988377,0.000000,800,900,0.98837747,0.01097848,0.00057301,0.00007104,0.00000000
power_03,1,POWER,3,countdown,17,1.902708,0,REST,0,REST,0.997222,0.000000,850,950,0.99722215,0.00235670,0.00041352,0.00000764,0.00000000
power_03,1,POWER,3,countdown,18,2.002086,0,REST,0,REST,0.998901,0.000000,900,1000,0.99890076,0.00095523,0.00014195,0.00000207,0.00000000
power_03,1,POWER,3,countdown,19,2.103628,0,REST,0,REST,0.997959,0.000000,950,1050,0.99795903,0.00173472,0.00029813,0.00000812,0.00000000
power_03,1,POWER,3,countdown,20,2.202136,0,REST,0,REST,0.999391,0.000000,1000,1100,0.99939099,0.00031568,0.00029079,0.00000253,0.00000000
power_03,1,POWER,3,countdown,21,2.301869,0,REST,0,REST,0.998388,0.000000,1050,1150,0.99838782,0.00058410,0.00102596,0.00000213,0.00000000
power_03,1,POWER,3,countdown,22,2.403388,0,REST,0,REST,0.994006,0.000000,1100,1200,0.99400554,0.00420839,0.00176938,0.00001668,0.00000000
power_03,1,POWER,3,countdown,23,2.503476,0,REST,0,REST,0.999843,0.000000,1150,1250,0.99984295,0.00005552,0.00010078,0.00000075,0.00000000
power_03,1,POWER,3,countdown,24,2.602166,0,REST,0,REST,0.999694,0.000000,1200,1300,0.99969361,0.00015343,0.00015139,0.00000156,0.00000000
power_03,1,POWER,3,countdown,25,2.702564,0,REST,0,REST,0.974927,0.000000,1250,1350,0.97492675,0.02029353,0.00465633,0.00012339,0.00000000
power_03,1,POWER,3,countdown,26,2.802208,0,REST,0,REST,0.962276,0.000000,1300,1400,0.96227604,0.03583455,0.00174367,0.00014574,0.00000000
power_03,1,POWER,3,countdown,27,2.903204,0,REST,0,REST,0.979957,0.000000,1350,1450,0.97995655,0.01904791,0.00092189,0.00007365,0.00000000
power_03,1,POWER,3,active,28,3.002980,0,REST,0,REST,0.998488,0.000000,1400,1500,0.99848820,0.00128242,0.00022437,0.00000501,0.00000000
power_03,1,POWER,3,active,29,3.108522,0,REST,0,REST,0.941764,0.000000,1450,1550,0.94176381,0.05353417,0.00464181,0.00006012,0.00000009
power_03,1,POWER,3,active,30,3.203123,1,POWER,0,REST,0.989404,0.000000,1500,1600,0.00365990,0.98940440,0.00521339,0.00171992,0.00000239
power_03,1,POWER,3,active,31,3.303206,0,REST,0,REST,0.543272,0.000000,1550,1650,0.00000076,0.54327187,0.00006057,0.45040979,0.00625701
power_03,1,POWER,3,active,32,3.403262,3,FLEXION,0,REST,0.999992,0.000000,1600,1700,0.00000000,0.00000751,0.00000000,0.99999248,0.00000001
power_03,1,POWER,3,active,33,3.503297,3,FLEXION,0,REST,0.999961,0.000000,1650,1750,0.00000000,0.00003898,0.00000000,0.99996102,0.00000000
power_03,1,POWER,3,active,34,3.603652,0,REST,0,REST,0.522045,0.000000,1700,1800,0.00000055,0.47795386,0.00000004,0.52204518,0.00000037
power_03,1,POWER,3,active,35,3.704118,1,POWER,0,REST,0.868818,0.000000,1750,1850,0.00000022,0.86881832,0.00000046,0.13118100,0.00000000
power_03,1,POWER,3,active,36,3.804130,1,POWER,0,REST,0.932205,0.000000,1800,1900,0.00002213,0.93220530,0.00019976,0.06757258,0.00000022
power_03,1,POWER,3,active,37,3.904869,1,POWER,1,POWER,0.990002,0.689139,1850,1950,0.00051366,0.99000208,0.00862974,0.00085301,0.00000151
power_03,1,POWER,3,active,38,4.005988,1,POWER,1,POWER,0.988267,0.717145,1900,2000,0.00022194,0.98826698,0.00988667,0.00147564,0.00014877
power_03,1,POWER,3,active,39,4.105037,1,POWER,1,POWER,0.998208,0.668275,1950,2050,0.00000694,0.99820758,0.00010448,0.00098296,0.00069804
power_03,1,POWER,3,active,40,4.205228,1,POWER,1,POWER,0.996657,0.526538,2000,2100,0.00003440,0.99665691,0.00271254,0.00043332,0.00016284
power_03,1,POWER,3,active,41,4.305217,1,POWER,1,POWER,0.991878,0.508948,2050,2150,0.00022414,0.99187840,0.00557254,0.00211148,0.00021343
power_03,1,POWER,3,active,42,4.405210,1,POWER,1,POWER,0.985496,0.489628,2100,2200,0.00043305,0.98549563,0.00112585,0.01294481,0.00000065
power_03,1,POWER,3,active,43,4.505449,1,POWER,1,POWER,0.916958,0.469334,2150,2250,0.00060127,0.91695755,0.00077143,0.08166957,0.00000018
power_03,1,POWER,3,active,44,4.614121,1,POWER,1,POWER,0.976352,0.473070,2200,2300,0.00049205,0.97635190,0.00047291,0.02264412,0.00003902
power_03,1,POWER,3,active,45,4.705285,1,POWER,1,POWER,0.968047,0.477228,2250,2350,0.00063488,0.96804687,0.01391881,0.01704005,0.00035939
power_03,1,POWER,3,active,46,4.806344,1,POWER,1,POWER,0.980932,0.499047,2300,2400,0.00029087,0.98093223,0.01801451,0.00065720,0.00010520
power_03,1,POWER,3,active,47,4.906220,1,POWER,1,POWER,0.996005,0.522641,2350,2450,0.00010209,0.99600482,0.00014262,0.00374705,0.00000342
power_04,1,POWER,4,countdown,0,0.194763,2,OPEN,2,OPEN,0.831345,1.000000,0,100,0.00000001,0.00144126,0.83134481,0.16719885,0.00001507
power_04,1,POWER,4,countdown,1,0.294107,4,EXTENSION,2,OPEN,0.987884,1.000000,50,150,0.00079545,0.00533052,0.00239168,0.00359785,0.98788450
power_04,1,POWER,4,countdown,2,0.394852,1,POWER,2,OPEN,0.739701,0.570096,100,200,0.02683722,0.73970055,0.12691170,0.04027417,0.06627635
power_04,1,POWER,4,countdown,3,0.495260,1,POWER,2,OPEN,0.868100,0.162113,150,250,0.00692289,0.86809953,0.12239804,0.00250816,0.00007137
power_04,1,POWER,4,countdown,4,0.594853,1,POWER,1,POWER,0.920998,0.048786,200,300,0.00702678,0.92099757,0.07155663,0.00041531,0.00000371
power_04,1,POWER,4,countdown,5,0.694725,1,POWER,1,POWER,0.862223,0.000000,250,350,0.07221574,0.86222338,0.06286172,0.00269851,0.00000065
power_04,1,POWER,4,countdown,6,0.795758,0,REST,1,POWER,0.487090,0.000000,300,400,0.46658623,0.48709048,0.03860221,0.00771789,0.00000319
power_04,1,POWER,4,countdown,7,0.895818,0,REST,1,POWER,0.947292,0.000000,350,450,0.94729165,0.03675436,0.01577065,0.00018158,0.00000176
power_04,1,POWER,4,countdown,8,0.995168,0,REST,0,REST,0.972827,0.000000,400,500,0.97282742,0.02030996,0.00680640,0.00005612,0.00000010
power_04,1,POWER,4,countdown,9,1.096028,0,REST,0,REST,0.981254,0.000000,450,550,0.98125401,0.01620702,0.00246074,0.00007823,0.00000000
power_04,1,POWER,4,countdown,10,1.196088,0,REST,0,REST,0.995607,0.000000,500,600,0.99560739,0.00360258,0.00074617,0.00004386,0.00000000
power_04,1,POWER,4,countdown,11,1.296005,0,REST,0,REST,0.980204,0.000000,550,650,0.98020369,0.01525921,0.00447738,0.00005953,0.00000019
power_04,1,POWER,4,countdown,12,1.395664,0,REST,0,REST,0.971040,0.000000,600,700,0.97103997,0.02460263,0.00433609,0.00002038,0.00000094
power_04,1,POWER,4,countdown,13,1.497109,0,REST,0,REST,0.996644,0.000000,650,750,0.99664425,0.00297065,0.00038291,0.00000220,0.00000000
power_04,1,POWER,4,countdown,14,1.597242,0,REST,0,REST,0.927785,0.000000,700,800,0.92778469,0.07097908,0.00116795,0.00006828,0.00000000
power_04,1,POWER,4,countdown,15,1.696699,0,REST,0,REST,0.766344,0.000000,750,850,0.76634365,0.22630601,0.00647198,0.00087806,0.00000031
power_04,1,POWER,4,countdown,16,1.800448,0,REST,0,REST,0.973876,0.000000,800,900,0.97387552,0.02230731,0.00367816,0.00013899,0.00000002
power_04,1,POWER,4,countdown,17,1.897023,0,REST,0,REST,0.986643,0.000000,850,950,0.98664273,0.01092419,0.00236018,0.00007289,0.00000000
power_04,1,POWER,4,countdown,18,1.997422,0,REST,0,REST,0.987013,0.000000,900,1000,0.98701310,0.00744587,0.00547568,0.00006533,0.00000001
power_04,1,POWER,4,countdown,19,2.096846,0,REST,0,REST,0.946700,0.000000,950,1050,0.94669982,0.04504891,0.00786713,0.00038414,0.00000000
power_04,1,POWER,4,countdown,20,2.197563,0,REST,0,REST,0.511269,0.000000,1000,1100,0.51126945,0.48223703,0.00554432,0.00094921,0.00000000
power_04,1,POWER,4,countdown,21,2.297574,0,REST,0,REST,0.865493,0.000000,1050,1150,0.86549318,0.12744122,0.00691137,0.00015422,0.00000000
power_04,1,POWER,4,countdown,22,2.397105,0,REST,0,REST,0.993704,0.000000,1100,1200,0.99370447,0.00558767,0.00069769,0.00001015,0.00000000
power_04,1,POWER,4,countdown,23,2.498095,0,REST,0,REST,0.989770,0.000000,1150,1250,0.98976988,0.00933411,0.00088262,0.00001338,0.00000000
power_04,1,POWER,4,countdown,24,2.598183,0,REST,0,REST,0.981919,0.000000,1200,1300,0.98191895,0.01708215,0.00094905,0.00004986,0.00000000
power_04,1,POWER,4,countdown,25,2.698087,0,REST,0,REST,0.995916,0.000000,1250,1350,0.99591579,0.00306308,0.00099136,0.00002976,0.00000000
power_04,1,POWER,4,countdown,26,2.798925,0,REST,0,REST,0.996265,0.000000,1300,1400,0.99626514,0.00169306,0.00202625,0.00001553,0.00000001
power_04,1,POWER,4,countdown,27,2.898614,0,REST,0,REST,0.938807,0.000000,1350,1450,0.93880703,0.05541799,0.00546130,0.00031367,0.00000000
power_04,1,POWER,4,countdown,28,2.999041,0,REST,0,REST,0.908082,0.000000,1400,1500,0.90808197,0.07849594,0.01267403,0.00074806,0.00000001
power_04,1,POWER,4,active,29,3.099098,0,REST,0,REST,0.994795,0.000000,1450,1550,0.99479534,0.00372071,0.00144844,0.00003549,0.00000001
power_04,1,POWER,4,active,30,3.198393,0,REST,0,REST,0.998352,0.000000,1500,1600,0.99835171,0.00134936,0.00029138,0.00000755,0.00000000
power_04,1,POWER,4,active,31,3.299124,2,OPEN,0,REST,0.928751,0.000000,1550,1650,0.00256658,0.06864658,0.92875103,0.00003547,0.00000033
power_04,1,POWER,4,active,32,3.405080,3,FLEXION,0,REST,0.836567,0.000000,1600,1700,0.00000000,0.00024708,0.00000000,0.83656673,0.16318619
power_04,1,POWER,4,active,33,3.499665,3,FLEXION,0,REST,1.000000,0.000000,1650,1750,0.00000000,0.00000000,0.00000000,0.99999998,0.00000002
power_04,1,POWER,4,active,34,3.599019,3,FLEXION,3,FLEXION,1.000000,1.000000,1700,1800,0.00000000,0.00000000,0.00000000,1.00000000,0.00000000
power_04,1,POWER,4,active,35,3.699813,3,FLEXION,3,FLEXION,0.999630,0.855651,1750,1850,0.00000000,0.00036996,0.00000000,0.99963004,0.00000000
power_04,1,POWER,4,active,36,3.800134,3,FLEXION,3,FLEXION,0.998647,0.702594,1800,1900,0.00000001,0.00135338,0.00000000,0.99864661,0.00000000
power_04,1,POWER,4,active,37,3.899891,3,FLEXION,3,FLEXION,0.998858,0.783925,1850,1950,0.00000003,0.00114206,0.00000011,0.99885780,0.00000000
power_04,1,POWER,4,active,38,4.000146,3,FLEXION,3,FLEXION,0.854366,0.759481,1900,2000,0.00000312,0.14560721,0.00002404,0.85436563,0.00000001
power_04,1,POWER,4,active,39,4.100209,1,POWER,3,FLEXION,0.889015,0.717771,1950,2050,0.00000014,0.88901501,0.00000023,0.11098462,0.00000000
power_04,1,POWER,4,active,40,4.200078,3,FLEXION,3,FLEXION,0.727026,0.628817,2000,2100,0.00000006,0.27297356,0.00000000,0.72702637,0.00000000
power_04,1,POWER,4,active,41,4.301102,1,POWER,3,FLEXION,0.561528,0.490414,2050,2150,0.00000280,0.56152806,0.00000198,0.43846716,0.00000000
power_04,1,POWER,4,active,42,4.400334,3,FLEXION,3,FLEXION,0.881440,0.583455,2100,2200,0.00000406,0.11855594,0.00000049,0.88143950,0.00000000
power_04,1,POWER,4,active,43,4.501098,3,FLEXION,3,FLEXION,0.993510,0.596443,2150,2250,0.00001859,0.00646948,0.00000215,0.99350978,0.00000000
power_04,1,POWER,4,active,44,4.607825,3,FLEXION,3,FLEXION,0.995659,0.583974,2200,2300,0.00000012,0.00433973,0.00000082,0.99565934,0.00000000
power_04,1,POWER,4,active,45,4.702892,3,FLEXION,3,FLEXION,0.948128,0.458510,2250,2350,0.00000027,0.05186920,0.00000217,0.94812836,0.00000000
power_04,1,POWER,4,active,46,4.801147,3,FLEXION,3,FLEXION,0.907670,0.387224,2300,2400,0.00005924,0.09209138,0.00017890,0.90767047,0.00000000
power_04,1,POWER,4,active,47,4.904384,3,FLEXION,3,FLEXION,0.757368,0.430356,2350,2450,0.00013120,0.23948741,0.00301232,0.75736816,0.00000091
power_04,1,POWER,4,active,48,5.001278,1,POWER,3,FLEXION,0.767361,0.456601,2400,2500,0.00147081,0.76736052,0.00725148,0.22230328,0.00161391
power_04,1,POWER,4,active,49,5.101038,1,POWER,3,FLEXION,0.931016,0.477675,2450,2550,0.01131272,0.93101639,0.00004116,0.05700502,0.00062470
power_04,1,POWER,4,active,50,5.202687,3,FLEXION,3,FLEXION,0.772755,0.529540,2500,2600,0.00034250,0.22690242,0.00000026,0.77275482,0.00000000
power_04,1,POWER,4,active,51,5.302108,3,FLEXION,3,FLEXION,0.922516,0.675768,2550,2650,0.00000555,0.07747841,0.00000034,0.92251570,0.00000000
power_04,1,POWER,4,active,52,5.401998,3,FLEXION,3,FLEXION,0.747808,0.842500,2600,2700,0.00000614,0.25218569,0.00000002,0.74780815,0.00000000
power_04,1,POWER,4,active,53,5.502789,3,FLEXION,3,FLEXION,0.886137,0.798281,2650,2750,0.00000026,0.11386302,0.00000001,0.88613672,0.00000000
power_04,1,POWER,4,active,54,5.602121,3,FLEXION,3,FLEXION,0.967802,0.682803,2700,2800,0.00000020,0.03219786,0.00000004,0.96780190,0.00000000
power_04,1,POWER,4,active,55,5.703228,3,FLEXION,3,FLEXION,0.999799,0.675956,2750,2850,0.00000002,0.00020133,0.00000000,0.99979865,0.00000000
power_04,1,POWER,4,active,56,5.804981,3,FLEXION,3,FLEXION,0.999962,0.791898,2800,2900,0.00000001,0.00003766,0.00000000,0.99996233,0.00000000
power_04,1,POWER,4,active,57,5.904122,3,FLEXION,3,FLEXION,0.999966,0.932633,2850,2950,0.00000000,0.00003354,0.00000000,0.99996646,0.00000000
power_04,1,POWER,4,active,58,6.002998,3,FLEXION,3,FLEXION,0.999749,0.929615,2900,3000,0.00000008,0.00025131,0.00000000,0.99974862,0.00000000
power_04,1,POWER,4,active,59,6.104659,3,FLEXION,3,FLEXION,0.999951,0.972319,2950,3050,0.00000030,0.00004846,0.00000001,0.99995123,0.00000000
power_04,1,POWER,4,active,60,6.203186,3,FLEXION,3,FLEXION,0.999983,0.885870,3000,3100,0.00000002,0.00001736,0.00000000,0.99998262,0.00000000
power_04,1,POWER,4,active,61,6.303295,3,FLEXION,3,FLEXION,0.981037,0.714568,3050,3150,0.00000094,0.01896156,0.00000074,0.98103675,0.00000000
power_04,1,POWER,4,active,62,6.404933,1,POWER,3,FLEXION,0.873520,0.439984,3100,3200,0.00037111,0.87352030,0.00123564,0.12487261,0.00000034
power_04,1,POWER,4,active,63,6.504112,1,POWER,3,FLEXION,0.925228,0.000000,3150,3250,0.02610611,0.92522814,0.00015503,0.04851070,0.00000002
power_04,1,POWER,4,active,64,6.604873,1,POWER,1,POWER,0.971168,0.056079,3200,3300,0.02228736,0.97116814,0.00130109,0.00524339,0.00000002
power_04,1,POWER,4,active,65,6.704960,1,POWER,1,POWER,0.902002,0.083329,3250,3350,0.06198358,0.90200154,0.02542384,0.01059084,0.00000020
power_04,1,POWER,4,active,66,6.804627,1,POWER,1,POWER,0.952507,0.155492,3300,3400,0.01729492,0.95250658,0.02251986,0.00767066,0.00000798
power_04,1,POWER,4,active,67,6.903985,1,POWER,1,POWER,0.966952,0.191406,3350,3450,0.01244939,0.96695236,0.00791818,0.01267706,0.00000300
power_04,1,POWER,4,active,68,7.004073,1,POWER,1,POWER,0.945468,0.267449,3400,3500,0.02969095,0.94546817,0.02236927,0.00189862,0.00057299
power_04,1,POWER,4,active,69,7.105182,1,POWER,1,POWER,0.991666,0.377165,3450,3550,0.00051383,0.99166647,0.00035731,0.00032137,0.00714101
power_04,1,POWER,4,active,70,7.204527,1,POWER,1,POWER,0.999880,0.529223,3500,3600,0.00002347,0.99987994,0.00000208,0.00009094,0.00000357
power_04,1,POWER,4,active,71,7.305331,1,POWER,1,POWER,0.999843,0.544843,3550,3650,0.00008225,0.99984326,0.00000217,0.00007232,0.00000000
power_04,1,POWER,4,active,72,7.410130,1,POWER,1,POWER,0.998430,0.426421,3600,3700,0.00033887,0.99842965,0.00001316,0.00121832,0.00000000
power_04,1,POWER,4,active,73,7.507071,1,POWER,1,POWER,0.986758,0.312311,3650,3750,0.00133149,0.98675846,0.00003806,0.01187198,0.00000001
power_04,1,POWER,4,active,74,7.605420,1,POWER,1,POWER,0.980823,0.150172,3700,3800,0.00136052,0.98082299,0.00006745,0.01774903,0.00000001
power_05,1,POWER,5,countdown,0,0.198562,2,OPEN,2,OPEN,0.736348,1.000000,0,100,0.00000001,0.00132920,0.73634763,0.26232156,0.00000161
power_05,1,POWER,5,countdown,1,0.298628,4,EXTENSION,2,OPEN,0.556228,1.000000,50,150,0.03534021,0.05412369,0.34767911,0.00662943,0.55622756
power_05,1,POWER,5,countdown,2,0.401480,2,OPEN,2,OPEN,0.719131,0.453361,100,200,0.05139402,0.21631524,0.71913144,0.00195249,0.01120681
power_05,1,POWER,5,countdown,3,0.499582,1,POWER,2,OPEN,0.832285,0.131899,150,250,0.02521667,0.83228507,0.14159220,0.00086058,0.00004548
power_05,1,POWER,5,countdown,4,0.599960,1,POWER,2,OPEN,0.929273,0.000000,200,300,0.02654690,0.92927273,0.04338126,0.00079866,0.00000045
power_05,1,POWER,5,countdown,5,0.699354,1,POWER,1,POWER,0.641986,0.000000,250,350,0.08546453,0.64198593,0.27068722,0.00186157,0.00000076
power_05,1,POWER,5,countdown,6,0.799995,0,REST,1,POWER,0.504830,0.000000,300,400,0.50483035,0.16424834,0.32935007,0.00157030,0.00000095
power_05,1,POWER,5,countdown,7,0.899561,0,REST,1,POWER,0.480620,0.000000,350,450,0.48061989,0.44376111,0.07412775,0.00149115,0.00000011
power_05,1,POWER,5,countdown,8,0.999705,0,REST,0,REST,0.832660,0.000000,400,500,0.83266030,0.15607116,0.01101771,0.00025083,0.00000000
power_05,1,POWER,5,countdown,9,1.100095,0,REST,0,REST,0.996366,0.000000,450,550,0.99636575,0.00095679,0.00267227,0.00000518,0.00000000
power_05,1,POWER,5,countdown,10,1.199892,0,REST,0,REST,0.995081,0.000000,500,600,0.99508120,0.00090715,0.00400675,0.00000484,0.00000007
power_05,1,POWER,5,countdown,11,1.300391,0,REST,0,REST,0.994927,0.000000,550,650,0.99492687,0.00373879,0.00132969,0.00000465,0.00000000
power_05,1,POWER,5,countdown,12,1.400547,0,REST,0,REST,0.968390,0.000000,600,700,0.96839017,0.02695106,0.00456894,0.00008981,0.00000002
power_05,1,POWER,5,countdown,13,1.500564,0,REST,0,REST,0.937240,0.000000,650,750,0.93724037,0.04315326,0.01929888,0.00030738,0.00000011
power_05,1,POWER,5,countdown,14,1.601330,0,REST,0,REST,0.946980,0.000000,700,800,0.94697975,0.03742438,0.01555231,0.00004345,0.00000012
power_05,1,POWER,5,countdown,15,1.701395,0,REST,0,REST,0.972171,0.000000,750,850,0.97217070,0.01725107,0.01056112,0.00001626,0.00000086
power_05,1,POWER,5,countdown,16,1.800674,0,REST,0,REST,0.937420,0.000000,800,900,0.93741992,0.05721741,0.00528713,0.00007413,0.00000141
power_05,1,POWER,5,countdown,17,1.901545,0,REST,0,REST,0.702650,0.000000,850,950,0.70264967,0.29471381,0.00209081,0.00054565,0.00000005
power_05,1,POWER,5,countdown,18,2.001003,0,REST,0,REST,0.982171,0.000000,900,1000,0.98217118,0.01621917,0.00156919,0.00004043,0.00000002
power_05,1,POWER,5,countdown,19,2.102635,0,REST,0,REST,0.984740,0.000000,950,1050,0.98473970,0.00953547,0.00570192,0.00002241,0.00000050
power_05,1,POWER,5,countdown,20,2.201573,0,REST,0,REST,0.862852,0.000000,1000,1100,0.86285222,0.10960898,0.02714666,0.00038881,0.00000333
power_05,1,POWER,5,countdown,21,2.301500,0,REST,0,REST,0.896562,0.000000,1050,1150,0.89656163,0.08730509,0.01601811,0.00011505,0.00000012
power_05,1,POWER,5,countdown,22,2.401969,0,REST,0,REST,0.977104,0.000000,1100,1200,0.97710408,0.01825464,0.00461808,0.00002312,0.00000008
power_05,1,POWER,5,countdown,23,2.505582,0,REST,0,REST,0.985424,0.000000,1150,1250,0.98542395,0.01361977,0.00092619,0.00003008,0.00000000
power_05,1,POWER,5,countdown,24,2.606689,0,REST,0,REST,0.992588,0.000000,1200,1300,0.99258815,0.00693572,0.00046252,0.00001361,0.00000000
power_05,1,POWER,5,countdown,25,2.702655,0,REST,0,REST,0.981660,0.000000,1250,1350,0.98166036,0.01645157,0.00187441,0.00001357,0.00000009
power_05,1,POWER,5,countdown,26,2.804153,0,REST,0,REST,0.676507,0.000000,1300,1400,0.67650676,0.31639211,0.00677278,0.00032772,0.00000064
power_05,1,POWER,5,countdown,27,2.902624,1,POWER,0,REST,0.824121,0.000000,1350,1450,0.15883116,0.82412133,0.01389889,0.00312216,0.00002646
power_05,1,POWER,5,active,28,3.003148,1,POWER,0,REST,0.921037,0.000000,1400,1500,0.00004327,0.92103680,0.05758182,0.02128693,0.00005118
power_05,1,POWER,5,active,29,3.104968,1,POWER,1,POWER,0.931889,1.000000,1450,1550,0.00000079,0.93188877,0.00000043,0.06811000,0.00000001
power_05,1,POWER,5,active,30,3.204525,1,POWER,1,POWER,0.997202,1.000000,1500,1600,0.00000000,0.99720209,0.00001211,0.00278311,0.00000269
power_05,1,POWER,5,active,31,3.303678,1,POWER,1,POWER,0.849684,1.000000,1550,1650,0.00000000,0.84968412,0.05865606,0.07840387,0.01325595
power_05,1,POWER,5,active,32,3.403100,3,FLEXION,1,POWER,0.996590,1.000000,1600,1700,0.00000001,0.00340512,0.00000065,0.99659023,0.00000400
power_05,1,POWER,5,active,33,3.506256,3,FLEXION,1,POWER,0.978559,1.000000,1650,1750,0.00000000,0.02144058,0.00000006,0.97855916,0.00000019
power_05,1,POWER,5,active,34,3.603298,3,FLEXION,3,FLEXION,0.997193,0.865862,1700,1800,0.00000000,0.00280662,0.00000005,0.99719333,0.00000000
power_05,1,POWER,5,active,35,3.703647,3,FLEXION,3,FLEXION,0.992700,0.854111,1750,1850,0.00000014,0.00729895,0.00000050,0.99270041,0.00000000
power_05,1,POWER,5,active,36,3.805541,3,FLEXION,3,FLEXION,0.921631,0.962876,1800,1900,0.00000148,0.01344656,0.00000252,0.92163058,0.06491885
power_05,1,POWER,5,active,37,3.904558,3,FLEXION,3,FLEXION,0.951292,1.000000,1850,1950,0.00000126,0.00353586,0.00000184,0.95129191,0.04516913
power_05,1,POWER,5,active,38,4.004471,4,EXTENSION,3,FLEXION,0.972570,0.816031,1900,2000,0.00003592,0.00736935,0.00000020,0.02002496,0.97256956
power_05,1,POWER,5,active,39,4.104578,4,EXTENSION,3,FLEXION,0.983855,0.758022,1950,2050,0.00019169,0.01435440,0.00000074,0.00159828,0.98385489
power_05,1,POWER,5,active,40,4.204908,1,POWER,3,FLEXION,0.993503,0.834376,2000,2100,0.00002554,0.99350272,0.00017144,0.00601231,0.00028799
power_05,1,POWER,5,active,41,4.304429,1,POWER,3,FLEXION,0.944796,0.607391,2050,2150,0.00000051,0.94479620,0.00000048,0.05520245,0.00000037
power_05,1,POWER,5,active,42,4.404829,1,POWER,1,POWER,0.944220,0.515451,2100,2200,0.00755898,0.94421965,0.00000842,0.04821264,0.00000031
power_05,1,POWER,5,active,43,4.504536,1,POWER,1,POWER,0.864442,0.364955,2150,2250,0.10257050,0.86444229,0.00055764,0.03242908,0.00000049
power_05,1,POWER,5,active,44,4.609053,1,POWER,1,POWER,0.990167,0.363437,2200,2300,0.00207239,0.99016718,0.00025620,0.00750415,0.00000008
power_05,1,POWER,5,active,45,4.705441,1,POWER,1,POWER,0.994759,0.413827,2250,2350,0.00071644,0.99475908,0.00021159,0.00431288,0.00000001
power_05,1,POWER,5,active,46,4.805513,1,POWER,1,POWER,0.985475,0.323979,2300,2400,0.01363159,0.98547539,0.00027320,0.00061208,0.00000774
power_05,1,POWER,5,active,47,4.905562,1,POWER,1,POWER,0.838451,0.138337,2350,2450,0.16010773,0.83845140,0.00043350,0.00083949,0.00016787
power_05,1,POWER,5,active,48,5.005605,1,POWER,1,POWER,0.750972,0.125241,2400,2500,0.24727186,0.75097225,0.00036778,0.00138199,0.00000612
power_05,1,POWER,5,active,49,5.106134,1,POWER,1,POWER,0.810340,0.189529,2450,2550,0.17653845,0.81033952,0.00080273,0.01231869,0.00000061
power_05,1,POWER,5,active,50,5.206734,1,POWER,1,POWER,0.964760,0.184737,2500,2600,0.01890943,0.96476000,0.00012593,0.01617660,0.00002804
power_05,1,POWER,5,active,51,5.310698,1,POWER,1,POWER,0.971341,0.274670,2550,2650,0.02297326,0.97134088,0.00008282,0.00166648,0.00393656
power_05,1,POWER,5,active,52,5.406495,1,POWER,1,POWER,0.923502,0.313144,2600,2700,0.07333198,0.92350227,0.00018045,0.00239306,0.00059225
open_01,2,OPEN,1,countdown,0,0.200527,3,FLEXION,3,FLEXION,0.821930,1.000000,0,100,0.00000030,0.00213483,0.17593453,0.82193031,0.00000002
open_01,2,OPEN,1,countdown,1,0.298127,2,OPEN,3,FLEXION,0.738944,0.413361,50,150,0.25345143,0.00659099,0.73894418,0.00065044,0.00036296
open_01,2,OPEN,1,countdown,2,0.397830,2,OPEN,2,OPEN,0.764176,0.447227,100,200,0.17501949,0.06011616,0.76417611,0.00062629,0.00006195
open_01,2,OPEN,1,countdown,3,0.497813,2,OPEN,2,OPEN,0.594117,0.060607,150,250,0.17639383,0.22860143,0.59411670,0.00088344,0.00000460
open_01,2,OPEN,1,countdown,4,0.597887,0,REST,2,OPEN,0.486120,0.000000,200,300,0.32736290,0.18408895,0.48611955,0.00242845,0.00000015
open_01,2,OPEN,1,countdown,5,0.698802,0,REST,2,OPEN,0.538739,0.000000,250,350,0.53873888,0.22619138,0.23266395,0.00240579,0.00000001
open_01,2,OPEN,1,countdown,6,0.798806,0,REST,0,REST,0.822521,0.000000,300,400,0.82252059,0.09805027,0.07850559,0.00092355,0.00000000
open_01,2,OPEN,1,countdown,7,0.898802,0,REST,0,REST,0.997772,0.000000,350,450,0.99777171,0.00081126,0.00140357,0.00001347,0.00000000
open_01,2,OPEN,1,countdown,8,0.998887,0,REST,0,REST,0.999515,0.000000,400,500,0.99951509,0.00018594,0.00029529,0.00000369,0.00000000
open_01,2,OPEN,1,countdown,9,1.102730,0,REST,0,REST,0.999497,0.000000,450,550,0.99949708,0.00032860,0.00016373,0.00001059,0.00000000
open_01,2,OPEN,1,countdown,10,1.199592,0,REST,0,REST,0.991397,0.000000,500,600,0.99139697,0.00841916,0.00012368,0.00006019,0.00000000
open_01,2,OPEN,1,countdown,11,1.299363,0,REST,0,REST,0.992427,0.000000,550,650,0.99242714,0.00744110,0.00010549,0.00002626,0.00000000
open_01,2,OPEN,1,countdown,12,1.401784,0,REST,0,REST,0.999028,0.000000,600,700,0.99902827,0.00086850,0.00009888,0.00000435,0.00000000
open_01,2,OPEN,1,countdown,13,1.499099,0,REST,0,REST,0.992060,0.000000,650,750,0.99206018,0.00722318,0.00069004,0.00002660,0.00000000
open_01,2,OPEN,1,countdown,14,1.601322,0,REST,0,REST,0.980966,0.000000,700,800,0.98096612,0.01714261,0.00185098,0.00004029,0.00000000
open_01,2,OPEN,1,countdown,15,1.700560,0,REST,0,REST,0.973233,0.000000,750,850,0.97323345,0.02569624,0.00097626,0.00009404,0.00000000
open_01,2,OPEN,1,countdown,16,1.799466,0,REST,0,REST,0.978729,0.000000,800,900,0.97872926,0.02085958,0.00034476,0.00006639,0.00000000
open_01,2,OPEN,1,countdown,17,1.900619,0,REST,0,REST,0.995383,0.000000,850,950,0.99538344,0.00435775,0.00025046,0.00000835,0.00000000
open_01,2,OPEN,1,countdown,18,2.000711,0,REST,0,REST,0.998368,0.000000,900,1000,0.99836754,0.00129096,0.00033831,0.00000319,0.00000000
open_01,2,OPEN,1,countdown,19,2.101704,0,REST,0,REST,0.994260,0.000000,950,1050,0.99425976,0.00464760,0.00107805,0.00001458,0.00000000
open_01,2,OPEN,1,countdown,20,2.201161,0,REST,0,REST,0.997937,0.000000,1000,1100,0.99793740,0.00164381,0.00040893,0.00000987,0.00000000
open_01,2,OPEN,1,countdown,21,2.300816,0,REST,0,REST,0.997314,0.000000,1050,1150,0.99731420,0.00256731,0.00010598,0.00001251,0.00000000
open_01,2,OPEN,1,countdown,22,2.401370,0,REST,0,REST,0.996294,0.000000,1100,1200,0.99629419,0.00358426,0.00010400,0.00001755,0.00000000
open_01,2,OPEN,1,countdown,23,2.501671,0,REST,0,REST,0.998415,0.000000,1150,1250,0.99841462,0.00141922,0.00015946,0.00000670,0.00000000
open_01,2,OPEN,1,countdown,24,2.601061,0,REST,0,REST,0.978261,0.000000,1200,1300,0.97826086,0.02114500,0.00055169,0.00004245,0.00000000
open_01,2,OPEN,1,countdown,25,2.706715,2,OPEN,0,REST,0.863323,0.000000,1250,1350,0.12977676,0.00683672,0.86332261,0.00001060,0.00005331
open_01,2,OPEN,1,countdown,26,2.801047,4,EXTENSION,0,REST,0.999302,0.000000,1300,1400,0.00000000,0.00000081,0.00069720,0.00000001,0.99930198
open_01,2,OPEN,1,countdown,27,2.901521,4,EXTENSION,0,REST,0.999974,0.000000,1350,1450,0.00000000,0.00000026,0.00002617,0.00000000,0.99997356
open_01,2,OPEN,1,active,28,3.004913,4,EXTENSION,4,EXTENSION,0.880312,0.584122,1400,1500,0.00000033,0.00001141,0.11967580,0.00000000,0.88031246
open_01,2,OPEN,1,active,29,3.102084,2,OPEN,4,EXTENSION,0.978078,0.485093,1450,1550,0.00000477,0.00000322,0.97807837,0.00000000,0.02191363
open_01,2,OPEN,1,active,30,3.201701,2,OPEN,4,EXTENSION,0.983110,0.433353,1500,1600,0.00000006,0.00000002,0.98311000,0.00000000,0.01688991
open_01,2,OPEN,1,active,31,3.301912,2,OPEN,2,OPEN,0.999930,1.000000,1550,1650,0.00000000,0.00000000,0.99993036,0.00000000,0.00006963
open_01,2,OPEN,1,active,32,3.402209,2,OPEN,2,OPEN,0.999885,0.927656,1600,1700,0.00000042,0.00001135,0.99988524,0.00000001,0.00010298
open_01,2,OPEN,1,active,33,3.501923,4,EXTENSION,2,OPEN,0.722259,0.808727,1650,1750,0.00000863,0.00003865,0.27769334,0.00000005,0.72225932
open_01,2,OPEN,1,active,34,3.605732,2,OPEN,2,OPEN,0.963822,0.943340,1700,1800,0.00000282,0.00001254,0.96382193,0.00000001,0.03616270
open_01,2,OPEN,1,active,35,3.702723,2,OPEN,2,OPEN,1.000000,0.959528,1750,1850,0.00000005,0.00000009,0.99999975,0.00000000,0.00000011
open_01,2,OPEN,1,active,36,3.806029,2,OPEN,2,OPEN,0.999998,0.751502,1800,1900,0.00000071,0.00000088,0.99999838,0.00000001,0.00000002
open_01,2,OPEN,1,active,37,3.904150,2,OPEN,2,OPEN,0.992535,0.772631,1850,1950,0.00250849,0.00480283,0.99253493,0.00006583,0.00008792
open_01,2,OPEN,1,active,38,4.003679,0,REST,2,OPEN,0.514244,0.812898,1900,2000,0.02997504,0.02448398,0.51424359,0.00018943,0.43110795
open_01,2,OPEN,1,active,39,4.103737,2,OPEN,2,OPEN,0.952770,0.784554,1950,2050,0.00040427,0.00033937,0.95277026,0.00000053,0.04648557
open_01,2,OPEN,1,active,40,4.203695,2,OPEN,2,OPEN,0.999496,0.891531,2000,2100,0.00011003,0.00002030,0.99949551,0.00000007,0.00037409
open_01,2,OPEN,1,active,41,4.304195,2,OPEN,2,OPEN,0.999884,0.900623,2050,2150,0.00000323,0.00000341,0.99988363,0.00000003,0.00010970
open_01,2,OPEN,1,active,42,4.403485,2,OPEN,2,OPEN,0.999994,0.924583,2100,2200,0.00000007,0.00000123,0.99999406,0.00000000,0.00000464
open_01,2,OPEN,1,active,43,4.503739,2,OPEN,2,OPEN,0.993758,0.887276,2150,2250,0.00000785,0.00005020,0.99375799,0.00000010,0.00618386
open_01,2,OPEN,1,active,44,4.604737,2,OPEN,2,OPEN,0.999646,0.786389,2200,2300,0.00001475,0.00004904,0.99964617,0.00000001,0.00029002
open_01,2,OPEN,1,active,45,4.704073,2,OPEN,2,OPEN,0.999613,0.883159,2250,2350,0.00000074,0.00026217,0.99961285,0.00000000,0.00012423
open_01,2,OPEN,1,active,46,4.804734,4,EXTENSION,2,OPEN,0.985113,1.000000,2300,2400,0.00000004,0.00001087,0.01487578,0.00000001,0.98511331
open_01,2,OPEN,1,active,47,4.904754,4,EXTENSION,2,OPEN,0.961759,0.950862,2350,2450,0.00000050,0.00000290,0.03823746,0.00000000,0.96175913
open_01,2,OPEN,1,active,48,5.004691,2,OPEN,2,OPEN,0.999992,0.843482,2400,2500,0.00000026,0.00000470,0.99999232,0.00000000,0.00000272
open_01,2,OPEN,1,active,49,5.105273,2,OPEN,2,OPEN,0.999992,0.824541,2450,2550,0.00000013,0.00000769,0.99999217,0.00000000,0.00000000
open_02,2,OPEN,2,countdown,0,0.200028,3,FLEXION,3,FLEXION,0.732022,1.000000,0,100,0.00000001,0.00016211,0.26781595,0.73202194,0.00000000
open_02,2,OPEN,2,countdown,1,0.300546,1,POWER,3,FLEXION,0.690914,0.417389,50,150,0.03397294,0.69091385,0.27097260,0.00287629,0.00126432
open_02,2,OPEN,2,countdown,2,0.400346,1,POWER,1,POWER,0.985398,0.353229,100,200,0.00206862,0.98539810,0.00956459,0.00289415,0.00007454
open_02,2,OPEN,2,countdown,3,0.501430,1,POWER,1,POWER,0.992279,0.148366,150,250,0.00130370,0.99227915,0.00475418,0.00164160,0.00002137
open_02,2,OPEN,2,countdown,4,0.601326,1,POWER,1,POWER,0.961952,0.025439,200,300,0.01781023,0.96195210,0.01814847,0.00208838,0.00000081
open_02,2,OPEN,2,countdown,5,0.701307,1,POWER,1,POWER,0.600546,0.000000,250,350,0.32632925,0.60054619,0.06701601,0.00610849,0.00000006
open_02,2,OPEN,2,countdown,6,0.801595,0,REST,1,POWER,0.705917,0.000000,300,400,0.70591677,0.24944028,0.04003765,0.00460520,0.00000010
open_02,2,OPEN,2,countdown,7,0.902119,0,REST,1,POWER,0.858969,0.000000,350,450,0.85896861,0.12916562,0.01041580,0.00144997,0.00000000
open_02,2,OPEN,2,countdown,8,1.001337,0,REST,0,REST,0.988611,0.000000,400,500,0.98861144,0.00881687,0.00226557,0.00030612,0.00000000
open_02,2,OPEN,2,countdown,9,1.101515,0,REST,0,REST,0.983145,0.000000,450,550,0.98314506,0.01534984,0.00111708,0.00038802,0.00000000
open_02,2,OPEN,2,countdown,10,1.202412,0,REST,0,REST,0.993550,0.000000,500,600,0.99355004,0.00481708,0.00161229,0.00002059,0.00000000
open_02,2,OPEN,2,countdown,11,1.302765,0,REST,0,REST,0.996208,0.000000,550,650,0.99620777,0.00123982,0.00254990,0.00000251,0.00000000
open_02,2,OPEN,2,countdown,12,1.402826,0,REST,0,REST,0.986000,0.000000,600,700,0.98600017,0.01207330,0.00187089,0.00005564,0.00000000
open_02,2,OPEN,2,countdown,13,1.502569,0,REST,0,REST,0.976547,0.000000,650,750,0.97654729,0.02107461,0.00209153,0.00028658,0.00000000
open_02,2,OPEN,2,countdown,14,1.602410,0,REST,0,REST,0.896949,0.000000,700,800,0.89694920,0.09740676,0.00523320,0.00041084,0.00000000
open_02,2,OPEN,2,countdown,15,1.705371,0,REST,0,REST,0.940793,0.000000,750,850,0.94079281,0.05484645,0.00431301,0.00004773,0.00000001
open_02,2,OPEN,2,countdown,16,1.803409,0,REST,0,REST,0.971287,0.000000,800,900,0.97128677,0.02101657,0.00767766,0.00001899,0.00000001
open_02,2,OPEN,2,countdown,17,1.903151,0,REST,0,REST,0.996995,0.000000,850,950,0.99699486,0.00168661,0.00130890,0.00000963,0.00000000
open_02,2,OPEN,2,countdown,18,2.003375,0,REST,0,REST,0.998784,0.000000,900,1000,0.99878356,0.00105177,0.00015654,0.00000813,0.00000000
open_02,2,OPEN,2,countdown,19,2.103500,0,REST,0,REST,0.979732,0.000000,950,1050,0.97973172,0.01964634,0.00035007,0.00027186,0.00000000
open_02,2,OPEN,2,countdown,20,2.203728,0,REST,0,REST,0.994364,0.000000,1000,1100,0.99436422,0.00540021,0.00013012,0.00010545,0.00000000
open_02,2,OPEN,2,countdown,21,2.303311,0,REST,0,REST,0.998118,0.000000,1050,1150,0.99811844,0.00173878,0.00012278,0.00001999,0.00000000
open_02,2,OPEN,2,countdown,22,2.404186,0,REST,0,REST,0.988474,0.000000,1100,1200,0.98847411,0.01100188,0.00047865,0.00004534,0.00000001
open_02,2,OPEN,2,countdown,23,2.504409,0,REST,0,REST,0.952830,0.000000,1150,1250,0.95283030,0.04334928,0.00374147,0.00007891,0.00000004
open_02,2,OPEN,2,countdown,24,2.604403,0,REST,0,REST,0.969247,0.000000,1200,1300,0.96924749,0.02770435,0.00301687,0.00003129,0.00000000
open_02,2,OPEN,2,countdown,25,2.708270,0,REST,0,REST,0.962319,0.000000,1250,1350,0.96231854,0.03629097,0.00125813,0.00013236,0.00000000
open_02,2,OPEN,2,countdown,26,2.808393,0,REST,0,REST,0.981026,0.000000,1300,1400,0.98102555,0.01745712,0.00137370,0.00014362,0.00000001
open_02,2,OPEN,2,countdown,27,2.909279,0,REST,0,REST,0.979921,0.000000,1350,1450,0.97992055,0.01864242,0.00136204,0.00007499,0.00000000
open_02,2,OPEN,2,active,28,3.004455,2,OPEN,0,REST,0.923130,0.000000,1400,1500,0.05337544,0.02341707,0.92312962,0.00001169,0.00006619
open_02,2,OPEN,2,active,29,3.105243,2,OPEN,0,REST,0.869866,0.000000,1450,1550,0.00006743,0.00024711,0.86986595,0.00000000,0.12981951
open_02,2,OPEN,2,active,30,3.205302,2,OPEN,2,OPEN,0.999901,1.000000,1500,1600,0.00000006,0.00000219,0.99990128,0.00000000,0.00009646
open_02,2,OPEN,2,active,31,3.305269,2,OPEN,2,OPEN,0.997888,1.000000,1550,1650,0.00000005,0.00001123,0.99788779,0.00000001,0.00210093
open_02,2,OPEN,2,active,32,3.406213,2,OPEN,2,OPEN,0.999993,1.000000,1600,1700,0.00000002,0.00000041,0.99999276,0.00000002,0.00000679
open_02,2,OPEN,2,active,33,3.507180,2,OPEN,2,OPEN,0.999997,1.000000,1650,1750,0.00000091,0.00000159,0.99999745,0.00000004,0.00000001
open_02,2,OPEN,2,active,34,3.606048,2,OPEN,2,OPEN,0.999399,1.000000,1700,1800,0.00020163,0.00039660,0.99939900,0.00000162,0.00000114
open_02,2,OPEN,2,active,35,3.706441,2,OPEN,2,OPEN,0.999891,1.000000,1750,1850,0.00004495,0.00003437,0.99989072,0.00000021,0.00002975
open_02,2,OPEN,2,active,36,3.806573,2,OPEN,2,OPEN,0.953210,0.938837,1800,1900,0.00021103,0.00008038,0.95320959,0.00000117,0.04649783
open_02,2,OPEN,2,active,37,3.905918,2,OPEN,2,OPEN,0.999357,0.944819,1850,1950,0.00000060,0.00000652,0.99935671,0.00000000,0.00063616
open_02,2,OPEN,2,active,38,4.008955,2,OPEN,2,OPEN,0.999949,1.000000,1900,2000,0.00000306,0.00004411,0.99994926,0.00000030,0.00000327
open_02,2,OPEN,2,active,39,4.106696,2,OPEN,2,OPEN,0.812772,1.000000,1950,2050,0.00077635,0.00272366,0.81277175,0.00024517,0.18348306
open_02,2,OPEN,2,active,40,4.207246,4,EXTENSION,2,OPEN,0.864593,1.000000,2000,2100,0.00000509,0.00000437,0.13539734,0.00000000,0.86459320
open_03,2,OPEN,3,countdown,0,0.197572,3,FLEXION,3,FLEXION,0.949705,1.000000,0,100,0.00000001,0.00016500,0.05012934,0.94970525,0.00000039
open_03,2,OPEN,3,countdown,1,0.299119,1,POWER,3,FLEXION,0.616704,0.446811,50,150,0.03366355,0.61670402,0.34448747,0.00447514,0.00066982
open_03,2,OPEN,3,countdown,2,0.395771,1,POWER,1,POWER,0.959935,0.363611,100,200,0.00639920,0.95993536,0.03195232,0.00168249,0.00003064
open_03,2,OPEN,3,countdown,3,0.497438,1,POWER,1,POWER,0.944007,0.146282,150,250,0.01725350,0.94400728,0.03678642,0.00193477,0.00001804
open_03,2,OPEN,3,countdown,4,0.597874,1,POWER,1,POWER,0.697965,0.016707,200,300,0.23120213,0.69796500,0.05444942,0.01636625,0.00001719
open_03,2,OPEN,3,countdown,5,0.697828,0,REST,1,POWER,0.778067,0.000000,250,350,0.77806726,0.13701342,0.08140109,0.00351778,0.00000045
open_03,2,OPEN,3,countdown,6,0.799835,0,REST,1,POWER,0.984306,0.000000,300,400,0.98430559,0.00355064,0.01211626,0.00002750,0.00000000
open_03,2,OPEN,3,countdown,7,0.898239,0,REST,0,REST,0.999848,0.000000,350,450,0.99984835,0.00004958,0.00010109,0.00000098,0.00000000
open_03,2,OPEN,3,countdown,8,0.997385,0,REST,0,REST,0.999693,0.000000,400,500,0.99969324,0.00010048,0.00020520,0.00000108,0.00000000
open_03,2,OPEN,3,countdown,9,1.099711,0,REST,0,REST,0.998282,0.000000,450,550,0.99828240,0.00070821,0.00100510,0.00000430,0.00000000
open_03,2,OPEN,3,countdown,10,1.197266,0,REST,0,REST,0.999630,0.000000,500,600,0.99962999,0.00030034,0.00006275,0.00000691,0.00000000
open_03,2,OPEN,3,countdown,11,1.297075,0,REST,0,REST,0.999570,0.000000,550,650,0.99957038,0.00028598,0.00013839,0.00000525,0.00000000
open_03,2,OPEN,3,countdown,12,1.400964,0,REST,0,REST,0.999056,0.000000,600,700,0.99905630,0.00045925,0.00048117,0.00000328,0.00000000
open_03,2,OPEN,3,countdown,13,1.498020,0,REST,0,REST,0.999721,0.000000,650,750,0.99972070,0.00012814,0.00014896,0.00000220,0.00000000
open_03,2,OPEN,3,countdown,14,1.602981,0,REST,0,REST,0.999900,0.000000,700,800,0.99989963,0.00004872,0.00005129,0.00000036,0.00000000
open_03,2,OPEN,3,countdown,15,1.698053,0,REST,0,REST,0.999308,0.000000,750,850,0.99930813,0.00053452,0.00015674,0.00000061,0.00000000
open_03,2,OPEN,3,countdown,16,1.798181,0,REST,0,REST,0.999279,0.000000,800,900,0.99927876,0.00041447,0.00030631,0.00000046,0.00000000
open_03,2,OPEN,3,countdown,17,1.898575,0,REST,0,REST,0.999785,0.000000,850,950,0.99978480,0.00013674,0.00007826,0.00000020,0.00000000
open_03,2,OPEN,3,countdown,18,1.998075,0,REST,0,REST,0.999691,0.000000,900,1000,0.99969080,0.00026000,0.00004855,0.00000066,0.00000000
open_03,2,OPEN,3,countdown,19,2.098213,0,REST,0,REST,0.999597,0.000000,950,1050,0.99959676,0.00031097,0.00008984,0.00000244,0.00000000
open_03,2,OPEN,3,countdown,20,2.198869,0,REST,0,REST,0.997140,0.000000,1000,1100,0.99713964,0.00269184,0.00014668,0.00002183,0.00000000
open_03,2,OPEN,3,countdown,21,2.299471,0,REST,0,REST,0.999318,0.000000,1050,1150,0.99931838,0.00060598,0.00006914,0.00000650,0.00000000
open_03,2,OPEN,3,countdown,22,2.399025,0,REST,0,REST,0.999755,0.000000,1100,1200,0.99975526,0.00019970,0.00004276,0.00000227,0.00000000
open_03,2,OPEN,3,countdown,23,2.499685,0,REST,0,REST,0.998389,0.000000,1150,1250,0.99838889,0.00116404,0.00044427,0.00000281,0.00000000
open_03,2,OPEN,3,countdown,24,2.598993,0,REST,0,REST,0.982599,0.000000,1200,1300,0.98259946,0.01315292,0.00424000,0.00000762,0.00000000
open_03,2,OPEN,3,countdown,25,2.699947,0,REST,0,REST,0.994353,0.000000,1250,1350,0.99435315,0.00539026,0.00024754,0.00000905,0.00000000
open_03,2,OPEN,3,countdown,26,2.801411,0,REST,0,REST,0.998708,0.000000,1300,1400,0.99870789,0.00125045,0.00002410,0.00001757,0.00000000
open_03,2,OPEN,3,countdown,27,2.900165,0,REST,0,REST,0.990494,0.000000,1350,1450,0.99049426,0.00921702,0.00010538,0.00018334,0.00000000
open_03,2,OPEN,3,active,28,3.000327,0,REST,0,REST,0.982266,0.000000,1400,1500,0.98226584,0.01752299,0.00014450,0.00006667,0.00000000
open_03,2,OPEN,3,active,29,3.100530,0,REST,0,REST,0.548147,0.000000,1450,1550,0.44965506,0.54814731,0.00081606,0.00138153,0.00000004
open_03,2,OPEN,3,active,30,3.199990,2,OPEN,0,REST,0.999721,0.000000,1500,1600,0.00000006,0.00026869,0.99972052,0.00000356,0.00000717
open_03,2,OPEN,3,active,31,3.300949,2,OPEN,0,REST,0.995515,0.000000,1550,1650,0.00000000,0.00002202,0.99551486,0.00000204,0.00446107
open_03,2,OPEN,3,active,32,3.400859,4,EXTENSION,0,REST,0.913997,0.000000,1600,1700,0.00000011,0.00001337,0.08598953,0.00000021,0.91399678
open_03,2,OPEN,3,active,33,3.501403,2,OPEN,2,OPEN,0.994996,1.000000,1650,1750,0.00000006,0.00000061,0.99499611,0.00000000,0.00500321
open_03,2,OPEN,3,active,34,3.600576,2,OPEN,2,OPEN,0.934374,1.000000,1700,1800,0.00000015,0.00000266,0.93437388,0.00000000,0.06562331
open_03,2,OPEN,3,active,35,3.700812,2,OPEN,2,OPEN,0.988129,1.000000,1750,1850,0.00000002,0.00000113,0.98812867,0.00000000,0.01187018
open_03,2,OPEN,3,active,36,3.801730,2,OPEN,2,OPEN,0.999996,0.888158,1800,1900,0.00000022,0.00000165,0.99999623,0.00000000,0.00000189
open_03,2,OPEN,3,active,37,3.900946,2,OPEN,2,OPEN,0.999974,0.771773,1850,1950,0.00000650,0.00001977,0.99997352,0.00000002,0.00000020
open_03,2,OPEN,3,active,38,4.001883,2,OPEN,2,OPEN,0.992439,0.739932,1900,2000,0.00063789,0.00688251,0.99243895,0.00003957,0.00000108
open_03,2,OPEN,3,active,39,4.101800,2,OPEN,2,OPEN,0.991991,0.775382,1950,2050,0.00315703,0.00400706,0.99199143,0.00037344,0.00047104
open_03,2,OPEN,3,active,40,4.202345,2,OPEN,2,OPEN,0.999269,0.707585,2000,2100,0.00018454,0.00000472,0.99926876,0.00000002,0.00054196
open_03,2,OPEN,3,active,41,4.302200,2,OPEN,2,OPEN,0.999943,0.728565,2050,2150,0.00002109,0.00002395,0.99994318,0.00000001,0.00001177
open_03,2,OPEN,3,active,42,4.401867,2,OPEN,2,OPEN,0.999988,0.770561,2100,2200,0.00000102,0.00000772,0.99998765,0.00000002,0.00000360
open_03,2,OPEN,3,active,43,4.502280,2,OPEN,2,OPEN,0.999953,0.757805,2150,2250,0.00001079,0.00003057,0.99995314,0.00000068,0.00000483
open_04,2,OPEN,4,countdown,0,0.197071,3,FLEXION,3,FLEXION,0.682877,1.000000,0,100,0.00000012,0.00006410,0.31701214,0.68287699,0.00004665
open_04,2,OPEN,4,countdown,1,0.297955,2,OPEN,3,FLEXION,0.873533,0.487013,50,150,0.11510749,0.01070196,0.87353258,0.00063689,0.00002107
open_04,2,OPEN,4,countdown,2,0.397194,2,OPEN,2,OPEN,0.563712,0.548785,100,200,0.29552509,0.13904178,0.56371161,0.00172007,0.00000146
open_04,2,OPEN,4,countdown,3,0.497451,0,REST,2,OPEN,0.516442,0.132828,150,250,0.25937547,0.51644231,0.21683703,0.00733824,0.00000694
open_04,2,OPEN,4,countdown,4,0.597179,1,POWER,2,OPEN,0.734033,0.000000,200,300,0.16222793,0.73403291,0.09678722,0.00695069,0.00000126
open_04,2,OPEN,4,countdown,5,0.697883,1,POWER,2,OPEN,0.735466,0.000000,250,350,0.16085714,0.73546615,0.08623626,0.01744040,0.00000005
open_04,2,OPEN,4,countdown,6,0.798022,0,REST,2,OPEN,0.697226,0.000000,300,400,0.69722593,0.27858560,0.00582637,0.01836210,0.00000000
open_04,2,OPEN,4,countdown,7,0.898055,0,REST,0,REST,0.984743,0.000000,350,450,0.98474305,0.01477724,0.00017251,0.00030720,0.00000000
open_04,2,OPEN,4,countdown,8,0.998425,0,REST,0,REST,0.999668,0.000000,400,500,0.99966834,0.00018583,0.00014170,0.00000413,0.00000000
open_04,2,OPEN,4,countdown,9,1.098346,0,REST,0,REST,0.999905,0.000000,450,550,0.99990469,0.00003225,0.00006214,0.00000092,0.00000000
open_04,2,OPEN,4,countdown,10,1.199017,0,REST,0,REST,0.999535,0.000000,500,600,0.99953482,0.00037763,0.00008444,0.00000311,0.00000000
open_04,2,OPEN,4,countdown,11,1.298989,0,REST,0,REST,0.998663,0.000000,550,650,0.99866250,0.00109465,0.00023149,0.00001135,0.00000000
open_04,2,OPEN,4,countdown,12,1.398946,0,REST,0,REST,0.999357,0.000000,600,700,0.99935681,0.00015191,0.00048904,0.00000224,0.00000000
open_04,2,OPEN,4,countdown,13,1.499038,0,REST,0,REST,0.999690,0.000000,650,750,0.99968962,0.00005255,0.00025752,0.00000030,0.00000000
open_04,2,OPEN,4,countdown,14,1.598900,0,REST,0,REST,0.998538,0.000000,700,800,0.99853848,0.00117302,0.00028124,0.00000725,0.00000000
open_04,2,OPEN,4,countdown,15,1.702465,0,REST,0,REST,0.994150,0.000000,750,850,0.99414970,0.00538325,0.00041435,0.00005270,0.00000000
open_04,2,OPEN,4,countdown,16,1.801140,0,REST,0,REST,0.995222,0.000000,800,900,0.99522180,0.00452152,0.00020193,0.00005475,0.00000000
open_04,2,OPEN,4,countdown,17,1.904036,0,REST,0,REST,0.999212,0.000000,850,950,0.99921172,0.00044473,0.00034134,0.00000220,0.00000000
open_04,2,OPEN,4,countdown,18,2.000235,0,REST,0,REST,0.999126,0.000000,900,1000,0.99912583,0.00021892,0.00065438,0.00000087,0.00000000
open_04,2,OPEN,4,countdown,19,2.100248,0,REST,0,REST,0.997012,0.000000,950,1050,0.99701217,0.00258342,0.00038816,0.00001625,0.00000000
open_04,2,OPEN,4,countdown,20,2.199840,0,REST,0,REST,0.982509,0.000000,1000,1100,0.98250911,0.01652986,0.00088326,0.00007777,0.00000000
open_04,2,OPEN,4,countdown,21,2.304849,0,REST,0,REST,0.992125,0.000000,1050,1150,0.99212467,0.00667018,0.00114211,0.00006305,0.00000000
open_04,2,OPEN,4,countdown,22,2.400799,0,REST,0,REST,0.998821,0.000000,1100,1200,0.99882125,0.00080738,0.00035107,0.00002030,0.00000000
open_04,2,OPEN,4,countdown,23,2.502232,0,REST,0,REST,0.999624,0.000000,1150,1250,0.99962442,0.00012573,0.00024903,0.00000082,0.00000000
open_04,2,OPEN,4,countdown,24,2.601075,0,REST,0,REST,0.999521,0.000000,1200,1300,0.99952083,0.00033567,0.00014195,0.00000156,0.00000000
open_04,2,OPEN,4,countdown,25,2.701305,0,REST,0,REST,0.993435,0.000000,1250,1350,0.99343544,0.00579340,0.00075000,0.00002116,0.00000000
open_04,2,OPEN,4,countdown,26,2.800724,0,REST,0,REST,0.997674,0.000000,1300,1400,0.99767359,0.00145486,0.00086494,0.00000662,0.00000000
open_04,2,OPEN,4,countdown,27,2.907082,0,REST,0,REST,0.998441,0.000000,1350,1450,0.99844097,0.00103319,0.00052020,0.00000564,0.00000000
open_04,2,OPEN,4,active,28,3.001585,2,OPEN,0,REST,0.662553,0.000000,1400,1500,0.31795920,0.01937008,0.66255301,0.00003996,0.00007774
open_04,2,OPEN,4,active,29,3.101603,2,OPEN,0,REST,0.999949,0.000000,1450,1550,0.00001737,0.00002361,0.99994896,0.00000001,0.00001005
open_04,2,OPEN,4,active,30,3.203524,2,OPEN,2,OPEN,0.999967,1.000000,1500,1600,0.00000004,0.00000104,0.99996707,0.00000000,0.00003184
open_04,2,OPEN,4,active,31,3.301698,2,OPEN,2,OPEN,0.998508,1.000000,1550,1650,0.00000044,0.00001272,0.99850797,0.00000000,0.00147886
open_04,2,OPEN,4,active,32,3.402177,2,OPEN,2,OPEN,0.990169,1.000000,1600,1700,0.00000448,0.00014709,0.99016935,0.00000005,0.00967904
open_04,2,OPEN,4,active,33,3.502684,2,OPEN,2,OPEN,0.796912,0.996659,1650,1750,0.00023346,0.00314391,0.79691243,0.00000244,0.19970776
open_04,2,OPEN,4,active,34,3.605163,2,OPEN,2,OPEN,0.993515,0.946426,1700,1800,0.00016103,0.00165659,0.99351482,0.00000213,0.00466543
open_04,2,OPEN,4,active,35,3.702412,2,OPEN,2,OPEN,0.999717,0.841395,1750,1850,0.00003185,0.00008258,0.99971745,0.00000017,0.00016795
open_04,2,OPEN,4,active,36,3.802768,2,OPEN,2,OPEN,0.999969,0.812973,1800,1900,0.00000229,0.00000045,0.99996862,0.00000001,0.00002864
open_04,2,OPEN,4,active,37,3.903087,2,OPEN,2,OPEN,0.999996,0.811969,1850,1950,0.00000343,0.00000039,0.99999589,0.00000001,0.00000028
open_04,2,OPEN,4,active,38,4.003232,2,OPEN,2,OPEN,0.999983,0.774891,1900,2000,0.00000404,0.00000741,0.99998292,0.00000001,0.00000563
open_04,2,OPEN,4,active,39,4.107142,2,OPEN,2,OPEN,0.999286,0.745709,1950,2050,0.00001179,0.00000906,0.99928572,0.00000000,0.00069344
open_04,2,OPEN,4,active,40,4.204538,2,OPEN,2,OPEN,0.999856,0.673941,2000,2100,0.00010279,0.00002388,0.99985554,0.00000004,0.00001775
open_05,2,OPEN,5,countdown,0,0.197086,2,OPEN,2,OPEN,0.986712,1.000000,0,100,0.00000003,0.00000832,0.98671222,0.01327883,0.00000059
open_05,2,OPEN,5,countdown,1,0.299492,2,OPEN,2,OPEN,0.965804,1.000000,50,150,0.03240740,0.00178207,0.96580393,0.00000556,0.00000104
open_05,2,OPEN,5,countdown,2,0.397354,2,OPEN,2,OPEN,0.812675,0.441265,100,200,0.10793124,0.07921443,0.81267528,0.00017828,0.00000077
open_05,2,OPEN,5,countdown,3,0.496741,0,REST,2,OPEN,0.503887,0.075701,150,250,0.50388685,0.15960277,0.33447324,0.00203695,0.00000019
open_05,2,OPEN,5,countdown,4,0.596716,0,REST,2,OPEN,0.803502,0.000000,200,300,0.80350230,0.11761897,0.07373548,0.00514321,0.00000004
open_05,2,OPEN,5,countdown,5,0.697410,0,REST,0,REST,0.918536,0.000000,250,350,0.91853572,0.07068691,0.00869215,0.00208513,0.00000009
open_05,2,OPEN,5,countdown,6,0.797951,0,REST,0,REST,0.999157,0.000000,300,400,0.99915654,0.00029860,0.00053288,0.00001198,0.00000000
open_05,2,OPEN,5,countdown,7,0.899211,0,REST,0,REST,0.999529,0.000000,350,450,0.99952931,0.00012633,0.00033967,0.00000469,0.00000000
open_05,2,OPEN,5,countdown,8,1.001348,0,REST,0,REST,0.986891,0.000000,400,500,0.98689083,0.01197956,0.00090745,0.00022216,0.00000000
open_05,2,OPEN,5,countdown,9,1.099393,0,REST,0,REST,0.985040,0.000000,450,550,0.98504002,0.01265721,0.00212026,0.00018249,0.00000001
open_05,2,OPEN,5,countdown,10,1.198471,0,REST,0,REST,0.994428,0.000000,500,600,0.99442800,0.00398277,0.00150028,0.00008894,0.00000000
open_05,2,OPEN,5,countdown,11,1.299600,0,REST,0,REST,0.963714,0.000000,550,650,0.96371371,0.03455122,0.00140777,0.00032729,0.00000001
open_05,2,OPEN,5,countdown,12,1.398212,0,REST,0,REST,0.997467,0.000000,600,700,0.99746726,0.00176438,0.00076392,0.00000445,0.00000000
open_05,2,OPEN,5,countdown,13,1.498556,0,REST,0,REST,0.999875,0.000000,650,750,0.99987496,0.00005346,0.00007101,0.00000058,0.00000000
open_05,2,OPEN,5,countdown,14,1.599318,0,REST,0,REST,0.999514,0.000000,700,800,0.99951396,0.00043026,0.00004937,0.00000641,0.00000000
open_05,2,OPEN,5,countdown,15,1.698795,0,REST,0,REST,0.999500,0.000000,750,850,0.99950018,0.00039068,0.00010625,0.00000289,0.00000000
open_05,2,OPEN,5,countdown,16,1.800396,0,REST,0,REST,0.999814,0.000000,800,900,0.99981425,0.00008769,0.00009751,0.00000054,0.00000000
open_05,2,OPEN,5,countdown,17,1.902511,0,REST,0,REST,0.999906,0.000000,850,950,0.99990650,0.00003539,0.00005764,0.00000047,0.00000000
open_05,2,OPEN,5,countdown,18,1.999801,0,REST,0,REST,0.999599,0.000000,900,1000,0.99959879,0.00034585,0.00005382,0.00000155,0.00000000
open_05,2,OPEN,5,countdown,19,2.099415,0,REST,0,REST,0.997604,0.000000,950,1050,0.99760351,0.00223733,0.00015130,0.00000787,0.00000000
open_05,2,OPEN,5,countdown,20,2.199564,0,REST,0,REST,0.997896,0.000000,1000,1100,0.99789598,0.00190600,0.00017856,0.00001947,0.00000000
open_05,2,OPEN,5,countdown,21,2.300121,0,REST,0,REST,0.999152,0.000000,1050,1150,0.99915201,0.00046484,0.00037958,0.00000357,0.00000000
open_05,2,OPEN,5,countdown,22,2.400425,0,REST,0,REST,0.999297,0.000000,1100,1200,0.99929657,0.00012911,0.00057419,0.00000012,0.00000000
open_05,2,OPEN,5,countdown,23,2.499983,0,REST,0,REST,0.999726,0.000000,1150,1250,0.99972564,0.00005817,0.00021614,0.00000005,0.00000000
open_05,2,OPEN,5,countdown,24,2.602510,0,REST,0,REST,0.998661,0.000000,1200,1300,0.99866063,0.00073584,0.00060218,0.00000135,0.00000000
open_05,2,OPEN,5,countdown,25,2.700465,0,REST,0,REST,0.998949,0.000000,1250,1350,0.99894880,0.00061045,0.00043757,0.00000317,0.00000000
open_05,2,OPEN,5,countdown,26,2.800405,0,REST,0,REST,0.999590,0.000000,1300,1400,0.99958975,0.00010785,0.00030144,0.00000096,0.00000000
open_05,2,OPEN,5,countdown,27,2.900807,0,REST,0,REST,0.999829,0.000000,1350,1450,0.99982930,0.00005390,0.00011595,0.00000086,0.00000000
open_05,2,OPEN,5,active,28,3.000665,0,REST,0,REST,0.999871,0.000000,1400,1500,0.99987068,0.00003105,0.00009694,0.00000134,0.00000000
open_05,2,OPEN,5,active,29,3.101381,0,REST,0,REST,0.998989,0.000000,1450,1550,0.99898887,0.00046222,0.00054732,0.00000160,0.00000000
open_05,2,OPEN,5,active,30,3.209844,0,REST,0,REST,0.967194,0.000000,1500,1600,0.96719382,0.01107766,0.02168292,0.00004503,0.00000057
open_05,2,OPEN,5,active,31,3.304543,2,OPEN,0,REST,0.925999,0.000000,1550,1650,0.00739676,0.06108215,0.92599898,0.00508006,0.00044205
open_05,2,OPEN,5,active,32,3.401892,2,OPEN,0,REST,0.999737,0.000000,1600,1700,0.00000351,0.00024928,0.99973679,0.00000499,0.00000543
open_05,2,OPEN,5,active,33,3.503557,2,OPEN,2,OPEN,0.999839,1.000000,1650,1750,0.00000062,0.00000148,0.99983882,0.00000000,0.00015907
open_05,2,OPEN,5,active,34,3.604375,2,OPEN,2,OPEN,0.999863,0.921028,1700,1800,0.00000155,0.00000313,0.99986279,0.00000000,0.00013253
open_05,2,OPEN,5,active,35,3.702353,2,OPEN,2,OPEN,0.999995,0.749601,1750,1850,0.00000165,0.00000242,0.99999499,0.00000000,0.00000094
open_05,2,OPEN,5,active,36,3.801904,2,OPEN,2,OPEN,0.999971,0.642726,1800,1900,0.00001468,0.00001468,0.99997060,0.00000001,0.00000002
open_05,2,OPEN,5,active,37,3.905152,2,OPEN,2,OPEN,0.999803,0.580313,1850,1950,0.00006664,0.00012663,0.99980341,0.00000015,0.00000318
open_05,2,OPEN,5,active,38,4.002597,2,OPEN,2,OPEN,0.999970,0.605058,1900,2000,0.00001088,0.00001841,0.99997017,0.00000001,0.00000054
open_05,2,OPEN,5,active,39,4.102479,2,OPEN,2,OPEN,0.999636,0.535375,1950,2050,0.00016056,0.00020257,0.99963575,0.00000016,0.00000096
open_05,2,OPEN,5,active,40,4.206777,2,OPEN,2,OPEN,0.995434,0.391528,2000,2100,0.00195255,0.00260773,0.99543368,0.00000370,0.00000234
open_05,2,OPEN,5,active,41,4.303409,2,OPEN,2,OPEN,0.994140,0.496575,2050,2150,0.00061043,0.00523621,0.99413994,0.00000602,0.00000740
open_05,2,OPEN,5,active,42,4.403511,2,OPEN,2,OPEN,0.991276,0.520332,2100,2200,0.00077781,0.00788136,0.99127573,0.00000632,0.00005878
open_05,2,OPEN,5,active,43,4.503406,2,OPEN,2,OPEN,0.993280,0.533908,2150,2250,0.00372332,0.00282393,0.99328032,0.00017185,0.00000058
open_05,2,OPEN,5,active,44,4.604413,2,OPEN,2,OPEN,0.996125,0.557106,2200,2300,0.00270085,0.00115409,0.99612527,0.00001516,0.00000463
flexion_01,3,FLEXION,1,countdown,0,0.199644,2,OPEN,2,OPEN,0.825536,1.000000,0,100,0.00000000,0.00000530,0.82553617,0.17408521,0.00037331
flexion_01,3,FLEXION,1,countdown,1,0.299593,1,POWER,2,OPEN,0.558821,1.000000,50,150,0.04697996,0.55882089,0.38282370,0.01068326,0.00069218
flexion_01,3,FLEXION,1,countdown,2,0.400432,1,POWER,1,POWER,0.967423,0.399711,100,200,0.00770226,0.96742315,0.02072385,0.00414689,0.00000385
flexion_01,3,FLEXION,1,countdown,3,0.499932,1,POWER,1,POWER,0.972295,0.181612,150,250,0.01517682,0.97229528,0.01019554,0.00233219,0.00000018
flexion_01,3,FLEXION,1,countdown,4,0.601585,1,POWER,1,POWER,0.817661,0.049715,200,300,0.13830487,0.81766052,0.04232305,0.00171155,0.00000001
flexion_01,3,FLEXION,1,countdown,5,0.700395,0,REST,1,POWER,0.814124,0.000000,250,350,0.81412369,0.11046776,0.07429125,0.00111729,0.00000000
flexion_01,3,FLEXION,1,countdown,6,0.801810,0,REST,1,POWER,0.881003,0.000000,300,400,0.88100254,0.08442390,0.03269417,0.00187939,0.00000000
flexion_01,3,FLEXION,1,countdown,7,0.900439,0,REST,0,REST,0.498398,0.000000,350,450,0.49839843,0.48521993,0.01102002,0.00536162,0.00000000
flexion_01,3,FLEXION,1,countdown,8,1.002494,0,REST,0,REST,0.963838,0.000000,400,500,0.96383809,0.03134335,0.00371439,0.00110416,0.00000000
flexion_01,3,FLEXION,1,countdown,9,1.101585,0,REST,0,REST,0.991807,0.000000,450,550,0.99180724,0.00428195,0.00375766,0.00015314,0.00000000
flexion_01,3,FLEXION,1,countdown,10,1.200975,0,REST,0,REST,0.991051,0.000000,500,600,0.99105093,0.00510803,0.00373853,0.00010252,0.00000000
flexion_01,3,FLEXION,1,countdown,11,1.301214,0,REST,0,REST,0.999147,0.000000,550,650,0.99914713,0.00051373,0.00032909,0.00001005,0.00000000
flexion_01,3,FLEXION,1,countdown,12,1.403699,0,REST,0,REST,0.999261,0.000000,600,700,0.99926101,0.00061198,0.00010749,0.00001953,0.00000000
flexion_01,3,FLEXION,1,countdown,13,1.502111,0,REST,0,REST,0.999764,0.000000,650,750,0.99976402,0.00013654,0.00009469,0.00000475,0.00000000
flexion_01,3,FLEXION,1,countdown,14,1.602577,0,REST,0,REST,0.999839,0.000000,700,800,0.99983941,0.00005376,0.00010600,0.00000083,0.00000000
flexion_01,3,FLEXION,1,countdown,15,1.702588,0,REST,0,REST,0.998871,0.000000,750,850,0.99887129,0.00093573,0.00018200,0.00001098,0.00000000
flexion_01,3,FLEXION,1,countdown,16,1.802409,0,REST,0,REST,0.998711,0.000000,800,900,0.99871081,0.00119296,0.00008100,0.00001523,0.00000000
flexion_01,3,FLEXION,1,countdown,17,1.902046,0,REST,0,REST,0.998952,0.000000,850,950,0.99895168,0.00099830,0.00004299,0.00000703,0.00000000
flexion_01,3,FLEXION,1,countdown,18,2.002470,0,REST,0,REST,0.999874,0.000000,900,1000,0.99987446,0.00009954,0.00002407,0.00000193,0.00000000
flexion_01,3,FLEXION,1,countdown,19,2.102684,0,REST,0,REST,0.999849,0.000000,950,1050,0.99984886,0.00009930,0.00004973,0.00000210,0.00000000
flexion_01,3,FLEXION,1,countdown,20,2.203403,0,REST,0,REST,0.999678,0.000000,1000,1100,0.99967754,0.00018632,0.00013450,0.00000164,0.00000000
flexion_01,3,FLEXION,1,countdown,21,2.303315,0,REST,0,REST,0.999891,0.000000,1050,1150,0.99989079,0.00005871,0.00004844,0.00000207,0.00000000
flexion_01,3,FLEXION,1,countdown,22,2.403381,0,REST,0,REST,0.999894,0.000000,1100,1200,0.99989428,0.00006446,0.00003691,0.00000435,0.00000000
flexion_01,3,FLEXION,1,countdown,23,2.503843,0,REST,0,REST,0.999784,0.000000,1150,1250,0.99978448,0.00017779,0.00003272,0.00000500,0.00000000
flexion_01,3,FLEXION,1,countdown,24,2.603879,0,REST,0,REST,0.998886,0.000000,1200,1300,0.99888557,0.00105346,0.00005032,0.00001065,0.00000000
flexion_01,3,FLEXION,1,countdown,25,2.703316,0,REST,0,REST,0.985614,0.000000,1250,1350,0.98561438,0.01378223,0.00049701,0.00010638,0.00000000
flexion_01,3,FLEXION,1,countdown,26,2.804590,0,REST,0,REST,0.962228,0.000000,1300,1400,0.96222779,0.03662995,0.00089371,0.00024853,0.00000002
flexion_01,3,FLEXION,1,countdown,27,2.903671,0,REST,0,REST,0.937139,0.000000,1350,1450,0.93713862,0.06174299,0.00054834,0.00057005,0.00000001
flexion_01,3,FLEXION,1,active,28,3.004568,1,POWER,0,REST,0.986275,0.000000,1400,1500,0.00001811,0.98627456,0.00042404,0.01328330,0.00000000
flexion_01,3,FLEXION,1,active,29,3.104638,3,FLEXION,0,REST,0.999885,0.000000,1450,1550,0.00000000,0.00011520,0.00000000,0.99988480,0.00000000
flexion_01,3,FLEXION,1,active,30,3.208343,3,FLEXION,0,REST,1.000000,0.000000,1500,1600,0.00000000,0.00000000,0.00000000,1.00000000,0.00000000
flexion_01,3,FLEXION,1,active,31,3.306383,3,FLEXION,3,FLEXION,1.000000,1.000000,1550,1650,0.00000000,0.00000000,0.00000000,1.00000000,0.00000000
flexion_01,3,FLEXION,1,active,32,3.405121,3,FLEXION,3,FLEXION,1.000000,0.999618,1600,1700,0.00000000,0.00000000,0.00000000,1.00000000,0.00000000
flexion_01,3,FLEXION,1,active,33,3.505531,3,FLEXION,3,FLEXION,1.000000,0.862325,1650,1750,0.00000000,0.00000000,0.00000000,1.00000000,0.00000000
flexion_01,3,FLEXION,1,active,34,3.605597,3,FLEXION,3,FLEXION,1.000000,0.679996,1700,1800,0.00000000,0.00000000,0.00000000,1.00000000,0.00000000
flexion_01,3,FLEXION,1,active,35,3.705393,3,FLEXION,3,FLEXION,1.000000,0.555619,1750,1850,0.00000000,0.00000002,0.00000000,0.99999998,0.00000000
flexion_01,3,FLEXION,1,active,36,3.805774,3,FLEXION,3,FLEXION,1.000000,0.527397,1800,1900,0.00000000,0.00000000,0.00000000,1.00000000,0.00000000
flexion_01,3,FLEXION,1,active,37,3.905414,3,FLEXION,3,FLEXION,1.000000,0.451634,1850,1950,0.00000001,0.00000008,0.00000000,0.99999992,0.00000000
flexion_01,3,FLEXION,1,active,38,4.006222,3,FLEXION,3,FLEXION,0.999975,0.424440,1900,2000,0.00000001,0.00002497,0.00000000,0.99997502,0.00000000
flexion_01,3,FLEXION,1,active,39,4.105470,3,FLEXION,3,FLEXION,0.999999,0.492931,1950,2050,0.00000001,0.00000105,0.00000000,0.99999895,0.00000000
flexion_01,3,FLEXION,1,active,40,4.208787,3,FLEXION,3,FLEXION,0.999991,0.459394,2000,2100,0.00000336,0.00000550,0.00000009,0.99999105,0.00000000
flexion_01,3,FLEXION,1,active,41,4.306465,3,FLEXION,3,FLEXION,0.999955,0.320011,2050,2150,0.00000561,0.00003957,0.00000003,0.99995479,0.00000000
flexion_02,3,FLEXION,2,countdown,0,0.195563,4,EXTENSION,4,EXTENSION,0.693248,1.000000,0,100,0.00000000,0.00000002,0.30657291,0.00017930,0.69324777
flexion_02,3,FLEXION,2,countdown,1,0.295601,2,OPEN,4,EXTENSION,0.944849,0.439798,50,150,0.03619334,0.01892499,0.94484898,0.00002180,0.00001088
flexion_02,3,FLEXION,2,countdown,2,0.395931,1,POWER,4,EXTENSION,0.587259,0.101904,100,200,0.05212865,0.58725947,0.36033772,0.00027354,0.00000062
flexion_02,3,FLEXION,2,countdown,3,0.496372,0,REST,4,EXTENSION,0.471442,0.000000,150,250,0.08772809,0.47144250,0.43994576,0.00088363,0.00000002
flexion_02,3,FLEXION,2,countdown,4,0.596744,0,REST,4,EXTENSION,0.570243,0.000000,200,300,0.57024258,0.30259081,0.12345990,0.00370670,0.00000001
flexion_02,3,FLEXION,2,countdown,5,0.696463,0,REST,0,REST,0.938025,0.000000,250,350,0.93802451,0.05707758,0.00410113,0.00079677,0.00000001
flexion_02,3,FLEXION,2,countdown,6,0.796485,0,REST,0,REST,0.999031,0.000000,300,400,0.99903122,0.00068249,0.00026588,0.00002041,0.00000000
flexion_02,3,FLEXION,2,countdown,7,0.898578,0,REST,0,REST,0.998548,0.000000,350,450,0.99854779,0.00126701,0.00012899,0.00005622,0.00000000
flexion_02,3,FLEXION,2,countdown,8,1.000523,0,REST,0,REST,0.990511,0.000000,400,500,0.99051057,0.00903996,0.00027134,0.00017813,0.00000000
flexion_02,3,FLEXION,2,countdown,9,1.097086,0,REST,0,REST,0.999592,0.000000,450,550,0.99959184,0.00027917,0.00012576,0.00000323,0.00000000
flexion_02,3,FLEXION,2,countdown,10,1.198022,0,REST,0,REST,0.999696,0.000000,500,600,0.99969611,0.00007362,0.00022944,0.00000082,0.00000000
flexion_02,3,FLEXION,2,countdown,11,1.302460,0,REST,0,REST,0.998788,0.000000,550,650,0.99878771,0.00114094,0.00006953,0.00000182,0.00000000
flexion_02,3,FLEXION,2,countdown,12,1.397814,0,REST,0,REST,0.997562,0.000000,600,700,0.99756236,0.00237907,0.00005672,0.00000186,0.00000000
flexion_02,3,FLEXION,2,countdown,13,1.498198,0,REST,0,REST,0.999804,0.000000,650,750,0.99980429,0.00015022,0.00004519,0.00000030,0.00000000
flexion_02,3,FLEXION,2,countdown,14,1.597953,0,REST,0,REST,0.999881,0.000000,700,800,0.99988138,0.00003954,0.00007884,0.00000024,0.00000000
flexion_02,3,FLEXION,2,countdown,15,1.700173,0,REST,0,REST,0.999902,0.000000,750,850,0.99990201,0.00001752,0.00008026,0.00000021,0.00000000
flexion_02,3,FLEXION,2,countdown,16,1.799585,0,REST,0,REST,0.999944,0.000000,800,900,0.99994429,0.00003007,0.00002541,0.00000022,0.00000000
flexion_02,3,FLEXION,2,countdown,17,1.898512,0,REST,0,REST,0.999957,0.000000,850,950,0.99995703,0.00003308,0.00000972,0.00000017,0.00000000
flexion_02,3,FLEXION,2,countdown,18,1.998416,0,REST,0,REST,0.998896,0.000000,900,1000,0.99889567,0.00102631,0.00007317,0.00000484,0.00000000
flexion_02,3,FLEXION,2,countdown,19,2.099578,0,REST,0,REST,0.885173,0.000000,950,1050,0.88517346,0.11331294,0.00107644,0.00043716,0.00000000
flexion_02,3,FLEXION,2,countdown,20,2.199528,0,REST,0,REST,0.996408,0.000000,1000,1100,0.99640815,0.00348953,0.00009465,0.00000767,0.00000000
flexion_02,3,FLEXION,2,countdown,21,2.300565,0,REST,0,REST,0.999790,0.000000,1050,1150,0.99979023,0.00013294,0.00007675,0.00000008,0.00000000
flexion_02,3,FLEXION,2,countdown,22,2.399776,0,REST,0,REST,0.998418,0.000000,1100,1200,0.99841799,0.00037858,0.00120325,0.00000018,0.00000000
flexion_02,3,FLEXION,2,countdown,23,2.502823,0,REST,0,REST,0.999497,0.000000,1150,1250,0.99949726,0.00021375,0.00028825,0.00000075,0.00000000
flexion_02,3,FLEXION,2,countdown,24,2.599794,0,REST,0,REST,0.999224,0.000000,1200,1300,0.99922422,0.00063773,0.00013354,0.00000451,0.00000000
flexion_02,3,FLEXION,2,countdown,25,2.700462,0,REST,0,REST,0.998950,0.000000,1250,1350,0.99895050,0.00095471,0.00008933,0.00000546,0.00000000
flexion_02,3,FLEXION,2,countdown,26,2.800612,0,REST,0,REST,0.999946,0.000000,1300,1400,0.99994615,0.00001548,0.00003833,0.00000005,0.00000000
flexion_02,3,FLEXION,2,countdown,27,2.900798,0,REST,0,REST,0.999927,0.000000,1350,1450,0.99992661,0.00002654,0.00004674,0.00000012,0.00000000
flexion_02,3,FLEXION,2,active,28,3.000548,0,REST,0,REST,0.998524,0.000000,1400,1500,0.99852377,0.00138560,0.00008556,0.00000507,0.00000000
flexion_02,3,FLEXION,2,active,29,3.101327,0,REST,0,REST,0.992284,0.000000,1450,1550,0.99228355,0.00752745,0.00017297,0.00001603,0.00000000
flexion_02,3,FLEXION,2,active,30,3.201076,1,POWER,0,REST,0.635200,0.000000,1500,1600,0.01279722,0.63519991,0.01494639,0.33705648,0.00000000
flexion_02,3,FLEXION,2,active,31,3.300711,3,FLEXION,0,REST,0.965443,0.000000,1550,1650,0.00000001,0.03455670,0.00000000,0.96544329,0.00000000
flexion_02,3,FLEXION,2,active,32,3.401658,3,FLEXION,0,REST,0.999938,0.000000,1600,1700,0.00000000,0.00006187,0.00000000,0.99993813,0.00000000
flexion_02,3,FLEXION,2,active,33,3.501495,3,FLEXION,3,FLEXION,1.000000,0.789366,1650,1750,0.00000000,0.00000016,0.00000000,0.99999984,0.00000000
flexion_02,3,FLEXION,2,active,34,3.601606,3,FLEXION,3,FLEXION,0.999996,0.575427,1700,1800,0.00000000,0.00000396,0.00000000,0.99999604,0.00000000
flexion_02,3,FLEXION,2,active,35,3.701933,3,FLEXION,3,FLEXION,1.000000,0.491076,1750,1850,0.00000000,0.00000003,0.00000000,0.99999997,0.00000000
flexion_02,3,FLEXION,2,active,36,3.801516,3,FLEXION,3,FLEXION,0.999997,0.455012,1800,1900,0.00000000,0.00000266,0.00000000,0.99999734,0.00000000
flexion_02,3,FLEXION,2,active,37,3.901864,3,FLEXION,3,FLEXION,0.988100,0.333823,1850,1950,0.00002613,0.01187189,0.00000203,0.98809990,0.00000005
flexion_02,3,FLEXION,2,active,38,4.001737,3,FLEXION,3,FLEXION,0.966447,0.237063,1900,2000,0.00035720,0.03319033,0.00000524,0.96644723,0.00000000
flexion_02,3,FLEXION,2,active,39,4.103143,3,FLEXION,3,FLEXION,0.987843,0.255792,1950,2050,0.00003979,0.01211301,0.00000439,0.98784281,0.00000000
flexion_02,3,FLEXION,2,active,40,4.202152,3,FLEXION,3,FLEXION,0.996178,0.237862,2000,2100,0.00016957,0.00363814,0.00001379,0.99617850,0.00000000
flexion_02,3,FLEXION,2,active,41,4.302728,3,FLEXION,3,FLEXION,0.999571,0.217218,2050,2150,0.00000965,0.00041953,0.00000002,0.99957081,0.00000000
flexion_02,3,FLEXION,2,active,42,4.402552,3,FLEXION,3,FLEXION,0.993064,0.183876,2100,2200,0.00000883,0.00692729,0.00000003,0.99306385,0.00000000
flexion_02,3,FLEXION,2,active,43,4.502891,3,FLEXION,3,FLEXION,0.948837,0.146406,2150,2250,0.00007466,0.05108792,0.00000028,0.94883713,0.00000000
flexion_03,3,FLEXION,3,countdown,0,0.197941,2,OPEN,2,OPEN,0.726330,1.000000,0,100,0.00000000,0.00000002,0.72632969,0.00025498,0.27341531
flexion_03,3,FLEXION,3,countdown,1,0.297542,2,OPEN,2,OPEN,0.960458,1.000000,50,150,0.03779468,0.00174312,0.96045845,0.00000288,0.00000087
flexion_03,3,FLEXION,3,countdown,2,0.398544,2,OPEN,2,OPEN,0.634747,0.465176,100,200,0.09089869,0.27415645,0.63474691,0.00019749,0.00000045
flexion_03,3,FLEXION,3,countdown,3,0.498609,0,REST,2,OPEN,0.414295,0.097750,150,250,0.17434951,0.41429511,0.41095532,0.00040005,0.00000001
flexion_03,3,FLEXION,3,countdown,4,0.597912,0,REST,2,OPEN,0.673671,0.000000,200,300,0.67367147,0.09164114,0.23406365,0.00062375,0.00000000
flexion_03,3,FLEXION,3,countdown,5,0.698739,0,REST,0,REST,0.983249,0.000000,250,350,0.98324876,0.01108827,0.00526962,0.00039336,0.00000000
flexion_03,3,FLEXION,3,countdown,6,0.798883,0,REST,0,REST,0.925269,0.000000,300,400,0.92526860,0.07290404,0.00130139,0.00052596,0.00000000
flexion_03,3,FLEXION,3,countdown,7,0.901787,0,REST,0,REST,0.958538,0.000000,350,450,0.95853787,0.04047452,0.00056210,0.00042550,0.00000000
flexion_03,3,FLEXION,3,countdown,8,0.999147,0,REST,0,REST,0.999307,0.000000,400,500,0.99930671,0.00045858,0.00022136,0.00001335,0.00000000
flexion_03,3,FLEXION,3,countdown,9,1.099704,0,REST,0,REST,0.989159,0.000000,450,550,0.98915934,0.01001010,0.00056454,0.00026603,0.00000000
flexion_03,3,FLEXION,3,countdown,10,1.199732,0,REST,0,REST,0.993708,0.000000,500,600,0.99370825,0.00554428,0.00069769,0.00004977,0.00000000
flexion_03,3,FLEXION,3,countdown,11,1.302899,0,REST,0,REST,0.981728,0.000000,550,650,0.98172809,0.01729119,0.00083316,0.00014751,0.00000005
flexion_03,3,FLEXION,3,countdown,12,1.399467,0,REST,0,REST,0.989728,0.000000,600,700,0.98972829,0.00987473,0.00013267,0.00026430,0.00000000
flexion_03,3,FLEXION,3,countdown,13,1.499913,0,REST,0,REST,0.999528,0.000000,650,750,0.99952769,0.00044236,0.00002386,0.00000609,0.00000000
flexion_03,3,FLEXION,3,countdown,14,1.599394,0,REST,0,REST,0.998243,0.000000,700,800,0.99824291,0.00171717,0.00002919,0.00001074,0.00000000
flexion_03,3,FLEXION,3,countdown,15,1.702617,0,REST,0,REST,0.998985,0.000000,750,850,0.99898455,0.00095576,0.00005498,0.00000472,0.00000000
flexion_03,3,FLEXION,3,countdown,16,1.800230,0,REST,0,REST,0.999857,0.000000,800,900,0.99985715,0.00003894,0.00010327,0.00000064,0.00000000
flexion_03,3,FLEXION,3,countdown,17,1.900737,0,REST,0,REST,0.999884,0.000000,850,950,0.99988362,0.00000728,0.00010902,0.00000008,0.00000000
flexion_03,3,FLEXION,3,countdown,18,2.001949,0,REST,0,REST,0.999943,0.000000,900,1000,0.99994326,0.00001375,0.00004289,0.00000010,0.00000000
flexion_03,3,FLEXION,3,countdown,19,2.102708,0,REST,0,REST,0.999696,0.000000,950,1050,0.99969559,0.00018092,0.00012324,0.00000025,0.00000000
flexion_03,3,FLEXION,3,countdown,20,2.200662,0,REST,0,REST,0.999709,0.000000,1000,1100,0.99970922,0.00016403,0.00012623,0.00000051,0.00000000
flexion_03,3,FLEXION,3,countdown,21,2.300686,0,REST,0,REST,0.999934,0.000000,1050,1150,0.99993376,0.00002988,0.00003596,0.00000040,0.00000000
flexion_03,3,FLEXION,3,countdown,22,2.402969,0,REST,0,REST,0.999671,0.000000,1100,1200,0.99967115,0.00022873,0.00009967,0.00000045,0.00000000
flexion_03,3,FLEXION,3,countdown,23,2.501440,0,REST,0,REST,0.998830,0.000000,1150,1250,0.99882984,0.00065206,0.00051751,0.00000059,0.00000000
flexion_03,3,FLEXION,3,countdown,24,2.601016,0,REST,0,REST,0.998823,0.000000,1200,1300,0.99882333,0.00071330,0.00046093,0.00000243,0.00000000
flexion_03,3,FLEXION,3,countdown,25,2.701353,0,REST,0,REST,0.998268,0.000000,1250,1350,0.99826789,0.00129155,0.00043395,0.00000661,0.00000000
flexion_03,3,FLEXION,3,countdown,26,2.802970,0,REST,0,REST,0.995798,0.000000,1300,1400,0.99579774,0.00326728,0.00090509,0.00002989,0.00000000
flexion_03,3,FLEXION,3,countdown,27,2.901839,1,POWER,0,REST,0.695639,0.000000,1350,1450,0.06757602,0.69563880,0.23384803,0.00293713,0.00000002
flexion_03,3,FLEXION,3,active,28,3.002682,1,POWER,0,REST,0.988705,0.000000,1400,1500,0.00000034,0.98870532,0.00029805,0.01099592,0.00000036
flexion_03,3,FLEXION,3,active,29,3.102687,3,FLEXION,0,REST,0.999856,0.000000,1450,1550,0.00000000,0.00014391,0.00000002,0.99985608,0.00000000
flexion_03,3,FLEXION,3,active,30,3.202759,3,FLEXION,0,REST,0.999993,0.000000,1500,1600,0.00000008,0.00000714,0.00000000,0.99999278,0.00000000
flexion_03,3,FLEXION,3,active,31,3.302821,3,FLEXION,3,FLEXION,0.999249,0.528868,1550,1650,0.00000068,0.00075070,0.00000001,0.99924861,0.00000000
flexion_03,3,FLEXION,3,active,32,3.404872,3,FLEXION,3,FLEXION,0.999685,0.484388,1600,1700,0.00000004,0.00031476,0.00000001,0.99968520,0.00000000
flexion_03,3,FLEXION,3,active,33,3.502894,3,FLEXION,3,FLEXION,0.999380,0.455881,1650,1750,0.00000006,0.00061960,0.00000000,0.99938034,0.00000000
flexion_03,3,FLEXION,3,active,34,3.602448,3,FLEXION,3,FLEXION,0.996623,0.375272,1700,1800,0.00002479,0.00335182,0.00000021,0.99662317,0.00000000
flexion_03,3,FLEXION,3,active,35,3.702875,3,FLEXION,3,FLEXION,0.990792,0.263911,1750,1850,0.00019747,0.00900996,0.00000100,0.99079157,0.00000000
flexion_03,3,FLEXION,3,active,36,3.802841,3,FLEXION,3,FLEXION,0.999741,0.339739,1800,1900,0.00000241,0.00025684,0.00000000,0.99974075,0.00000000
flexion_03,3,FLEXION,3,active,37,3.904988,3,FLEXION,3,FLEXION,0.998103,0.337923,1850,1950,0.00000637,0.00189014,0.00000002,0.99810347,0.00000000
flexion_03,3,FLEXION,3,active,38,4.003180,3,FLEXION,3,FLEXION,0.907589,0.276871,1900,2000,0.00093168,0.09141863,0.00006059,0.90758905,0.00000006
flexion_03,3,FLEXION,3,active,39,4.103762,3,FLEXION,3,FLEXION,0.964355,0.276890,1950,2050,0.00024135,0.03539244,0.00001120,0.96435493,0.00000008
flexion_03,3,FLEXION,3,active,40,4.203775,3,FLEXION,3,FLEXION,0.928091,0.240269,2000,2100,0.00016818,0.07173544,0.00000534,0.92809089,0.00000016
flexion_03,3,FLEXION,3,active,41,4.303541,3,FLEXION,3,FLEXION,0.945611,0.184589,2050,2150,0.00005941,0.05432473,0.00000443,0.94561142,0.00000000
flexion_04,3,FLEXION,4,countdown,0,0.201184,4,EXTENSION,4,EXTENSION,0.999800,1.000000,0,100,0.00000000,0.00000000,0.00018980,0.00001037,0.99979983
flexion_04,3,FLEXION,4,countdown,1,0.301083,2,OPEN,4,EXTENSION,0.753186,0.569138,50,150,0.05661309,0.18328628,0.75318646,0.00445400,0.00246017
flexion_04,3,FLEXION,4,countdown,2,0.402121,1,POWER,4,EXTENSION,0.550869,0.183048,100,200,0.11806213,0.55086865,0.32936379,0.00170345,0.00000198
flexion_04,3,FLEXION,4,countdown,3,0.501841,1,POWER,4,EXTENSION,0.634111,0.000000,150,250,0.17003005,0.63411081,0.19471899,0.00114005,0.00000011
flexion_04,3,FLEXION,4,countdown,4,0.602996,0,REST,4,EXTENSION,0.440418,0.000000,200,300,0.37207333,0.44041849,0.18566669,0.00184147,0.00000002
flexion_04,3,FLEXION,4,countdown,5,0.702244,0,REST,4,EXTENSION,0.869074,0.000000,250,350,0.86907381,0.05222545,0.07836836,0.00033238,0.00000000
flexion_04,3,FLEXION,4,countdown,6,0.802552,0,REST,0,REST,0.978944,0.000000,300,400,0.97894359,0.01558733,0.00541082,0.00005826,0.00000000
flexion_04,3,FLEXION,4,countdown,7,0.901443,0,REST,0,REST,0.960309,0.000000,350,450,0.96030858,0.03822934,0.00065894,0.00080314,0.00000000
flexion_04,3,FLEXION,4,countdown,8,1.002207,0,REST,0,REST,0.995334,0.000000,400,500,0.99533374,0.00390678,0.00062841,0.00013108,0.00000000
flexion_04,3,FLEXION,4,countdown,9,1.102439,0,REST,0,REST,0.997859,0.000000,450,550,0.99785873,0.00168672,0.00039963,0.00005492,0.00000000
flexion_04,3,FLEXION,4,countdown,10,1.204385,0,REST,0,REST,0.960773,0.000000,500,600,0.96077284,0.03788207,0.00048914,0.00085594,0.00000000
flexion_04,3,FLEXION,4,countdown,11,1.302517,0,REST,0,REST,0.983031,0.000000,550,650,0.98303061,0.01612868,0.00079614,0.00004458,0.00000000
flexion_04,3,FLEXION,4,countdown,12,1.402466,0,REST,0,REST,0.994256,0.000000,600,700,0.99425645,0.00504567,0.00067668,0.00002120,0.00000000
flexion_04,3,FLEXION,4,countdown,13,1.504371,0,REST,0,REST,0.986802,0.000000,650,750,0.98680194,0.01267282,0.00034889,0.00017634,0.00000000
flexion_04,3,FLEXION,4,countdown,14,1.605418,0,REST,0,REST,0.989307,0.000000,700,800,0.98930718,0.01016736,0.00015326,0.00037219,0.00000000
flexion_04,3,FLEXION,4,countdown,15,1.704536,0,REST,0,REST,0.975362,0.000000,750,850,0.97536182,0.02304259,0.00020604,0.00138954,0.00000002
flexion_04,3,FLEXION,4,countdown,16,1.805348,0,REST,0,REST,0.987095,0.000000,800,900,0.98709548,0.01214531,0.00027551,0.00048368,0.00000003
flexion_04,3,FLEXION,4,countdown,17,1.903263,0,REST,0,REST,0.999528,0.000000,850,950,0.99952796,0.00038421,0.00007731,0.00001051,0.00000000
flexion_04,3,FLEXION,4,countdown,18,2.003622,0,REST,0,REST,0.999189,0.000000,900,1000,0.99918876,0.00077018,0.00002648,0.00001458,0.00000000
flexion_04,3,FLEXION,4,countdown,19,2.103512,0,REST,0,REST,0.999378,0.000000,950,1050,0.99937819,0.00057830,0.00003835,0.00000516,0.00000000
flexion_04,3,FLEXION,4,countdown,20,2.203803,0,REST,0,REST,0.999867,0.000000,1000,1100,0.99986745,0.00010715,0.00002253,0.00000286,0.00000000
flexion_04,3,FLEXION,4,countdown,21,2.303989,0,REST,0,REST,0.999588,0.000000,1050,1150,0.99958758,0.00035912,0.00002025,0.00003305,0.00000000
flexion_04,3,FLEXION,4,countdown,22,2.405026,0,REST,0,REST,0.999721,0.000000,1100,1200,0.99972056,0.00021169,0.00005866,0.00000910,0.00000000
flexion_04,3,FLEXION,4,countdown,23,2.504486,0,REST,0,REST,0.999862,0.000000,1150,1250,0.99986182,0.00007504,0.00006033,0.00000281,0.00000000
flexion_04,3,FLEXION,4,countdown,24,2.605367,0,REST,0,REST,0.999810,0.000000,1200,1300,0.99981005,0.00007736,0.00011052,0.00000206,0.00000000
flexion_04,3,FLEXION,4,countdown,25,2.704411,0,REST,0,REST,0.998479,0.000000,1250,1350,0.99847924,0.00093674,0.00057580,0.00000822,0.00000000
flexion_04,3,FLEXION,4,countdown,26,2.804043,0,REST,0,REST,0.884793,0.000000,1300,1400,0.88479253,0.11403715,0.00077715,0.00039316,0.00000000
flexion_04,3,FLEXION,4,countdown,27,2.904524,1,POWER,0,REST,0.755278,0.000000,1350,1450,0.24218135,0.75527791,0.00056348,0.00197718,0.00000008
flexion_04,3,FLEXION,4,active,28,3.004918,1,POWER,0,REST,0.925502,0.000000,1400,1500,0.00056559,0.92550246,0.00002622,0.07390569,0.00000004
flexion_04,3,FLEXION,4,active,29,3.106527,3,FLEXION,0,REST,0.993349,0.000000,1450,1550,0.00000070,0.00665045,0.00000000,0.99334886,0.00000000
flexion_04,3,FLEXION,4,active,30,3.204742,3,FLEXION,0,REST,0.999434,0.000000,1500,1600,0.00000002,0.00056595,0.00000000,0.99943403,0.00000000
flexion_04,3,FLEXION,4,active,31,3.305603,3,FLEXION,3,FLEXION,0.999754,0.574167,1550,1650,0.00000010,0.00024532,0.00000022,0.99975435,0.00000000
flexion_04,3,FLEXION,4,active,32,3.405784,3,FLEXION,3,FLEXION,0.999999,0.494068,1600,1700,0.00000024,0.00000055,0.00000001,0.99999921,0.00000000
flexion_04,3,FLEXION,4,active,33,3.505906,3,FLEXION,3,FLEXION,0.999986,0.459695,1650,1750,0.00000105,0.00001321,0.00000001,0.99998573,0.00000000
flexion_04,3,FLEXION,4,active,34,3.605724,3,FLEXION,3,FLEXION,0.993993,0.394907,1700,1800,0.00010256,0.00590345,0.00000044,0.99399322,0.00000033
flexion_04,3,FLEXION,4,active,35,3.706654,3,FLEXION,3,FLEXION,0.997624,0.341761,1750,1850,0.00001556,0.00236051,0.00000027,0.99762366,0.00000000
flexion_04,3,FLEXION,4,active,36,3.807722,3,FLEXION,3,FLEXION,0.999890,0.345412,1800,1900,0.00000006,0.00011031,0.00000000,0.99988962,0.00000000
flexion_04,3,FLEXION,4,active,37,3.906706,3,FLEXION,3,FLEXION,0.997647,0.327052,1850,1950,0.00000014,0.00235313,0.00000001,0.99764671,0.00000000
flexion_04,3,FLEXION,4,active,38,4.006273,3,FLEXION,3,FLEXION,0.947134,0.272453,1900,2000,0.00002317,0.05284223,0.00000081,0.94713378,0.00000000
flexion_04,3,FLEXION,4,active,39,4.108365,3,FLEXION,3,FLEXION,0.972843,0.260327,1950,2050,0.00018985,0.02696180,0.00000558,0.97284275,0.00000002
flexion_04,3,FLEXION,4,active,40,4.207129,3,FLEXION,3,FLEXION,0.899857,0.210365,2000,2100,0.00052415,0.09956685,0.00005044,0.89985663,0.00000193
flexion_04,3,FLEXION,4,active,41,4.307134,0,REST,3,FLEXION,0.533426,0.216414,2050,2150,0.00146584,0.46506779,0.00003538,0.53342577,0.00000522
flexion_04,3,FLEXION,4,active,42,4.412474,3,FLEXION,3,FLEXION,0.909031,0.213554,2100,2200,0.00073107,0.09023025,0.00000799,0.90903068,0.00000000
flexion_04,3,FLEXION,4,active,43,4.507317,3,FLEXION,3,FLEXION,0.684928,0.137308,2150,2250,0.02802991,0.28423253,0.00280973,0.68492779,0.00000004
flexion_04,3,FLEXION,4,active,44,4.607457,3,FLEXION,3,FLEXION,0.575705,0.169071,2200,2300,0.22479991,0.19463760,0.00485300,0.57570471,0.00000479
flexion_04,3,FLEXION,4,active,45,4.707577,3,FLEXION,3,FLEXION,0.999807,0.238705,2250,2350,0.00003596,0.00015735,0.00000012,0.99980657,0.00000000
flexion_04,3,FLEXION,4,active,46,4.808260,3,FLEXION,3,FLEXION,0.999763,0.229284,2300,2400,0.00000546,0.00023141,0.00000010,0.99976303,0.00000000
flexion_04,3,FLEXION,4,active,47,4.907518,3,FLEXION,3,FLEXION,0.961710,0.207872,2350,2450,0.00056236,0.03769881,0.00002897,0.96170986,0.00000000
flexion_04,3,FLEXION,4,active,48,5.008433,3,FLEXION,3,FLEXION,0.998956,0.291880,2400,2500,0.00001418,0.00103015,0.00000003,0.99895564,0.00000000
flexion_04,3,FLEXION,4,active,49,5.108545,3,FLEXION,3,FLEXION,0.999503,0.285092,2450,2550,0.00003640,0.00046013,0.00000003,0.99950344,0.00000000
flexion_04,3,FLEXION,4,active,50,5.208577,3,FLEXION,3,FLEXION,0.976411,0.232162,2500,2600,0.00613702,0.01744381,0.00000865,0.97641052,0.00000001
flexion_04,3,FLEXION,4,active,51,5.308352,3,FLEXION,3,FLEXION,0.989424,0.232975,2550,2650,0.00050738,0.01006881,0.00000011,0.98942370,0.00000000
flexion_04,3,FLEXION,4,active,52,5.412496,3,FLEXION,3,FLEXION,0.955789,0.174405,2600,2700,0.00159593,0.04261282,0.00000268,0.95578851,0.00000006
flexion_04,3,FLEXION,4,active,53,5.508991,3,FLEXION,3,FLEXION,0.985358,0.163495,2650,2750,0.00032559,0.01430939,0.00000736,0.98535765,0.00000000
flexion_04,3,FLEXION,4,active,54,5.609558,3,FLEXION,3,FLEXION,0.998915,0.170395,2700,2800,0.00005608,0.00102874,0.00000026,0.99891491,0.00000000
flexion_04,3,FLEXION,4,active,55,5.709330,3,FLEXION,3,FLEXION,0.994517,0.167787,2750,2850,0.00232169,0.00314746,0.00001353,0.99451732,0.00000000
flexion_05,3,FLEXION,5,countdown,0,0.199358,4,EXTENSION,4,EXTENSION,0.874052,1.000000,0,100,0.00000000,0.00000000,0.12590680,0.00004094,0.87405226
flexion_05,3,FLEXION,5,countdown,1,0.304727,2,OPEN,4,EXTENSION,0.957361,0.431893,50,150,0.03274604,0.00962172,0.95736127,0.00010405,0.00016691
flexion_05,3,FLEXION,5,countdown,2,0.399923,2,OPEN,2,OPEN,0.902370,0.473361,100,200,0.05202256,0.04546556,0.90237040,0.00011971,0.00002178
flexion_05,3,FLEXION,5,countdown,3,0.500093,2,OPEN,2,OPEN,0.777807,0.107214,150,250,0.18446177,0.03761323,0.77780717,0.00011728,0.00000055
flexion_05,3,FLEXION,5,countdown,4,0.600217,0,REST,2,OPEN,0.507747,0.000000,200,300,0.46463108,0.02736944,0.50774687,0.00025254,0.00000007
flexion_05,3,FLEXION,5,countdown,5,0.700205,0,REST,2,OPEN,0.556684,0.000000,250,350,0.55668399,0.01917468,0.42360720,0.00053413,0.00000000
flexion_05,3,FLEXION,5,countdown,6,0.800416,0,REST,0,REST,0.963132,0.000000,300,400,0.96313229,0.00323393,0.03328984,0.00034394,0.00000000
flexion_05,3,FLEXION,5,countdown,7,0.900366,0,REST,0,REST,0.992533,0.000000,350,450,0.99253343,0.00049294,0.00695983,0.00001381,0.00000000
flexion_05,3,FLEXION,5,countdown,8,1.000187,0,REST,0,REST,0.996889,0.000000,400,500,0.99688858,0.00088840,0.00220931,0.00001371,0.00000000
flexion_05,3,FLEXION,5,countdown,9,1.104725,0,REST,0,REST,0.998323,0.000000,450,550,0.99832303,0.00137918,0.00027812,0.00001967,0.00000000
flexion_05,3,FLEXION,5,countdown,10,1.201293,0,REST,0,REST,0.998198,0.000000,500,600,0.99819831,0.00150084,0.00028258,0.00001827,0.00000000
flexion_05,3,FLEXION,5,countdown,11,1.304116,0,REST,0,REST,0.975020,0.000000,550,650,0.97502008,0.02392929,0.00100863,0.00004200,0.00000001
flexion_05,3,FLEXION,5,countdown,12,1.401298,0,REST,0,REST,0.955436,0.000000,600,700,0.95543614,0.04206336,0.00248088,0.00001962,0.00000000
flexion_05,3,FLEXION,5,countdown,13,1.502516,0,REST,0,REST,0.983432,0.000000,650,750,0.98343177,0.01398892,0.00253858,0.00004074,0.00000000
flexion_05,3,FLEXION,5,countdown,14,1.601851,0,REST,0,REST,0.994716,0.000000,700,800,0.99471624,0.00468655,0.00057810,0.00001910,0.00000000
flexion_05,3,FLEXION,5,countdown,15,1.701464,0,REST,0,REST,0.997789,0.000000,750,850,0.99778916,0.00199787,0.00020434,0.00000863,0.00000000
flexion_05,3,FLEXION,5,countdown,16,1.801390,0,REST,0,REST,0.998117,0.000000,800,900,0.99811675,0.00162927,0.00023317,0.00002081,0.00000000
flexion_05,3,FLEXION,5,countdown,17,1.905497,0,REST,0,REST,0.999049,0.000000,850,950,0.99904873,0.00087977,0.00006845,0.00000305,0.00000000
flexion_05,3,FLEXION,5,countdown,18,2.002341,0,REST,0,REST,0.995237,0.000000,900,1000,0.99523672,0.00466678,0.00009368,0.00000282,0.00000000
flexion_05,3,FLEXION,5,countdown,19,2.102983,0,REST,0,REST,0.985757,0.000000,950,1050,0.98575719,0.01374867,0.00046761,0.00002654,0.00000000
flexion_05,3,FLEXION,5,countdown,20,2.202278,0,REST,0,REST,0.995086,0.000000,1000,1100,0.99508612,0.00474325,0.00014417,0.00002647,0.00000000
flexion_05,3,FLEXION,5,countdown,21,2.302763,0,REST,0,REST,0.998478,0.000000,1050,1150,0.99847836,0.00144622,0.00007086,0.00000456,0.00000000
flexion_05,3,FLEXION,5,countdown,22,2.402399,0,REST,0,REST,0.996977,0.000000,1100,1200,0.99697694,0.00282121,0.00018669,0.00001516,0.00000000
flexion_05,3,FLEXION,5,countdown,23,2.502949,0,REST,0,REST,0.987871,0.000000,1150,1250,0.98787142,0.01155084,0.00051134,0.00006635,0.00000005
flexion_05,3,FLEXION,5,countdown,24,2.603061,0,REST,0,REST,0.998635,0.000000,1200,1300,0.99863503,0.00124351,0.00011280,0.00000860,0.00000005
flexion_05,3,FLEXION,5,countdown,25,2.704876,0,REST,0,REST,0.999585,0.000000,1250,1350,0.99958546,0.00036622,0.00004204,0.00000627,0.00000000
flexion_05,3,FLEXION,5,countdown,26,2.802970,0,REST,0,REST,0.999265,0.000000,1300,1400,0.99926533,0.00066482,0.00005563,0.00001422,0.00000000
flexion_05,3,FLEXION,5,countdown,27,2.904019,0,REST,0,REST,0.977098,0.000000,1350,1450,0.97709771,0.02191253,0.00068905,0.00030070,0.00000000
flexion_05,3,FLEXION,5,active,28,3.005334,0,REST,0,REST,0.947493,0.000000,1400,1500,0.94749276,0.05026930,0.00146540,0.00077252,0.00000003
flexion_05,3,FLEXION,5,active,29,3.103423,0,REST,0,REST,0.622199,0.000000,1450,1550,0.62219902,0.23222926,0.00277069,0.14280102,0.00000001
flexion_05,3,FLEXION,5,active,30,3.205412,3,FLEXION,0,REST,0.999085,0.000000,1500,1600,0.00000006,0.00091520,0.00000000,0.99908474,0.00000000
flexion_05,3,FLEXION,5,active,31,3.303638,3,FLEXION,0,REST,1.000000,0.000000,1550,1650,0.00000000,0.00000000,0.00000000,1.00000000,0.00000000
flexion_05,3,FLEXION,5,active,32,3.405292,3,FLEXION,3,FLEXION,1.000000,0.859587,1600,1700,0.00000000,0.00000000,0.00000000,1.00000000,0.00000000
flexion_05,3,FLEXION,5,active,33,3.504080,3,FLEXION,3,FLEXION,0.999986,0.444094,1650,1750,0.00000006,0.00001379,0.00000000,0.99998616,0.00000000
flexion_05,3,FLEXION,5,active,34,3.604648,3,FLEXION,3,FLEXION,0.999997,0.351691,1700,1800,0.00000003,0.00000281,0.00000000,0.99999716,0.00000000
flexion_05,3,FLEXION,5,active,35,3.706331,3,FLEXION,3,FLEXION,0.999999,0.440097,1750,1850,0.00000003,0.00000145,0.00000000,0.99999853,0.00000000
flexion_05,3,FLEXION,5,active,36,3.804486,3,FLEXION,3,FLEXION,0.999999,0.370291,1800,1900,0.00000019,0.00000101,0.00000000,0.99999880,0.00000000
flexion_05,3,FLEXION,5,active,37,3.905345,3,FLEXION,3,FLEXION,0.999956,0.278523,1850,1950,0.00000639,0.00003715,0.00000006,0.99995640,0.00000000
flexion_05,3,FLEXION,5,active,38,4.005340,3,FLEXION,3,FLEXION,0.999905,0.305300,1900,2000,0.00000033,0.00009471,0.00000000,0.99990496,0.00000000
flexion_05,3,FLEXION,5,active,39,4.105048,3,FLEXION,3,FLEXION,0.999999,0.271439,1950,2050,0.00000000,0.00000055,0.00000000,0.99999945,0.00000000
flexion_05,3,FLEXION,5,active,40,4.205374,3,FLEXION,3,FLEXION,0.999836,0.165765,2000,2100,0.00000137,0.00016223,0.00000001,0.99983639,0.00000000
flexion_05,3,FLEXION,5,active,41,4.305898,3,FLEXION,3,FLEXION,0.834223,0.115661,2050,2150,0.03262735,0.13305024,0.00009933,0.83422307,0.00000000
flexion_05,3,FLEXION,5,active,42,4.405739,3,FLEXION,3,FLEXION,0.960281,0.174379,2100,2200,0.00109323,0.03861832,0.00000770,0.96028075,0.00000000
extension_01,4,EXTENSION,1,countdown,0,0.197392,2,OPEN,2,OPEN,0.749309,1.000000,0,100,0.00000000,0.00000000,0.74930918,0.00009684,0.25059398
extension_01,4,EXTENSION,1,countdown,1,0.298579,2,OPEN,2,OPEN,0.818402,1.000000,50,150,0.02914013,0.15128079,0.81840245,0.00106467,0.00011196
extension_01,4,EXTENSION,1,countdown,2,0.397592,1,POWER,2,OPEN,0.799891,0.522363,100,200,0.02959518,0.79989056,0.16635174,0.00415472,0.00000781
extension_01,4,EXTENSION,1,countdown,3,0.497511,1,POWER,2,OPEN,0.700208,0.157178,150,250,0.10343848,0.70020752,0.19318437,0.00316604,0.00000359
extension_01,4,EXTENSION,1,countdown,4,0.598179,1,POWER,1,POWER,0.865572,0.072767,200,300,0.08290930,0.86557212,0.04884595,0.00267164,0.00000099
extension_01,4,EXTENSION,1,countdown,5,0.697853,1,POWER,1,POWER,0.956412,0.000000,250,350,0.03438579,0.95641165,0.00839973,0.00080280,0.00000003
extension_01,4,EXTENSION,1,countdown,6,0.798460,0,REST,1,POWER,0.495590,0.000000,300,400,0.49559049,0.47186053,0.03224422,0.00030475,0.00000000
extension_01,4,EXTENSION,1,countdown,7,0.899522,0,REST,1,POWER,0.908481,0.000000,350,450,0.90848095,0.08783940,0.00238794,0.00129170,0.00000000
extension_01,4,EXTENSION,1,countdown,8,0.998135,0,REST,0,REST,0.948072,0.000000,400,500,0.94807204,0.04796337,0.00018185,0.00378274,0.00000000
extension_01,4,EXTENSION,1,countdown,9,1.098721,0,REST,0,REST,0.945839,0.000000,450,550,0.94583936,0.05335648,0.00052546,0.00027870,0.00000000
extension_01,4,EXTENSION,1,countdown,10,1.199543,0,REST,0,REST,0.993352,0.000000,500,600,0.99335200,0.00626922,0.00036252,0.00001626,0.00000000
extension_01,4,EXTENSION,1,countdown,11,1.301469,0,REST,0,REST,0.993401,0.000000,550,650,0.99340111,0.00636007,0.00018451,0.00005432,0.00000000
extension_01,4,EXTENSION,1,countdown,12,1.399203,0,REST,0,REST,0.982712,0.000000,600,700,0.98271193,0.01653916,0.00064715,0.00010176,0.00000000
extension_01,4,EXTENSION,1,countdown,13,1.501393,0,REST,0,REST,0.990649,0.000000,650,750,0.99064947,0.00767798,0.00163415,0.00003840,0.00000000
extension_01,4,EXTENSION,1,countdown,14,1.599544,0,REST,0,REST,0.985374,0.000000,700,800,0.98537378,0.00850012,0.00610244,0.00002363,0.00000003
extension_01,4,EXTENSION,1,countdown,15,1.699655,0,REST,0,REST,0.997538,0.000000,750,850,0.99753767,0.00115686,0.00130120,0.00000427,0.00000001
extension_01,4,EXTENSION,1,countdown,16,1.799943,0,REST,0,REST,0.998959,0.000000,800,900,0.99895893,0.00008298,0.00095721,0.00000088,0.00000000
extension_01,4,EXTENSION,1,countdown,17,1.899652,0,REST,0,REST,0.998667,0.000000,850,950,0.99866742,0.00058692,0.00074365,0.00000201,0.00000000
extension_01,4,EXTENSION,1,countdown,18,1.999644,0,REST,0,REST,0.998532,0.000000,900,1000,0.99853170,0.00116709,0.00029461,0.00000661,0.00000000
extension_01,4,EXTENSION,1,countdown,19,2.101525,0,REST,0,REST,0.999210,0.000000,950,1050,0.99921020,0.00047269,0.00031468,0.00000243,0.00000000
extension_01,4,EXTENSION,1,countdown,20,2.200160,0,REST,0,REST,0.997523,0.000000,1000,1100,0.99752284,0.00154199,0.00093278,0.00000240,0.00000000
extension_01,4,EXTENSION,1,countdown,21,2.301150,0,REST,0,REST,0.998930,0.000000,1050,1150,0.99893030,0.00034415,0.00072419,0.00000136,0.00000000
extension_01,4,EXTENSION,1,countdown,22,2.400616,0,REST,0,REST,0.999535,0.000000,1100,1200,0.99953505,0.00016763,0.00029575,0.00000156,0.00000000
extension_01,4,EXTENSION,1,countdown,23,2.502663,0,REST,0,REST,0.998994,0.000000,1150,1250,0.99899439,0.00042299,0.00057965,0.00000296,0.00000000
extension_01,4,EXTENSION,1,countdown,24,2.600928,0,REST,0,REST,0.999083,0.000000,1200,1300,0.99908260,0.00037024,0.00054613,0.00000103,0.00000000
extension_01,4,EXTENSION,1,countdown,25,2.704499,0,REST,0,REST,0.998273,0.000000,1250,1350,0.99827330,0.00097682,0.00074737,0.00000251,0.00000000
extension_01,4,EXTENSION,1,countdown,26,2.801504,0,REST,0,REST,0.998289,0.000000,1300,1400,0.99828934,0.00051680,0.00118909,0.00000477,0.00000000
extension_01,4,EXTENSION,1,countdown,27,2.902143,0,REST,0,REST,0.999749,0.000000,1350,1450,0.99974882,0.00008290,0.00016687,0.00000142,0.00000000
extension_01,4,EXTENSION,1,active,28,3.002504,0,REST,0,REST,0.462765,0.000000,1400,1500,0.18535579,0.46276454,0.35141290,0.00046491,0.00000187
extension_01,4,EXTENSION,1,active,29,3.103435,4,EXTENSION,0,REST,1.000000,0.000000,1450,1550,0.00000000,0.00000000,0.00000000,0.00000000,1.00000000
extension_01,4,EXTENSION,1,active,30,3.203707,4,EXTENSION,0,REST,1.000000,0.000000,1500,1600,0.00000000,0.00000000,0.00000000,0.00000000,1.00000000
extension_01,4,EXTENSION,1,active,31,3.302437,4,EXTENSION,4,EXTENSION,1.000000,1.000000,1550,1650,0.00000000,0.00000000,0.00000000,0.00000000,1.00000000
extension_01,4,EXTENSION,1,active,32,3.402309,4,EXTENSION,4,EXTENSION,1.000000,0.846606,1600,1700,0.00000000,0.00000000,0.00000000,0.00000000,1.00000000
extension_01,4,EXTENSION,1,active,33,3.503199,4,EXTENSION,4,EXTENSION,1.000000,0.658307,1650,1750,0.00000000,0.00000000,0.00000000,0.00000000,1.00000000
extension_01,4,EXTENSION,1,active,34,3.603025,4,EXTENSION,4,EXTENSION,1.000000,0.550690,1700,1800,0.00000000,0.00000000,0.00000000,0.00000000,1.00000000
extension_01,4,EXTENSION,1,active,35,3.705493,4,EXTENSION,4,EXTENSION,1.000000,0.473949,1750,1850,0.00000000,0.00000000,0.00000000,0.00000000,1.00000000
extension_01,4,EXTENSION,1,active,36,3.804536,4,EXTENSION,4,EXTENSION,1.000000,0.377867,1800,1900,0.00000000,0.00000000,0.00000002,0.00000000,0.99999998
extension_01,4,EXTENSION,1,active,37,3.903462,4,EXTENSION,4,EXTENSION,1.000000,0.430517,1850,1950,0.00000000,0.00000000,0.00000000,0.00000000,1.00000000
extension_01,4,EXTENSION,1,active,38,4.002892,4,EXTENSION,4,EXTENSION,1.000000,0.515610,1900,2000,0.00000000,0.00000000,0.00000000,0.00000000,1.00000000
extension_01,4,EXTENSION,1,active,39,4.103193,4,EXTENSION,4,EXTENSION,1.000000,0.457557,1950,2050,0.00000000,0.00000000,0.00000000,0.00000000,1.00000000
extension_01,4,EXTENSION,1,active,40,4.208410,4,EXTENSION,4,EXTENSION,0.999999,0.396010,2000,2100,0.00000000,0.00000000,0.00000088,0.00000000,0.99999912
extension_01,4,EXTENSION,1,active,41,4.304396,4,EXTENSION,4,EXTENSION,1.000000,0.375776,2050,2150,0.00000000,0.00000000,0.00000007,0.00000000,0.99999993
extension_02,4,EXTENSION,2,countdown,0,0.198242,2,OPEN,2,OPEN,0.774960,1.000000,0,100,0.00000000,0.00000000,0.77496045,0.00046967,0.22456988
extension_02,4,EXTENSION,2,countdown,1,0.299377,2,OPEN,2,OPEN,0.796010,1.000000,50,150,0.01848538,0.18491392,0.79601000,0.00038863,0.00020207
extension_02,4,EXTENSION,2,countdown,2,0.398653,1,POWER,2,OPEN,0.915337,0.496286,100,200,0.00778732,0.91533696,0.07590431,0.00096756,0.00000385
extension_02,4,EXTENSION,2,countdown,3,0.499353,1,POWER,2,OPEN,0.916936,0.123036,150,250,0.04103717,0.91693577,0.04111635,0.00091059,0.00000012
extension_02,4,EXTENSION,2,countdown,4,0.598679,0,REST,2,OPEN,0.625448,0.000000,200,300,0.62544768,0.31128569,0.06227809,0.00098852,0.00000001
extension_02,4,EXTENSION,2,countdown,5,0.698392,0,REST,2,OPEN,0.914886,0.000000,250,350,0.91488596,0.06902787,0.01568650,0.00039967,0.00000000
extension_02,4,EXTENSION,2,countdown,6,0.799740,0,REST,0,REST,0.910475,0.000000,300,400,0.91047473,0.07772359,0.01150526,0.00029643,0.00000000
extension_02,4,EXTENSION,2,countdown,7,0.902299,0,REST,0,REST,0.672395,0.000000,350,450,0.67239463,0.30070231,0.02570502,0.00119805,0.00000000
extension_02,4,EXTENSION,2,countdown,8,0.999292,0,REST,0,REST,0.786567,0.000000,400,500,0.78656655,0.20013124,0.01182957,0.00147264,0.00000000
extension_02,4,EXTENSION,2,countdown,9,1.101256,0,REST,0,REST,0.974128,0.000000,450,550,0.97412814,0.02227041,0.00349026,0.00011113,0.00000007
extension_02,4,EXTENSION,2,countdown,10,1.200123,0,REST,0,REST,0.995142,0.000000,500,600,0.99514244,0.00374595,0.00109561,0.00001599,0.00000001
extension_02,4,EXTENSION,2,countdown,11,1.299877,0,REST,0,REST,0.992465,0.000000,550,650,0.99246488,0.00697709,0.00049633,0.00006170,0.00000000
extension_02,4,EXTENSION,2,countdown,12,1.400117,0,REST,0,REST,0.997196,0.000000,600,700,0.99719586,0.00213716,0.00065668,0.00001030,0.00000000
extension_02,4,EXTENSION,2,countdown,13,1.499801,0,REST,0,REST,0.999678,0.000000,650,750,0.99967794,0.00014003,0.00018162,0.00000041,0.00000000
extension_02,4,EXTENSION,2,countdown,14,1.600251,0,REST,0,REST,0.999867,0.000000,700,800,0.99986658,0.00007794,0.00005517,0.00000031,0.00000000
extension_02,4,EXTENSION,2,countdown,15,1.702328,0,REST,0,REST,0.999591,0.000000,750,850,0.99959056,0.00025746,0.00014921,0.00000277,0.00000001
extension_02,4,EXTENSION,2,countdown,16,1.800214,0,REST,0,REST,0.998163,0.000000,800,900,0.99816322,0.00162040,0.00017226,0.00004411,0.00000000
extension_02,4,EXTENSION,2,countdown,17,1.906180,0,REST,0,REST,0.998998,0.000000,850,950,0.99899777,0.00095428,0.00002683,0.00002112,0.00000000
extension_02,4,EXTENSION,2,countdown,18,2.002198,0,REST,0,REST,0.993404,0.000000,900,1000,0.99340382,0.00637553,0.00011158,0.00010907,0.00000000
extension_02,4,EXTENSION,2,countdown,19,2.101734,0,REST,0,REST,0.991007,0.000000,950,1050,0.99100726,0.00835220,0.00041267,0.00022786,0.00000001
extension_02,4,EXTENSION,2,countdown,20,2.201223,0,REST,0,REST,0.999527,0.000000,1000,1100,0.99952748,0.00033473,0.00012893,0.00000886,0.00000000
extension_02,4,EXTENSION,2,countdown,21,2.301936,0,REST,0,REST,0.999557,0.000000,1050,1150,0.99955699,0.00031353,0.00012553,0.00000395,0.00000000
extension_02,4,EXTENSION,2,countdown,22,2.404877,0,REST,0,REST,0.998883,0.000000,1100,1200,0.99888324,0.00085648,0.00025066,0.00000963,0.00000000
extension_02,4,EXTENSION,2,countdown,23,2.502349,0,REST,0,REST,0.997769,0.000000,1150,1250,0.99776950,0.00177046,0.00045246,0.00000758,0.00000000
extension_02,4,EXTENSION,2,countdown,24,2.601799,0,REST,0,REST,0.995480,0.000000,1200,1300,0.99548002,0.00425819,0.00024807,0.00001372,0.00000000
extension_02,4,EXTENSION,2,countdown,25,2.701820,0,REST,0,REST,0.997163,0.000000,1250,1350,0.99716287,0.00263958,0.00018977,0.00000778,0.00000000
extension_02,4,EXTENSION,2,countdown,26,2.802809,0,REST,0,REST,0.999002,0.000000,1300,1400,0.99900175,0.00088045,0.00009873,0.00001907,0.00000000
extension_02,4,EXTENSION,2,countdown,27,2.903192,0,REST,0,REST,0.999304,0.000000,1350,1450,0.99930408,0.00058904,0.00009992,0.00000695,0.00000000
extension_02,4,EXTENSION,2,active,28,3.003889,0,REST,0,REST,0.995882,0.000000,1400,1500,0.99588204,0.00316685,0.00094709,0.00000401,0.00000000
extension_02,4,EXTENSION,2,active,29,3.103538,4,EXTENSION,0,REST,0.999988,0.000000,1450,1550,0.00000000,0.00000008,0.00001195,0.00000000,0.99998797
extension_02,4,EXTENSION,2,active,30,3.206189,4,EXTENSION,0,REST,1.000000,0.000000,1500,1600,0.00000000,0.00000000,0.00000000,0.00000000,1.00000000
extension_02,4,EXTENSION,2,active,31,3.304358,4,EXTENSION,4,EXTENSION,1.000000,0.954100,1550,1650,0.00000000,0.00000000,0.00000000,0.00000000,1.00000000
extension_02,4,EXTENSION,2,active,32,3.403818,4,EXTENSION,4,EXTENSION,1.000000,0.455125,1600,1700,0.00000000,0.00000000,0.00000009,0.00000000,0.99999991
extension_02,4,EXTENSION,2,active,33,3.503920,4,EXTENSION,4,EXTENSION,0.999999,0.358367,1650,1750,0.00000000,0.00000004,0.00000073,0.00000000,0.99999924
extension_02,4,EXTENSION,2,active,34,3.603331,4,EXTENSION,4,EXTENSION,1.000000,0.343946,1700,1800,0.00000000,0.00000000,0.00000003,0.00000000,0.99999997
extension_02,4,EXTENSION,2,active,35,3.704013,4,EXTENSION,4,EXTENSION,0.999964,0.322565,1750,1850,0.00000001,0.00000000,0.00003558,0.00000000,0.99996441
extension_02,4,EXTENSION,2,active,36,3.807055,4,EXTENSION,4,EXTENSION,0.999574,0.259036,1800,1900,0.00000276,0.00000060,0.00042237,0.00000000,0.99957427
extension_02,4,EXTENSION,2,active,37,3.904440,4,EXTENSION,4,EXTENSION,0.998035,0.224634,1850,1950,0.00000081,0.00000028,0.00196393,0.00000000,0.99803498
extension_02,4,EXTENSION,2,active,38,4.004665,4,EXTENSION,4,EXTENSION,0.993324,0.205479,1900,2000,0.00000005,0.00000006,0.00667619,0.00000000,0.99332370
extension_02,4,EXTENSION,2,active,39,4.104230,4,EXTENSION,4,EXTENSION,0.991892,0.178994,1950,2050,0.00000788,0.00000816,0.00809237,0.00000003,0.99189156
extension_02,4,EXTENSION,2,active,40,4.204225,4,EXTENSION,4,EXTENSION,0.993841,0.162457,2000,2100,0.00003678,0.00001497,0.00610680,0.00000002,0.99384144
extension_02,4,EXTENSION,2,active,41,4.304535,4,EXTENSION,4,EXTENSION,0.999995,0.260880,2050,2150,0.00000002,0.00000002,0.00000513,0.00000000,0.99999483
extension_03,4,EXTENSION,3,countdown,0,0.193621,4,EXTENSION,4,EXTENSION,0.998618,1.000000,0,100,0.00000000,0.00000000,0.00136148,0.00002004,0.99861847
extension_03,4,EXTENSION,3,countdown,1,0.293128,2,OPEN,4,EXTENSION,0.730362,0.529897,50,150,0.02426569,0.23731919,0.73036158,0.00621442,0.00183911
extension_03,4,EXTENSION,3,countdown,2,0.393705,1,POWER,4,EXTENSION,0.838923,0.147177,100,200,0.01646844,0.83892253,0.14150204,0.00310249,0.00000451
extension_03,4,EXTENSION,3,countdown,3,0.493982,1,POWER,4,EXTENSION,0.868647,0.000000,150,250,0.05158938,0.86864688,0.07883802,0.00092565,0.00000008
extension_03,4,EXTENSION,3,countdown,4,0.594038,1,POWER,1,POWER,0.827243,0.036749,200,300,0.11608150,0.82724303,0.05503305,0.00164241,0.00000001
extension_03,4,EXTENSION,3,countdown,5,0.694084,0,REST,1,POWER,0.432866,0.000000,250,350,0.43286580,0.35728690,0.20911899,0.00072831,0.00000000
extension_03,4,EXTENSION,3,countdown,6,0.794521,0,REST,1,POWER,0.980244,0.000000,300,400,0.98024387,0.00192676,0.01782349,0.00000588,0.00000000
extension_03,4,EXTENSION,3,countdown,7,0.894119,0,REST,0,REST,0.999774,0.000000,350,450,0.99977382,0.00003289,0.00019240,0.00000089,0.00000000
extension_03,4,EXTENSION,3,countdown,8,0.995780,0,REST,0,REST,0.999813,0.000000,400,500,0.99981303,0.00007918,0.00010452,0.00000327,0.00000000
extension_03,4,EXTENSION,3,countdown,9,1.095915,0,REST,0,REST,0.997976,0.000000,450,550,0.99797608,0.00165862,0.00035702,0.00000828,0.00000000
extension_03,4,EXTENSION,3,countdown,10,1.194270,0,REST,0,REST,0.987772,0.000000,500,600,0.98777168,0.00981712,0.00238533,0.00002585,0.00000001
extension_03,4,EXTENSION,3,countdown,11,1.295108,0,REST,0,REST,0.994842,0.000000,550,650,0.99484156,0.00255810,0.00259561,0.00000470,0.00000003
extension_03,4,EXTENSION,3,countdown,12,1.396798,0,REST,0,REST,0.998537,0.000000,600,700,0.99853664,0.00075266,0.00070775,0.00000294,0.00000001
extension_03,4,EXTENSION,3,countdown,13,1.495668,0,REST,0,REST,0.997697,0.000000,650,750,0.99769665,0.00164989,0.00063559,0.00001787,0.00000001
extension_03,4,EXTENSION,3,countdown,14,1.594982,0,REST,0,REST,0.999321,0.000000,700,800,0.99932084,0.00043976,0.00023058,0.00000882,0.00000000
extension_03,4,EXTENSION,3,countdown,15,1.695926,0,REST,0,REST,0.998685,0.000000,750,850,0.99868520,0.00084857,0.00046211,0.00000411,0.00000000
extension_03,4,EXTENSION,3,countdown,16,1.795750,0,REST,0,REST,0.993166,0.000000,800,900,0.99316638,0.00551276,0.00130044,0.00002042,0.00000000
extension_03,4,EXTENSION,3,countdown,17,1.896238,0,REST,0,REST,0.936727,0.000000,850,950,0.93672657,0.06173907,0.00119267,0.00034169,0.00000000
extension_03,4,EXTENSION,3,countdown,18,1.996123,0,REST,0,REST,0.968655,0.000000,900,1000,0.96865456,0.03070068,0.00046506,0.00017970,0.00000000
extension_03,4,EXTENSION,3,countdown,19,2.095590,0,REST,0,REST,0.992544,0.000000,950,1050,0.99254352,0.00722863,0.00018174,0.00004612,0.00000000
extension_03,4,EXTENSION,3,countdown,20,2.196158,0,REST,0,REST,0.995889,0.000000,1000,1100,0.99588878,0.00322693,0.00086517,0.00001911,0.00000001
extension_03,4,EXTENSION,3,countdown,21,2.296526,0,REST,0,REST,0.999201,0.000000,1050,1150,0.99920140,0.00053465,0.00026204,0.00000191,0.00000000
extension_03,4,EXTENSION,3,countdown,22,2.398208,0,REST,0,REST,0.999864,0.000000,1100,1200,0.99986365,0.00010019,0.00003517,0.00000099,0.00000000
extension_03,4,EXTENSION,3,countdown,23,2.497136,0,REST,0,REST,0.999625,0.000000,1150,1250,0.99962465,0.00029671,0.00007106,0.00000757,0.00000000
extension_03,4,EXTENSION,3,countdown,24,2.598130,0,REST,0,REST,0.997507,0.000000,1200,1300,0.99750695,0.00180276,0.00066467,0.00002561,0.00000001
extension_03,4,EXTENSION,3,countdown,25,2.698157,0,REST,0,REST,0.998848,0.000000,1250,1350,0.99884781,0.00065584,0.00048583,0.00001051,0.00000001
extension_03,4,EXTENSION,3,countdown,26,2.796761,0,REST,0,REST,0.998007,0.000000,1300,1400,0.99800693,0.00140985,0.00055328,0.00002994,0.00000000
extension_03,4,EXTENSION,3,countdown,27,2.897312,0,REST,0,REST,0.998114,0.000000,1350,1450,0.99811412,0.00165065,0.00020713,0.00002810,0.00000000
extension_03,4,EXTENSION,3,countdown,28,2.997442,0,REST,0,REST,0.999589,0.000000,1400,1500,0.99958894,0.00035080,0.00005663,0.00000363,0.00000000
extension_03,4,EXTENSION,3,active,29,3.098031,0,REST,0,REST,0.999061,0.000000,1450,1550,0.99906077,0.00076674,0.00016472,0.00000777,0.00000000
extension_03,4,EXTENSION,3,active,30,3.197449,0,REST,0,REST,0.999260,0.000000,1500,1600,0.99925971,0.00046070,0.00027720,0.00000239,0.00000000
extension_03,4,EXTENSION,3,active,31,3.297483,4,EXTENSION,0,REST,1.000000,0.000000,1550,1650,0.00000000,0.00000000,0.00000016,0.00000000,0.99999984
extension_03,4,EXTENSION,3,active,32,3.398311,4,EXTENSION,0,REST,1.000000,0.000000,1600,1700,0.00000000,0.00000000,0.00000000,0.00000000,1.00000000
extension_03,4,EXTENSION,3,active,33,3.498112,4,EXTENSION,4,EXTENSION,1.000000,0.938752,1650,1750,0.00000000,0.00000000,0.00000000,0.00000000,1.00000000
extension_03,4,EXTENSION,3,active,34,3.598390,4,EXTENSION,4,EXTENSION,1.000000,0.558306,1700,1800,0.00000000,0.00000000,0.00000002,0.00000000,0.99999998
extension_03,4,EXTENSION,3,active,35,3.698854,4,EXTENSION,4,EXTENSION,1.000000,0.492109,1750,1850,0.00000000,0.00000000,0.00000000,0.00000000,1.00000000
extension_03,4,EXTENSION,3,active,36,3.802364,4,EXTENSION,4,EXTENSION,1.000000,0.330799,1800,1900,0.00000000,0.00000000,0.00000049,0.00000000,0.99999951
extension_03,4,EXTENSION,3,active,37,3.898984,4,EXTENSION,4,EXTENSION,0.876953,0.335459,1850,1950,0.00000119,0.00000444,0.12304121,0.00000001,0.87695315
extension_03,4,EXTENSION,3,active,38,3.999558,4,EXTENSION,4,EXTENSION,0.550089,0.312023,1900,2000,0.00005310,0.00095872,0.44889839,0.00000055,0.55008925
extension_03,4,EXTENSION,3,active,39,4.102140,4,EXTENSION,4,EXTENSION,0.913147,0.257113,1950,2050,0.00008243,0.00010000,0.08667014,0.00000008,0.91314736
extension_03,4,EXTENSION,3,active,40,4.199542,4,EXTENSION,4,EXTENSION,0.999998,0.287802,2000,2100,0.00000000,0.00000000,0.00000200,0.00000000,0.99999800
extension_03,4,EXTENSION,3,active,41,4.300067,4,EXTENSION,4,EXTENSION,1.000000,0.225372,2050,2150,0.00000000,0.00000000,0.00000001,0.00000000,0.99999999
extension_03,4,EXTENSION,3,active,42,4.402904,4,EXTENSION,4,EXTENSION,0.999998,0.232687,2100,2200,0.00000009,0.00000001,0.00000184,0.00000000,0.99999806
extension_03,4,EXTENSION,3,active,43,4.499462,4,EXTENSION,4,EXTENSION,0.999325,0.238213,2150,2250,0.00000781,0.00000036,0.00066692,0.00000000,0.99932491
extension_03,4,EXTENSION,3,active,44,4.600294,4,EXTENSION,4,EXTENSION,0.948145,0.212608,2200,2300,0.00011724,0.00003400,0.05170420,0.00000000,0.94814455
extension_03,4,EXTENSION,3,active,45,4.699981,4,EXTENSION,4,EXTENSION,0.984828,0.208083,2250,2350,0.00004073,0.00001087,0.01511995,0.00000000,0.98482845
extension_03,4,EXTENSION,3,active,46,4.799968,4,EXTENSION,4,EXTENSION,0.983031,0.191546,2300,2400,0.00005727,0.00000240,0.01690924,0.00000001,0.98303107
extension_03,4,EXTENSION,3,active,47,4.901057,4,EXTENSION,4,EXTENSION,0.987173,0.251480,2350,2450,0.00002331,0.00000689,0.01279726,0.00000001,0.98717254
extension_03,4,EXTENSION,3,active,48,5.000340,4,EXTENSION,4,EXTENSION,0.988623,0.229023,2400,2500,0.00000036,0.00000024,0.01137603,0.00000000,0.98862336
extension_03,4,EXTENSION,3,active,49,5.101054,4,EXTENSION,4,EXTENSION,0.570856,0.224404,2450,2550,0.00000119,0.00000191,0.42914083,0.00000000,0.57085607
extension_03,4,EXTENSION,3,active,50,5.201042,4,EXTENSION,4,EXTENSION,0.997538,0.224840,2500,2600,0.00000012,0.00000052,0.00246131,0.00000000,0.99753805
extension_03,4,EXTENSION,3,active,51,5.301545,4,EXTENSION,4,EXTENSION,0.999857,0.199104,2550,2650,0.00000091,0.00000017,0.00014148,0.00000000,0.99985745
extension_03,4,EXTENSION,3,active,52,5.401311,4,EXTENSION,4,EXTENSION,0.970592,0.162573,2600,2700,0.00009907,0.00002765,0.02928073,0.00000010,0.97059245
extension_03,4,EXTENSION,3,active,53,5.504956,4,EXTENSION,4,EXTENSION,0.861782,0.111869,2650,2750,0.00055655,0.00039977,0.13726114,0.00000009,0.86178246
extension_03,4,EXTENSION,3,active,54,5.604024,4,EXTENSION,4,EXTENSION,0.957932,0.096379,2700,2800,0.00024386,0.00017216,0.04165181,0.00000001,0.95793215
extension_03,4,EXTENSION,3,active,55,5.704655,4,EXTENSION,4,EXTENSION,0.895805,0.167945,2750,2850,0.00195513,0.00398735,0.09824217,0.00000991,0.89580544
extension_03,4,EXTENSION,3,active,56,5.802198,2,OPEN,4,EXTENSION,0.772461,0.180680,2800,2900,0.00030943,0.00055470,0.77246096,0.00000184,0.22667308
extension_03,4,EXTENSION,3,active,57,5.902216,4,EXTENSION,4,EXTENSION,0.615006,0.171244,2850,2950,0.00006697,0.00006063,0.38486626,0.00000034,0.61500579
extension_03,4,EXTENSION,3,active,58,6.002781,4,EXTENSION,4,EXTENSION,0.767268,0.178378,2900,3000,0.00540643,0.00233635,0.22492846,0.00006052,0.76726824
extension_03,4,EXTENSION,3,active,59,6.107595,2,OPEN,4,EXTENSION,0.661651,0.149513,2950,3050,0.00525453,0.00092349,0.66165064,0.00000204,0.33216931
extension_03,4,EXTENSION,3,active,60,6.203476,2,OPEN,2,OPEN,0.678919,0.580652,3000,3100,0.00009504,0.00029109,0.67891946,0.00000011,0.32069429
extension_03,4,EXTENSION,3,active,61,6.303115,4,EXTENSION,4,EXTENSION,0.856086,0.161210,3050,3150,0.00008060,0.00026151,0.14357190,0.00000009,0.85608589
extension_03,4,EXTENSION,3,active,62,6.403005,4,EXTENSION,4,EXTENSION,0.968578,0.158493,3100,3200,0.00023079,0.00001534,0.03117545,0.00000000,0.96857841
extension_03,4,EXTENSION,3,active,63,6.502692,4,EXTENSION,4,EXTENSION,0.999639,0.212394,3150,3250,0.00001038,0.00000024,0.00035077,0.00000000,0.99963861
extension_03,4,EXTENSION,3,active,64,6.603244,4,EXTENSION,4,EXTENSION,0.999945,0.193528,3200,3300,0.00000038,0.00000003,0.00005463,0.00000000,0.99994496
extension_03,4,EXTENSION,3,active,65,6.703090,4,EXTENSION,4,EXTENSION,0.999469,0.196886,3250,3350,0.00000217,0.00000009,0.00052921,0.00000000,0.99946853
extension_03,4,EXTENSION,3,active,66,6.804087,4,EXTENSION,4,EXTENSION,0.999932,0.207047,3300,3400,0.00000905,0.00000005,0.00005881,0.00000000,0.99993210
extension_03,4,EXTENSION,3,active,67,6.904121,4,EXTENSION,4,EXTENSION,0.999850,0.164942,3350,3450,0.00001466,0.00000195,0.00013305,0.00000000,0.99985033
extension_03,4,EXTENSION,3,active,68,7.003929,4,EXTENSION,4,EXTENSION,0.995611,0.144120,3400,3500,0.00010975,0.00031794,0.00396039,0.00000079,0.99561113
extension_03,4,EXTENSION,3,active,69,7.103947,4,EXTENSION,4,EXTENSION,0.997745,0.173613,3450,3550,0.00004753,0.00007932,0.00212823,0.00000003,0.99774490
extension_03,4,EXTENSION,3,active,70,7.203763,4,EXTENSION,4,EXTENSION,0.998398,0.220647,3500,3600,0.00000219,0.00000457,0.00159529,0.00000000,0.99839796
extension_03,4,EXTENSION,3,active,71,7.303933,4,EXTENSION,4,EXTENSION,0.750380,0.183156,3550,3650,0.00051835,0.00107452,0.24802690,0.00000027,0.75037996
extension_04,4,EXTENSION,4,countdown,0,0.201066,4,EXTENSION,4,EXTENSION,0.938855,1.000000,0,100,0.00000000,0.00000000,0.06109869,0.00004656,0.93885475
extension_04,4,EXTENSION,4,countdown,1,0.298798,2,OPEN,4,EXTENSION,0.974498,0.460123,50,150,0.01485816,0.01062230,0.97449771,0.00001999,0.00000185
extension_04,4,EXTENSION,4,countdown,2,0.398643,2,OPEN,2,OPEN,0.725902,0.485182,100,200,0.06582542,0.20818287,0.72590242,0.00008921,0.00000008
extension_04,4,EXTENSION,4,countdown,3,0.499193,1,POWER,2,OPEN,0.603656,0.099792,150,250,0.06333406,0.60365565,0.33232702,0.00068323,0.00000004
extension_04,4,EXTENSION,4,countdown,4,0.599686,2,OPEN,2,OPEN,0.673630,0.000000,200,300,0.12657201,0.19933824,0.67363049,0.00045927,0.00000000
extension_04,4,EXTENSION,4,countdown,5,0.699372,0,REST,2,OPEN,0.557138,0.000000,250,350,0.55713763,0.06383418,0.37867745,0.00035075,0.00000000
extension_04,4,EXTENSION,4,countdown,6,0.799573,0,REST,2,OPEN,0.895687,0.000000,300,400,0.89568667,0.01958523,0.08352401,0.00120408,0.00000000
extension_04,4,EXTENSION,4,countdown,7,0.899789,0,REST,0,REST,0.991452,0.000000,350,450,0.99145157,0.00059324,0.00792759,0.00002761,0.00000000
extension_04,4,EXTENSION,4,countdown,8,1.000686,0,REST,0,REST,0.998943,0.000000,400,500,0.99894337,0.00006881,0.00098047,0.00000736,0.00000000
extension_04,4,EXTENSION,4,countdown,9,1.100792,0,REST,0,REST,0.999369,0.000000,450,550,0.99936949,0.00027965,0.00031318,0.00003768,0.00000000
extension_04,4,EXTENSION,4,countdown,10,1.200766,0,REST,0,REST,0.998289,0.000000,500,600,0.99828900,0.00120986,0.00048348,0.00001766,0.00000000
extension_04,4,EXTENSION,4,countdown,11,1.300336,0,REST,0,REST,0.999065,0.000000,550,650,0.99906528,0.00027997,0.00064923,0.00000550,0.00000002
extension_04,4,EXTENSION,4,countdown,12,1.401102,0,REST,0,REST,0.986997,0.000000,600,700,0.98699660,0.00742373,0.00535952,0.00022015,0.00000001
extension_04,4,EXTENSION,4,countdown,13,1.500581,0,REST,0,REST,0.996991,0.000000,650,750,0.99699065,0.00120243,0.00177045,0.00003647,0.00000000
extension_04,4,EXTENSION,4,countdown,14,1.601367,0,REST,0,REST,0.999395,0.000000,700,800,0.99939534,0.00008993,0.00051379,0.00000094,0.00000000
extension_04,4,EXTENSION,4,countdown,15,1.701251,0,REST,0,REST,0.997533,0.000000,750,850,0.99753294,0.00048086,0.00198544,0.00000075,0.00000000
extension_04,4,EXTENSION,4,countdown,16,1.801536,0,REST,0,REST,0.999158,0.000000,800,900,0.99915759,0.00026753,0.00057357,0.00000130,0.00000000
extension_04,4,EXTENSION,4,countdown,17,1.904584,0,REST,0,REST,0.991586,0.000000,850,950,0.99158574,0.00312342,0.00523852,0.00005232,0.00000000
extension_04,4,EXTENSION,4,countdown,18,2.003502,0,REST,0,REST,0.979849,0.000000,900,1000,0.97984904,0.01126123,0.00862768,0.00026204,0.00000000
extension_04,4,EXTENSION,4,countdown,19,2.102130,0,REST,0,REST,0.989209,0.000000,950,1050,0.98920903,0.00726492,0.00333361,0.00019245,0.00000000
extension_04,4,EXTENSION,4,countdown,20,2.203576,0,REST,0,REST,0.978531,0.000000,1000,1100,0.97853058,0.01955989,0.00171862,0.00019090,0.00000001
extension_04,4,EXTENSION,4,countdown,21,2.302056,0,REST,0,REST,0.980911,0.000000,1050,1150,0.98091129,0.01716341,0.00182120,0.00010409,0.00000001
extension_04,4,EXTENSION,4,countdown,22,2.402615,0,REST,0,REST,0.990471,0.000000,1100,1200,0.99047105,0.00768625,0.00179861,0.00004409,0.00000000
extension_04,4,EXTENSION,4,countdown,23,2.502369,0,REST,0,REST,0.993970,0.000000,1150,1250,0.99397029,0.00497788,0.00101451,0.00003731,0.00000001
extension_04,4,EXTENSION,4,countdown,24,2.602905,0,REST,0,REST,0.794711,0.000000,1200,1300,0.79471139,0.19964078,0.00499174,0.00065608,0.00000000
extension_04,4,EXTENSION,4,countdown,25,2.702571,0,REST,0,REST,0.912728,0.000000,1250,1350,0.91272755,0.08529145,0.00156608,0.00041489,0.00000003
extension_04,4,EXTENSION,4,countdown,26,2.803034,0,REST,0,REST,0.980291,0.000000,1300,1400,0.98029078,0.01728721,0.00234768,0.00007431,0.00000002
extension_04,4,EXTENSION,4,countdown,27,2.903638,0,REST,0,REST,0.996988,0.000000,1350,1450,0.99698754,0.00184347,0.00114351,0.00002548,0.00000000
extension_04,4,EXTENSION,4,active,28,3.003235,0,REST,0,REST,0.998651,0.000000,1400,1500,0.99865122,0.00098866,0.00030248,0.00005765,0.00000000
extension_04,4,EXTENSION,4,active,29,3.103284,2,OPEN,0,REST,0.955978,0.000000,1450,1550,0.00319161,0.01030350,0.95597783,0.00258178,0.02794528
extension_04,4,EXTENSION,4,active,30,3.203495,4,EXTENSION,0,REST,1.000000,0.000000,1500,1600,0.00000000,0.00000000,0.00000000,0.00000000,1.00000000
extension_04,4,EXTENSION,4,active,31,3.303509,4,EXTENSION,0,REST,1.000000,0.000000,1550,1650,0.00000000,0.00000000,0.00000000,0.00000000,1.00000000
extension_04,4,EXTENSION,4,active,32,3.404074,4,EXTENSION,4,EXTENSION,1.000000,1.000000,1600,1700,0.00000000,0.00000000,0.00000000,0.00000000,1.00000000
extension_04,4,EXTENSION,4,active,33,3.505706,4,EXTENSION,4,EXTENSION,1.000000,0.932519,1650,1750,0.00000000,0.00000000,0.00000000,0.00000000,1.00000000
extension_04,4,EXTENSION,4,active,34,3.604492,4,EXTENSION,4,EXTENSION,1.000000,1.000000,1700,1800,0.00000000,0.00000000,0.00000000,0.00000000,1.00000000
extension_04,4,EXTENSION,4,active,35,3.705027,4,EXTENSION,4,EXTENSION,1.000000,1.000000,1750,1850,0.00000000,0.00000000,0.00000000,0.00000000,1.00000000
extension_04,4,EXTENSION,4,active,36,3.805452,4,EXTENSION,4,EXTENSION,1.000000,1.000000,1800,1900,0.00000000,0.00000000,0.00000000,0.00000000,1.00000000
extension_04,4,EXTENSION,4,active,37,3.906598,4,EXTENSION,4,EXTENSION,1.000000,0.906333,1850,1950,0.00000000,0.00000000,0.00000000,0.00000000,1.00000000
extension_04,4,EXTENSION,4,active,38,4.005519,4,EXTENSION,4,EXTENSION,1.000000,0.848653,1900,2000,0.00000000,0.00000000,0.00000000,0.00000000,1.00000000
extension_04,4,EXTENSION,4,active,39,4.105523,4,EXTENSION,4,EXTENSION,1.000000,0.763540,1950,2050,0.00000000,0.00000000,0.00000000,0.00000000,1.00000000
extension_04,4,EXTENSION,4,active,40,4.205530,4,EXTENSION,4,EXTENSION,1.000000,0.680273,2000,2100,0.00000000,0.00000000,0.00000005,0.00000000,0.99999995
extension_04,4,EXTENSION,4,active,41,4.305411,4,EXTENSION,4,EXTENSION,1.000000,0.665475,2050,2150,0.00000000,0.00000000,0.00000000,0.00000000,1.00000000
extension_04,4,EXTENSION,4,active,42,4.405585,4,EXTENSION,4,EXTENSION,1.000000,0.651427,2100,2200,0.00000000,0.00000000,0.00000011,0.00000000,0.99999989
extension_05,4,EXTENSION,5,countdown,0,0.200092,4,EXTENSION,4,EXTENSION,0.999861,1.000000,0,100,0.00000000,0.00000000,0.00013891,0.00000011,0.99986098
extension_05,4,EXTENSION,5,countdown,1,0.297229,2,OPEN,4,EXTENSION,0.885528,0.547494,50,150,0.02926404,0.08375889,0.88552764,0.00122933,0.00022010
extension_05,4,EXTENSION,5,countdown,2,0.398186,0,REST,4,EXTENSION,0.539941,0.181045,100,200,0.02255067,0.53994088,0.43621222,0.00129475,0.00000148
extension_05,4,EXTENSION,5,countdown,3,0.497989,1,POWER,4,EXTENSION,0.880758,0.000000,150,250,0.03326602,0.88075800,0.08479679,0.00117918,0.00000001
extension_05,4,EXTENSION,5,countdown,4,0.597651,1,POWER,4,EXTENSION,0.840103,0.000000,200,300,0.11769589,0.84010259,0.04020259,0.00199893,0.00000000
extension_05,4,EXTENSION,5,countdown,5,0.698559,1,POWER,1,POWER,0.826698,0.000000,250,350,0.14021671,0.82669847,0.03124652,0.00183831,0.00000000
extension_05,4,EXTENSION,5,countdown,6,0.798345,1,POWER,1,POWER,0.937032,0.000000,300,400,0.05188638,0.93703224,0.00733734,0.00374404,0.00000000
extension_05,4,EXTENSION,5,countdown,7,0.898705,0,REST,1,POWER,0.921090,0.000000,350,450,0.92109029,0.06373144,0.01158303,0.00359524,0.00000000
extension_05,4,EXTENSION,5,countdown,8,0.998209,0,REST,1,POWER,0.988979,0.000000,400,500,0.98897922,0.00673891,0.00398852,0.00029335,0.00000000
extension_05,4,EXTENSION,5,countdown,9,1.098634,0,REST,0,REST,0.977991,0.000000,450,550,0.97799113,0.01559851,0.00625843,0.00015192,0.00000000
extension_05,4,EXTENSION,5,countdown,10,1.198864,0,REST,0,REST,0.994212,0.000000,500,600,0.99421203,0.00105131,0.00472639,0.00001025,0.00000002
extension_05,4,EXTENSION,5,countdown,11,1.299621,0,REST,0,REST,0.995449,0.000000,550,650,0.99544905,0.00149816,0.00304191,0.00001087,0.00000000
extension_05,4,EXTENSION,5,countdown,12,1.402529,0,REST,0,REST,0.998805,0.000000,600,700,0.99880462,0.00061215,0.00058034,0.00000289,0.00000000
extension_05,4,EXTENSION,5,countdown,13,1.499403,0,REST,0,REST,0.999489,0.000000,650,750,0.99948876,0.00029721,0.00021226,0.00000176,0.00000000
extension_05,4,EXTENSION,5,countdown,14,1.599620,0,REST,0,REST,0.999441,0.000000,700,800,0.99944118,0.00035114,0.00020586,0.00000182,0.00000000
extension_05,4,EXTENSION,5,countdown,15,1.699775,0,REST,0,REST,0.990753,0.000000,750,850,0.99075301,0.00735310,0.00184309,0.00005078,0.00000001
extension_05,4,EXTENSION,5,countdown,16,1.803020,0,REST,0,REST,0.568330,0.000000,800,900,0.56832950,0.41737047,0.00852247,0.00577694,0.00000061
extension_05,4,EXTENSION,5,countdown,17,1.900548,0,REST,0,REST,0.823816,0.000000,850,950,0.82381570,0.16923620,0.00467322,0.00227477,0.00000011
extension_05,4,EXTENSION,5,countdown,18,2.000640,0,REST,0,REST,0.980957,0.000000,900,1000,0.98095669,0.00704183,0.01194267,0.00005881,0.00000000
extension_05,4,EXTENSION,5,countdown,19,2.100892,0,REST,0,REST,0.980330,0.000000,950,1050,0.98033037,0.01346790,0.00610692,0.00009481,0.00000000
extension_05,4,EXTENSION,5,countdown,20,2.202738,0,REST,0,REST,0.971852,0.000000,1000,1100,0.97185204,0.02605611,0.00185427,0.00023747,0.00000011
extension_05,4,EXTENSION,5,countdown,21,2.300599,0,REST,0,REST,0.998295,0.000000,1050,1150,0.99829462,0.00066447,0.00103685,0.00000406,0.00000000
extension_05,4,EXTENSION,5,countdown,22,2.400715,0,REST,0,REST,0.998871,0.000000,1100,1200,0.99887130,0.00006637,0.00106051,0.00000181,0.00000000
extension_05,4,EXTENSION,5,countdown,23,2.500679,0,REST,0,REST,0.999016,0.000000,1150,1250,0.99901636,0.00001298,0.00097037,0.00000030,0.00000000
extension_05,4,EXTENSION,5,countdown,24,2.601542,0,REST,0,REST,0.997361,0.000000,1200,1300,0.99736053,0.00043732,0.00219849,0.00000366,0.00000000
extension_05,4,EXTENSION,5,countdown,25,2.701656,0,REST,0,REST,0.981085,0.000000,1250,1350,0.98108541,0.00858582,0.01022032,0.00010843,0.00000002
extension_05,4,EXTENSION,5,countdown,26,2.801655,0,REST,0,REST,0.993378,0.000000,1300,1400,0.99337763,0.00278575,0.00375576,0.00008086,0.00000000
extension_05,4,EXTENSION,5,countdown,27,2.902618,0,REST,0,REST,0.999406,0.000000,1350,1450,0.99940629,0.00012651,0.00045810,0.00000910,0.00000000
extension_05,4,EXTENSION,5,active,28,3.001778,0,REST,0,REST,0.995201,0.000000,1400,1500,0.99520082,0.00152119,0.00321062,0.00006735,0.00000002
extension_05,4,EXTENSION,5,active,29,3.103928,4,EXTENSION,0,REST,1.000000,0.000000,1450,1550,0.00000000,0.00000000,0.00000000,0.00000000,1.00000000
extension_05,4,EXTENSION,5,active,30,3.202687,4,EXTENSION,0,REST,1.000000,0.000000,1500,1600,0.00000000,0.00000000,0.00000000,0.00000000,1.00000000
extension_05,4,EXTENSION,5,active,31,3.302529,4,EXTENSION,4,EXTENSION,1.000000,1.000000,1550,1650,0.00000000,0.00000000,0.00000000,0.00000000,1.00000000
extension_05,4,EXTENSION,5,active,32,3.406691,4,EXTENSION,4,EXTENSION,1.000000,1.000000,1600,1700,0.00000000,0.00000000,0.00000000,0.00000000,1.00000000
extension_05,4,EXTENSION,5,active,33,3.504617,4,EXTENSION,4,EXTENSION,1.000000,0.705364,1650,1750,0.00000000,0.00000000,0.00000000,0.00000000,1.00000000
extension_05,4,EXTENSION,5,active,34,3.603238,4,EXTENSION,4,EXTENSION,1.000000,0.580270,1700,1800,0.00000000,0.00000000,0.00000000,0.00000000,1.00000000
extension_05,4,EXTENSION,5,active,35,3.702700,4,EXTENSION,4,EXTENSION,1.000000,0.517142,1750,1850,0.00000000,0.00000000,0.00000000,0.00000000,1.00000000
extension_05,4,EXTENSION,5,active,36,3.803630,4,EXTENSION,4,EXTENSION,1.000000,0.453144,1800,1900,0.00000000,0.00000000,0.00000007,0.00000000,0.99999993
extension_05,4,EXTENSION,5,active,37,3.903004,4,EXTENSION,4,EXTENSION,0.999996,0.515620,1850,1950,0.00000000,0.00000000,0.00000415,0.00000000,0.99999585
extension_05,4,EXTENSION,5,active,38,4.003556,4,EXTENSION,4,EXTENSION,0.998434,0.522289,1900,2000,0.00000000,0.00000002,0.00156613,0.00000000,0.99843385
extension_05,4,EXTENSION,5,active,39,4.104549,4,EXTENSION,4,EXTENSION,0.999932,0.465322,1950,2050,0.00000000,0.00000000,0.00006831,0.00000000,0.99993169
extension_05,4,EXTENSION,5,active,40,4.204316,4,EXTENSION,4,EXTENSION,0.999973,0.378830,2000,2100,0.00000000,0.00000001,0.00002732,0.00000000,0.99997266
extension_05,4,EXTENSION,5,active,41,4.303892,4,EXTENSION,4,EXTENSION,0.999998,0.328090,2050,2150,0.00000000,0.00000004,0.00000225,0.00000000,0.99999771
