sample_index,stamp,residual_x_m,residual_y_m,residual_z_m,residual_roll_rad,residual_pitch_rad,residual_yaw_rad,translation_residual_m,rotation_residual_deg,arm_before_dt_s,arm_after_dt_s,arm_alpha,head_id2_reprojection_error_px,head_id2_distance_m,head_id2_view_angle_deg
1,1779374890.422456503,-0.00356861658,-0.012911653,0.007343972,0.0123347019,-0.0331185659,-0.0184806301,0.015276771,2.28503008,0.00618600845,0.0271918774,0.185332543,0.308704863,0.878518555,21.6904805
2,1779374890.489174366,-0.0063308538,-0.00572220137,-0.0048747904,0.0192589503,-0.0415481961,-0.000651147924,0.00982786242,2.62411152,0.0395259857,0.0272305012,0.592092058,0.308569195,0.875556434,21.5656565
3,1779374890.522532940,-0.00203897096,-0.00132765329,-0.000718023755,0.0140157465,-2.32752862e-05,-0.00141939469,0.00253685316,0.807151684,0.00612807274,0.0272500515,0.18359548,0.199258202,0.88575056,20.7516442
4,1779374890.589250803,-0.00384411971,-0.00357372848,-0.00871921808,0.0031975627,0.00306432535,-0.00745913672,0.0101771094,0.497032937,0.00608944893,0.0272891521,0.182435714,0.384653918,0.88450076,19.5797279
5,1779374890.622609615,-0.00315410628,-0.00425785287,-0.00397965858,0.00718308101,-0.010495299,-0.00808851166,0.00662686803,0.863574898,0.00606966019,0.0273091793,0.181841558,0.288892129,0.884082916,19.8013046
6,1779374890.655968428,-0.00167768333,-0.00553976844,-0.00535303294,0.017820224,0.00748167753,-0.00758597985,0.00788407365,1.18960579,0.00604963303,0.027328968,0.181242857,0.137634101,0.886149519,20.3108111
7,1779374890.689327240,-0.00244354601,-0.00426722282,-0.00564084797,0.021163525,-0.000130392595,-0.00709201949,0.00748326623,1.27887534,0.00602984428,0.0273489952,0.18064871,0.137091619,0.885365571,20.2870849
8,1779374890.722686052,-0.000905598281,-0.00401788949,-0.00625819867,0.0235408717,-0.00844265398,-0.0092740833,0.00749190195,1.52826186,0.00600981712,0.0273690224,0.180048714,0.136619805,0.884581639,20.2639238
9,1779374890.756044865,0.00208838762,-0.00440741522,0.00171300605,-0.00128331675,0.0215978113,-0.00559443113,0.00516924187,1.28041648,0.00598978996,0.0273895264,0.179446155,0.160659615,0.891732148,19.1291041
10,1779374890.822762728,-0.000947305496,-0.00583948451,-0.00508859841,0.00156435982,-0.0190590048,-0.0046048045,0.00780325578,1.12699081,0.0393283367,0.0274300575,0.58911448,0.106990599,0.88149029,19.207608
11,1779374890.856121540,0.00275001055,-0.000657543881,0.00309987761,0.00193499687,0.00995424429,0.00390815519,0.00419573154,0.622667981,0.00592875481,0.0274507999,0.177616354,0.232146597,0.890300341,19.1646036
12,1779374890.922839403,0.000618596438,-0.00197087858,-0.00420864345,0.00583829685,-0.0341307473,0.00127483524,0.00468825166,1.98529572,0.00588774681,0.0274918079,0.176387817,0.107980921,0.880715381,19.1862303
13,1779374890.956198215,-0.00037207262,-0.00283674406,-0.000713708362,0.00619778566,-0.0053240703,0.00184702634,0.00294871744,0.479951865,0.00586700439,0.0275130272,0.175763896,0.330801786,0.881818884,19.3574775
14,1779374890.989556789,0.000869085795,-0.000878598822,-0.000410890584,0.0241465883,0.0145885319,-0.00314206767,0.00130233524,1.62638849,0.00584554672,0.0275342464,0.175122317,0.516428033,0.884645117,20.4316707
15,1779374891.022917747,0.0010776411,-0.000733487767,-0.000612672241,0.0185081632,0.000115570885,-0.000253269912,0.00144037562,1.0605596,0.00582671165,0.0275530815,0.174558051,0.0383699113,0.883522534,19.9905283
16,1779374891.089629650,-0.000465737625,-0.00269537879,-0.00319148631,0.009241025,-0.0192703359,0.00491808462,0.00420328006,1.25650304,0.0391588211,0.0276014805,0.586558481,0.32571276,0.880107379,19.3553845
17,1779374891.122985840,0.000718549612,-0.00212357429,-0.00248265972,0.0181265896,-0.00918247889,-0.0016293187,0.0033450681,1.16797113,0.00575470924,0.0276257992,0.172397292,0.030548493,0.881780813,19.9872583
18,1779374891.189697742,0.00104994544,-5.2283095e-05,-0.00969577352,0.00378916443,0.00947880008,0.00286499845,0.00975259674,0.607480199,0.00570583344,0.0276985168,0.170811089,0.309555775,0.87974138,19.2547026
19,1779374891.223053694,0.000939559869,0.000634958832,-0.00636964607,-0.0129716315,-0.0166731065,0.00609877202,0.00646980189,1.25979169,0.00565743446,0.0276947021,0.169627347,0.102393924,0.878767455,18.1502043
20,1779374891.256409645,0.0013913492,0.000888013023,-0.00365366588,-0.00407875395,0.00341248977,0.00785078548,0.00400920118,0.543302234,0.00566124916,0.0276904106,0.169744151,0.183082111,0.880851194,18.9033223
21,1779374891.289765358,-0.00328023395,-0.0022930862,-0.0104260481,0.0217459426,-0.0465540198,0.00668054943,0.0111678403,2.96877987,0.00566530228,0.0276868343,0.169863249,0.0766101966,0.870917171,19.9290379
22,1779374891.323121309,0.000560093218,-4.24587463e-05,-0.00291013411,0.00176939165,-0.00888569248,0.00485978301,0.00296384677,0.589071305,0.00566911697,0.0276825428,0.169980055,0.305090564,0.878799716,19.2826977
23,1779374891.356477261,0.000551019559,0.00133568219,-0.00493054225,0.00361493321,-0.00576301714,0.00750880185,0.00513789026,0.580534381,0.00567340851,0.0276782513,0.170108731,0.305090564,0.878799716,19.2826977
24,1779374891.389832973,0.00141367391,8.44190127e-05,-0.000235240176,0.0188494527,0.0109467886,-0.0031671076,0.00143559689,1.26202278,0.00567746162,0.0276744366,0.17022904,0.358756134,0.881367923,20.5323427
25,1779374891.423188925,-0.000299799133,-0.00236287049,-0.00836911337,0.00647457644,0.0106753218,-0.00512616058,0.00870144213,0.77330235,0.00568151474,0.0276699066,0.170353002,0.0744084331,0.873917569,19.8815986
26,1779374891.456544638,0.00192880454,0.000669814126,-0.00564174275,0.0198388265,-0.00572580219,0.000810543425,0.00599984993,1.18398762,0.00568580627,0.0276658535,0.170480459,0.242218477,0.875010748,20.5232572
27,1779374891.489900351,0.00311112938,0.0023132416,-0.00206392113,-0.0104223664,-0.00587385138,0.0127601787,0.00439203633,1.00218494,0.00568985939,0.027661562,0.170603205,0.18790989,0.879275216,18.8507138
28,1779374891.523256302,9.15680166e-05,0.000679056845,-0.0105505872,0.00327957664,-0.0114365154,0.00825073966,0.0105728138,0.829551505,0.00569438934,0.0276572704,0.17073781,0.349962568,0.87206613,19.7856146
29,1779374891.656679153,5.78816049e-05,-0.000935488851,-0.00953464772,0.02930558,-0.00878960728,0.000843728968,0.00958060524,1.75364972,0.00571155548,0.0276396275,0.171254959,0.287382865,0.871517885,21.8061295
30,1779374891.690034866,0.000133978714,-0.00246240986,-0.00808117983,0.0114313741,-0.0262191798,-0.00326473759,0.0084490757,1.64946202,0.00571608543,0.0276350975,0.171390785,0.263317803,0.871260918,20.7519643
31,1779374891.723390579,0.00153359382,-0.000479784474,-0.0114700033,0.011478161,0.0122432891,0.000954295454,0.0115820153,0.963109481,0.00572061539,0.0276305676,0.171526611,0.201967924,0.871662521,20.8910355
32,1779374891.756746054,0.00296436777,-0.00233928391,-0.00272111443,-0.0120452671,0.0180430509,-0.000766535738,0.00465448056,1.24376419,0.00572490692,0.027626276,0.171655288,0.0580858089,0.878256241,20.0059904
33,1779374891.790101767,-0.00051872037,-0.00131153926,-0.00879390712,0.0157114349,-0.0360723258,0.00630761065,0.00890629039,2.28311124,0.00572943687,0.0276212692,0.17179357,0.19989775,0.868367584,20.8015053
34,1779374891.823457241,0.00306045366,3.29651105e-05,-0.00387064858,0.0074562683,-0.0022345343,0.0100394003,0.00493450947,0.72785632,0.00573420525,0.0276169777,0.171934089,0.276390991,0.876258077,20.6812171
35,1779374891.890168428,0.00112161163,-0.00189737173,-0.00527688062,0.00264269394,-0.0077943306,-0.001443936,0.0057186975,0.478755428,0.00574326515,0.0276074409,0.172208203,0.198204704,0.869884014,20.8905459
36,1779374891.923524141,0.00185086587,-0.00158781178,-0.000730991156,0.0110159246,-0.00603987718,0.00615722525,0.00254581986,0.801613076,0.00574827194,0.0276026726,0.172357096,0.208696756,0.875483766,21.1338973
37,1779374891.956879616,-0.00113636728,-0.00372967486,-0.00875859051,0.0189831858,-0.0225593098,0.00339393363,0.00958721612,1.70044239,0.0057528019,0.0275979042,0.172494156,0.0775130384,0.867840759,21.5508892
38,1779374891.990235090,0.00332335622,0.00236697392,-0.00110156671,0.0233986403,0.00552108475,0.00546565738,0.00422619348,1.41260784,0.00575757027,0.0275931358,0.172637132,0.0997761284,0.876452251,21.8934489
39,1779374892.023590326,0.00278826054,0.00198900142,-0.00219789788,0.00985068213,0.0211396616,0.00538248746,0.00406955509,1.37138427,0.00576210022,0.0275883675,0.172774195,0.280248475,0.875519151,21.356738
40,1779374892.056946278,0.000542241613,-0.00218772799,-0.00948642694,0.00684137261,-0.00245245103,-0.00446666011,0.00975051157,0.488763385,0.00576758385,0.0275831223,0.172937383,0.194980463,0.868901795,20.9226138
41,1779374892.090302229,0.00194120006,-6.52449232e-05,-0.00695857402,0.015995319,0.0149078353,-0.000836149968,0.00722455999,1.25370829,0.00577282906,0.0275774002,0.173097133,0.313197288,0.869965164,21.8080111
42,1779374892.157014370,0.00329281929,-9.30131599e-05,-0.00492314767,0.000579063823,-0.0046658842,0.00302442161,0.00592357099,0.32030809,0.0391347408,0.0275661945,0.586719521,0.28409646,0.874285017,20.74545
43,1779374892.290438175,0.00166272887,-0.000554704583,-0.00873145374,0.00731891865,0.00623243938,0.00276767538,0.00890565264,0.573158003,0.00579738617,0.0275609493,0.17379123,0.211159519,0.872001811,21.3066794
44,1779374892.323794127,0.00240696149,0.00323913708,-0.00497053261,0.00995465608,-0.00097058264,0.0104387344,0.00640247352,0.828324164,0.00579500198,0.0275633335,0.173719758,0.211159519,0.872001811,21.3066794
45,1779374892.390505791,0.0019318023,-0.00121805888,-0.00234084821,-0.010186217,-0.020694611,0.00377285651,0.00327033606,1.33912922,0.00579023361,0.0275678635,0.173578055,0.0278786407,0.87164087,20.2028841
46,1779374892.423861742,0.00205517449,-0.00210421763,-0.0004973659,0.00495784221,0.0346485685,-0.00708563279,0.0029830935,2.04611699,0.00578808784,0.0275704861,0.17351125,0.125538263,0.873970321,21.7833003
47,1779374892.457217693,8.78919203e-05,-0.0023629966,-0.00764754984,0.0180016405,-0.0209652649,-0.00638213621,0.0080047796,1.6249522,0.00578546524,0.0275728703,0.173433871,0.0981218777,0.866097863,21.8386801
48,1779374892.490573645,0.000424170464,-0.00217183881,0.00124607951,0.00664747432,-0.0161099379,0.00298800722,0.00253959024,1.01309438,0.00578308105,0.0275752544,0.173362399,0.203878043,0.870619056,21.4779562
49,1779374892.523929596,0.00201731739,-0.000961528549,-0.00108067599,0.000803878369,0.0304324425,-0.0025608103,0.002482331,1.75041891,0.00578069687,0.0275776386,0.173290927,0.118640487,0.872734998,21.8967997
50,1779374892.557285309,0.00305175489,0.00183199674,0.00034626812,0.00761872143,-0.00926866925,0.00326596538,0.0035762161,0.712451018,0.00577807426,0.0275804996,0.173211069,0.189276633,0.87254287,21.53547
51,1779374892.590641260,-0.00240479184,0.000283400234,0.00124007982,0.0054666447,-0.0203843795,0.000136272917,0.00272050316,1.20923377,0.00577545166,0.0275828838,0.173133688,0.111783485,0.864720175,22.0087908
52,1779374892.623997211,0.00320245481,7.57689614e-05,0.00146319863,0.0176810194,0.0338622756,-0.00568666577,0.00352170527,2.21284158,0.00577306747,0.027585268,0.173062216,0.196486341,0.872772557,22.9491413
53,1779374892.657352924,0.00301663735,0.00175806268,-0.00136005413,0.00401408214,0.0283226945,0.00565672946,0.0037470832,1.67072613,0.00577044487,0.027588129,0.172982361,0.109211412,0.871281114,22.0930259
54,1779374892.690708876,0.00119607104,-0.00134788812,-0.00900504683,0.0013455842,-0.0132041574,0.00096023115,0.00918358627,0.762448211,0.00576782227,0.0275907516,0.172903742,0.205592564,0.862631064,21.5066255
55,1779374892.724064589,0.00183602896,0.000102093856,-0.00759265596,0.0163337291,0.00454594976,0.0040312421,0.0078121604,0.998504974,0.00576496124,0.0275936127,0.172817977,0.155152124,0.863442962,22.4215001
56,1779374892.757420540,0.00043501491,-0.00206592982,-0.00922022529,0.00229119119,-0.0117996721,0.00082791121,0.0094588508,0.690330346,0.00576233864,0.0275962353,0.172739358,0.204580302,0.862443848,21.5776516
57,1779374892.890843868,0.00223954202,-0.000693108717,-0.00764793194,-0.028546415,-0.00054268146,0.00389084658,0.00799917565,1.65100451,0.00575113297,0.0276074409,0.172403442,0.10191049,0.860657209,20.6826483
58,1779374892.924199581,0.000366857888,-0.00419300353,-0.00542586185,0.00898657477,0.00453746102,-0.00326090646,0.006867011,0.606308989,0.00574827194,0.0276107788,0.172315213,0.346983076,0.860714251,23.2235631
59,1779374892.957555532,0.000604017481,-0.00332681697,-0.00715026936,0.00298215332,-0.00485024899,-1.47063752e-05,0.00790941845,0.326225736,0.0057451725,0.0276134014,0.172224763,0.18603025,0.859689721,22.7888482
60,1779374892.990911245,0.00121704657,-0.0029947321,-0.00417228683,0.0155690465,0.0205216397,-0.00819164323,0.00527802994,1.54872084,0.00574231148,0.0276165009,0.172137767,0.171130192,0.859542594,23.9125785
61,1779374893.090977192,0.00345060078,-0.000321213534,0.00266901589,-0.040004708,0.00222354341,0.00819277732,0.00437418218,2.34313989,0.00573158264,0.0276272297,0.171816148,0.104202609,0.864101118,21.0130345
62,1779374893.291106939,0.00224291583,0.000405507798,-0.00298859487,-0.00359933131,0.0314510545,-0.0023952546,0.00375856453,1.81895941,0.0390667915,0.0276470184,0.585587775,0.0933344642,0.855990117,24.2064276
63,1779374893.391171455,0.000760277806,-0.000304013918,-0.0061091661,0.00444372473,-0.0214659536,0.00563899093,0.00616379407,1.29687585,0.00570368767,0.0276529789,0.170990937,0.281339816,0.848561634,24.3587633
64,1779374893.591299534,0.00253119562,-0.000222417227,-0.00151451106,0.0207158682,-0.00469272785,0.00724500755,0.00295806769,1.28585188,0.00569105148,0.0276656151,0.170612117,0.174086026,0.849575621,26.3039509
65,1779374893.658008814,0.00265561647,0.000270560497,-0.000555819852,-0.025006746,0.00341051554,0.00560388608,0.0027266165,1.48126213,0.0390436649,0.0276696682,0.585245304,0.0928253531,0.852180574,24.0437564
66,1779374893.691363335,0.00060655727,-0.00223772412,-0.00674367507,0.0049261852,-0.001177064,0.00101960172,0.00713109209,0.29601668,0.0056848526,0.027671814,0.17042628,0.184989937,0.845578391,25.767189
67,1779374893.724718094,0.000693708467,-0.00142195082,-0.00376168746,0.0058148432,-0.00615217114,0.00871100476,0.0040808661,0.695956754,0.00568294525,0.0276737213,0.1703691,0.190464594,0.845324663,25.8716721
68,1779374893.758072615,0.000635080152,-0.000415631768,-0.000992940641,0.0274816332,-0.00428049443,0.00119863276,0.00124980306,1.5950465,0.00568079948,0.0276756287,0.170305989,0.209173224,0.84516645,27.2400737
69,1779374893.791426897,0.00104884204,-0.000176178216,-0.00249243168,0.0270065312,0.00272062846,0.000204841895,0.00270985684,1.5552364,0.00567865372,0.0276780128,0.170240444,0.349035549,0.84487808,27.6462897
70,1779374893.824781418,0.000517174678,-0.0008451247,-0.00719479664,0.0149237946,0.00125385308,0.00696065475,0.00726269951,0.946235084,0.00567650795,0.0276799202,0.170177332,0.231696246,0.838372568,27.0782518
71,1779374893.858135700,0.000657798398,-0.000782393386,-0.00485757209,0.0105345382,0.00284724389,0.00322789642,0.00496395455,0.652021461,0.00567436218,0.0276823044,0.170111788,0.141143862,0.839296081,27.1886567
72,1779374893.891490221,0.000726917439,-0.00106161814,-0.00525170296,0.00482855702,-0.00622817506,0.000167473931,0.00540701637,0.451631688,0.00567221642,0.0276844501,0.17004746,0.251806379,0.838768994,27.0352941
73,1779374893.958199024,0.00186960768,-0.00246463216,-0.00614758236,0.015704752,0.00769474357,-0.00306376361,0.00688205009,1.0172784,0.039024353,0.0276885033,0.584960009,0.0986785358,0.836143777,28.615979
74,1779374893.991553545,0.00155746259,-0.0022403284,-0.00498055241,0.0125417911,0.00345416458,0.00202312579,0.00567896675,0.754306747,0.00566601753,0.027690649,0.169861623,0.0930257328,0.834694585,28.7856085
75,1779374894.024894714,0.00154379544,-0.000673945481,-0.00533909518,0.0273744332,0.00453669097,0.000739681561,0.00559852161,1.59039739,0.00565052032,0.0277056694,0.169399454,0.357995808,0.832876328,29.7428197
76,1779374894.058265448,0.00205618963,1.78133733e-05,-0.00569377012,0.0187121495,0.0016260085,0.0031768546,0.00605369732,1.09145204,0.00566506386,0.0276913643,0.169834247,0.367872573,0.832653623,29.3214686
77,1779374894.091635942,0.00193085042,-0.00117826529,-0.00485071803,0.0215449801,0.0111508157,-0.00109496719,0.00535219187,1.39138623,0.00567913055,0.0276772976,0.170255956,0.228052093,0.831945977,30.0119128
78,1779374894.125006676,0.000965547612,-0.000762271526,-0.00362872908,0.00423895693,-0.00260390359,0.00428325075,0.00383158124,0.376129694,0.00569343567,0.0276629925,0.170684812,0.11055033,0.831921036,29.0789164
79,1779374894.158377171,0.00101666933,-0.00113336333,-0.00575925448,0.0273473567,0.0108783307,0.00198315382,0.00595710845,1.69012731,0.00570750237,0.0276486874,0.171107744,0.113988347,0.829406939,30.6376041
80,1779374894.191748142,0.00151844199,-0.000724909419,-0.00524867128,0.0125863168,0.0259373748,-0.00304714217,0.0055117792,1.66103208,0.00572228432,0.0276341438,0.171549672,0.200074434,0.82853711,30.2348243
81,1779374894.225118876,-0.00280173066,-0.00267964358,0.00229107811,-0.0212919648,0.000637298504,-0.00699954136,0.00450324587,1.28468777,0.00573658943,0.0276198387,0.171978529,0.393518072,0.824984673,28.7326021
82,1779374894.258489847,0.00150946271,-0.00119537819,-0.00662627801,-0.0142679279,-0.00905026822,0.00463718255,0.00690035991,1.00387795,0.00575113297,0.0276122093,0.172378802,0.202479823,0.824497323,28.3466012
83,1779374894.291860819,-0.00166729463,0.00345176848,0.00756790331,0.0172195295,0.0119071246,0.00323154966,0.00848338007,1.2137171,0.00575876236,0.0276045799,0.172607478,0.091942874,0.827129404,30.9762054
84,1779374894.325232029,0.00253062786,0.00275307259,0.00158635679,0.00728260341,0.00592970631,0.00959464265,0.00406202091,0.769247632,0.00576663017,0.0275964737,0.172844535,0.203285832,0.829535862,29.7692882
85,1779374894.358603001,0.00125208226,-0.00134737252,-0.0052197154,0.0211132667,0.0203877613,-0.00491800003,0.00553430678,1.70508386,0.00577449799,0.0275888443,0.173079122,0.33180669,0.821048063,30.9939146
86,1779374894.391974211,0.00389805254,0.00289238989,-0.00241688307,-0.00394210371,-0.0184772703,0.0235616932,0.00542236634,1.73039238,0.0057823658,0.0275809765,0.173314944,0.098615286,0.82365984,28.9551055
87,1779374894.458716869,-0.000789644394,-9.60976408e-05,0.00503074751,-0.0243780678,-0.019890164,0.00868268473,0.0050932498,1.87007125,0.0391616821,0.027564764,0.586898964,0.124195764,0.816336034,28.9272936
88,1779374894.492088079,-0.0013125385,-0.00142768249,0.00315939305,-0.000735569458,0.0184967016,-0.00818647009,0.00370712814,1.15970865,0.00580644608,0.0275568962,0.174036702,0.303503266,0.813120516,30.8142045
89,1779374894.525459766,-0.000929176258,0.000657152879,0.00408087045,0.00264983837,-0.00491770951,0.00570731401,0.00423659322,0.457573951,0.00581479073,0.02754879,0.174285571,0.0746602616,0.813780555,30.5252176
90,1779374894.558831215,-0.00120386128,0.000632383674,0.00224294521,-0.00381812509,0.0202307369,-0.0037307463,0.00262297432,1.19880964,0.00582265854,0.0275406837,0.174522639,0.293293785,0.812500998,30.5368274
91,1779374894.592202902,0.00221622064,2.52859476e-05,-0.00783829765,0.0137818408,0.0205528809,0.000498296638,0.00814562357,1.41812361,0.00583100319,0.0275323391,0.174772753,0.288005727,0.812208747,30.6539691
92,1779374894.658946276,-0.00165340897,0.000298838877,0.00499337709,0.00351031941,0.0235513337,-0.00346298067,0.00526847992,1.37865111,0.00584745407,0.0275158882,0.175265836,0.277510512,0.811622665,30.8893026
93,1779374894.725689888,-0.00175206886,-0.000991184775,0.00604784018,0.00486594785,0.0244992303,-0.00456689211,0.00637405392,1.45484605,0.00586414337,0.0274994373,0.175764808,0.267162055,0.811034678,31.1259723
94,1779374894.759062052,-0.0007702344,-0.000640975288,0.00484521394,-0.0201507913,-0.0115171711,0.00158323482,0.00494774782,1.33291985,0.00587272644,0.0274906158,0.176023325,0.457767773,0.808854504,29.236403
95,1779374894.859178305,-0.00267523565,-0.00322047851,0.00189791519,-0.000474752292,0.017060711,-0.0111710889,0.00459678689,1.16873065,0.00589823723,0.0274653435,0.176786697,0.268130561,0.80497036,30.647608
96,1779374894.892550468,-0.00224288561,-0.000657645547,0.0039353824,0.00626885391,-0.0146965275,0.00104879789,0.00457714629,0.917424104,0.0059068203,0.027456522,0.177045221,0.288490348,0.80584334,30.2803163
97,1779374894.925922871,-0.00180136121,-0.00243751491,0.00482213717,-0.00215893073,-0.00178213978,-0.0010970248,0.00569555862,0.172273341,0.0059158802,0.0274479389,0.177314239,0.215000104,0.807823717,30.097661
98,1779374894.959295273,-0.00129213916,-0.00267999791,0.00776874691,-0.0297458721,0.00161525384,-0.00606523124,0.00831898077,1.74184162,0.00592446327,0.0274391174,0.177572765,0.164432608,0.808819364,28.5948528
99,1779374895.026041746,-0.00191083371,-0.00413337127,0.00458566905,-0.00617492565,0.0101081332,-0.0097117545,0.00646253852,0.877621429,0.00594353676,0.0274202824,0.178143178,0.0821198343,0.806216035,30.083114
100,1779374895.092781067,-0.00190951399,-0.0035828986,0.00790955348,-0.023069572,-0.00714923673,-0.00375826315,0.00889069414,1.4004585,0.00595569611,0.027408123,0.178507625,0.177724377,0.807917552,28.816513
101,1779374895.126150846,-0.00211591219,-0.00399637654,-7.8841693e-05,-0.00825329219,-0.0172177024,0.00129459082,0.00452264589,1.09649524,0.00596165657,0.0274021626,0.178686275,0.0907481276,0.801538958,29.4322036
102,1779374895.159520864,-0.00188345832,-0.00311910107,0.000291388925,-0.00615932094,-0.0200161199,0.000133485406,0.00365528579,1.19993301,0.00596785545,0.0273959637,0.178872072,0.0907481276,0.801538958,29.4322036
103,1779374895.192890882,-0.00210056183,-0.00307589223,0.00572927275,-0.012377936,0.0319495642,-0.0135829881,0.00683359636,2.11178713,0.00597405434,0.0273895264,0.179059148,0.132804583,0.806141421,30.1148668
104,1779374895.259631634,-0.00211840318,-0.00309812094,0.00807281301,-0.0150140033,-0.000450450404,-0.00443575012,0.00890260048,0.897368027,0.00598788261,0.0273809433,0.179445409,0.323794282,0.806875986,29.7632554
105,1779374895.293001890,-0.001956261,-0.00424763905,0.00832722342,-0.0165062975,0.0245738604,-0.0147018832,0.0095504997,1.89377749,0.00598931313,0.0273799896,0.179485714,0.143078618,0.805565749,30.3702544
106,1779374895.326372623,-0.00212122772,-0.00376878909,0.00812686949,-0.010694544,0.0217810254,-0.0148915012,0.00920594297,1.6312131,0.00599074364,0.0273783207,0.179529866,0.148484561,0.805277032,30.4983494
107,1779374895.359743357,-0.00191148274,-0.00139761077,0.00531216315,-0.0126349123,0.0162958744,-0.00392196016,0.00581602608,1.20263596,0.00599241257,0.0273766518,0.17957988,0.450575678,0.804827889,29.97991
108,1779374895.393114328,-0.00150200578,-0.000366678491,0.00645945345,-0.0267618628,-0.0233172912,0.00192890901,0.00664191338,2.0367131,0.00599431992,0.0273752213,0.179634472,0.138733024,0.80235318,28.4092337
109,1779374895.426485300,-0.00181041377,-2.52539482e-05,0.00549094823,-0.00291225039,-0.00268362618,0.00258130792,0.00578175996,0.270847291,0.00599575043,0.0273735523,0.179678625,0.184961842,0.802188772,29.5916442
110,1779374895.459856510,-0.00135600878,0.000466190681,0.0124340454,-0.0166199572,0.0183600388,0.000320804249,0.0125164523,1.41905918,0.00599765778,0.027371645,0.179735784,0.240972362,0.809004347,29.2217559
111,1779374895.493227720,-0.00380725521,-0.00314801107,0.00517152549,-0.00238339731,0.00634384367,-0.00499150351,0.00715191176,0.482238677,0.00599956512,0.0273702145,0.179790373,0.286759247,0.801900067,30.0457777
112,1779374895.526599407,-0.00376974277,-0.00607057154,0.00635982264,0.00709194698,0.00597427436,-0.01463689,0.00956609343,0.992766096,0.00600147247,0.0273678303,0.179850101,0.073103672,0.800936312,30.9072489
113,1779374895.559970856,-0.0031205415,-0.00601850922,0.0153578526,-0.0133768874,-0.00795613625,-0.011359289,0.0167876106,1.10400309,0.00600361824,0.0273661613,0.179911834,0.171500149,0.809117912,29.8448308
114,1779374895.626714706,-0.00236799285,-0.00192728601,0.0118552772,-0.00466148151,-0.00792531332,-0.00209260343,0.0122421166,0.540281247,0.00600790977,0.0273616314,0.180041726,0.119387196,0.806494308,29.8765291
115,1779374895.793576002,-0.00394891143,-0.00175243891,0.008981052,-0.00266965917,-0.00159076015,-0.0165856741,0.00996615466,0.966826483,0.0060198307,0.0273501873,0.180396388,0.288729476,0.807847804,29.9079963
116,1779374895.893694639,-0.00201341344,-0.000827773951,0.00824400747,-0.0182905881,-0.00475729076,-0.0120331375,0.00852658798,1.2836989,0.00602793694,0.0273425579,0.180636726,0.218259739,0.809496678,28.7395211
117,1779374895.993814230,-0.00227377589,-0.00403111712,0.00662301482,-0.0175417945,-0.00870470376,-0.00631796464,0.00807986926,1.17896157,0.00603628159,0.0273342133,0.180886787,0.342323127,0.809802551,29.4452601
118,1779374896.027187824,-0.00161367733,-0.00461395303,0.0114751209,-0.0149459391,0.00907962778,-0.0134461381,0.0124728071,1.26391343,0.00603938103,0.0273311138,0.180979666,0.358742011,0.813999667,30.2229052
119,1779374896.060555220,-0.00204731132,-0.00657440292,0.0112177807,-0.00761129542,0.0165900898,-0.0177755002,0.0131625553,1.45978504,0.00603628159,0.0273344517,0.180885494,0.0833109649,0.81285107,31.1977809
120,1779374896.127289772,-0.00201622704,-0.00645012645,0.00967171632,-0.0149290736,0.0157103411,-0.017922845,0.011798788,1.61134683,0.0394001007,0.0273416042,0.590337043,0.296906294,0.814245002,30.7499857
121,1779374896.160657406,-0.00200550231,-0.00510390752,0.00814467087,-0.0138312816,-0.00993690664,-0.0110389793,0.00981873592,1.16284396,0.00602602959,0.0273447037,0.180578279,0.0917167517,0.815439903,30.2311409
122,1779374896.194024801,-0.00309340668,-0.00571011582,0.00463545551,0.00142074554,0.00510360178,-0.0139444345,0.00797884924,0.854672756,0.00602269173,0.02734828,0.180476966,0.226715718,0.814387486,31.1505502
123,1779374896.227392435,-0.00181599472,-0.00265637057,0.00406771958,0.00446378194,-0.00202133758,-0.00917313378,0.00518656765,0.595869326,0.00601935387,0.0273523331,0.180373077,0.275264386,0.813595155,31.2455192
124,1779374896.260760069,-0.000728488569,-0.00184386184,0.00595204133,-0.0253204474,-0.0297295696,0.00360356734,0.00627354111,2.24695761,0.00601530075,0.0273427963,0.180325057,0.168796154,0.817469292,29.3376106
125,1779374896.294127703,-0.00140201611,-0.000862831057,-0.000389373937,-0.00339158843,-0.00960675634,0.00300570349,0.00169166742,0.608595794,0.00602483749,0.0273330212,0.180612238,0.269914465,0.815676747,30.4142982
126,1779374896.327495575,-0.000910812263,-0.000166066004,0.00361696595,-0.0155350228,-0.0377065201,0.00985778937,0.00373357732,2.40389399,0.00603485107,0.0273230076,0.180912424,0.0541387427,0.818326191,29.4658069
127,1779374896.360863209,0.0024831875,-0.00187475332,-0.00565612972,-0.000405192228,-0.0168216394,0.0084633717,0.00645544139,1.07917083,0.00604462624,0.0273132324,0.181205463,0.10663613,0.816976767,29.8939303
128,1779374896.460967064,-0.00214918898,-0.00233972832,0.00290593651,0.0028355364,-0.0245045576,0.00259944719,0.00430555559,1.42120184,0.0394325256,0.0272829533,0.591055124,0.17716665,0.816928867,30.3445557
129,1779374896.527703047,0.00137380621,-0.00370864161,-0.00754097447,0.0128431234,0.0255673253,-0.00426975019,0.0085151431,1.65748749,0.00609517097,0.0272624493,0.182721997,0.137406296,0.821476134,30.4810864
130,1779374896.561071396,0.00277617119,-0.00179160613,-0.00407596717,0.0165492829,-0.00840212993,0.0046971519,0.0052469503,1.09693782,0.00610589981,0.0272521973,0.183041011,0.288173442,0.822190185,30.0832288
131,1779374896.594439507,0.00369524977,-4.03597654e-05,0.000523437642,0.0190770391,0.0195002726,0.00166888597,0.00373235672,1.56594641,0.00611591339,0.0272417068,0.183343816,0.110787627,0.827535093,30.5829695
132,1779374896.627807617,0.000734149968,-0.00537045977,-0.00837873936,0.0105913109,-0.0227398341,-0.00335079891,0.00997918271,1.45005167,0.00612640381,0.0272312164,0.1836583,0.306516197,0.817500691,29.7064837
133,1779374896.694544077,0.00178243103,-0.00433013261,-0.00471466869,0.0249276582,0.00509863889,-0.00665347775,0.00664493865,1.50683873,0.00614762306,0.0272099972,0.184294414,0.147889821,0.821544208,30.8327137
134,1779374896.727912664,0.0018408057,-0.0030497948,-0.00579972,0.00884826175,0.00573224298,0.00247117635,0.00680636218,0.620429057,0.00615859032,0.0271992683,0.184621872,0.439807037,0.822118694,30.0459858
135,1779374896.761281013,0.00142000434,-0.00297540313,-0.0118164722,0.00771065284,-0.0363125938,0.00612970085,0.012267781,2.15574704,0.00616908073,0.0271885395,0.184937675,0.271138458,0.817516642,29.5566465
136,1779374896.828018427,0.000132351342,0.000380034046,0.00174082758,0.0074460304,0.00803830128,0.000285301104,0.00178673541,0.628007361,0.0395488739,0.0271661282,0.592803308,0.116047038,0.821305572,30.9388641
137,1779374896.961493015,-0.00137094966,0.00209229336,0.00169279113,0.0114574694,-0.0039956095,0.00225137226,0.00302038678,0.707103224,0.0395934582,0.0271215439,0.593471587,0.28570084,0.822204816,31.4896724
138,1779374897.094946861,0.00336007578,0.000671403423,-0.00324122064,0.00466798539,-0.00702776885,0.00778408103,0.00471660927,0.657708483,0.00626015663,0.0270972252,0.187669304,0.243063389,0.826531036,30.2703732
139,1779374897.128304720,0.00143383798,0.000283903817,-0.00995951535,0.0133180989,-0.0123903307,0.00932460518,0.0100662028,1.17119121,0.00626063347,0.0270969868,0.187682257,0.144775545,0.820237306,30.6905707
140,1779374897.261736870,-0.00118674955,-0.000906009471,0.0133305242,-0.0013087824,0.031708365,-0.0143594016,0.0134138773,1.99577389,0.00626420975,0.0270974636,0.187766653,0.122501025,0.830353039,31.5936259
141,1779374897.495243073,-0.000903991815,-0.00219530766,-0.00570857547,0.0171285699,-0.0116975257,-0.0048236471,0.00618258934,1.22012783,0.0396008492,0.0271224976,0.593508136,0.138359181,0.836286874,29.3238996
142,1779374897.728749514,0.00200053416,-0.0055092306,-0.00300062036,0.00919719429,0.00863987417,-0.00710545597,0.0065846398,0.829747566,0.00621390343,0.0271477699,0.186258746,0.127367159,0.861445295,27.5278931
143,1779374897.762107372,0.00130145439,-0.00433425389,-0.000360191613,-0.00481417172,0.00972531385,-0.0071549316,0.0045397443,0.744737201,0.00621008873,0.0271515846,0.186144402,0.0637761748,0.866648568,26.2011159
144,1779374897.795465469,0.00124216652,-0.00450019018,-0.00475848629,-0.00363819779,-0.017602796,-0.00301684125,0.0066661744,1.04428728,0.00620651245,0.0271553993,0.186035875,0.28220663,0.864362763,26.2807003
145,1779374897.828823566,0.00313274866,-0.00105521647,-0.00414588414,0.00491247556,0.0200053348,-0.00653144315,0.00530244767,1.23817967,0.00620269775,0.0271587372,0.18592419,0.0562602023,0.871552219,26.2927008
146,1779374897.862181425,-0.00143804608,-0.0054812851,-0.00526840307,0.00725410766,-0.0230541523,-0.0106816033,0.00773747594,1.5139673,0.00619912148,0.0271627903,0.185814336,0.0891242188,0.86243968,26.2131929
147,1779374897.895539522,-0.000330755738,-0.00268189573,-0.00728900806,0.0180482179,-0.00895787659,-0.00397830828,0.00777377659,1.17673962,0.00619530678,0.027166605,0.185699993,0.101097418,0.867779407,26.3959887
148,1779374898.129043341,0.00270387762,0.000749926122,-0.00525966095,0.018486887,0.0234280451,-0.0062427144,0.0059613234,1.74691982,0.00616645813,0.0271954536,0.184835275,0.103948896,0.882426035,24.2884705
149,1779374898.495953798,0.0031121246,-0.00061605906,-0.000710301309,0.00362077777,-0.000373288714,0.00615896923,0.00325105771,0.409904266,0.0056681633,0.0277628899,0.169547853,0.176739708,0.905037632,22.4503919
150,1779374898.529309034,-0.00206810274,-0.00313214293,-0.00962215925,0.011750162,-0.0114214146,-0.00293091187,0.0103282775,0.953772992,0.00559234619,0.0278396606,0.167275217,0.0804729527,0.897107076,23.1872025
151,1779374898.562664509,0.00391975903,-0.00110339759,0.000372405602,-0.00944766659,0.0163749097,-0.000967314952,0.00408909318,1.08458924,0.00551581383,0.027916193,0.164986022,0.129802292,0.912405578,21.4081039
152,1779374898.596019745,0.00206388574,-0.000251915994,-0.00169159757,0.0112071065,0.00689261982,0.00575251205,0.00268040824,0.822745926,0.00543904305,0.027993679,0.162686216,0.196256568,0.910367194,22.4710131
153,1779374898.629374981,0.000103378769,-0.00230701947,-0.00432377301,4.36794979e-05,-0.00439575757,-0.00238724023,0.00490184037,0.28661356,0.00536155701,0.0280716419,0.160366258,0.277042763,0.910199157,21.9220199
154,1779374898.662730217,0.00267605109,-0.00163920309,-0.00189586071,-0.011971234,0.00918027686,-0.00238230017,0.00366640478,0.875076098,0.00528359413,0.0281496048,0.158034358,0.129749646,0.917250655,20.9375102
155,1779374898.696085215,0.00256458775,-0.00307383298,-0.00271512361,0.00217712802,-0.00352377127,-0.00900125885,0.00483709166,0.567718525,0.00520539284,0.0282287598,0.155690886,0.0972108507,0.917622878,22.0960987
156,1779374898.762795687,0.000447268124,-3.48973287e-05,-0.00777827313,-0.00772148004,-0.0308078324,0.00725037058,0.00779120013,1.86656922,0.00504732132,0.0283873081,0.150960887,0.208653357,0.916862095,21.5592382
157,1779374898.796150684,0.00115159925,-0.00175729437,-0.00637832319,0.00154386104,-0.0116344572,-0.00945503082,0.00671545018,0.863517368,0.00496768951,0.0284674168,0.148577052,0.138833824,0.921533122,21.7309841
158,1779374898.862860918,0.00174501631,0.000445542526,-0.00561881018,0.0327307099,0.000243620771,-0.00360496631,0.00590039134,1.88672358,0.0382428169,0.0286290646,0.571881874,0.166710041,0.927229613,23.1019885
159,1779374898.896215916,0.00189193006,-0.000251874483,-0.00566588766,0.00778271918,0.00773923661,0.00398368369,0.00597872253,0.669003337,0.00472593307,0.0287106037,0.141340388,0.140994124,0.930789496,21.8836903
160,1779374898.929570913,0.00366681631,-0.000160344055,0.000280084998,0.00753348219,0.00142163355,0.00272365936,0.00368099167,0.466152195,0.00464439392,0.0287926197,0.138899783,0.217629424,0.937422487,22.1254804
161,1779374899.129709959,0.0019917174,0.0016846895,-0.00841829153,0.0298709815,0.00805925835,-0.00709258477,0.00881321446,1.81866221,0.00415492058,0.0292847157,0.124251369,0.18654232,0.940727645,22.9546
162,1779374899.163069725,0.00257770334,0.00251728447,-0.00529769717,0.0067362669,0.00712819717,0.00199489039,0.00640678319,0.57343909,0.00407505035,0.0293648243,0.12186201,0.132800712,0.943979649,21.8273924
163,1779374899.296509027,0.00716737093,0.00281122729,0.00279006517,0.0130981769,0.0116657102,0.000503479755,0.00818893574,1.00538099,0.0037817955,0.0295641422,0.113410981,0.456822715,0.957180663,21.9180551
164,1779374899.329868555,0.00358075854,0.00120530474,-0.00147799748,0.00770295455,0.00121523291,-0.000121169299,0.00405697767,0.446859264,0.00379538536,0.0295503139,0.113819336,0.309605425,0.952611449,21.7636983
165,1779374899.363228559,0.000709465091,0.00094405058,-0.00559790856,0.0164517011,-0.0183853298,0.00222590934,0.00572111462,1.41930967,0.00380969048,0.0295360088,0.11424833,0.265129469,0.948724227,22.7273015
166,1779374899.396588326,0.00484083927,0.00107985393,-0.000273088615,0.00530684957,-0.0110948668,0.0045876172,0.00496733195,0.752092943,0.00382375717,0.0295219421,0.114670175,0.0407954077,0.955580376,21.91086
167,1779374899.463308096,0.00308216266,0.000206364601,0.00144486613,0.0162542675,-0.00236265413,-0.00224764498,0.00341027141,0.949858369,0.00385212898,0.0294933319,0.11552184,0.198896831,0.955654633,22.0427005
168,1779374899.496667624,0.00360570935,0.00150597747,-0.000348755785,0.0152095146,0.0027863417,6.49300446e-05,0.00392310319,0.885951449,0.00386619568,0.0294790268,0.115944516,0.30055005,0.956344975,21.8288876
169,1779374899.596747398,0.000853964885,-0.000844105903,-0.00517663331,0.0148789588,0.00236809797,-0.0125779385,0.00531406655,1.12451027,0.00391030312,0.0294349194,0.117267267,0.200197908,0.954294307,21.9956905
170,1779374899.696826696,0.00310621644,0.00121142367,-0.000831602948,0.00980397799,-0.0123686135,0.00407222562,0.00343623215,0.933909968,0.00395441055,0.0293903351,0.118591714,0.0408447088,0.960856958,22.0891435
171,1779374899.730186462,0.00224003154,0.00245596074,-0.0039255738,0.00734839401,-0.00718729622,0.00350945207,0.00514389095,0.622318618,0.00396943092,0.0293753147,0.119042171,0.0415230679,0.96004526,22.0930138
172,1779374899.763546467,0.00306528934,0.000590206199,-0.004506414,0.0201666813,0.0083577662,-0.00331775769,0.00548198041,1.26512767,0.00398468971,0.0293600559,0.119499778,0.286551238,0.961463322,22.0045545
173,1779374899.796906233,0.00295444756,0.00373981285,-0.00431884469,-0.00755048977,-0.00807832592,0.013377069,0.00643174782,0.994399937,0.00399971008,0.0293447971,0.119951093,0.064072293,0.961981012,21.1715531
174,1779374899.830265760,0.00599885058,0.00284940406,0.0027920432,0.0223613341,0.000609766018,0.00180118665,0.00720422217,1.28583442,0.00401473045,0.0293297768,0.120401553,0.24361505,0.968387817,22.2638664
175,1779374899.863625765,0.00226277102,0.000751204948,-0.00329744466,0.0151510867,-0.00502805471,0.00414944066,0.00406910099,0.945041077,0.00403022766,0.0293140411,0.120867178,0.0487169693,0.963410529,22.1467706
176,1779374899.997064829,0.00465868555,0.0017399642,0.000877621303,0.0149166888,-0.0055201802,-0.00189870948,0.005049856,0.917779478,0.0374367237,0.0292513371,0.561370705,0.324276333,0.970172841,22.2196698
177,1779374900.030424833,0.00501919194,0.00200858956,0.000433874891,-0.00505869631,-0.00373701034,0.00858593715,0.00542355669,0.609800388,0.00410866737,0.029235363,0.123220478,0.278002079,0.971756631,21.3555275
178,1779374900.063783407,0.000831119201,0.00109018021,-0.00827642788,0.0103498953,-0.00833949918,-0.00412814921,0.00838919009,0.797439514,0.00412321091,0.0292205811,0.123657529,0.262997464,0.96419298,22.1656914
179,1779374900.097156286,-0.000696679626,-0.00152477977,-0.00600091667,0.00119062193,-0.0213718524,-0.00116874563,0.00623067546,1.22824248,0.00415229797,0.0291912556,0.124530757,0.130955846,0.966304611,22.455625
180,1779374900.163902283,0.00391834806,0.00148430479,-0.00145767664,0.00747312155,0.00279327646,0.000756286841,0.00443637616,0.459160201,0.00421118736,0.0291323662,0.126296897,0.40249953,0.975202198,21.4058262
181,1779374900.197275639,0.002177278,0.00105566924,-0.0044044928,0.00758630504,0.000197717725,-0.00268923947,0.00502538893,0.46130442,0.00424098969,0.0291025639,0.127190693,0.266366485,0.973472443,21.5092074
182,1779374900.264022112,-0.00119667015,0.000322381204,-0.00770778761,0.0149167867,-0.0270347817,-0.00522710748,0.007806788,1.79429361,0.00429821014,0.0290427208,0.128916921,0.145035297,0.967908178,22.6069272
183,1779374900.297395706,0.00301748008,0.00134724342,-9.12231512e-05,0.0138384553,-0.00899172504,0.000814083997,0.00330583916,0.946710595,0.00433087349,0.0290100574,0.129896598,0.255056782,0.975789551,21.6535277
184,1779374900.430891037,0.00460168979,0.00265172504,-0.000879886429,0.0115910829,0.00367235905,0.00424820068,0.00538343707,0.737952365,0.0044631958,0.0288767815,0.133869191,0.157234891,0.976942819,20.7911112
185,1779374900.464265108,0.00515837197,0.00347705351,-0.00436613575,0.0144047077,0.00990861514,0.00309244069,0.0076001213,1.01728563,0.00449728966,0.0288431644,0.134889874,0.157234891,0.976942819,20.7911112
186,1779374900.564388275,0.00162183347,0.0028898788,-0.0112138298,0.0155641244,0.00109570401,0.00686387064,0.011693234,0.976645605,0.00460028648,0.0287394524,0.137982079,0.351759601,0.972809954,21.0591602
187,1779374900.597762823,0.00548361937,0.00101160124,-0.00336180393,0.0043715377,0.00963672709,0.0033990202,0.00651115536,0.63680899,0.0046350956,0.0287044048,0.139027146,0.150336243,0.980899617,20.117045
188,1779374900.664512157,0.00551819955,0.00100080609,-0.00373087566,0.0226585047,-0.000646273068,-0.00874777611,0.00673584236,1.39212131,0.00470542908,0.0286338329,0.14113777,0.188682108,0.982119189,21.112817
189,1779374900.731262207,0.00557420789,0.00132994822,-0.00227757674,-0.00689297419,0.00640513556,0.0108666615,0.00616667752,0.823592078,0.0381162167,0.0285620689,0.571643622,0.164635288,0.983771803,19.5355062
190,1779374900.764637470,0.00578086928,0.00222705261,-0.00267886883,-0.00383123034,0.00545713159,0.00757605483,0.00674941117,0.578248179,0.00481319427,0.0285253525,0.144373248,0.164635288,0.983771803,19.5355062
191,1779374900.798012733,0.00322967804,0.00245435498,-0.00789922614,0.0236774359,0.0146241942,-0.00233646762,0.00887989033,1.60012978,0.00484991074,0.0284888744,0.145473529,0.211106462,0.979176559,20.011641
192,1779374900.831387997,0.00474572919,0.00462927191,-0.00853130642,0.0199575651,-0.00435295913,0.00956180979,0.0108044108,1.29224641,0.00488638878,0.028452158,0.14656874,0.473465833,0.979340276,20.4097658
193,1779374900.864763498,0.00719866369,0.00432663278,-0.00238511904,8.61669738e-05,-0.008922641,0.00904529329,0.00873093941,0.727990799,0.00492334366,0.0284149647,0.147678269,0.0900800335,0.985598801,19.8595739
194,1779374900.931514978,0.00692268347,0.00436268402,-0.00103637139,0.026835122,0.00138859184,0.00358848921,0.00824806789,1.5532644,0.0383365154,0.0283401012,0.574961918,0.12210557,0.988776639,20.5165261
195,1779374900.964890718,0.00156146751,0.00354432982,-0.00698915294,0.0166610448,-0.0118617001,0.00718929447,0.00799053899,1.24211158,0.00503563881,0.0283021927,0.151048781,0.279413959,0.981107896,20.8148553
196,1779374901.031642675,0.00718509094,0.00544270864,0.000721647782,0.00709689947,-0.00304477277,0.0174321232,0.00904264258,1.09240612,0.00511217117,0.0282254219,0.153345539,0.0779185219,0.988970504,19.859509
197,1779374901.065020800,0.00211780479,0.00356961906,-0.00198240032,0.0206949114,-0.0119772543,0.00314611146,0.00459969438,1.38180505,0.00515270233,0.0281851292,0.154560213,0.25337063,0.983276181,20.5974816
198,1779374901.131734371,0.00656315685,0.00336450852,-0.000538732431,0.0115205008,0.00513910094,0.00928503063,0.00739494273,0.897450355,0.00519108772,0.0281460285,0.15571496,0.0766855672,0.990035755,19.8037132
199,1779374901.165091276,0.00372226071,0.00591173835,-0.00625987279,0.0224144896,-0.0175348735,0.00111138489,0.00938029223,1.63178974,0.00521087646,0.0281260014,0.156309673,0.306750818,0.982957348,20.9257656
200,1779374901.231804609,0.00683343536,0.00350752249,-0.00118848708,0.016183203,0.0126058468,0.00400302134,0.00777245485,1.19750594,0.0385873318,0.028075695,0.57884158,0.0754420271,0.991102487,19.7482731
201,1779374901.265161276,0.00314100669,0.00205636231,-0.00691030261,0.013087646,-0.0174906245,0.00134684141,0.00786427562,1.25400869,0.00528097153,0.0280709267,0.158340958,0.302079668,0.985587032,21.2444565
202,1779374901.298518181,0.00507973854,0.000674966054,-0.00136553197,0.0170820714,0.0154292601,-0.00833341232,0.00530320661,1.40264116,0.00528597832,0.0280661583,0.158489946,0.0741926511,0.992170652,19.693192
203,1779374901.331874847,0.00421791504,2.01761624e-08,-0.000691865993,-0.00253875956,0.00653152984,0.00202793836,0.00427428191,0.417979353,0.00529050827,0.0280613899,0.158626902,0.0334474988,0.991333742,19.212282
204,1779374901.398587942,0.0013247689,0.00302169634,-0.00896673578,0.0230271557,-0.014702044,0.0036957103,0.00955447601,1.57959619,0.00529980659,0.0280520916,0.158905696,0.201333934,0.987611941,21.4068764
205,1779374901.431944370,0.00522573879,0.0026807737,-0.000986888082,0.0172475317,0.00329266609,-0.00152102944,0.00595557231,1.00982496,0.00530433655,0.0280478001,0.159040382,0.298249514,0.994655936,20.0145287
206,1779374901.698796034,0.00754606324,0.0033127742,0.00350140163,0.0118094738,-0.00299553295,0.00382240591,0.00895418096,0.731610516,0.0386924744,0.0280110836,0.580066125,0.263087367,1.00883231,20.9659848
207,1779374901.732152462,-0.00193526883,0.00383136928,-0.00836547121,0.013966374,-0.0177430861,0.003199455,0.00940243397,1.30668702,0.00534534454,0.0280067921,0.160269928,0.250192568,0.994367386,22.0797248
208,1779374901.898933887,0.00822548753,0.000884848847,0.00644194751,0.0113688903,-0.00937268941,0.000786979789,0.0104852415,0.845415315,0.0387191772,0.0279843807,0.580466446,0.0615609845,1.00950355,21.6037033
209,1779374901.932290077,0.00709426891,7.13189943e-05,0.00702353377,0.00459210667,0.0107264982,0.00597807386,0.00998317407,0.751170557,0.00537180901,0.0279796124,0.161066869,0.0269610119,1.00884082,20.3313454
210,1779374901.999002218,0.00679958222,-7.00439119e-06,0.0182662604,0.0108529143,0.00976994655,-0.00247594574,0.0194907834,0.848612028,0.00538063049,0.0279712677,0.161329063,0.0516270073,1.0091444,20.8089959
211,1779374902.065715313,0.00467682614,0.00154442136,0.00645293597,0.000628534966,-0.0160227805,0.00732892824,0.00811777819,1.01015846,0.00539016724,0.0279614925,0.161616162,0.0313705841,1.00466149,20.345242
212,1779374902.132418394,0.00386981736,-3.40463678e-05,0.00288888911,0.00683028658,-0.0150303856,-0.00257747579,0.0048293194,0.957386051,0.00538992882,0.0279619694,0.161607858,0.302641307,1.00358079,21.1136305
213,1779374902.165769815,0.00352830538,-0.00609163148,-0.000777599304,0.00234626723,0.00835355718,-0.0126328793,0.00708248358,0.878096893,0.00538945198,0.0279622078,0.161594716,0.0623864095,1.00403751,20.8261657
214,1779374902.199120998,0.00753379285,-0.0078724909,0.00120840159,-0.0152991477,0.0146773198,-0.0150090088,0.0109633198,1.48832113,0.00538897514,0.0279626846,0.161580418,0.270951482,1.00997953,20.1489922
215,1779374902.232472420,0.00682150358,0.0027640307,-0.0024029082,0.00162634019,-0.00732436209,0.0120015301,0.00774252831,0.81094882,0.00538873672,0.027962923,0.16157327,0.0298260268,1.00520181,20.4681852
216,1779374902.265823841,0.00524430118,0.00562537489,-0.000459634661,0.028443952,-0.00551990647,-0.00215438305,0.00770446634,1.66470532,0.00538849831,0.0279562473,0.161599622,0.0506295727,1.00608843,20.8515726
217,1779374902.332526207,0.00184849973,-0.00965221499,0.00254339822,0.0119549302,-0.0138773022,-0.0328460246,0.0101514078,2.15477932,0.00540161133,0.0279428959,0.161994037,0.314166347,1.00639197,21.7310656
218,1779374902.365877151,-0.00157255108,-0.0209556228,-0.000379679684,-0.0134101185,-0.00494340799,-0.0511449328,0.0210179733,3.04265552,0.00540804863,0.0279359818,0.16218941,0.0432983244,1.00573549,20.9835382
219,1779374902.399228096,0.00351388497,-0.0103473276,0.00264402619,0.00074267596,0.0132308828,-0.0235275674,0.0112430179,1.54714971,0.00541496277,0.027929306,0.162395607,0.213646344,1.01376764,18.8880504
220,1779374902.432579041,0.00833799008,0.00135216971,0.00724855298,0.0246723416,-0.00480408414,-0.00230611755,0.0111306766,1.44621839,0.00542163849,0.0279223919,0.162596975,0.249815582,1.02081704,19.0728171
221,1779374902.465929985,0.00377695684,-0.00120701943,0.00533487888,0.00963780171,0.00113632046,-0.00908511889,0.00664704683,0.76166293,0.00542855263,0.0279154778,0.162804333,0.0520875008,1.01821518,18.1593491
222,1779374902.499280691,0.00279062528,-0.00575676603,-1.93501379e-05,0.00444868893,0.00672761997,-0.0219002199,0.00639752444,1.33718006,0.00543522835,0.0279085636,0.163005706,0.0519450373,1.01748924,18.1730394
223,1779374902.532631636,0.0026342311,-0.00583479434,-0.000285988302,0.00662002403,0.000633940532,-0.0169830352,0.00640825934,1.04500039,0.00544238091,0.0279014111,0.163220215,0.0503065452,1.01842867,18.221102
224,1779374902.565982103,0.00503863982,-0.00276088203,0.00516085948,0.00404794581,2.32007187e-05,-0.0105340896,0.00772300663,0.646588515,0.00544905663,0.0278942585,0.163422761,0.200548038,1.02501857,17.3192471
225,1779374902.599333048,0.0022674419,-0.00182765811,-0.00331552478,0.0222005264,-0.00839588757,-0.00790983015,0.00441297309,1.43344801,0.00545668602,0.0278868675,0.163650404,0.0511776009,1.01912403,18.2651758
226,1779374902.632683516,0.00445407786,-0.00203171842,-0.00158478889,-0.00684754956,0.0109390844,-0.00293715574,0.00514570162,0.758340292,0.00546360016,0.027879715,0.163858937,0.248877494,1.02317817,16.3833395
227,1779374902.666034222,0.00192780553,-0.00380890249,-0.00294895325,-0.00836637631,0.00117043099,-0.0142922608,0.00518849666,0.951239156,0.00547099113,0.027872324,0.164080599,0.351047563,1.02124158,16.6237634
228,1779374902.699384451,0.000361092894,-0.00299065574,-0.00780070137,0.0116900419,-0.00756525318,-0.0145319119,0.00836213799,1.15315012,0.00547790527,0.0278651714,0.164289136,0.187174087,1.01743682,17.3126517
229,1779374902.732734919,0.00591065278,-0.00214558803,-0.000584954987,-0.0283254454,0.011179958,0.00166457444,0.00631518302,1.74737392,0.00548529625,0.027857542,0.164511977,0.161206598,1.02581324,14.9907364
230,1779374902.766085386,0.00714504389,0.000810418587,0.00296676064,0.0101084615,0.0115784668,0.0029941899,0.00777882377,0.897199694,0.00549292564,0.0278499126,0.164740794,0.144515346,1.03042143,15.1845411
231,1779374902.799435616,0.00759066946,-0.000813858909,0.00133399747,0.0132318384,0.0117987118,-0.0042956614,0.00774985022,1.04514767,0.00550031662,0.0278425217,0.16496246,0.144515346,1.03042143,15.1845411
232,1779374904.801767588,0.000252573985,0.00521328211,0.000236486699,0.00780392238,-0.0135210099,0.0159013343,0.00522475167,1.27677232,0.00717592239,0.0261640549,0.215234772,0.176814908,1.00300041,21.4821272
233,1779374904.835113525,0.00341144334,0.00384895841,0.00341330577,-0.000721670656,0.0055518104,0.0204720727,0.00617276946,1.21603347,0.00718188286,0.0261580944,0.21541355,0.161611067,1.0081692,20.3538875
234,1779374904.935150862,-0.00118509016,0.00418542948,0.00213847898,0.0036927295,-0.00616621809,0.0102750601,0.00484720033,0.718451965,0.00719952583,0.026140213,0.215944278,0.235834884,1.00053815,21.4187976
235,1779374904.968496561,0.00141821515,0.00586404031,-4.65032661e-05,0.0123737613,-0.00566431419,0.00754726058,0.00603327983,0.891599592,0.0072054863,0.0261337757,0.216126149,0.110088211,1.00095122,22.0282138
236,1779374905.001842022,0.00242943037,0.00433114963,-0.00148616169,0.0147215556,-0.00506980922,-0.00259253099,0.00518359582,0.904381498,0.00721168518,0.0261278152,0.216310535,0.278466785,1.00099964,22.6065033
237,1779374905.035187483,0.00130669397,0.00568976788,-0.00236663963,0.00130209362,-0.00734893747,0.016165726,0.00629935638,1.02017549,0.00721764565,0.0261213779,0.216492412,0.246871024,0.999716471,22.5165942
238,1779374906.168974161,0.000962391284,-0.00593630322,-0.00254136116,-0.000815183153,0.00406332553,-0.0112488105,0.0065287372,0.686858774,0.00742197037,0.0259175301,0.222617924,0.333342622,1.00868572,25.1113624
239,1779374906.202322245,0.0060537821,-0.00554785657,0.00438060701,-0.00445171756,4.2931625e-05,-0.00610124986,0.00930680976,0.432743921,0.00743055344,0.0259084702,0.222878556,0.0972051214,1.01599468,24.5713423
240,1779374906.235670328,0.0013603136,-0.0046559431,0.00132916854,-0.00802458052,-0.0100658487,-0.0110161548,0.00502940834,0.970771895,0.00743961334,0.0258994102,0.223150307,0.261855958,1.00728802,24.4107143
241,1779374906.335713863,0.00195310268,-0.00232015188,0.00136441844,-0.0214506346,-0.00716783171,-0.00306119551,0.00332556048,1.30764793,0.00744366646,0.0259196758,0.223109136,0.126294415,1.0037399,22.6135119
242,1779374906.402409077,0.00570113884,0.000840306277,0.00242213556,0.00100203535,0.0138645598,0.00640017141,0.00625106706,0.876816929,0.0407755375,0.0259513855,0.61108074,0.0826171518,1.00738418,21.7092784
243,1779374906.435756922,0.00983937109,0.00113491767,0.00656275054,-0.000611484558,0.00657357569,0.000283464411,0.0118815385,0.378612674,0.00739645958,0.0259668827,0.221694203,0.334823335,1.01251505,21.8243544
244,1779374906.469104290,0.00890592452,0.00143651105,0.00754665241,-0.0143673328,0.00476363474,0.00371472752,0.0117614207,0.892990463,0.00738048553,0.0259830952,0.221213832,0.188726418,1.00974091,21.1216263
245,1779374906.535799026,0.00152986923,0.00016338259,0.00160804527,0.0143953293,-0.00455401402,-0.0099467256,0.00222553439,1.03593225,0.0407116413,0.0260159969,0.610116623,0.368804092,0.998637628,21.8642766
246,1779374906.569146156,0.0022175692,-0.000119992821,0.00254235735,0.0122504654,-0.00894955496,-0.0081914709,0.00337573582,0.987864036,0.00733113289,0.0260324478,0.219734595,0.368804092,0.998637628,21.8642766
247,1779374906.602493525,-0.00339908302,8.40455888e-06,-0.00517784533,-0.00663480598,-0.0126823189,0.00063927232,0.00619386134,0.820891837,0.00731492043,0.0260491371,0.219245528,0.093681698,0.989415185,21.4303605
248,1779374906.635840654,-0.00273073804,0.000340312087,-0.00445659731,-0.00403214486,-0.0191176458,0.00195091894,0.00523774781,1.12502515,0.00729799271,0.0260660648,0.218738164,0.093681698,0.989415185,21.4303605
249,1779374906.769228220,0.00226858753,-0.00393531232,0.00121246338,-0.00981850916,-0.00563951553,-0.00432309805,0.00470140829,0.694429656,0.00722885132,0.0261352062,0.216665833,0.237087716,0.995224431,19.9547994
250,1779374906.802574873,-0.00221431166,-0.000550494453,-0.00709043359,-0.00487331519,-0.00343207133,-0.0055277294,0.00744852125,0.465769606,0.00721144676,0.0261530876,0.216141088,0.298333925,0.987212357,19.70589
251,1779374906.835921526,0.00543670848,0.00256019542,0.00187587195,0.00311330935,-0.00910273559,0.00616298085,0.00629533917,0.654614808,0.00719356537,0.026170969,0.215605148,0.265832539,0.996688041,19.8383446
252,1779374906.869268179,0.00180065413,0.00178465587,-0.00299028662,0.0151762146,-0.0187214294,-0.00180157334,0.00392035278,1.38468036,0.00717568398,0.0261888504,0.215069208,0.0700303151,0.990097922,20.5680345
253,1779374906.935961008,0.00193965956,0.00209209094,-0.00268989449,0.00923918417,-0.00226166529,0.00282445261,0.00392105293,0.568515006,0.00713920593,0.0262255669,0.213974361,0.0552556085,0.98952377,19.3428836
254,1779374906.969307423,0.00664622757,0.00307169392,0.00349711177,0.0165151489,0.00340755231,0.000348636014,0.00811402706,0.966386536,0.0071208477,0.0262441635,0.213422608,0.300745751,0.996208319,19.076173
255,1779374907.002653599,0.00916634454,0.000509398086,0.00948268185,0.00264871037,0.0123515575,0.00589541277,0.0131985838,0.798721522,0.00710201263,0.0262627602,0.212859613,0.0673527167,1.00330874,18.2971126
256,1779374907.035999775,0.00313722512,0.000717847828,-0.00239962185,0.0275265058,-0.00279709821,-0.00963561655,0.00401443296,1.67865623,0.00708341599,0.0262813568,0.212302239,0.0945329605,0.990164881,19.7836439
257,1779374907.136040926,0.00122732055,0.00535709155,-0.00809112328,0.0129722004,-0.0112679164,0.00901986911,0.00978115645,1.11189537,0.00702929497,0.0263359547,0.210677128,0.301284258,0.981659952,19.25384
258,1779374907.169388771,0.00586873675,0.00177627049,0.000432130686,0.0228698898,0.0120105058,0.000654051994,0.00614686463,1.48052992,0.00701189041,0.0263533592,0.210155491,0.107020151,0.99014271,18.5770992
259,1779374907.202736378,0.00131821852,0.00285400875,-0.00552042367,0.00757495115,-0.0202317157,0.00709479366,0.00635280596,1.30281872,0.00699424744,0.0263712406,0.20962521,0.406410626,0.980706714,19.3019784
260,1779374907.236083746,0.00537928649,0.00222331432,0.00201048212,0.000712815007,-0.00382309967,0.00471960524,0.00615807503,0.350390136,0.00697612762,0.0263893604,0.209082139,0.0754778187,0.986412641,18.0661354
261,1779374907.269431114,0.00692976668,0.00237493299,0.00535231406,0.00349746026,-0.0142613755,0.00604808332,0.00907244392,0.909900222,0.00695800781,0.0264103413,0.208521189,0.076777035,0.986117867,18.1042332
262,1779374907.336125851,0.00167735483,0.00380581216,-0.000522025359,0.0216626436,-0.0146524445,0.00841704372,0.00419168652,1.57413404,0.0402843952,0.0264050961,0.604059117,0.12012867,0.9734339,18.3861038
263,1779374907.469513893,0.00241400153,0.0014910194,-0.000861198532,-0.0018080918,-0.00453572528,0.0079567013,0.00296516528,0.534883323,0.00694942474,0.0263948441,0.208414369,0.160675185,0.965613243,17.0244892
264,1779374907.502860785,0.003935025,0.00293687882,0.000460778639,-0.00302310276,-0.00750668246,0.014899543,0.00493173356,0.971473239,0.00695204735,0.026391983,0.208494512,0.162023706,0.965338113,17.0608119
265,1779374907.636247158,0.0078395709,0.007251897,-0.00298491535,0.00445871956,0.00897584209,0.0138546996,0.01108867,0.979738769,0.00696277618,0.0263807774,0.20881926,0.142742996,0.956516944,16.5779592
266,1779374907.669593573,0.00471600329,0.0067521319,-0.00512656414,0.00713283246,0.00648231613,0.00874030619,0.00970121807,0.745485411,0.00696563721,0.0263779163,0.208905065,0.342957982,0.949257474,16.5155471
267,1779374907.736286163,0.0049845118,0.0066228013,-0.00737145208,0.0230892772,-0.00209316356,0.00740263877,0.0110925723,1.39441392,0.00697112083,0.0263719559,0.209072513,0.11524832,0.943704485,17.5291647
268,1779374907.769632101,0.00286402722,0.00621904037,-0.0114473813,0.0165896983,-0.00435278786,0.00798959626,0.0133387276,1.08408475,0.00697398186,0.0263693333,0.209156823,0.242544726,0.935892408,17.3978333
269,1779374907.802978277,0.00310648162,0.00647420457,-0.00718315718,0.00108353574,-0.00555502541,0.0121464436,0.0101569336,0.767781509,0.00697684288,0.0263662338,0.209244124,0.203100643,0.933955315,16.5305586
270,1779374907.869669914,0.00420076218,0.0070000343,-0.00505026857,-0.00193656419,-0.00577927296,0.0195745833,0.00959958831,1.17465374,0.00698232651,0.0263602734,0.20941158,0.172401813,0.928527618,16.2956195
271,1779374907.903015852,0.00410336726,0.0060206578,-0.00381911789,-0.0053011243,-0.024270434,0.0177198436,0.00822627526,1.74836524,0.00698566437,0.0263571739,0.209510189,0.135634565,0.926677271,16.7424266
272,1779374908.003052711,0.00708166472,0.0057217157,0.000940224834,0.00590059963,0.00459620392,0.013450993,0.00915270608,0.881817935,0.00699472427,0.0263476372,0.209784909,0.0663835332,0.923835171,16.1631652
273,1779374908.036397934,0.0039702172,0.00405953556,-0.00307924145,-0.00113844731,0.00217708105,0.0130190027,0.00645942579,0.759099185,0.0069975853,0.0263447762,0.209870717,0.306683835,0.915569444,16.0074565
274,1779374908.169785261,0.00212291759,0.00624261885,-0.00176605758,0.0125276401,-0.0242209009,0.014521228,0.00682612837,1.77011495,0.00701665878,0.0263249874,0.210447281,0.252277697,0.897184552,16.9953455
275,1779374908.203132868,0.00133418221,0.00407893619,-0.00448873733,0.00300366962,0.00966619317,0.00619723384,0.00621019528,0.680019151,0.00702261925,0.0263192654,0.210624544,0.187481412,0.893869258,15.6644879
276,1779374911.438172579,-0.0228523933,-0.00785741049,0.0075945483,0.0134136857,0.00921839924,-0.0259818799,0.0253307707,1.75662163,0.0066678524,0.0266826153,0.199932801,0.185730793,0.825167662,16.6134742
277,1779374911.471525431,-0.00473871335,-0.00653265998,0.00656825907,0.0105422914,-0.00869071885,-0.0155976732,0.010405435,1.18804966,0.00667023659,0.0266807079,0.20000143,0.191771053,0.82420291,16.6940452
278,1779374911.504878283,-0.00509009338,-0.00650935739,0.00592339196,0.010490572,-0.0171991861,-0.0158788571,0.0101669738,1.46972576,0.00667214394,0.0266783237,0.20006148,0.197838669,0.823236227,16.7753579
279,1779374911.538230658,-0.00464831636,-0.00836841204,0.010192931,-0.00969774629,-0.0222679146,-0.0201273895,0.0139833118,1.80733278,0.00667405128,0.0266766548,0.200117241,0.100088003,0.821309704,16.0754665
280,1779374911.604936123,-0.00233263608,-0.00337317781,0.00676394579,-0.0366482428,-0.0102369902,-0.0067447079,0.00791015058,2.21415442,0.00667834282,0.0266723633,0.20024592,0.0823526727,0.819924109,14.1644028
281,1779374911.738346338,-0.00113680479,0.001855377,0.00181400487,0.054232881,-0.0113231172,-0.00147420066,0.00283290709,3.17544336,0.00668644905,0.0266640186,0.200490413,0.171413496,0.813333925,19.3258077
282,1779374912.071866035,-0.00236891861,0.000837195401,0.00388810039,0.0258052308,0.0538627703,-0.00343004228,0.00462925438,3.4276446,0.00670266151,0.0266473293,0.200979411,0.136745988,0.807920768,20.1974257
283,1779374912.305363417,-0.00116619437,0.000909474752,0.000279404835,0.0237217016,-0.0394457998,-0.00109247427,0.00150506501,2.63802347,0.0400993824,0.0266001225,0.601194604,0.0416916807,0.795954084,19.4287896
284,1779374912.338720560,-7.99968198e-05,0.0017220293,0.00671493916,0.00217927308,-0.0260064391,0.00347738651,0.00693269012,1.50849715,0.00675702095,0.0265920162,0.202615173,0.305172302,0.800846095,18.5243109
285,1779374912.505504847,-0.00104545481,0.00326529243,0.00304986563,0.0321727051,0.0273753354,0.00578866513,0.0045887679,2.44297849,0.00679755211,0.0265510082,0.20383345,0.316485901,0.7966195,21.1987591
286,1779374912.538861752,-0.00204180873,0.000600755899,-0.000669601048,0.0155622342,-0.0147773491,-0.00169241333,0.00223120059,1.23341385,0.00680589676,0.0265426636,0.204083675,0.271407302,0.790792453,19.8818018
287,1779374912.739003658,-0.00085423942,0.00358292661,-0.000851831824,0.0323529857,-0.0422095002,0.00950838965,0.00378056947,3.09543972,0.00685787201,0.0264902115,0.205645161,0.264098832,0.78499292,20.459788
288,1779374912.772360802,0.00030993595,0.00602017593,-0.000182734894,0.0352289155,-0.041599117,0.0166574585,0.00603091788,3.2658765,0.00686693192,0.0264809132,0.20591831,0.264098832,0.78499292,20.459788
289,1779374913.005860329,0.000230321202,0.00690766891,-0.00253015989,0.0180381453,-0.0427743247,0.0116312903,0.0073600711,2.74201131,0.00693154335,0.0264160633,0.207857296,0.0791711736,0.77722484,19.1105961
290,1779374913.239385605,-0.00453228024,-0.00743367076,0.00623187495,-0.0145801636,-0.0113533813,-0.0167448896,0.0107068805,1.4288053,0.00702500343,0.0263221264,0.210662911,0.0605361433,0.772842059,20.1812135
291,1779374913.272748470,-0.00604518288,-0.0089466746,0.00305170378,-0.0136032725,-0.00842394017,-0.0212257801,0.0112205222,1.52297477,0.00704073906,0.0263047218,0.211145351,0.0635702505,0.77247252,20.3290254
292,1779374913.306111813,-0.00310930876,-0.0025586989,0.0043001581,-0.0326147544,0.0062431841,-0.00290147109,0.0058911884,1.90986531,0.00705862045,0.0262923241,0.211646793,0.331835543,0.772482442,19.4907743
293,1779374913.372838020,-0.00273980588,-5.01236369e-05,0.00293131507,0.00133941017,-0.0291402749,0.00287630061,0.00401268697,1.67948263,0.00708317757,0.0262675285,0.212384636,0.0798307587,0.771067615,20.5251907
294,1779374913.439564705,-0.00230287519,-0.000334316062,0.00240011534,-0.0331792582,-0.0252584508,-0.00221663668,0.00334298594,2.39258146,0.040459156,0.0262424946,0.606569038,0.332705688,0.768055387,19.254243
295,1779374913.472928286,-0.00223800472,-0.000627844845,0.00523304973,-0.0424054087,0.000874152136,0.00145520293,0.00572605133,2.431597,0.00712108612,0.0262293816,0.213522826,0.229410311,0.770398201,19.7004275
296,1779374913.506291389,-0.00281173043,-0.00227687161,0.00336638334,0.051435479,-0.0132706058,-0.00431011698,0.00494191351,3.05354501,0.00713372231,0.0262169838,0.213900188,0.158308971,0.766175227,24.5307555
297,1779374913.539654732,-0.00250027162,0.000943245411,0.00579670949,0.00367472242,0.00674129629,0.000501334562,0.00638301739,0.440842518,0.00714635849,0.0262041092,0.214280608,0.154981483,0.771113333,22.2161974
298,1779374913.573018312,-0.0011844851,0.00223638778,-0.00157576579,0.0519504174,0.0318203004,0.00514274935,0.00298118652,3.50293541,0.00715947151,0.0261912346,0.214672262,0.131917342,0.764513167,25.1234401
299,1779374913.606381655,-0.0018991696,-0.00143665143,0.00183550531,-0.0076788241,-0.0620276568,0.000164758982,0.00300664135,3.58106492,0.0071721077,0.02617836,0.215052687,0.0712202504,0.767076844,20.2178436
300,1779374913.706471920,-0.00195352508,0.00194132691,0.00287820494,-0.000706435982,0.00231308948,0.00463456987,0.00398360065,0.299524189,0.00721096992,0.0261394978,0.216217955,0.164141993,0.770979022,21.94348
301,1779374913.739835501,-0.00196332883,0.00176685552,0.00482093739,-0.000948948263,-0.0058225741,0.00534993332,0.00549707884,0.456301295,0.00722408295,0.0261261463,0.216612692,0.164141993,0.770979022,21.94348
302,1779374913.839926243,-0.00212474579,-0.00257232805,0.00353825773,0.00485044195,-0.0270197205,-0.0080230929,0.0048631969,1.6386614,0.00726389885,0.0260865688,0.217805007,0.349082795,0.76574829,22.4356021
303,1779374913.906653643,-0.00307265476,-0.00228751385,0.00396821476,-0.0293347155,0.0282646069,-0.00617033097,0.00551549229,2.36061846,0.040640831,0.0260591507,0.609307978,0.191413451,0.768959623,22.3381094
304,1779374913.973380804,-0.00331654343,-0.00457027711,0.00840566384,-0.0146690142,-0.044097094,-0.00656103256,0.0101263062,2.68910819,0.00731754303,0.0260324478,0.219416643,0.182977606,0.769838262,21.6331789
305,1779374914.006744623,-0.0045080283,-0.00666883569,0.00358879271,0.0081815446,-0.0182690951,-0.0148812002,0.00881334906,1.42912217,0.00733137131,0.0260186195,0.219831284,0.237380498,0.765091217,23.8412876
306,1779374914.073472023,-0.000907294035,0.00252466326,0.00355715598,-0.0301299345,-0.0112978984,0.00668331203,0.00445538614,1.8830379,0.00735878944,0.0259914398,0.22065184,0.20008689,0.767115626,21.8518345
307,1779374914.206892014,-0.0011085142,0.00508649142,0.00604257193,0.0131766611,0.00566256055,0.00654738787,0.00797583063,0.903308038,0.00737905502,0.0259706974,0.221262663,0.0384509435,0.769097658,24.4824253
308,1779374914.306949139,-0.000919163105,0.00339432606,0.00192877834,0.00663880337,-0.0138394948,0.00769467821,0.00401079744,0.983776039,0.00742292404,0.025988102,0.222169892,0.431200001,0.764642825,23.5949766
309,1779374914.373653650,-0.00214231576,0.00338922722,0.00231522293,-0.0552116159,0.00577212791,0.00536933017,0.0046299714,3.19547644,0.00730466843,0.0261073112,0.218624233,0.218236551,0.767301719,21.1183379
310,1779374914.407005787,-0.000698083712,0.00362645311,0.00612665664,-0.0568544914,-0.00277783294,0.00648675197,0.00715362877,3.28251691,0.00724482536,0.0261683464,0.216825431,0.218236551,0.767301719,21.1183379
311,1779374914.607117891,-0.000586337978,0.00583504379,-0.00175601041,0.010429822,-0.0187821375,0.0143480909,0.00612169101,1.4802036,0.00687050819,0.0265460014,0.205602209,0.0881074166,0.758789929,23.230085
312,1779374914.673821449,-0.000618204655,0.0058139216,-9.6226428e-05,-0.0102738076,-0.0138879746,0.0189497187,0.00584748843,1.4691858,0.00674033165,0.0266771317,0.201700877,0.501887098,0.761852542,22.0675598
313,1779374914.707173347,-0.000224220137,0.00636809232,-2.69475736e-05,0.00212901241,0.000942190899,0.0138568695,0.00637209546,0.805068397,0.00667476654,0.0267436504,0.199733175,0.0678921399,0.76021145,23.1829558
314,1779374914.773876667,-0.00093771017,0.00386996792,-0.00253621866,0.0249181005,-0.0327251691,0.0105448788,0.00472105466,2.43290786,0.0065407753,0.0268785954,0.195718087,0.547921052,0.755041697,23.7566526
315,1779374914.840579748,-0.00125916999,0.00266114491,0.00263114382,-0.000766389152,-0.0188646918,0.00538539704,0.00394843248,1.1249052,0.00640416145,0.0270166397,0.191622021,0.376580979,0.757741311,22.7864385
316,1779374914.907282829,-0.00162817761,-0.000161764938,0.00289270707,-0.0148692859,0.0074594147,-0.000392348554,0.00332338448,0.953406709,0.0396864414,0.0271568298,0.593723806,0.290209967,0.755311241,23.0410557
317,1779374915.074039459,-0.000853230206,0.00770035881,-0.00871601314,0.0305563378,0.00319728127,0.0206730995,0.0116615785,2.12171573,0.0393302441,0.0275192261,0.588340401,0.288075942,0.74770412,23.883639
318,1779374915.107390642,-0.00141499443,0.0066460523,-0.00389986865,-0.00691030218,0.0696719301,0.00865421223,0.00783461524,4.04202355,0.00583195686,0.0275933743,0.174477161,0.175355523,0.75110872,24.2346367
319,1779374915.174098492,-0.00291017721,0.00562034241,-0.0104441595,0.0339238101,-0.0086452056,0.0115036442,0.0122122007,2.11133066,0.00568819046,0.0277388096,0.170167543,0.133234951,0.744924884,23.5664525
320,1779374915.240805864,-0.00271383153,0.0047243692,-0.0110122699,0.00503686007,-0.0425924399,0.0140809942,0.0122863597,2.58642078,0.00554132462,0.0278871059,0.16576682,0.263576038,0.74243398,21.2188656
321,1779374915.274159670,-0.00172281898,0.0043493664,-0.0055546619,0.0266342303,0.0126389943,0.0126703413,0.00726218714,1.83852858,0.0054666996,0.0280070305,0.163313129,0.30570451,0.743664778,24.0867739
322,1779374915.374220848,-0.00183753842,0.00483454582,-0.00416262051,-0.0113831586,0.00611070216,0.00815928702,0.00663903534,0.87550303,0.00534939766,0.028002739,0.160391453,0.0385398198,0.742367629,21.967939
324,1779374915.474282026,-0.00252731849,0.00320880907,-0.00657464507,0.0463512019,-0.0142248613,0.00967277114,0.00774013903,2.83272043,0.00535416603,0.0279979706,0.160534424,0.0396767658,0.737553537,24.6951972
325,1779374915.507635832,-0.00332604289,0.00315937491,-0.00405426475,-0.00745260945,0.00838897478,0.00335840845,0.00612219518,0.67110748,0.00535583496,0.0279963017,0.160584463,0.0509971308,0.742084706,22.3684551
326,1779374915.774463892,-0.0040309803,-0.00254522677,-3.58510948e-06,0.052772148,-0.0179912787,-0.00235719836,0.00476728375,3.19736226,0.00536894798,0.0279829502,0.160978783,0.0167087834,0.738233338,25.3941908
327,1779374915.841170549,-0.00430967697,-0.00337818604,0.000438551328,-0.00549336912,-0.0134912106,-0.00799771567,0.00549343096,0.952133335,0.00537228584,0.0279793739,0.161080015,0.341360544,0.740089891,22.7212741
328,1779374915.874524117,-0.0032140103,-0.0012079561,0.0014367149,-0.00289845279,-0.0186308147,-0.0034099297,0.00372198466,1.09783245,0.00537419319,0.0279774666,0.161137204,0.341360544,0.740089891,22.7212741
329,1779374915.907877445,-0.00271874463,0.00440284393,-0.0038890764,-0.0380896055,-0.0213329379,0.0158256062,0.00647313852,2.66062383,0.00537586212,0.0279753208,0.161189549,0.165582395,0.740598737,20.0792635
330,1779374915.941230774,-0.00261643544,0.00164032626,0.00200702449,0.026141901,0.0525408129,-0.0063143057,0.00368300855,3.38181342,0.00537800789,0.0279736519,0.161251582,0.104272835,0.741466483,26.1246538
331,1779374915.974584103,-0.00214621376,0.0018040455,0.00336313684,-0.00952350179,0.0538704962,-0.00151605163,0.0043785275,3.13561635,0.00537967682,0.0279715061,0.161303928,0.194503061,0.742316355,24.5539979
332,1779374916.074643850,-0.00361699577,-0.000582190684,-0.00165698688,0.00140037727,-0.0150241303,-0.00309268524,0.00402084692,0.882522874,0.00538563728,0.0279657841,0.161481492,0.307946057,0.738014058,22.8218598
333,1779374916.107996225,-0.00229822605,0.00454187952,-0.00734101513,0.0477879095,-0.0325167925,0.0116774088,0.00893314142,3.37869669,0.00538659096,0.0279643536,0.161512396,0.45255678,0.735381279,24.244449
334,1779374916.174714804,-0.00236791124,0.00329795499,-0.00493483069,-0.011847049,0.0529336802,-0.000289483493,0.00639031022,3.10795191,0.00540304184,0.0279481411,0.162004504,0.132424721,0.737470788,23.9667811
335,1779374916.341511726,-0.00137815786,0.007260862,-0.00473743651,0.0181383939,0.0396172295,0.0127009425,0.00877853865,2.60039542,0.0387969017,0.027908802,0.581612959,0.33949852,0.734582881,24.5353991
336,1779374916.408231020,-0.0136140735,0.00547999693,-0.00521352533,0.0376442762,0.0152558753,0.00912826583,0.0155741519,2.38529322,0.0388104916,0.0278944969,0.581822926,0.21001439,0.729215768,24.7355856
338,1779374918.009393454,-0.00282072645,-0.00242072493,0.00451219512,-0.0466401765,-0.00131933629,-0.00419580333,0.00584605095,2.68414154,0.00558829308,0.0277705193,0.167520744,0.276964627,0.717723669,23.5278703
340,1779374918.242873192,-0.00313074606,-0.000226787199,0.00464215229,-0.00537521651,-0.00626750079,-0.00167224816,0.00560380061,0.482683984,0.0055565834,0.0278022289,0.166570181,0.139043277,0.716726005,25.9095709
341,1779374918.276226282,-0.00113603596,0.000960927852,0.00641003637,-0.0113132064,-0.0154019729,0.00256371721,0.00658046551,1.10475721,0.00555086136,0.0278143883,0.166366547,0.133924152,0.71622698,25.7450801
342,1779374918.309579372,-0.00122830587,-0.00230020054,0.00385351496,-0.0522041723,0.0127405777,-0.00504623702,0.00465287388,3.09241327,0.00553870201,0.0278122425,0.166073318,0.066541415,0.711087771,25.9412502
343,1779374918.376285315,-0.00310488304,0.000221771251,0.00318187769,-0.0244566911,-0.010077672,0.00369401289,0.00445127249,1.53027464,0.00554323196,0.0278074741,0.166210333,0.126231239,0.715221631,25.4250997
344,1779374918.476344109,-0.0013527542,0.00200595923,0.00304153784,-0.0186340667,0.0150110096,0.00817494227,0.0038864854,1.44878871,0.0055501461,0.0278003216,0.166418839,0.235859319,0.713412964,27.0467537
345,1779374918.509696722,-0.00336820383,0.00123489364,0.00708355757,-0.0448359497,-0.00138584677,-0.00304287409,0.00794018559,2.57604402,0.00555229187,0.0277981758,0.166483179,0.231590419,0.71653644,25.4756777
346,1779374918.709812641,-0.00104607202,0.00158356566,0.00782955785,-0.0211646759,-0.00973810792,0.000837063643,0.0080562971,1.33571065,0.0389165878,0.0277836323,0.583455164,0.0441955199,0.712025444,27.387387
347,1779374919.009983301,-0.00213069433,0.00394369285,0.00381668907,-0.0232060716,0.0222809018,0.00776598262,0.00588724784,1.89619673,0.0389380455,0.0277607441,0.583789387,0.146412374,0.710202712,28.8802551
348,1779374919.076687574,-0.00260458087,0.00207644562,0.00392558038,-0.0252551439,0.0219965316,0.00528592882,0.00514836375,1.94266555,0.0389435291,0.0277554989,0.583869515,0.146412374,0.710202712,28.8802551
349,1779374927.183331728,-0.00369664978,0.00136834344,0.00595972475,-0.00865253539,-0.000673811847,-0.000650984056,0.00714534131,0.498651629,0.00622987747,0.0271196365,0.186805645,0.103231233,0.67629322,36.4150242
350,1779374930.852835894,-0.0038228168,0.000251616349,-0.00518527935,-0.0444774615,0.0584307354,0.00224341873,0.00644704281,4.20936005,0.00693869591,0.0264248848,0.207972159,0.136327668,0.703825166,32.6692841
351,1779374930.952923298,-0.00443624245,-0.00298904916,-0.00357878031,-0.0201736087,0.041738828,-0.00695040271,0.00643601821,2.68582934,0.00693511963,0.0264286995,0.207863482,0.10886704,0.703810849,32.3826086
352,1779374930.986285925,-0.00580401511,-0.00517187112,-0.00418073486,-0.0219977487,0.0470624994,-0.0120708295,0.00882685597,3.05579654,0.00693392754,0.02643013,0.207826267,0.1010124,0.704292932,32.5224338
353,1779374931.086373806,-0.00506915369,-0.00555392211,0.00646457095,-0.0430348041,0.00425044396,-0.0107197974,0.00991630211,2.55270201,0.006929636,0.02643466,0.207696155,0.221633041,0.711060746,30.7198054
354,1779374931.119736671,-0.00368497209,-0.00310579492,-0.00523981912,0.00368053323,0.0417526546,-0.0052867545,0.00711903686,2.4205553,0.00692820549,0.0264358521,0.207654764,0.485586589,0.706713933,33.3073218
355,1779374931.219876528,-0.0064110537,-0.0048856719,-0.00270588091,-0.0396134042,0.0420339437,-0.00861800827,0.00850254027,3.3459677,0.00697517395,0.0263895988,0.209058038,0.197806834,0.713589928,31.4493923
356,1779374931.253267765,-0.00687638658,-0.00789431845,-0.0073315279,-0.0447617463,0.0596182608,-0.0202296215,0.0127810898,4.42596029,0.00700163841,0.026362896,0.209852724,0.154806972,0.70923201,32.1533994
357,1779374931.286659479,-0.00566394781,-0.00636980076,-0.00533371083,-0.0402701608,0.0547608903,-0.0182700831,0.0100550056,4.03284023,0.00702881813,0.0263359547,0.210665847,0.156618453,0.709737978,32.2955888
358,1779374931.353443146,-0.00451366334,-0.00449429407,0.000288996054,-0.000375413012,0.0174116933,-0.00966126149,0.00637615516,1.14110406,0.0404477119,0.0262770653,0.606187291,0.44682155,0.712413922,32.4723965
359,1779374931.386835098,-0.00614683069,-0.00675004644,0.00143260421,-0.022988315,0.0296764481,-0.0168849314,0.00924115844,2.3583705,0.00711488724,0.0262379646,0.213321705,0.157759828,0.712956005,32.3403039
360,1779374931.453620195,-0.00472749542,-0.00272101719,-0.00208540323,-0.0441237097,0.0526074299,-0.0038249173,0.0058396964,3.940131,0.00719451904,0.0261580944,0.215710803,0.302342992,0.71653163,31.9187722
361,1779374931.587192535,8.41952214e-05,0.00432311068,-6.81256991e-05,-0.0287555719,0.015961841,0.00594475948,0.00432446713,1.91491671,0.00735664368,0.0259959698,0.220571731,0.052268037,0.716240427,31.0718014
362,1779374931.620586157,-0.00415937075,-0.00289893176,-0.00031806782,-0.00923703257,-0.0152870316,-0.00405629048,0.00507989542,1.04941971,0.00739765167,0.0259549618,0.22180126,0.100102885,0.717463625,30.3443713
363,1779374931.687374115,-0.00149886426,0.000965981258,-0.00326133266,-0.0256625366,0.0469672053,-0.00106854407,0.00371698864,3.0671314,0.00748085976,0.0258715153,0.224297662,0.338945869,0.715101919,32.2026411
364,1779374931.720768213,-0.00196597734,0.00132244321,-0.000675233023,-0.0038082985,0.0123866396,0.00552233024,0.00246370911,0.807094204,0.00752258301,0.025829792,0.225548645,0.292819557,0.71635,31.583391
365,1779374931.754162788,-0.00371013958,-0.000511071977,0.000614007917,-0.0468837937,0.0600538425,-0.0034959194,0.00379517272,4.36982239,0.0075647831,0.0257873535,0.226815547,0.10954753,0.718329593,32.0673055
366,1779374931.820952177,-0.00345271749,-0.00165826925,0.00575983576,-0.0296302158,0.0183726993,0.00164379467,0.0069171398,1.99978509,0.0410020351,0.0257024765,0.614681588,0.199043908,0.720883609,31.1789716
367,1779374931.921138048,-0.00326041306,-0.00195239753,0.00714938121,-0.0516141676,0.0189029954,-0.00869487925,0.00809665369,3.18852246,0.00777935982,0.0255725384,0.233250886,0.25839683,0.724271349,30.4531425
368,1779374931.954533577,-0.00462299467,-0.00605643214,0.00607676816,-0.0409331012,0.0514500554,-0.0187828349,0.0097457458,3.91771675,0.00782299042,0.0255291462,0.234557399,0.143717019,0.719979473,32.91258
369,1779374932.054721832,-0.00219699525,0.000846469762,0.00242252905,-0.0396820744,0.0230421632,-0.0045876858,0.00337815722,2.64223336,0.00795555115,0.025396347,0.238533684,0.28342554,0.724824542,30.9512366
370,1779374932.088118315,-0.00371307958,-0.00298357668,0.00277532293,-0.062081251,0.0318917552,-0.00957193102,0.005512813,4.03631896,0.00800013542,0.0253517628,0.239870468,0.330929082,0.726849486,30.5017353
371,1779374932.121515036,-0.00355499744,-0.00334003026,0.00106209437,-0.0272279942,-0.0116293205,-0.00793261399,0.00499217923,1.75621717,0.00804495811,0.0253067017,0.241216124,0.252735756,0.7267448,29.7209289
372,1779374932.154917240,-0.00274737253,-0.00119636992,-4.48227478e-06,-0.0393898435,0.0429178964,-0.0036795604,0.00299656084,3.34434869,0.00809550285,0.0252563953,0.242729898,0.26961552,0.72951164,31.3030363
373,1779374932.188269615,-0.000568110778,0.00231969882,-0.000749740667,0.0230803122,0.0240571027,0.00362774556,0.0025031707,1.92142192,0.00809597969,0.0252554417,0.242747666,0.107040378,0.727056944,32.9491487
374,1779374932.288325548,-0.00315568898,-0.00135069972,0.00622260286,-0.0438068787,0.00987758242,-0.0107964248,0.00710658491,2.64627865,0.00809717178,0.0252542496,0.242783409,0.317699521,0.731755894,30.4636972
375,1779374932.388381004,-0.0021745958,0.000336475346,0.00326865608,-0.0499813258,0.0286444618,-0.00346433018,0.00394032932,3.30663653,0.0414507389,0.0252556801,0.621390558,0.325968045,0.732389454,30.9047432
376,1779374932.455084562,-0.00179256205,0.00232387676,0.00506236042,-0.0423158879,-0.00453844971,0.00920288067,0.00585159593,2.49478543,0.00809431076,0.0252590179,0.242683746,0.135526712,0.737168405,29.4485401
378,1779374932.555139065,-0.00371425938,-0.000870668361,0.00229146639,-0.00365491295,3.08730151e-05,-0.00256703463,0.00445023644,0.255907663,0.00808906555,0.0252640247,0.242528218,0.255053131,0.736712892,31.1597416
379,1779374932.588490725,-0.00326994565,-0.00103792615,0.00654183676,-0.0238181542,-0.0313162081,-0.000181601469,0.00738684394,2.25431214,0.00808763504,0.0252656937,0.242483595,0.127259816,0.741098889,29.2645165
380,1779374932.688544750,-0.00346918064,-0.00185772816,0.000488756405,-0.0281197754,0.000186151597,-0.00384484074,0.00396550767,1.62617012,0.00808238983,0.0252707005,0.242328065,0.175285711,0.742651293,29.8647831
381,1779374932.755247355,-0.0025536554,-0.00120653267,-0.00117253231,-0.0103407181,0.028752277,-0.00408046714,0.00305805641,1.76622927,0.00807881355,0.0252740383,0.242222572,0.262734463,0.738765449,32.0341515
382,1779374932.788598299,-0.00334987791,-0.00321880371,-0.00137988488,-0.0062162986,0.0432537428,-0.00488645861,0.00484628328,2.51932488,0.0080769062,0.0252761841,0.242163654,0.354782028,0.740567038,32.7486518
383,1779374932.821949482,-0.00399327108,-0.00331505606,0.00336958121,-0.0554897354,0.0441213629,-0.00953147314,0.00618788237,4.09841256,0.00807499886,0.025277853,0.242108198,0.199884974,0.743147664,31.3836781
384,1779374932.888651609,0.000890839054,0.00341352849,-0.00341435254,0.0071958937,0.0193970951,0.00862679248,0.0049095391,1.28430728,0.0414242744,0.0252814293,0.621000486,0.38700209,0.743621356,32.005984
385,1779374932.922002554,0.00212657329,0.00508380197,-0.0020348537,-0.0387834607,0.0318105805,0.00954136996,0.00587434983,2.92551352,0.00806951523,0.0252833366,0.241943785,0.329624564,0.748724849,30.3000185
386,1779374932.955353498,-0.00105523922,-0.000573205696,-0.00194532279,0.0138963232,0.00773885733,0.00157744282,0.00228612671,0.915811763,0.00806760788,0.025285244,0.241886598,0.152546289,0.744176068,31.8744172
387,1779374932.988704443,-0.00506574123,-0.00604872623,0.00543103003,-0.0210198681,-0.0554335017,-0.0107902993,0.00957835635,3.45258231,0.00806570053,0.0252869129,0.24183114,0.256346494,0.747000365,28.6759678
388,1779374933.022054911,-0.00641389267,-0.00720399724,0.00510670074,0.0207550448,0.00982550046,-0.015357007,0.0109139355,1.58280564,0.00806355476,0.0252890587,0.241766804,0.333614222,0.746237228,33.3612054
389,1779374933.055405855,-0.00219765528,-0.00267191122,-0.00429816363,-0.0218132554,0.05912278,-0.0116193049,0.00551751837,3.67155069,0.00806188583,0.025290966,0.241715037,0.199924668,0.744541108,32.9427731
390,1779374933.088756323,-0.00130369968,-0.000735809696,-0.00540660951,-0.0565314924,0.0375006406,-0.00123587196,0.00561003343,3.88752394,0.00805950165,0.0252931118,0.241645281,0.240043766,0.749497597,29.9176572
391,1779374933.122107267,-0.00276400259,-0.00343645626,-0.000688879515,-0.0498952337,0.0486380266,-0.0105806661,0.00446357445,4.0380895,0.00805783272,0.0252945423,0.241596969,0.19543092,0.745780271,31.71151
392,1779374933.188811541,-0.000800061142,0.00394256108,0.00549898239,-0.01520096,0.00682431348,0.0151486006,0.00681342007,1.29026297,0.00805711746,0.025295496,0.241573797,0.364342115,0.74556154,32.3244221
393,1779374933.288872480,-0.00129736766,0.00164548263,0.00768843018,-0.0164690983,-0.0266590482,0.00990831676,0.00796886031,1.88302803,0.00806069374,0.0252919197,0.241681023,0.0973091155,0.748096515,31.4579103
394,1779374933.322226048,-0.00262066478,-0.000699685517,0.00484065505,-0.0184927804,-0.0191238113,0.00554337981,0.00554881834,1.5569617,0.00806164742,0.0252869129,0.241738994,0.0973091155,0.748096515,31.4579103
395,1779374933.388933182,-0.00199009941,0.000552867355,0.00716567907,0.001387131,-0.0171043359,0.00465213303,0.0074574201,1.01871313,0.00806212425,0.0252957344,0.241685905,0.293841233,0.747668213,32.8511723
396,1779374933.422286510,-0.0001372518,0.00192329,0.00143905973,0.00503108406,-0.0304391765,0.00669568371,0.0024059874,1.80884823,0.0080575943,0.0253007412,0.241546653,0.127459945,0.742663308,32.5526404
397,1779374933.455640078,-0.000662267678,0.00342689337,0.00400938307,-0.000540038979,0.0280530077,0.00664351512,0.00531576422,1.65206613,0.00805282593,0.0253050327,0.24140716,0.364143026,0.742770025,34.8992479
398,1779374933.488993406,-0.00305415628,1.90696947e-05,0.00570388059,-0.0424249398,0.029236363,-0.00137703002,0.00647012272,2.95311622,0.00804829597,0.0253098011,0.241269637,0.203622164,0.747955676,32.9794906
399,1779374933.522346735,-0.00160493218,-0.000527008335,-0.00136438015,0.026147148,0.011937716,0.0038526822,0.0021714231,1.66160287,0.0080435276,0.0253145695,0.241126692,0.261336717,0.742124086,34.9958977
400,1779374933.589053154,-0.00268434083,-0.000371459596,0.00419880553,-0.0598442061,-0.0155882564,-0.00260984004,0.00499736288,3.54638845,0.0413918495,0.0253245831,0.62041461,0.293014447,0.748142044,30.3920934
401,1779374933.655759811,-0.00037552516,0.00188686049,0.00229290592,-0.00285449598,-0.00270970262,0.00663382248,0.00299310528,0.441951567,0.00802397728,0.0253341198,0.240540618,0.372108478,0.744959799,33.4075256
402,1779374933.689112902,-0.0014744535,-0.0014857961,0.00171444684,-0.0516521303,0.0306747204,-0.00894319247,0.00270572193,3.47991648,0.00801897049,0.025339365,0.240388807,0.24123967,0.743527344,32.9618235
403,1779374933.722465754,-0.00441133636,-0.00385349002,0.00134175068,-0.00342624289,-0.00447052519,-0.00428145322,0.00600912379,0.405367448,0.00801348686,0.0253446102,0.240226139,0.359241627,0.744731648,33.4088524
404,1779374933.789171934,-0.00443404226,-0.00166358204,0.00799803102,-0.0173778768,-0.0237144046,-0.00290597695,0.00929498447,1.69270807,0.00800347328,0.0253548622,0.23992424,0.366988473,0.749627295,32.2935197
405,1779374933.855877876,-0.00311504955,0.00164344592,0.00707064238,-0.054759287,0.0250927508,5.66148944e-05,0.00789926781,3.45119874,0.00799298286,0.025365591,0.239608051,0.262795355,0.750061784,32.7220557
406,1779374933.955936432,-0.00191529546,0.00191342231,0.00555807743,-0.0128404477,0.00126358419,0.00606915107,0.00618237546,0.816958935,0.00797653198,0.0253820419,0.239114898,0.196307936,0.747342943,33.6485731
407,1779374933.989289284,-0.000718261305,0.00324744366,0.00777795838,-0.0655830692,-0.0283116692,0.00792736587,0.00845922137,4.11794167,0.00797080994,0.0253872871,0.238946782,0.220311941,0.748505185,30.512773
408,1779374934.089347363,-0.00177594902,-0.000345796785,0.00240213005,0.0116273518,0.00944013567,-0.00193945773,0.003007291,0.865285725,0.00795412064,0.0254044533,0.238443066,0.0911699967,0.743515768,35.4058147
409,1779374934.122699976,-0.00269125584,-0.00213566044,0.00292201693,-0.01769391,-0.0345088272,-0.00304371526,0.00451022022,2.22879685,0.00794816017,0.0254101753,0.23826609,0.211575638,0.743957955,32.5593951
410,1779374934.156052113,-0.00272933693,-0.00163338687,0.00479689626,0.0143840072,-0.00974597688,-0.00037586827,0.00575564475,0.99573571,0.00794196129,0.0254163742,0.238080263,0.0699705312,0.74254184,35.266694
411,1779374934.189408541,-0.000968126864,0.00108208722,0.00618063549,-0.0518325243,-0.0190665094,-0.000909745645,0.00634889262,3.16476597,0.00794005394,0.02541852,0.238021384,0.214075727,0.744644002,32.0632329
412,1779374934.222764730,-0.00128600552,0.00127794709,0.00136462102,-0.000822137282,0.0323750994,0.00300450617,0.00226917374,1.86352268,0.00793766975,0.0254209042,0.237949913,0.408477618,0.740530594,36.1677001
413,1779374934.256121159,-0.00113892623,0.00219518729,0.00270857637,-0.0167328207,0.0144983294,0.00770010959,0.00366774946,1.34307043,0.00793552399,0.0254228115,0.237887289,0.108412007,0.742573034,34.7586771
414,1779374934.356189966,-0.00314371512,0.00124988029,0.00646987018,-0.0431762281,-0.0322173201,0.00690688055,0.00730098388,3.11187688,0.00792527199,0.0254282951,0.237613925,0.204256191,0.741690828,32.4814211
415,1779374934.456258535,-0.00255456152,-0.001022639,3.34570281e-05,0.0242355123,0.0231521944,4.06920681e-05,0.00275185291,1.92037968,0.00793337822,0.0254199505,0.237858664,0.15324874,0.735369201,37.6128034
416,1779374934.889886856,-0.00211031189,0.00140536925,0.00265570045,-0.0283816993,0.00832610601,-0.00100111079,0.00367167862,1.69565223,0.00797009468,0.0253827572,0.238962914,0.317722221,0.729460688,36.0690651
417,1779374934.989954233,-0.00181281762,-0.000334651168,0.00234265206,-0.00391749524,0.00873004432,-0.00202486989,0.00298099276,0.560388286,0.00797891617,0.0253739357,0.239227404,0.280868603,0.724599419,37.0140203
418,1779374935.056665897,8.57880621e-05,0.0055642942,0.00692007642,-0.0251386605,0.00394995127,0.010990434,0.00888010063,1.58818279,0.00798487663,0.0253677368,0.239407825,0.189645905,0.729661222,35.5210178
419,1779374935.090021610,-0.000192454925,0.00596784929,0.00413810177,-0.0196831713,0.0122531458,0.0099471399,0.00726471956,1.44552654,0.00798797607,0.0253646374,0.239500754,0.189645905,0.729661222,35.5210178
420,1779374935.123377323,0.00109484707,0.00487703618,-0.000522570102,-0.000737977174,0.0122399189,0.00901294227,0.00502565931,0.871938147,0.00799107552,0.0253617764,0.239591971,0.275190402,0.723066664,36.1550637
421,1779374935.190087318,-0.00143907041,0.000811917047,-0.00230676249,-0.00234733752,0.0282540423,0.00360769328,0.00283747883,1.63751333,0.00799584389,0.0253567696,0.239736652,0.25456361,0.720975269,36.5414845
422,1779374935.223440409,0.000293806453,0.00326787834,-0.00040441129,-0.0365358121,0.0253453272,0.00195117831,0.00330588862,2.55018248,0.00799632072,0.0253562927,0.239750949,0.380321886,0.720766081,35.285211
423,1779374935.256793499,-0.000212074938,0.00342974433,0.00382365411,0.00754001119,0.00588854934,0.00955726098,0.00514086109,0.774803392,0.00799679756,0.0253555775,0.23976696,0.549039562,0.720372862,36.5014605
424,1779374935.356852293,-0.00260514906,-0.00023386077,0.00750061133,-0.0115737716,-0.015136038,-0.00182653765,0.00794359256,1.09671377,0.00799918175,0.025354147,0.239831587,0.0749383723,0.722086377,35.1956451
425,1779374935.657026052,-0.00369158629,-0.00126875279,0.0050963721,-0.0473896886,0.00941950716,-0.0126786247,0.00641954449,2.86207028,0.00799393654,0.0253591537,0.239676038,0.117166867,0.719896937,34.9331328
426,1779374935.723731041,-0.000826748913,0.00372798131,0.00303967466,-0.0224895736,0.0263375083,0.00288032846,0.00488067418,1.99117595,0.00799298286,0.0253601074,0.239647445,0.197843593,0.719245355,36.1557964
427,1779374935.990547895,-0.0035083472,-0.00285121664,-0.000486312825,0.00866296079,0.0243999339,-0.00642173717,0.00454691506,1.52845808,0.00798726082,0.0253651142,0.239481021,0.339242513,0.715543484,36.4648669
428,1779374936.057251692,0.000426071123,0.0061990972,-0.00271275209,0.0171818867,0.018043975,0.01203227,0.00678007129,1.5853213,0.00798606873,0.0253665447,0.239443567,0.655205759,0.721302482,35.3322864
429,1779374936.390767097,-0.001715183,0.00148866205,0.00944668546,0.00238976533,-0.028294994,0.00772897407,0.00971585476,1.68614646,0.00797486305,0.0253930092,0.238998249,0.379930782,0.733844174,31.311959
430,1779374936.524171114,-0.00308264434,0.000536292952,0.0100915443,-0.0257919284,0.00689109878,-0.00337695681,0.0105654897,1.54179382,0.00790667534,0.0254616737,0.236951349,0.273812541,0.745229663,30.9714013
431,1779374936.891027689,-0.00424051855,-0.00281038986,0.00239432445,-0.0283700565,-0.00511924531,-0.01450473,0.00562255087,1.84902453,0.00770282745,0.0256671906,0.230830785,0.169225945,0.753675861,28.8782475
432,1779374936.957727909,-0.00148259162,0.00185013108,0.000230794309,0.0290802344,-0.011451655,0.0072209745,0.002382085,1.83788474,0.00766301155,0.0257074833,0.22963434,0.245469391,0.755376772,30.6845582
433,1779374936.991078138,-4.18594642e-05,0.00555538497,0.00421353816,-0.0542146433,-0.0524232023,0.0151300101,0.0069726579,4.40706119,0.00764274597,0.0257277489,0.229027049,0.161069973,0.759919822,25.2902583
434,1779374937.257910252,-0.00250581668,0.00227627598,0.0022989144,0.0102250362,-0.00615235409,0.00315156025,0.00409213354,0.707168175,0.0075070858,0.0258643627,0.224955348,0.237179492,0.761354254,29.5741244
435,1779374937.324634552,-0.00199186862,0.00238402708,0.0024365161,-0.0475852556,0.0526657337,-0.00348857717,0.00394813076,4.07171329,0.0408599377,0.0258967876,0.612072229,0.149101291,0.761946661,29.3299706
436,1779374937.357996941,-0.00165324,0.00328817511,0.0074896257,-0.0339147059,-0.0340873315,0.000388921648,0.00834504591,2.75514946,0.00746560097,0.0258898735,0.223819361,0.0853356451,0.766840496,26.5192841
437,1779374937.424721718,-0.00211510294,-0.000434968884,0.000206633433,-0.0168552913,0.0200745074,-0.0084484184,0.0021692293,1.57793707,0.00747942924,0.0258760452,0.224233934,0.160820583,0.759323148,29.2574378
438,1779374937.458084345,-0.00101490341,0.0014763914,0.00270237783,-0.0434702038,-0.0309791958,0.00521280487,0.00324231498,3.07296796,0.0074865818,0.0258688927,0.224448368,0.080727797,0.76150934,26.1827281
439,1779374937.624897718,-0.00164856053,0.000725412179,0.00378044884,-0.0211704688,0.0187224386,-0.00557369515,0.00418757305,1.65046113,0.00752305984,0.0258324146,0.225541983,0.219471313,0.764416438,28.7141958
440,1779374937.658260584,-0.00200613397,-0.00155285438,0.000646548631,-0.0128404821,-0.00506424132,-0.00331125171,0.00261800599,0.813295193,0.00753045082,0.0258247852,0.225765178,0.229953659,0.761132296,28.2399705
441,1779374937.691623211,-0.00128339577,-0.000556605114,0.00563987247,0.00146873776,-0.0232189406,-0.00592780167,0.00581077237,1.37559426,0.0075378418,0.0258173943,0.225986762,0.102931882,0.767128219,28.2262132
442,1779374937.758349419,-0.00132007828,-0.000495762866,-0.00136277748,0.014697656,0.0368917584,-0.00376046127,0.00196100738,2.2854941,0.00755357742,0.0258016586,0.226458521,0.242100916,0.762792807,30.6918047
443,1779374937.825075388,-9.5395432e-06,0.00451152734,0.00173775548,0.00854031153,-0.0134562164,0.0124267817,0.00483464208,1.15792996,0.00756907463,0.0257861614,0.226923132,0.164329272,0.771088542,28.0317888
444,1779374937.891802073,-0.00157425836,-0.000255887707,0.000758045396,0.0108586919,-0.0384854053,0.00148445354,0.00176589941,2.29271996,0.00758528709,0.025769949,0.227409186,0.154460561,0.767305439,27.5497146
445,1779374937.958528519,-0.000636969586,0.00295187823,0.00391259508,-0.0408746921,-0.0104788267,0.00393918664,0.00494244025,2.4281945,0.00760149956,0.0257537365,0.227895241,0.101692067,0.774382793,25.7093287
446,1779374937.991892099,-0.000231570016,0.00311171145,0.00386130257,0.0257017648,-0.0123558617,0.00312579518,0.00496447685,1.64371858,0.00760984421,0.0257451534,0.228147047,0.491878261,0.772767119,28.8125304
447,1779374938.158713818,-0.00242590539,-0.000980986544,-0.00287248302,0.00158384885,0.00184867127,-0.00304736325,0.00388568015,0.223472531,0.00765657425,0.025698185,0.229549678,0.210593756,0.770370862,27.2656748
448,1779374938.225422621,-0.00247145051,0.000363637835,0.00674447123,-0.0581151649,0.0565675553,-0.00699955537,0.00719223139,4.66398009,0.00765562057,0.0256991386,0.229521086,0.127799069,0.77849614,26.8478304
449,1779374938.625672340,-0.00222861773,0.00162635647,0.000762451276,0.019509794,-0.0257212324,0.00271183881,0.00286235992,1.85621342,0.0409772396,0.0257401466,0.614191321,0.188737925,0.778016057,26.1468714
450,1779374938.825795412,-0.000327860753,0.00381365708,-0.000897462977,0.0174625401,0.00522918315,-0.00048681823,0.00393152805,1.04479864,0.00758862495,0.0257701874,0.227484866,0.303160005,0.781411059,26.2106915
451,1779374938.892503023,-0.00110444804,0.00384539703,-0.0040940885,-0.00890032933,0.0457243191,-0.00294888152,0.00572437284,2.67432316,0.00757861137,0.025780201,0.227184688,0.0795442298,0.781455917,26.0423697
452,1779374938.925856352,0.000675896675,0.00562919343,-0.00536800005,0.0350678533,0.0754511584,0.00657683164,0.00780769361,4.7820138,0.00757312775,0.0257856846,0.227020305,0.180574869,0.777845962,29.1574767
453,1779374938.959210157,0.00255699304,0.0116938339,-0.00645113978,0.0229235905,0.00843697749,0.0176826715,0.0135978369,1.72777934,0.00756812096,0.0257906914,0.226870216,0.168646488,0.781357846,25.5319294
454,1779374939.059270859,-3.60994099e-05,0.003976943,-0.00510894481,0.0142924432,-0.011381912,0.0105518279,0.00647446491,1.20887703,0.00755238533,0.025806427,0.226398508,0.162927836,0.777018738,25.0630632
455,1779374939.092624187,-0.00339722697,-0.00357960432,0.00121493096,-0.0281421129,0.0523588767,-0.0141434541,0.00508239859,3.50089299,0.0075469017,0.0258119106,0.226234125,0.496689926,0.782418394,25.574852
456,1779374939.526211739,0.00189849149,-0.00673491735,-0.00318415879,0.00652784286,0.00510091618,-0.0135212539,0.0076877987,0.908560739,0.00747966766,0.0258774757,0.224229862,0.11410731,0.781178431,25.871978
457,1779374939.659621000,0.00244489959,-0.000431776949,0.000842989505,-0.0154586533,-0.011282777,0.00291114227,0.0026219452,1.10915183,0.00746154785,0.0258953571,0.223688255,0.23477993,0.789740688,24.2000725
458,1779374939.726325512,-0.00233825487,-0.000514464222,0.0042542942,-0.0165506701,-0.00342096981,0.00124207086,0.00488171368,0.970940262,0.0408091545,0.025904417,0.611706937,0.25877733,0.790970237,23.9601917
459,1779374940.860359430,-0.00109784887,0.000791451188,-0.00117070475,-0.0136982792,0.0012143157,-0.00318679446,0.00178947387,0.808810801,0.00723099709,0.0261356831,0.216713112,0.20934571,0.817876786,20.8560249
460,1779374943.795498133,0.0033396965,0.00342866228,-0.0107144976,0.0544581671,0.0130362926,0.00321604526,0.01173498,3.21366498,0.0400896072,0.0266265869,0.600897694,0.17001474,0.831557722,19.7968538
461,1779374945.563169718,0.00159209321,0.00412505872,-0.00886077959,0.0181336384,-0.0163940429,0.00917258409,0.0099027413,1.49599026,0.00640892982,0.0269529819,0.192103194,0.202644173,0.859310898,18.7260025
462,1779374946.230220556,0.00229535004,0.00278685673,0.00931811354,-0.00103548617,-0.00205368973,0.00345839786,0.00999311974,0.237969927,0.00621151924,0.0271511078,0.186181959,0.12335381,0.868865374,17.4336383
463,1779374946.296958447,-0.000301783906,0.0024669384,0.00328109804,-0.0134210454,0.0259004931,0.000508570602,0.00411612232,1.6716417,0.00622415543,0.0271389484,0.186558045,0.200131364,0.864083614,16.2929916
464,1779374946.363696814,0.00207190889,0.00511951051,-0.012389587,0.0163123926,-0.000718235929,0.0070560227,0.0135648096,1.0191524,0.00623655319,0.0271270275,0.186926974,0.139956162,0.857856602,17.2737242
465,1779374946.563913345,0.00058993738,0.00329302848,0.00247928627,-0.0132655997,0.0124557506,0.00196803655,0.00416400325,1.04867717,0.00630187988,0.0270557404,0.188918749,0.0697745033,0.861237305,15.5522439
466,1779374947.064466715,-0.000682223077,0.000739715872,0.00301616944,-0.0209336628,0.000697076482,0.00479931931,0.00317960469,1.23117634,0.00649309158,0.0268642902,0.194652315,0.296617484,0.853990806,14.7647649
467,1779374947.364840984,0.00429390807,0.00454334541,-0.00525341577,0.0217444078,0.0126406882,0.00818286914,0.0081656605,1.51543342,0.00665068626,0.0266680717,0.199607868,0.155382424,0.853711608,15.8575625
468,1779374947.598498106,0.00226456792,0.00368543346,-0.00442651901,0.0154632788,0.00254859325,0.00659189477,0.00618908379,0.97413171,0.00637602806,0.0270609856,0.190687725,0.148382352,0.8484189,15.2705692
469,1779374947.631878376,0.00163676793,0.00199249726,-0.00799592465,-0.0200120557,-0.00226766326,0.00641725984,0.00840142045,1.21110579,0.00631928444,0.0271184444,0.188986652,0.186468566,0.845908354,13.3915786
470,1779374947.698640108,-0.00110478353,-0.00234918626,-0.00848223963,0.00847034965,-0.0017632307,-0.00224579396,0.0088706038,0.512146703,0.00620508194,0.0272336006,0.185565981,0.21629572,0.842328014,15.4661809
471,1779374947.732021570,0.00185627621,-0.000178172672,-0.00651746408,-0.00757346587,0.0475391967,0.00189618158,0.00677900029,2.76028215,0.00614786148,0.0272915363,0.183850843,0.0391089699,0.846873684,14.7551941
472,1779374948.099231243,3.2730482e-05,0.00594995137,0.00145392583,-0.00328371183,-0.0345610491,0.013818232,0.0061251035,2.14089452,0.0055000782,0.0279445648,0.164453189,0.0807299486,0.837054749,15.370031
473,1779374948.266106844,0.00112272032,-0.000267636651,-0.00592734323,0.0151068387,0.00303020839,-0.00499896111,0.0060386694,0.928100286,0.00514817238,0.0282988548,0.153920178,0.421181285,0.839912494,16.1713495
474,1779374948.566431999,0.00118002431,0.000790860965,-0.00689976497,0.0158206985,-0.0100459836,-0.00119123354,0.00704447834,1.07593377,0.00488758087,0.0284612179,0.146559428,0.38027279,0.833036164,16.5550885
475,1779374948.866762161,-0.00722372133,-0.0106706869,0.0130483702,-0.0189807244,-0.0147443571,-0.0304901676,0.0183386388,2.22445969,0.00508260727,0.0282652378,0.152411865,0.126043524,0.831575235,15.6844489
476,1779374948.933502913,0.00269489556,-0.00273998932,0.00881572931,-0.0208073945,-0.0210643772,-0.00399460686,0.00961702069,1.71180434,0.00512766838,0.0282199383,0.15376421,0.328022328,0.835623832,14.5361548
477,1779374948.966873407,-0.00440511106,-0.00842986237,0.0216578881,-0.015623288,0.0163035434,-0.0179492337,0.0236544224,1.65273015,0.00515055656,0.0281970501,0.154450561,0.201901917,0.837660771,16.2752591
478,1779374949.000243902,-0.00642373066,-0.00860715945,0.0116835494,-0.0270133632,-0.00148000669,-0.020562182,0.0158698719,1.94697394,0.00517344475,0.0281744003,0.155135804,0.284722325,0.829414784,15.3971224
479,1779374949.033614397,0.00146169017,-0.0043865519,0.00620875963,-0.0101072024,-0.0401934194,-0.00795231253,0.00774125777,2.41792655,0.00519609451,0.0281512737,0.155817229,0.290934174,0.828587409,15.4408265
480,1779374949.100355864,-0.00516642866,-0.00467353327,0.00762100693,-0.0279829478,-0.0397137737,-0.0103202329,0.0103253884,2.84566651,0.0385901928,0.0281045437,0.57860927,0.0641055707,0.824540337,14.561005
481,1779374949.133726835,0.000240988698,-0.00324391647,-0.00103289335,0.0102592278,-0.0343836473,-0.00280503881,0.0034129076,2.06213489,0.00526642799,0.0280809402,0.157926345,0.281825484,0.824934611,16.2247863
482,1779374949.200452089,-0.00549588478,-0.00594913881,0.00661365943,-0.0146525995,-0.0379768043,-0.0120551237,0.010456457,2.43238119,0.00529694557,0.0280501842,0.158842623,0.28816791,0.824723825,15.1628894
483,1779374949.300517082,0.00113356909,-0.00162507837,-0.0096288644,0.0116182896,-0.0516358581,-0.00393129411,0.00983060976,3.04083637,0.00532102585,0.0280258656,0.159565873,0.291300461,0.824016137,15.1641596
484,1779374949.333871841,-0.0026682372,-0.00280843673,0.0103350441,0.0214144553,-0.0215165971,-0.0165845383,0.0110372072,1.98196177,0.00532889366,0.0280179977,0.159801812,0.256917846,0.828995941,17.0776388
485,1779374949.400581598,-0.00584516667,-0.00592407424,0.00505327157,0.0433078378,-0.0181011541,-0.0222643794,0.00973633311,2.97658229,0.00534749031,0.0280032158,0.160341142,0.190679308,0.825912304,18.6767615
487,1779374951.368943930,-0.00209146251,0.0017684416,-0.00128912038,-0.0290784398,0.00959752605,0.00447398832,0.0030271162,1.7731028,0.00605773926,0.0272927284,0.18163881,0.126406409,0.784666182,23.9163388
488,1779374953.937385082,-0.00143871053,0.00302652044,-0.00124972621,-0.0214738047,0.0436706924,0.0161608938,0.00357652479,2.93801011,0.0399398804,0.0267570019,0.598826797,0.17407654,0.755970648,29.4626165
489,1779374954.604524136,-0.00190126454,0.00525480446,0.000525440058,-0.0165847645,0.0353407155,0.00951094104,0.0056128303,2.30217735,0.0401089191,0.0265924931,0.601320389,0.134567468,0.736982857,31.0628065
490,1779374955.971946239,-0.00139307953,0.00288513255,-0.00714901597,-0.0129096231,0.0598351724,0.00595555072,0.00783409789,3.52374858,0.00685882568,0.0264885426,0.20567817,0.335255763,0.737928306,30.3852299
491,1779374957.406133175,-0.00141235738,-0.000508012148,0.00465992769,-0.0159314369,0.0522389299,0.00510680778,0.00489568747,3.14281633,0.0404379368,0.0262608528,0.606276921,0.496625825,0.743412656,25.3706262
492,1779374957.506195068,-0.00130427876,-0.00120527672,0.00824349816,-0.0190356197,0.00859712595,-0.000514505185,0.008432621,1.19709808,0.00709819794,0.0262532234,0.212830448,0.369985451,0.750648474,22.8678225
493,1779374958.039854288,0.00136320442,0.00936434092,0.000480973666,0.0346663678,-0.0596641281,0.0238604332,0.00947525952,4.18333178,0.00714302063,0.0262072086,0.214182055,0.321759769,0.775144179,17.1144239
494,1779374958.073207855,0.000175943422,0.00986462629,-0.00402017065,0.0700430197,-0.0271201648,0.0236766333,0.0106538059,4.51224213,0.00714635849,0.0262038708,0.21428214,0.0740657597,0.775314839,19.1942829
495,1779374958.139914274,-0.00134618127,0.00874196797,-0.00220460077,-0.00706008081,-0.0244386767,0.014466697,0.00911561696,1.67670104,0.00715231895,0.0261976719,0.214462396,0.130999902,0.775371293,15.4597153
496,1779374958.173267603,-0.000720701536,0.00633015163,0.00317668854,-0.00174980659,-0.0205769346,0.0133228757,0.00711909969,1.40809094,0.00715565681,0.0261945724,0.214560948,0.228084957,0.779204841,16.2215852
497,1779374958.273327112,-0.00195953051,0.00338320034,0.00500366983,2.70998326e-05,0.0500188996,0.00697678651,0.00635000127,2.89361646,0.00716471672,0.0261850357,0.214835679,0.321401443,0.783015459,19.0655157
498,1779374958.373384714,-0.00183922548,0.000335702232,0.00891750005,0.0217238211,0.0489342101,-0.00247366638,0.00911138044,3.07086155,0.00717282295,0.0261771679,0.215077209,0.0152794231,0.788104839,20.3749686
499,1779374958.440089703,-0.00116587251,0.000285648468,0.00785666895,-0.00119142742,-0.00374719371,0.00617939049,0.00794783623,0.419653263,0.0405278206,0.0261826515,0.60751812,0.328448862,0.78905721,17.664985
500,1779374958.473441839,-0.00156157345,-0.00066166396,0.00603140082,-0.00364574122,-0.00155151056,0.00312199908,0.00626530978,0.28902011,0.00716948509,0.026185751,0.214943317,0.325941953,0.789108937,17.5635627
501,1779374958.506794214,-0.00269920121,-0.000833099168,-0.000782877892,-0.0264752421,-0.02693065,0.00826329444,0.00293132038,2.21496946,0.00716662407,0.026188612,0.214857543,0.388588441,0.786853942,15.4924389
502,1779374958.540146589,-0.00226413444,-0.00151059571,0.00177381476,0.010097786,-0.0583752027,0.000909136609,0.00324878792,3.39472349,0.00716376305,0.026191473,0.214771769,0.281830454,0.786934284,17.0383617
503,1779374958.573498726,-0.00388595469,-0.0079101378,0.00312484851,-0.0111726909,-0.0199677763,-0.0133670501,0.00935070062,1.5183048,0.0071606636,0.0261945724,0.214678847,0.304953655,0.787496159,17.0551381
504,1779374958.606851101,-0.00309525286,-0.00823385349,0.00626470116,-0.00848898658,-0.0133502936,-0.0115144373,0.0107992321,1.12111824,0.00715780258,0.0261974335,0.214593072,0.299302018,0.793824947,17.259656
505,1779374958.673555374,-0.00461027509,-0.0120928159,0.00612572542,-0.0163146595,-0.045212963,-0.0200771229,0.0143183569,2.98459375,0.0071516037,0.0262033939,0.21440876,0.118475759,0.792113468,16.5619717
506,1779374958.773611307,-0.00397986021,-0.0144216944,0.0153550765,-0.0420416115,-0.0450261038,-0.0300025933,0.0214383519,3.92591196,0.00714254379,0.0262124538,0.21413714,0.361898148,0.798664999,15.914336
508,1779374959.040425777,-0.00302969909,-0.00572843775,-0.000959260115,-0.0166093275,-0.0357068435,-0.0122430304,0.00655089731,2.36287977,0.0404729843,0.0262365341,0.606704789,0.15286742,0.800867304,16.8979229
509,1779374959.073777437,-0.00168687611,-0.00213918486,0.00315976428,-0.004661355,0.0484371812,-0.00594307939,0.00417202267,2.80878436,0.00711512566,0.0262393951,0.21331818,0.12537699,0.806106898,20.9134801
511,1779374959.240538359,-0.00212489832,-0.00103315702,-0.000590736008,-0.0010990925,-0.0313342734,-0.00365913664,0.00243548256,1.8086182,0.00710320473,0.0262510777,0.212962301,0.142961763,0.808042076,16.925981
512,1779374959.273896456,-0.00184425537,-0.00113817098,0.000113849851,0.0734106403,-0.037706771,-0.0030587585,0.00217017807,4.73177072,0.00710701942,0.0262475014,0.213075147,0.368033753,0.809365359,19.9344348
513,1779374959.407328367,-0.00340680319,-0.00546417386,0.00330996997,-0.00691885103,-0.0268801603,-0.00804818617,0.00724012466,1.65582505,0.00712132454,0.0262331963,0.213504028,0.145884442,0.81448356,17.0737078
514,1779374959.574118376,-0.00172843516,0.000790251289,0.00320443618,0.0616227493,-0.0323941206,-0.00325794446,0.00372564041,3.99321433,0.00714087486,0.0262131691,0.214093226,0.202043995,0.813600687,19.9303373
515,1779374959.640834332,-0.00150948486,-0.000522393758,0.00306215219,0.0661740694,-0.0305823109,-0.00692434305,0.00345372492,4.19561299,0.00714898109,0.0262050629,0.214336262,0.20551554,0.814372076,19.9508381
516,1779374959.740907669,-0.00190508262,-0.00144358128,-0.00161960732,-0.0577194732,-0.015199184,-0.00125390739,0.00288728152,3.42057486,0.00716114044,0.0261926651,0.21470235,0.384386602,0.814870933,15.1009768
517,1779374959.840981483,-0.00211430323,-0.00180378367,0.00193726333,-0.0491377475,-0.00984687359,-0.00294795874,0.0033877578,2.8763221,0.00717377663,0.0261795521,0.215084278,0.372184456,0.814963391,16.1169909
518,1779374959.974412680,-0.00201494719,-0.00142656257,0.00262281883,-0.00045300114,-0.0394909116,-0.00552426851,0.00360198162,2.28484107,0.00719118118,0.0261623859,0.215604561,0.131496841,0.813980564,16.8090852
519,1779374960.141201496,0.000154774602,0.00360364809,-0.00178021267,-0.0781380222,0.00662508179,0.0108688134,0.00402236149,4.53599267,0.00721359253,0.0261394978,0.216279585,0.20427669,0.815821459,15.5396795
520,1779374960.174559116,-0.000191938398,0.00397462211,0.00118610683,-0.0155769163,-0.0436549753,0.00623269037,0.00415226573,2.67960767,0.00721812248,0.0261349678,0.216415403,0.199737323,0.815509308,15.5754475
521,1779374960.474774361,-0.00155046554,-0.00173983277,0.00145524324,-0.0566111885,0.00986190263,-0.0101464574,0.00274748873,3.34336186,0.0406095982,0.0260877609,0.60886366,0.136605625,0.817474774,16.0833575
522,1779374960.708273411,-0.00113145463,0.00241063803,0.00318465464,0.0306127201,-0.056482459,0.00494465908,0.0041513119,3.69184788,0.00732159615,0.0260267258,0.219549162,0.206975786,0.820723068,15.5007853
523,1779374960.908414602,-0.00123312286,0.00206281737,0.00541021816,0.0620204812,0.0050630096,0.00185084058,0.00591998885,3.56690952,0.00737571716,0.0259718895,0.221176807,0.130353776,0.820000289,19.1833658
525,1779374961.041841507,-0.000850887526,0.00151431421,0.00593606371,-0.0571603331,0.0450900124,0.0122553058,0.00618498258,4.23004516,0.00741314888,0.0259344578,0.222299278,0.0479886272,0.821130499,16.6822997
526,1779374961.141911507,-0.00166155453,0.000122634066,0.00332671515,0.041142492,-0.0185897133,-0.00360060296,0.00372059622,2.59496528,0.00744152069,0.0259053707,0.223154854,0.254663965,0.816375864,18.0253078
527,1779374961.241979122,-0.0017696726,-0.000484914805,0.000828420098,0.0684586755,-0.0592941952,-0.00504619094,0.00201324696,5.1971586,0.00746846199,0.025878191,0.223964366,0.317782388,0.815152397,18.2109782
528,1779374961.475438833,-0.00104365859,0.000280404833,-0.00127568008,-1.15928769e-05,-0.0172835372,2.05361297e-05,0.00167188809,0.990274657,0.00749802589,0.0258529186,0.224821995,0.266888558,0.818616281,15.8269612
530,1779374961.608843088,-0.00165315272,0.000343693136,0.000219077467,0.00287523672,-0.0301548666,-0.00690834137,0.00170265493,1.78014598,0.00749897957,0.0258514881,0.224853805,0.276580095,0.817976617,15.7016269
531,1779374961.642193794,-0.00149122331,0.0016061439,0.000874509864,-0.0201560435,-0.00343557256,0.00144710128,0.00235970606,1.17444238,0.00749921799,0.0258514881,0.224859347,0.266069083,0.821364558,15.4386441
532,1779374961.708895445,-0.00161933552,-0.00168632938,0.00427372977,0.0455784905,-0.00375206257,-0.00450073326,0.00487141874,2.63294734,0.00749969482,0.0258510113,0.224873644,0.0973148817,0.822508125,18.6343952
534,1779374961.775596857,-0.0017577839,0.000784723329,-0.00344777842,-0.0117899827,-0.0805624493,0.00117203856,0.00394876829,4.66553928,0.00750017166,0.0258500576,0.224891157,0.30383394,0.817542946,13.1624896
535,1779374961.842298031,-0.00182847302,0.00321215822,-2.81311428e-05,-0.0422643111,0.0584875841,0.0063215266,0.00369622313,4.15029967,0.0075006485,0.0258495808,0.224905455,0.0904040797,0.820957943,16.9523075
536,1779374961.908998728,-0.00100319898,0.00317817181,0.00292635332,0.0523706742,0.015200999,0.00838923718,0.00443516945,3.16122016,0.00750088692,0.0258491039,0.224914212,0.102602249,0.826859016,18.5563817
537,1779374961.942349434,-0.000521347227,0.00409456523,0.00133379337,-0.00846122465,-0.00486576307,0.00934630149,0.00433777271,0.774280597,0.00750160217,0.0258486271,0.224934051,0.123917963,0.824197718,15.0998662
538,1779374961.975699425,-0.00031755453,0.00225306099,0.00951183285,-0.0438201227,0.0609090506,0.0101777377,0.00978018859,4.33850587,0.00750136375,0.0258486271,0.22492851,0.106243752,0.826286456,17.0724066
539,1779374962.109100103,0.00471810621,0.00504691605,-0.0038091646,-0.0272672055,0.0582697144,0.00837721414,0.00788933602,3.71718389,0.00750255585,0.025847435,0.224964255,0.135395038,0.826362047,16.71959
540,1779374962.142450094,-0.000222714523,0.00484173761,0.00133637509,0.0307630315,0.00523096122,0.00478379787,0.00502771551,1.80877956,0.00750255585,0.0258471966,0.224965863,0.361880998,0.825277313,16.8980033
542,1779374962.209145308,0.00393434224,0.00493973527,-0.00740139544,0.0559859404,-0.0183771578,0.00488655612,0.00972937243,3.3877381,0.00749826431,0.0258512497,0.224838788,0.231196838,0.823070856,17.1364228
543,1779374962.242503881,0.00387012116,0.00506705344,-0.00829116676,0.0188119626,-0.0381344324,0.00308652321,0.0104592693,2.44274392,0.00750732422,0.0258424282,0.225108844,0.111171051,0.822945606,14.6370382
544,1779374962.342579842,-0.00102243866,0.000844193443,0.00254965763,-0.00842826829,0.0278649619,-0.00289360854,0.00287381235,1.67619758,0.0408842564,0.0258147717,0.612966299,0.368241846,0.829389321,15.7585889
545,1779374962.375938416,0.00463657923,0.00246784796,-0.00456449825,0.00723340143,-0.020430453,0.00458034498,0.0069586482,1.2692083,0.00754380226,0.0258054733,0.226205881,0.116064211,0.831942381,14.8096887
546,1779374962.409297228,0.00226818938,5.58607843e-05,-0.0147677662,0.0432699984,-0.0419597314,-0.000747216839,0.0149410415,3.45369062,0.007553339,0.0257954597,0.226495085,0.061024043,0.823100215,16.3331917
547,1779374962.476014614,0.00411965956,9.17321339e-05,-0.00183065236,-0.0189483523,0.0351038564,0.00393064329,0.00450902403,2.29667525,0.0075712204,0.0257790089,0.22702154,0.160243267,0.835412956,15.4620129
548,1779374962.509373426,-0.00105142881,-0.0016768532,0.00989655731,-0.00820244173,0.024907957,-0.00727652261,0.0100925312,1.55928141,0.00757980347,0.0257706642,0.227277277,0.392043019,0.837267117,16.0059539
549,1779374962.576091290,0.00473457676,0.00127011216,0.00269334294,0.00427282645,0.0209928201,0.00570807739,0.00559316531,1.27028463,0.00759720802,0.0257532597,0.227799145,0.406034963,0.841019496,16.1647584
550,1779374962.742886543,0.00303552218,-5.48474382e-05,-0.00281320148,0.0423497372,0.059095659,-0.00644293727,0.00413902231,4.18192808,0.00764226913,0.0257077217,0.22915356,0.274411483,0.839396186,19.1001334
551,1779374962.776245594,-0.00156863119,-0.00121733681,0.00461666437,0.00303806855,0.00515133022,-0.00413081984,0.00502554501,0.416449028,0.00765132904,0.025698185,0.229428502,0.388818378,0.837872904,16.0705281
552,1779374962.809604645,-0.00249475383,-0.000209561711,-0.000373692013,0.03737635,-0.0142544114,-0.00706727897,0.00253127606,2.32745458,0.00766086578,0.0256891251,0.229711181,0.295630003,0.831655154,17.5523398
553,1779374962.842964172,-0.00148445469,-0.00110471501,0.00813231904,0.0155564569,0.0239273026,-0.00732838921,0.00834018069,1.6882573,0.00767040253,0.0256791115,0.230000429,0.237402029,0.838444732,17.5441499
554,1779374962.909682512,0.00312899591,0.00147531088,-0.00714477668,0.0140751052,-0.0115735888,-0.000455860859,0.00793819824,1.04439434,0.00768995285,0.0256597996,0.230585006,0.391163988,0.835595715,16.0851634
555,1779374962.976401091,-0.00268292844,-0.0018707348,-0.0027590646,0.0250809397,-0.0452256219,-0.0099042427,0.00427904092,3.01688501,0.0410587788,0.0256400108,0.615585066,0.0362190333,0.832438346,16.6993842
556,1779374963.176558018,0.00266695905,-0.00126712563,-0.00541491762,0.0237264766,-0.0224959492,-0.00591252379,0.00616762602,1.90371326,0.007771492,0.0255777836,0.233033308,0.237914444,0.840793842,16.5912642
557,1779374963.376700163,0.00354580635,0.000571428619,-0.00313212393,-0.00962489472,0.0144642241,0.00212725978,0.0047654458,1.00288502,0.00782108307,0.0255277157,0.234523682,0.268080511,0.8468202,15.5955298
558,1779374963.543480635,4.2653098e-05,0.00228060745,0.00140480059,0.0123193041,-0.0284303271,-0.000402133912,0.0026788905,1.77543938,0.0411055088,0.0257122517,0.615188365,0.258847241,0.842435823,15.7138596
559,1779374963.643548965,0.00355408834,0.00415408116,-0.0053833751,0.0286755414,-0.0294709034,0.0120642558,0.00767259159,2.45528767,0.00753593445,0.0258748531,0.22555393,0.271898201,0.845498175,15.8345158
560,1779374963.676904917,-0.000660273456,0.00176205529,0.000750546423,0.0531368465,0.000873263998,0.00308200974,0.00202586273,3.05004428,0.00748109818,0.0259304047,0.223907862,0.0897194895,0.844129177,18.2008505
561,1779374964.544211149,-0.000888609606,0.00236367702,0.000321633943,0.00263786497,0.024699746,0.00236211741,0.00254559315,1.42965931,0.00607299805,0.0272891521,0.182032573,0.0460320162,0.841750715,15.2561203
562,1779374964.577572823,0.00414160342,0.00587733173,-0.00976541569,0.0146735804,0.0200339544,0.0133169004,0.0121267989,1.61449414,0.00607252121,0.0272893906,0.182019581,0.0460320162,0.841750715,15.2561203
563,1779374964.610934258,-0.000623673939,0.00409758814,-0.000103720102,0.00293486995,0.0277733718,0.00572108796,0.00414607714,1.6333865,0.00607204437,0.0272901058,0.182003988,0.0460320162,0.841750715,15.2561203
564,1779374964.811105728,0.00249899906,0.000185409952,-0.00487932861,-0.0287660756,-0.00975232454,0.00356521786,0.00548518193,1.75226355,0.0060710907,0.0272910595,0.181975402,0.203921051,0.842214118,12.9042108
565,1779374964.977916718,0.00258620431,0.00199414223,-0.00913825604,0.0396343168,0.000908238598,0.00546395069,0.00970426604,2.29294726,0.0394332409,0.0272910595,0.590987701,0.290187605,0.837145699,16.7013374
566,1779374965.144729137,0.00448479503,0.00440993546,-0.00304255898,0.0124221713,0.01403556,0.0189502819,0.0069869938,1.52714532,0.00607228279,0.0272898674,0.182011134,0.0383695533,0.842753939,15.4908206
567,1779374965.611722708,-0.000206009115,0.00258621113,0.00324997289,0.00852461779,-0.0380894765,0.00426537499,0.00415851554,2.2496681,0.00602960587,0.0273244381,0.180775857,0.126833896,0.839367065,14.8540305
568,1779374965.645077944,-0.00132191684,0.00182464757,0.00319010376,0.0100147667,-0.0373038807,0.00200409091,0.00390558125,2.21601488,0.00603079796,0.0273234844,0.180810305,0.126833896,0.839367065,14.8540305
569,1779374965.911917925,-1.11255151e-05,0.00318746363,0.00455292348,0.0113417361,-0.0390101687,0.00588703082,0.00555780175,2.3519798,0.00603842735,0.0273151398,0.181042925,0.126833896,0.839367065,14.8540305
570,1779374966.011982441,-0.00170779434,0.000494834189,0.00258865805,0.0258865066,0.0328520294,-0.00196182259,0.00314047335,2.39905564,0.00604152679,0.0273122787,0.181134557,0.323106455,0.840919203,16.8124349
571,1779374966.112046957,-0.000237424054,0.00292726308,0.00446527653,-0.0144302988,0.00836854783,0.00573991081,0.00534452373,1.01076753,0.00604486465,0.0273087025,0.181235927,0.285904074,0.841666962,14.0067438
572,1779374966.145401716,0.00374638369,0.0043119548,-0.00534683116,0.0409258854,0.0235231503,0.0103481101,0.00782412605,2.7688449,0.00604605675,0.0273077488,0.181270372,0.323106455,0.840919203,16.8124349
