trial_id,gesture_label,gesture_name,repeat_index,stage,frame_index,prediction_time_s,raw_label,raw_name,smoothed_label,smoothed_name,confidence,proportional,window_start_sample,window_end_sample,prob_rest,prob_power,prob_open,prob_flexion,prob_extension
power_01,1,POWER,1,countdown,0,0.199806,4,EXTENSION,4,EXTENSION,1.000000,1.000000,0,100,0.00000000,0.00000000,0.00000000,0.00000000,1.00000000
power_01,1,POWER,1,countdown,1,0.301116,3,FLEXION,4,EXTENSION,0.857332,1.000000,50,150,0.00480715,0.00000266,0.00077102,0.85733235,0.13708682
power_01,1,POWER,1,countdown,2,0.400456,3,FLEXION,3,FLEXION,0.964918,0.945334,100,200,0.02357595,0.00751588,0.00319485,0.96491770,0.00079562
power_01,1,POWER,1,countdown,3,0.501322,0,REST,3,FLEXION,0.534429,0.461890,150,250,0.03794452,0.53442922,0.00649426,0.42108527,0.00004673
power_01,1,POWER,1,countdown,4,0.602545,1,POWER,3,FLEXION,0.961618,0.174105,200,300,0.00640924,0.96161781,0.00158252,0.03038926,0.00000117
power_01,1,POWER,1,countdown,5,0.701293,1,POWER,3,FLEXION,0.993491,0.001089,250,350,0.00208847,0.99349067,0.00058071,0.00384008,0.00000007
power_01,1,POWER,1,countdown,6,0.801652,1,POWER,1,POWER,0.991905,0.033816,300,400,0.00604317,0.99190532,0.00083786,0.00121364,0.00000001
power_01,1,POWER,1,countdown,7,0.901370,1,POWER,1,POWER,0.952183,0.000000,350,450,0.04305582,0.95218324,0.00407504,0.00068589,0.00000000
power_01,1,POWER,1,countdown,8,1.001592,1,POWER,1,POWER,0.898920,0.000000,400,500,0.09981262,0.89892031,0.00054518,0.00072189,0.00000000
power_01,1,POWER,1,countdown,9,1.102122,0,REST,1,POWER,0.710034,0.000000,450,550,0.71003356,0.28927144,0.00006195,0.00063305,0.00000000
power_01,1,POWER,1,countdown,10,1.202438,0,REST,1,POWER,0.994875,0.000000,500,600,0.99487473,0.00506532,0.00004186,0.00001809,0.00000000
power_01,1,POWER,1,countdown,11,1.302542,0,REST,0,REST,0.998710,0.000000,550,650,0.99870975,0.00123119,0.00005651,0.00000256,0.00000000
power_01,1,POWER,1,countdown,12,1.403048,0,REST,0,REST,0.996658,0.000000,600,700,0.99665776,0.00329121,0.00004625,0.00000479,0.00000000
power_01,1,POWER,1,countdown,13,1.502494,0,REST,0,REST,0.996396,0.000000,650,750,0.99639639,0.00344591,0.00015512,0.00000258,0.00000000
power_01,1,POWER,1,countdown,14,1.604491,0,REST,0,REST,0.997883,0.000000,700,800,0.99788342,0.00195333,0.00016214,0.00000111,0.00000000
power_01,1,POWER,1,countdown,15,1.703615,0,REST,0,REST,0.999598,0.000000,750,850,0.99959771,0.00037077,0.00003097,0.00000055,0.00000000
power_01,1,POWER,1,countdown,16,1.803658,0,REST,0,REST,0.999407,0.000000,800,900,0.99940673,0.00057228,0.00001980,0.00000119,0.00000000
power_01,1,POWER,1,countdown,17,1.905362,0,REST,0,REST,0.999501,0.000000,850,950,0.99950099,0.00049136,0.00000692,0.00000072,0.00000000
power_01,1,POWER,1,countdown,18,2.003714,0,REST,0,REST,0.999842,0.000000,900,1000,0.99984173,0.00015084,0.00000721,0.00000021,0.00000000
power_01,1,POWER,1,countdown,19,2.103877,0,REST,0,REST,0.999667,0.000000,950,1050,0.99966672,0.00030182,0.00003086,0.00000059,0.00000000
power_01,1,POWER,1,countdown,20,2.208676,0,REST,0,REST,0.999601,0.000000,1000,1100,0.99960075,0.00027909,0.00011926,0.00000090,0.00000000
power_01,1,POWER,1,countdown,21,2.304254,0,REST,0,REST,0.999349,0.000000,1050,1150,0.99934936,0.00042492,0.00022412,0.00000160,0.00000000
power_01,1,POWER,1,countdown,22,2.404288,0,REST,0,REST,0.997773,0.000000,1100,1200,0.99777337,0.00198104,0.00023955,0.00000604,0.00000000
power_01,1,POWER,1,countdown,23,2.504746,0,REST,0,REST,0.998683,0.000000,1150,1250,0.99868285,0.00113132,0.00018243,0.00000340,0.00000000
power_01,1,POWER,1,countdown,24,2.604455,0,REST,0,REST,0.993722,0.000000,1200,1300,0.99372185,0.00621812,0.00005432,0.00000561,0.00000011
power_01,1,POWER,1,countdown,25,2.704427,1,POWER,0,REST,0.801700,0.000000,1250,1350,0.19689659,0.80170049,0.00000264,0.00074234,0.00065794
power_01,1,POWER,1,countdown,26,2.805553,1,POWER,0,REST,0.838855,0.000000,1300,1400,0.15947609,0.83885465,0.00000724,0.00165828,0.00000373
power_01,1,POWER,1,countdown,27,2.905200,0,REST,0,REST,0.977864,0.000000,1350,1450,0.97786393,0.02157752,0.00050585,0.00005251,0.00000018
power_01,1,POWER,1,active,28,3.006566,0,REST,0,REST,0.979523,0.000000,1400,1500,0.97952273,0.01997582,0.00045315,0.00004828,0.00000001
power_01,1,POWER,1,active,29,3.105242,0,REST,0,REST,0.981471,0.000000,1450,1550,0.98147092,0.01825467,0.00024036,0.00003398,0.00000007
power_01,1,POWER,1,active,30,3.207822,0,REST,0,REST,0.981985,0.000000,1500,1600,0.98198463,0.01768623,0.00026072,0.00006753,0.00000090
power_01,1,POWER,1,active,31,3.305870,3,FLEXION,0,REST,1.000000,0.000000,1550,1650,0.00000000,0.00000002,0.00000000,0.99999998,0.00000000
power_01,1,POWER,1,active,32,3.406375,3,FLEXION,0,REST,0.999978,0.000000,1600,1700,0.00000000,0.00000000,0.00000000,0.99997763,0.00002237
power_01,1,POWER,1,active,33,3.506815,3,FLEXION,3,FLEXION,0.999999,1.000000,1650,1750,0.00000000,0.00000000,0.00000000,0.99999861,0.00000139
power_01,1,POWER,1,active,34,3.607171,3,FLEXION,3,FLEXION,1.000000,1.000000,1700,1800,0.00000000,0.00000001,0.00000000,0.99999998,0.00000001
power_01,1,POWER,1,active,35,3.711064,3,FLEXION,3,FLEXION,0.999928,1.000000,1750,1850,0.00000000,0.00000002,0.00007166,0.99992831,0.00000000
power_01,1,POWER,1,active,36,3.807476,3,FLEXION,3,FLEXION,1.000000,1.000000,1800,1900,0.00000000,0.00000000,0.00000036,0.99999963,0.00000000
power_01,1,POWER,1,active,37,3.907685,3,FLEXION,3,FLEXION,0.999999,0.817722,1850,1950,0.00000000,0.00000143,0.00000003,0.99999854,0.00000000
power_01,1,POWER,1,active,38,4.007411,3,FLEXION,3,FLEXION,0.999687,0.698352,1900,2000,0.00000000,0.00031262,0.00000030,0.99968707,0.00000001
power_01,1,POWER,1,active,39,4.108194,3,FLEXION,3,FLEXION,0.996837,0.633551,1950,2050,0.00000000,0.00316306,0.00000022,0.99683672,0.00000000
power_01,1,POWER,1,active,40,4.207384,3,FLEXION,3,FLEXION,0.998777,0.629276,2000,2100,0.00000000,0.00122247,0.00000054,0.99877699,0.00000000
power_01,1,POWER,1,active,41,4.307669,3,FLEXION,3,FLEXION,0.998694,0.689887,2050,2150,0.00000005,0.00054329,0.00015140,0.99869424,0.00061102
power_01,1,POWER,1,active,42,4.409479,3,FLEXION,3,FLEXION,0.999997,0.732534,2100,2200,0.00000000,0.00000222,0.00000031,0.99999747,0.00000000
power_01,1,POWER,1,active,43,4.508646,3,FLEXION,3,FLEXION,0.999997,0.659808,2150,2250,0.00000000,0.00000061,0.00000252,0.99999687,0.00000000
power_01,1,POWER,1,active,44,4.608075,3,FLEXION,3,FLEXION,0.999968,0.746528,2200,2300,0.00000000,0.00002827,0.00000392,0.99996781,0.00000000
power_01,1,POWER,1,active,45,4.708827,3,FLEXION,3,FLEXION,0.998279,0.737973,2250,2350,0.00000000,0.00172029,0.00000048,0.99827923,0.00000000
power_01,1,POWER,1,active,46,4.808847,3,FLEXION,3,FLEXION,0.716476,0.483565,2300,2400,0.00000141,0.27983213,0.00360748,0.71647566,0.00008333
power_01,1,POWER,1,active,47,4.909466,3,FLEXION,3,FLEXION,0.592465,0.322781,2350,2450,0.00007850,0.40382867,0.00362811,0.59246471,0.00000001
power_01,1,POWER,1,active,48,5.009498,0,REST,3,FLEXION,0.540968,0.355193,2400,2500,0.00019781,0.45882071,0.00001351,0.54096775,0.00000022
power_01,1,POWER,1,active,49,5.109509,3,FLEXION,3,FLEXION,0.745704,0.357783,2450,2550,0.00077303,0.25347976,0.00000648,0.74570418,0.00003655
power_01,1,POWER,1,active,50,5.211012,1,POWER,3,FLEXION,0.562431,0.260711,2500,2600,0.00377115,0.56243055,0.00149815,0.43229997,0.00000018
power_01,1,POWER,1,active,51,5.310254,1,POWER,3,FLEXION,0.965960,0.263504,2550,2650,0.00159767,0.96596009,0.02249579,0.00993752,0.00000894
power_01,1,POWER,1,active,52,5.410411,1,POWER,1,POWER,0.911750,0.525932,2600,2700,0.00323545,0.91175001,0.01986161,0.06461882,0.00053411
power_01,1,POWER,1,active,53,5.510412,1,POWER,1,POWER,0.819207,0.428144,2650,2750,0.00219307,0.81920675,0.00125306,0.17734552,0.00000160
power_01,1,POWER,1,active,54,5.611831,1,POWER,1,POWER,0.642354,0.366147,2700,2800,0.00156927,0.64235428,0.00049513,0.35558128,0.00000005
power_01,1,POWER,1,active,55,5.710579,1,POWER,1,POWER,0.614710,0.376217,2750,2850,0.00027403,0.61471044,0.00187277,0.38314274,0.00000002
power_01,1,POWER,1,active,56,5.814800,1,POWER,1,POWER,0.693843,0.372464,2800,2900,0.00034246,0.69384297,0.13720188,0.16861267,0.00000001
power_01,1,POWER,1,active,57,5.910546,0,REST,1,POWER,0.500035,0.294452,2850,2950,0.00877953,0.50003504,0.38938615,0.10179928,0.00000000
power_01,1,POWER,1,active,58,6.013584,1,POWER,1,POWER,0.876849,0.371786,2900,3000,0.00480897,0.87684885,0.08650539,0.03183666,0.00000014
power_01,1,POWER,1,active,59,6.112737,1,POWER,1,POWER,0.906594,0.425675,2950,3050,0.00575292,0.90659418,0.02415432,0.06349823,0.00000036
power_01,1,POWER,1,active,60,6.211689,1,POWER,1,POWER,0.659677,0.475122,3000,3100,0.00949009,0.65967697,0.03047109,0.30035774,0.00000411
power_01,1,POWER,1,active,61,6.317774,1,POWER,1,POWER,0.607115,0.451033,3050,3150,0.01575499,0.60711465,0.02976340,0.34736676,0.00000020
power_01,1,POWER,1,active,62,6.411457,3,FLEXION,1,POWER,0.553284,0.343790,3100,3200,0.01621914,0.42606628,0.00443108,0.55328350,0.00000000
power_01,1,POWER,1,active,63,6.511965,1,POWER,1,POWER,0.734473,0.392533,3150,3250,0.00647391,0.73447292,0.05991439,0.19913873,0.00000005
power_01,1,POWER,1,active,64,6.611922,1,POWER,1,POWER,0.756729,0.353815,3200,3300,0.00714760,0.75672905,0.13786803,0.09825484,0.00000048
power_01,1,POWER,1,active,65,6.712407,1,POWER,1,POWER,0.889757,0.397706,3250,3350,0.00813705,0.88975748,0.00403461,0.09806971,0.00000115
power_01,1,POWER,1,active,66,6.812648,1,POWER,1,POWER,0.905697,0.406529,3300,3400,0.00655250,0.90569652,0.03070702,0.05704364,0.00000031
power_01,1,POWER,1,active,67,6.913535,1,POWER,1,POWER,0.783561,0.290220,3350,3450,0.00471524,0.78356078,0.10156694,0.11015703,0.00000001
power_01,1,POWER,1,active,68,7.012896,1,POWER,1,POWER,0.850216,0.318716,3400,3500,0.03188652,0.85021612,0.00123852,0.11665857,0.00000027
power_01,1,POWER,1,active,69,7.112955,1,POWER,1,POWER,0.948170,0.333672,3450,3550,0.01978683,0.94816988,0.00086208,0.03117936,0.00000185
power_01,1,POWER,1,active,70,7.213341,1,POWER,1,POWER,0.980704,0.310296,3500,3600,0.00118999,0.98070359,0.00186795,0.01623764,0.00000083
power_01,1,POWER,1,active,71,7.313449,1,POWER,1,POWER,0.961354,0.314216,3550,3650,0.00116284,0.96135448,0.03129655,0.00618199,0.00000414
power_01,1,POWER,1,active,72,7.413388,1,POWER,1,POWER,0.917808,0.370848,3600,3700,0.00255655,0.91780756,0.03507417,0.04456170,0.00000002
power_01,1,POWER,1,active,73,7.513917,1,POWER,1,POWER,0.821585,0.527914,3650,3750,0.00128644,0.82158486,0.00074790,0.17638077,0.00000004
power_02,1,POWER,2,countdown,0,0.195313,4,EXTENSION,4,EXTENSION,1.000000,1.000000,0,100,0.00000000,0.00000000,0.00000000,0.00000000,1.00000000
power_02,1,POWER,2,countdown,1,0.296467,3,FLEXION,4,EXTENSION,0.985105,1.000000,50,150,0.00122621,0.00002058,0.00446410,0.98510546,0.00918365
power_02,1,POWER,2,countdown,2,0.394958,3,FLEXION,3,FLEXION,0.947567,0.945259,100,200,0.01082535,0.02956377,0.01179798,0.94756714,0.00024576
power_02,1,POWER,2,countdown,3,0.495668,1,POWER,3,FLEXION,0.745272,0.455310,150,250,0.01275038,0.74527215,0.00821316,0.23375173,0.00001258
power_02,1,POWER,2,countdown,4,0.597567,1,POWER,3,FLEXION,0.979065,0.164487,200,300,0.00286113,0.97906464,0.00178025,0.01629353,0.00000045
power_02,1,POWER,2,countdown,5,0.696420,1,POWER,1,POWER,0.994159,0.174856,250,350,0.00108574,0.99415914,0.00080256,0.00395226,0.00000030
power_02,1,POWER,2,countdown,6,0.795764,1,POWER,1,POWER,0.997114,0.015653,300,400,0.00058606,0.99711398,0.00048739,0.00181242,0.00000015
power_02,1,POWER,2,countdown,7,0.896395,1,POWER,1,POWER,0.994248,0.000000,350,450,0.00291096,0.99424753,0.00067408,0.00216742,0.00000001
power_02,1,POWER,2,countdown,8,0.996688,1,POWER,1,POWER,0.930603,0.000000,400,500,0.06158258,0.93060289,0.00086174,0.00695279,0.00000000
power_02,1,POWER,2,countdown,9,1.097003,1,POWER,1,POWER,0.786493,0.000000,450,550,0.20205998,0.78649345,0.00026297,0.01118360,0.00000000
power_02,1,POWER,2,countdown,10,1.196314,0,REST,1,POWER,0.820743,0.000000,500,600,0.82074291,0.17852642,0.00007723,0.00065345,0.00000000
power_02,1,POWER,2,countdown,11,1.296532,0,REST,1,POWER,0.986007,0.000000,550,650,0.98600666,0.01388077,0.00008497,0.00002760,0.00000000
power_02,1,POWER,2,countdown,12,1.401439,0,REST,0,REST,0.995743,0.000000,600,700,0.99574287,0.00399659,0.00024908,0.00001146,0.00000000
power_02,1,POWER,2,countdown,13,1.497699,0,REST,0,REST,0.986830,0.000000,650,750,0.98682974,0.01294738,0.00013937,0.00008351,0.00000000
power_02,1,POWER,2,countdown,14,1.597429,0,REST,0,REST,0.944116,0.000000,700,800,0.94411643,0.05508407,0.00057466,0.00022485,0.00000000
power_02,1,POWER,2,countdown,15,1.699439,0,REST,0,REST,0.954364,0.000000,750,850,0.95436422,0.04448970,0.00107082,0.00007526,0.00000000
power_02,1,POWER,2,countdown,16,1.797544,0,REST,0,REST,0.973958,0.000000,800,900,0.97395820,0.02573315,0.00022700,0.00008165,0.00000000
power_02,1,POWER,2,countdown,17,1.898450,0,REST,0,REST,0.985013,0.000000,850,950,0.98501334,0.01488715,0.00004036,0.00005915,0.00000000
power_02,1,POWER,2,countdown,18,1.998373,0,REST,0,REST,0.981515,0.000000,900,1000,0.98151458,0.01836749,0.00003622,0.00008171,0.00000000
power_02,1,POWER,2,countdown,19,2.098583,0,REST,0,REST,0.944650,0.000000,950,1050,0.94464994,0.05492853,0.00015695,0.00026457,0.00000000
power_02,1,POWER,2,countdown,20,2.198546,0,REST,0,REST,0.902605,0.000000,1000,1100,0.90260497,0.09663698,0.00049586,0.00026220,0.00000000
power_02,1,POWER,2,countdown,21,2.298414,0,REST,0,REST,0.976381,0.000000,1050,1150,0.97638119,0.02336970,0.00022876,0.00002034,0.00000000
power_02,1,POWER,2,countdown,22,2.399532,0,REST,0,REST,0.995144,0.000000,1100,1200,0.99514429,0.00479969,0.00004993,0.00000609,0.00000000
power_02,1,POWER,2,countdown,23,2.499446,0,REST,0,REST,0.996188,0.000000,1150,1250,0.99618829,0.00371796,0.00008687,0.00000688,0.00000000
power_02,1,POWER,2,countdown,24,2.599422,0,REST,0,REST,0.998265,0.000000,1200,1300,0.99826503,0.00167473,0.00005682,0.00000342,0.00000000
power_02,1,POWER,2,countdown,25,2.700342,0,REST,0,REST,0.997029,0.000000,1250,1350,0.99702867,0.00293205,0.00003204,0.00000724,0.00000000
power_02,1,POWER,2,countdown,26,2.799576,0,REST,0,REST,0.996822,0.000000,1300,1400,0.99682228,0.00303981,0.00013625,0.00000166,0.00000000
power_02,1,POWER,2,countdown,27,2.900099,0,REST,0,REST,0.983479,0.000000,1350,1450,0.98347938,0.01630800,0.00019275,0.00001987,0.00000000
power_02,1,POWER,2,countdown,28,2.999878,0,REST,0,REST,0.923536,0.000000,1400,1500,0.92353583,0.07592784,0.00022565,0.00031067,0.00000000
power_02,1,POWER,2,active,29,3.100358,0,REST,0,REST,0.915673,0.000000,1450,1550,0.91567319,0.08371532,0.00047806,0.00013343,0.00000000
power_02,1,POWER,2,active,30,3.200818,1,POWER,0,REST,0.802059,0.000000,1500,1600,0.19569310,0.80205930,0.00129646,0.00095097,0.00000018
power_02,1,POWER,2,active,31,3.300524,1,POWER,0,REST,0.977329,0.000000,1550,1650,0.00919192,0.97732941,0.00000927,0.01346922,0.00000018
power_02,1,POWER,2,active,32,3.400440,1,POWER,1,POWER,0.840783,0.949513,1600,1700,0.00016256,0.84078306,0.00001035,0.15307066,0.00597336
power_02,1,POWER,2,active,33,3.501080,1,POWER,1,POWER,0.659701,0.824227,1650,1750,0.00014410,0.65970089,0.00005278,0.33996758,0.00013465
power_02,1,POWER,2,active,34,3.601852,1,POWER,1,POWER,0.812698,0.626728,1700,1800,0.00010901,0.81269754,0.00249421,0.18469272,0.00000651
power_02,1,POWER,2,active,35,3.701346,1,POWER,1,POWER,0.901370,0.616032,1750,1850,0.00000770,0.90136957,0.00384992,0.09477207,0.00000074
power_02,1,POWER,2,active,36,3.802039,1,POWER,1,POWER,0.973647,0.452469,1800,1900,0.00015389,0.97364728,0.00007272,0.02612352,0.00000259
power_02,1,POWER,2,active,37,3.902386,1,POWER,1,POWER,0.951151,0.334975,1850,1950,0.00131435,0.95115135,0.00008118,0.04745176,0.00000135
power_02,1,POWER,2,active,38,4.002550,1,POWER,1,POWER,0.946075,0.347716,1900,2000,0.00518654,0.94607538,0.00020249,0.04853343,0.00000217
power_02,1,POWER,2,active,39,4.102743,1,POWER,1,POWER,0.931618,0.355831,1950,2050,0.04133288,0.93161783,0.00074215,0.02610692,0.00020022
power_02,1,POWER,2,active,40,4.202490,1,POWER,1,POWER,0.922776,0.343908,2000,2100,0.02483237,0.92277576,0.00413819,0.04825165,0.00000202
power_02,1,POWER,2,active,41,4.303123,1,POWER,1,POWER,0.980021,0.234603,2050,2150,0.00472238,0.98002083,0.00492311,0.01033368,0.00000000
power_02,1,POWER,2,active,42,4.402567,1,POWER,1,POWER,0.990329,0.234200,2100,2200,0.00338666,0.99032905,0.00041125,0.00587305,0.00000000
power_02,1,POWER,2,active,43,4.503382,1,POWER,1,POWER,0.990675,0.347771,2150,2250,0.00136439,0.99067542,0.00004103,0.00791898,0.00000018
power_02,1,POWER,2,active,44,4.603740,1,POWER,1,POWER,0.986982,0.314800,2200,2300,0.00360432,0.98698239,0.00041525,0.00899789,0.00000015
power_03,1,POWER,3,countdown,0,0.199023,4,EXTENSION,4,EXTENSION,1.000000,1.000000,0,100,0.00000000,0.00000000,0.00000000,0.00000000,1.00000000
power_03,1,POWER,3,countdown,1,0.299208,3,FLEXION,4,EXTENSION,0.980861,1.000000,50,150,0.00079994,0.00001552,0.00941989,0.98086146,0.00890319
power_03,1,POWER,3,countdown,2,0.399550,3,FLEXION,3,FLEXION,0.949422,0.934123,100,200,0.00934604,0.02474927,0.01631510,0.94942170,0.00016789
power_03,1,POWER,3,countdown,3,0.499987,1,POWER,3,FLEXION,0.734944,0.458797,150,250,0.01275032,0.73494444,0.01327725,0.23901298,0.00001501
power_03,1,POWER,3,countdown,4,0.599988,1,POWER,3,FLEXION,0.977670,0.173834,200,300,0.00254232,0.97767018,0.00198649,0.01780045,0.00000056
power_03,1,POWER,3,countdown,5,0.699880,1,POWER,1,POWER,0.993850,0.189314,250,350,0.00115779,0.99384999,0.00045470,0.00453742,0.00000011
power_03,1,POWER,3,countdown,6,0.800775,1,POWER,1,POWER,0.995572,0.043259,300,400,0.00155405,0.99557192,0.00030523,0.00256874,0.00000006
power_03,1,POWER,3,countdown,7,0.900648,1,POWER,1,POWER,0.965690,0.000000,350,450,0.02892267,0.96569035,0.00237757,0.00300938,0.00000003
power_03,1,POWER,3,countdown,8,1.000946,0,REST,1,POWER,0.577289,0.000000,400,500,0.57728911,0.41458589,0.00485203,0.00327296,0.00000002
power_03,1,POWER,3,countdown,9,1.100807,0,REST,1,POWER,0.909016,0.000000,450,550,0.90901619,0.08854671,0.00183201,0.00060509,0.00000000
power_03,1,POWER,3,countdown,10,1.203920,0,REST,0,REST,0.970808,0.000000,500,600,0.97080772,0.02841226,0.00070222,0.00007780,0.00000000
power_03,1,POWER,3,countdown,11,1.301244,0,REST,0,REST,0.858653,0.000000,550,650,0.85865325,0.13965861,0.00020584,0.00148229,0.00000000
power_03,1,POWER,3,countdown,12,1.401721,0,REST,0,REST,0.672826,0.000000,600,700,0.67282626,0.32403396,0.00026901,0.00287076,0.00000000
power_03,1,POWER,3,countdown,13,1.501537,0,REST,0,REST,0.992471,0.000000,650,750,0.99247091,0.00681315,0.00070244,0.00001350,0.00000000
power_03,1,POWER,3,countdown,14,1.602475,0,REST,0,REST,0.980977,0.000000,700,800,0.98097664,0.01609558,0.00290088,0.00002690,0.00000000
power_03,1,POWER,3,countdown,15,1.702164,0,REST,0,REST,0.921825,0.000000,750,850,0.92182529,0.07642596,0.00159491,0.00015384,0.00000000
power_03,1,POWER,3,countdown,16,1.802389,0,REST,0,REST,0.976797,0.000000,800,900,0.97679710,0.02236578,0.00079772,0.00003940,0.00000000
power_03,1,POWER,3,countdown,17,1.902935,0,REST,0,REST,0.978559,0.000000,850,950,0.97855945,0.02095004,0.00044067,0.00004983,0.00000000
power_03,1,POWER,3,countdown,18,2.002798,0,REST,0,REST,0.939427,0.000000,900,1000,0.93942734,0.05980946,0.00057970,0.00018351,0.00000000
power_03,1,POWER,3,countdown,19,2.102801,0,REST,0,REST,0.984355,0.000000,950,1050,0.98435518,0.01541799,0.00020017,0.00002666,0.00000000
power_03,1,POWER,3,countdown,20,2.208101,0,REST,0,REST,0.957660,0.000000,1000,1100,0.95766049,0.04149325,0.00075209,0.00009417,0.00000000
power_03,1,POWER,3,countdown,21,2.302993,0,REST,0,REST,0.983661,0.000000,1050,1150,0.98366085,0.01543687,0.00087056,0.00003172,0.00000000
power_03,1,POWER,3,countdown,22,2.405612,0,REST,0,REST,0.998160,0.000000,1100,1200,0.99815971,0.00178178,0.00005683,0.00000168,0.00000000
power_03,1,POWER,3,countdown,23,2.504455,0,REST,0,REST,0.989698,0.000000,1150,1250,0.98969816,0.01014706,0.00013646,0.00001832,0.00000000
power_03,1,POWER,3,countdown,24,2.604266,0,REST,0,REST,0.986854,0.000000,1200,1300,0.98685356,0.01298030,0.00014094,0.00002520,0.00000000
power_03,1,POWER,3,countdown,25,2.703949,0,REST,0,REST,0.999382,0.000000,1250,1350,0.99938151,0.00054270,0.00007435,0.00000144,0.00000000
power_03,1,POWER,3,countdown,26,2.803893,0,REST,0,REST,0.999508,0.000000,1300,1400,0.99950762,0.00031464,0.00017673,0.00000100,0.00000000
power_03,1,POWER,3,countdown,27,2.904760,0,REST,0,REST,0.998965,0.000000,1350,1450,0.99896537,0.00079503,0.00023856,0.00000104,0.00000000
power_03,1,POWER,3,active,28,3.004865,0,REST,0,REST,0.994502,0.000000,1400,1500,0.99450193,0.00419587,0.00129894,0.00000326,0.00000000
power_03,1,POWER,3,active,29,3.104639,0,REST,0,REST,0.989338,0.000000,1450,1550,0.98933764,0.00872796,0.00190423,0.00003017,0.00000000
power_03,1,POWER,3,active,30,3.204910,0,REST,0,REST,0.992972,0.000000,1500,1600,0.99297171,0.00643993,0.00057364,0.00001472,0.00000000
power_03,1,POWER,3,active,31,3.305173,1,POWER,0,REST,0.563715,0.000000,1550,1650,0.43341376,0.56371536,0.00189834,0.00097250,0.00000004
power_03,1,POWER,3,active,32,3.404940,1,POWER,0,REST,0.839127,0.000000,1600,1700,0.00173382,0.83912728,0.00005464,0.15185326,0.00723099
power_03,1,POWER,3,active,33,3.505303,3,FLEXION,0,REST,0.985665,0.000000,1650,1750,0.00000001,0.01398413,0.00000000,0.98566509,0.00035076
power_03,1,POWER,3,active,34,3.606078,3,FLEXION,0,REST,0.914554,0.000000,1700,1800,0.00000002,0.08540657,0.00000000,0.91455445,0.00003895
power_03,1,POWER,3,active,35,3.706417,1,POWER,1,POWER,0.975924,0.595865,1750,1850,0.00006536,0.97592388,0.00220664,0.02180177,0.00000235
power_03,1,POWER,3,active,36,3.806421,0,REST,1,POWER,0.506647,0.320850,1800,1900,0.00069919,0.48987291,0.50664736,0.00278054,0.00000000
power_03,1,POWER,3,active,37,3.906847,2,OPEN,1,POWER,0.646232,0.231987,1850,1950,0.00818813,0.34351969,0.64623224,0.00205994,0.00000001
power_03,1,POWER,3,active,38,4.006889,2,OPEN,1,POWER,0.713474,0.200963,1900,2000,0.04250367,0.23953785,0.71347370,0.00448478,0.00000001
power_03,1,POWER,3,active,39,4.106787,1,POWER,1,POWER,0.834208,0.204494,1950,2050,0.10737631,0.83420768,0.05432305,0.00409292,0.00000004
power_03,1,POWER,3,active,40,4.206764,1,POWER,1,POWER,0.923850,0.213326,2000,2100,0.07040875,0.92384956,0.00139240,0.00434929,0.00000001
power_03,1,POWER,3,active,41,4.313065,1,POWER,1,POWER,0.984682,0.225011,2050,2150,0.00118216,0.98468227,0.00106775,0.01306782,0.00000000
power_03,1,POWER,3,active,42,4.407755,1,POWER,1,POWER,0.952486,0.209075,2100,2200,0.00261064,0.95248616,0.02872459,0.01617860,0.00000001
power_03,1,POWER,3,active,43,4.507778,1,POWER,1,POWER,0.887793,0.157065,2150,2250,0.03142756,0.88779266,0.07416641,0.00661336,0.00000001
power_03,1,POWER,3,active,44,4.609560,1,POWER,1,POWER,0.962280,0.171863,2200,2300,0.01970012,0.96227964,0.01375224,0.00426800,0.00000001
power_03,1,POWER,3,active,45,4.707984,1,POWER,1,POWER,0.948309,0.169042,2250,2350,0.02328070,0.94830869,0.02479628,0.00361433,0.00000000
power_03,1,POWER,3,active,46,4.807985,1,POWER,1,POWER,0.957703,0.188380,2300,2400,0.01686609,0.95770290,0.02076671,0.00466429,0.00000001
power_03,1,POWER,3,active,47,4.908849,1,POWER,1,POWER,0.981009,0.240171,2350,2450,0.00497699,0.98100938,0.00186039,0.01215324,0.00000001
power_03,1,POWER,3,active,48,5.008740,1,POWER,1,POWER,0.966760,0.231851,2400,2500,0.02082527,0.96676049,0.00099128,0.01142296,0.00000000
power_04,1,POWER,4,countdown,0,0.197931,4,EXTENSION,4,EXTENSION,1.000000,1.000000,0,100,0.00000000,0.00000000,0.00000000,0.00000000,1.00000000
power_04,1,POWER,4,countdown,1,0.298585,3,FLEXION,4,EXTENSION,0.979506,1.000000,50,150,0.00041647,0.00000892,0.01165290,0.97950633,0.00841538
power_04,1,POWER,4,countdown,2,0.402005,3,FLEXION,3,FLEXION,0.971309,0.912549,100,200,0.00335994,0.01173185,0.01351150,0.97130897,0.00008774
power_04,1,POWER,4,countdown,3,0.498387,1,POWER,3,FLEXION,0.596971,0.436700,150,250,0.00948703,0.59697063,0.01240642,0.38112667,0.00000925
power_04,1,POWER,4,countdown,4,0.599444,1,POWER,3,FLEXION,0.964162,0.158619,200,300,0.00281976,0.96416199,0.00234227,0.03067544,0.00000054
power_04,1,POWER,4,countdown,5,0.699019,1,POWER,1,POWER,0.991713,0.170633,250,350,0.00178618,0.99171286,0.00112773,0.00537320,0.00000004
power_04,1,POWER,4,countdown,6,0.799396,1,POWER,1,POWER,0.992843,0.023216,300,400,0.00378021,0.99284282,0.00141255,0.00196441,0.00000000
power_04,1,POWER,4,countdown,7,0.899552,1,POWER,1,POWER,0.983350,0.000000,350,450,0.01298928,0.98335030,0.00286268,0.00079774,0.00000000
power_04,1,POWER,4,countdown,8,1.000050,1,POWER,1,POWER,0.931955,0.000000,400,500,0.05967574,0.93195458,0.00674778,0.00162190,0.00000000
power_04,1,POWER,4,countdown,9,1.099651,0,REST,1,POWER,0.742574,0.000000,450,550,0.74257353,0.25169339,0.00490089,0.00083219,0.00000000
power_04,1,POWER,4,countdown,10,1.199857,0,REST,1,POWER,0.906371,0.000000,500,600,0.90637076,0.09143833,0.00197443,0.00021649,0.00000000
power_04,1,POWER,4,countdown,11,1.300601,0,REST,0,REST,0.829216,0.000000,550,650,0.82921646,0.16785629,0.00212367,0.00080358,0.00000000
power_04,1,POWER,4,countdown,12,1.402547,0,REST,0,REST,0.958501,0.000000,600,700,0.95850114,0.04041089,0.00087477,0.00021320,0.00000000
power_04,1,POWER,4,countdown,13,1.500640,0,REST,0,REST,0.990860,0.000000,650,750,0.99085998,0.00890115,0.00021822,0.00002065,0.00000000
power_04,1,POWER,4,countdown,14,1.600868,0,REST,0,REST,0.995260,0.000000,700,800,0.99525981,0.00440603,0.00032395,0.00001021,0.00000000
power_04,1,POWER,4,countdown,15,1.703100,0,REST,0,REST,0.999051,0.000000,750,850,0.99905105,0.00039609,0.00055197,0.00000088,0.00000000
power_04,1,POWER,4,countdown,16,1.801315,0,REST,0,REST,0.999510,0.000000,800,900,0.99950960,0.00010066,0.00038949,0.00000025,0.00000000
power_04,1,POWER,4,countdown,17,1.901531,0,REST,0,REST,0.997378,0.000000,850,950,0.99737819,0.00145077,0.00116907,0.00000196,0.00000000
power_04,1,POWER,4,countdown,18,2.001747,0,REST,0,REST,0.997974,0.000000,900,1000,0.99797376,0.00183243,0.00019106,0.00000275,0.00000000
power_04,1,POWER,4,countdown,19,2.101652,0,REST,0,REST,0.991683,0.000000,950,1050,0.99168326,0.00768304,0.00061781,0.00001590,0.00000000
power_04,1,POWER,4,countdown,20,2.202057,0,REST,0,REST,0.992652,0.000000,1000,1100,0.99265248,0.00442233,0.00291879,0.00000641,0.00000000
power_04,1,POWER,4,countdown,21,2.302044,0,REST,0,REST,0.999451,0.000000,1050,1150,0.99945120,0.00044541,0.00010260,0.00000079,0.00000000
power_04,1,POWER,4,countdown,22,2.401570,0,REST,0,REST,0.999285,0.000000,1100,1200,0.99928458,0.00059844,0.00011635,0.00000064,0.00000000
power_04,1,POWER,4,countdown,23,2.504645,0,REST,0,REST,0.999318,0.000000,1150,1250,0.99931753,0.00050758,0.00017466,0.00000023,0.00000000
power_04,1,POWER,4,countdown,24,2.602529,0,REST,0,REST,0.999193,0.000000,1200,1300,0.99919347,0.00072974,0.00007615,0.00000064,0.00000000
power_04,1,POWER,4,countdown,25,2.703487,0,REST,0,REST,0.997912,0.000000,1250,1350,0.99791226,0.00177391,0.00030831,0.00000552,0.00000000
power_04,1,POWER,4,countdown,26,2.807528,0,REST,0,REST,0.998953,0.000000,1300,1400,0.99895273,0.00048822,0.00055641,0.00000264,0.00000000
power_04,1,POWER,4,countdown,27,2.903043,0,REST,0,REST,0.981458,0.000000,1350,1450,0.98145803,0.01767577,0.00072352,0.00014268,0.00000000
power_04,1,POWER,4,active,28,3.003597,0,REST,0,REST,0.787728,0.000000,1400,1500,0.78772830,0.21086973,0.00068449,0.00071748,0.00000000
power_04,1,POWER,4,active,29,3.104716,1,POWER,0,REST,0.885886,0.000000,1450,1550,0.08948126,0.88588562,0.00029992,0.02433316,0.00000003
power_04,1,POWER,4,active,30,3.204147,3,FLEXION,0,REST,0.734273,0.000000,1500,1600,0.00001377,0.26570281,0.00000538,0.73427271,0.00000533
power_04,1,POWER,4,active,31,3.303729,3,FLEXION,0,REST,0.875591,0.000000,1550,1650,0.00000000,0.12369621,0.00000007,0.87559127,0.00071244
power_04,1,POWER,4,active,32,3.404353,1,POWER,0,REST,0.891986,0.000000,1600,1700,0.00000001,0.89198553,0.00015773,0.10785647,0.00000027
power_04,1,POWER,4,active,33,3.504816,1,POWER,1,POWER,0.934748,0.627348,1650,1750,0.00004116,0.93474843,0.01056615,0.05464424,0.00000001
power_04,1,POWER,4,active,34,3.604362,0,REST,1,POWER,0.547782,0.618593,1700,1800,0.00008752,0.54778201,0.00029515,0.45183531,0.00000000
power_04,1,POWER,4,active,35,3.704300,3,FLEXION,1,POWER,0.597536,0.542968,1750,1850,0.00039558,0.38840749,0.01366084,0.59753608,0.00000000
power_04,1,POWER,4,active,36,3.804698,1,POWER,1,POWER,0.911851,0.426828,1800,1900,0.00299323,0.91185125,0.00520665,0.07994884,0.00000002
power_04,1,POWER,4,active,37,3.909152,1,POWER,1,POWER,0.978816,0.380019,1850,1950,0.00212248,0.97881642,0.00021031,0.01885028,0.00000051
power_04,1,POWER,4,active,38,4.005707,1,POWER,1,POWER,0.975243,0.320534,1900,2000,0.00683194,0.97524257,0.00654238,0.01138308,0.00000002
power_04,1,POWER,4,active,39,4.105712,1,POWER,1,POWER,0.928224,0.373284,1950,2050,0.02008178,0.92822438,0.02958000,0.02210965,0.00000419
power_04,1,POWER,4,active,40,4.208586,1,POWER,1,POWER,0.878916,0.359436,2000,2100,0.05254250,0.87891581,0.03648199,0.03200942,0.00005027
power_04,1,POWER,4,active,41,4.305691,1,POWER,1,POWER,0.968403,0.318721,2050,2150,0.01060126,0.96840343,0.01209970,0.00889519,0.00000042
power_04,1,POWER,4,active,42,4.406325,1,POWER,1,POWER,0.987912,0.279141,2100,2200,0.00538655,0.98791207,0.00235239,0.00434887,0.00000012
power_04,1,POWER,4,active,43,4.505655,1,POWER,1,POWER,0.973399,0.251060,2150,2250,0.00111630,0.97339946,0.02288971,0.00259442,0.00000011
power_04,1,POWER,4,active,44,4.605801,1,POWER,1,POWER,0.913107,0.265581,2200,2300,0.00971412,0.91310676,0.05595686,0.02121551,0.00000676
power_04,1,POWER,4,active,45,4.706203,1,POWER,1,POWER,0.870467,0.255243,2250,2350,0.00326913,0.87046730,0.01035118,0.11591238,0.00000000
power_04,1,POWER,4,active,46,4.806950,1,POWER,1,POWER,0.978096,0.269700,2300,2400,0.00427361,0.97809555,0.00037031,0.01726053,0.00000000
power_05,1,POWER,5,countdown,0,0.197571,4,EXTENSION,4,EXTENSION,1.000000,1.000000,0,100,0.00000000,0.00000000,0.00000000,0.00000000,1.00000000
power_05,1,POWER,5,countdown,1,0.297044,3,FLEXION,4,EXTENSION,0.952731,1.000000,50,150,0.00105978,0.00003475,0.02070537,0.95273077,0.02546932
power_05,1,POWER,5,countdown,2,0.397352,3,FLEXION,3,FLEXION,0.900950,0.960827,100,200,0.01064320,0.05512503,0.03283128,0.90095022,0.00045027
power_05,1,POWER,5,countdown,3,0.497011,1,POWER,3,FLEXION,0.846282,0.467035,150,250,0.00844078,0.84628214,0.01102782,0.13423650,0.00001277
power_05,1,POWER,5,countdown,4,0.597434,1,POWER,3,FLEXION,0.986910,0.181598,200,300,0.00287061,0.98690982,0.00258126,0.00763785,0.00000045
power_05,1,POWER,5,countdown,5,0.698433,1,POWER,1,POWER,0.994625,0.201727,250,350,0.00257819,0.99462490,0.00164986,0.00114703,0.00000002
power_05,1,POWER,5,countdown,6,0.798722,1,POWER,1,POWER,0.989919,0.044430,300,400,0.00607434,0.98991881,0.00341531,0.00059153,0.00000001
power_05,1,POWER,5,countdown,7,0.899950,1,POWER,1,POWER,0.981083,0.000000,350,450,0.01557552,0.98108264,0.00161174,0.00173009,0.00000000
power_05,1,POWER,5,countdown,8,0.999079,1,POWER,1,POWER,0.861888,0.000000,400,500,0.13091596,0.86188774,0.00454124,0.00265506,0.00000000
power_05,1,POWER,5,countdown,9,1.099121,0,REST,1,POWER,0.645840,0.000000,450,550,0.64583979,0.34550949,0.00749793,0.00115276,0.00000002
power_05,1,POWER,5,countdown,10,1.199132,0,REST,1,POWER,0.979861,0.000000,500,600,0.97986084,0.01942564,0.00067440,0.00003912,0.00000000
power_05,1,POWER,5,countdown,11,1.299103,0,REST,0,REST,0.998796,0.000000,550,650,0.99879649,0.00115453,0.00004703,0.00000195,0.00000000
power_05,1,POWER,5,countdown,12,1.400938,0,REST,0,REST,0.984832,0.000000,600,700,0.98483190,0.01481113,0.00031697,0.00003999,0.00000000
power_05,1,POWER,5,countdown,13,1.500254,0,REST,0,REST,0.876497,0.000000,650,750,0.87649728,0.12176479,0.00156071,0.00017722,0.00000000
power_05,1,POWER,5,countdown,14,1.599774,0,REST,0,REST,0.963415,0.000000,700,800,0.96341535,0.03515243,0.00139833,0.00003389,0.00000000
power_05,1,POWER,5,countdown,15,1.700528,0,REST,0,REST,0.997539,0.000000,750,850,0.99753916,0.00143141,0.00102546,0.00000396,0.00000000
power_05,1,POWER,5,countdown,16,1.800099,0,REST,0,REST,0.992269,0.000000,800,900,0.99226861,0.00679223,0.00091783,0.00002133,0.00000000
power_05,1,POWER,5,countdown,17,1.902012,0,REST,0,REST,0.983888,0.000000,850,950,0.98388817,0.01457016,0.00151264,0.00002902,0.00000000
power_05,1,POWER,5,countdown,18,2.000738,0,REST,0,REST,0.996855,0.000000,900,1000,0.99685520,0.00149294,0.00164852,0.00000333,0.00000000
power_05,1,POWER,5,countdown,19,2.100461,0,REST,0,REST,0.989919,0.000000,950,1050,0.98991891,0.00525035,0.00481931,0.00001142,0.00000000
power_05,1,POWER,5,countdown,20,2.201040,0,REST,0,REST,0.975304,0.000000,1000,1100,0.97530400,0.02354012,0.00109853,0.00005735,0.00000000
power_05,1,POWER,5,countdown,21,2.300952,0,REST,0,REST,0.992464,0.000000,1050,1150,0.99246385,0.00745880,0.00004735,0.00003000,0.00000000
power_05,1,POWER,5,countdown,22,2.402096,0,REST,0,REST,0.981337,0.000000,1100,1200,0.98133713,0.01852818,0.00009299,0.00004169,0.00000000
power_05,1,POWER,5,countdown,23,2.501036,0,REST,0,REST,0.903452,0.000000,1150,1250,0.90345178,0.09464853,0.00163424,0.00026544,0.00000002
power_05,1,POWER,5,countdown,24,2.601445,0,REST,0,REST,0.928912,0.000000,1200,1300,0.92891216,0.06578708,0.00494058,0.00036016,0.00000001
power_05,1,POWER,5,countdown,25,2.710083,0,REST,0,REST,0.998420,0.000000,1250,1350,0.99842004,0.00119324,0.00037961,0.00000711,0.00000000
power_05,1,POWER,5,countdown,26,2.801858,0,REST,0,REST,0.997882,0.000000,1300,1400,0.99788193,0.00149598,0.00061742,0.00000467,0.00000000
power_05,1,POWER,5,countdown,27,2.902377,0,REST,0,REST,0.825216,0.000000,1350,1450,0.82521619,0.17114494,0.00324976,0.00038910,0.00000000
power_05,1,POWER,5,active,28,3.002153,0,REST,0,REST,0.562685,0.000000,1400,1500,0.56268506,0.43535988,0.00099117,0.00096351,0.00000038
power_05,1,POWER,5,active,29,3.102355,1,POWER,0,REST,0.942852,0.000000,1450,1550,0.00309445,0.94285215,0.00139589,0.05243566,0.00022185
power_05,1,POWER,5,active,30,3.202627,4,EXTENSION,0,REST,0.994538,0.000000,1500,1600,0.00000000,0.00282800,0.00138523,0.00124916,0.99453761
power_05,1,POWER,5,active,31,3.302701,3,FLEXION,0,REST,0.879976,0.000000,1550,1650,0.00000000,0.11008343,0.00014284,0.87997576,0.00979797
power_05,1,POWER,5,active,32,3.402707,3,FLEXION,0,REST,0.989996,0.000000,1600,1700,0.00000001,0.01000365,0.00000004,0.98999629,0.00000000
power_05,1,POWER,5,active,33,3.503374,3,FLEXION,3,FLEXION,0.557754,0.348314,1650,1750,0.00000111,0.44150773,0.00073690,0.55775425,0.00000000
power_05,1,POWER,5,active,34,3.604042,1,POWER,3,FLEXION,0.561364,0.228138,1700,1800,0.00006991,0.56136416,0.02573737,0.41282856,0.00000000
power_05,1,POWER,5,active,35,3.704193,1,POWER,3,FLEXION,0.910149,0.184877,1750,1850,0.00008167,0.91014929,0.00238345,0.08738558,0.00000000
power_05,1,POWER,5,active,36,3.804945,1,POWER,1,POWER,0.966335,0.334936,1800,1900,0.00007105,0.96633526,0.00560168,0.02799201,0.00000000
power_05,1,POWER,5,active,37,3.903967,1,POWER,1,POWER,0.873884,0.342372,1850,1950,0.00039056,0.87388381,0.08405013,0.04167550,0.00000000
power_05,1,POWER,5,active,38,4.004644,1,POWER,1,POWER,0.898392,0.327130,1900,2000,0.02095487,0.89839216,0.06891964,0.01173053,0.00000279
power_05,1,POWER,5,active,39,4.104984,1,POWER,1,POWER,0.981021,0.365846,1950,2050,0.00617653,0.98102121,0.00138749,0.01141473,0.00000005
power_05,1,POWER,5,active,40,4.205095,1,POWER,1,POWER,0.984211,0.394811,2000,2100,0.00030966,0.98421058,0.00039065,0.01508911,0.00000000
power_05,1,POWER,5,active,41,4.305104,1,POWER,1,POWER,0.951098,0.337520,2050,2150,0.00011871,0.95109847,0.04778106,0.00100175,0.00000001
power_05,1,POWER,5,active,42,4.404944,1,POWER,1,POWER,0.569412,0.314385,2100,2200,0.00030089,0.56941204,0.42798297,0.00230390,0.00000020
power_05,1,POWER,5,active,43,4.505860,1,POWER,1,POWER,0.793909,0.320051,2150,2250,0.01547481,0.79390907,0.15204368,0.03857210,0.00000034
power_05,1,POWER,5,active,44,4.605607,1,POWER,1,POWER,0.968368,0.261852,2200,2300,0.01672440,0.96836794,0.00552861,0.00937379,0.00000525
power_05,1,POWER,5,active,45,4.706029,1,POWER,1,POWER,0.986012,0.229542,2250,2350,0.00202539,0.98601201,0.00256017,0.00940232,0.00000011
power_05,1,POWER,5,active,46,4.805982,1,POWER,1,POWER,0.960284,0.284085,2300,2400,0.00427680,0.96028382,0.02301024,0.01242824,0.00000090
power_05,1,POWER,5,active,47,4.906009,1,POWER,1,POWER,0.957648,0.266891,2350,2450,0.02625869,0.95764842,0.01039887,0.00569363,0.00000039
power_05,1,POWER,5,active,48,5.006356,1,POWER,1,POWER,0.991157,0.281521,2400,2500,0.00104444,0.99115742,0.00185091,0.00594721,0.00000002
power_05,1,POWER,5,active,49,5.106863,1,POWER,1,POWER,0.957665,0.272807,2450,2550,0.00201121,0.95766533,0.03245653,0.00786682,0.00000012
power_05,1,POWER,5,active,50,5.206935,1,POWER,1,POWER,0.878124,0.233001,2500,2600,0.00427444,0.87812441,0.10844702,0.00915412,0.00000001
power_05,1,POWER,5,active,51,5.306698,1,POWER,1,POWER,0.880356,0.283977,2550,2650,0.01041873,0.88035637,0.08529415,0.02393075,0.00000000
power_05,1,POWER,5,active,52,5.406672,1,POWER,1,POWER,0.903335,0.287894,2600,2700,0.01886386,0.90333527,0.00291327,0.07488760,0.00000000
power_05,1,POWER,5,active,53,5.507644,1,POWER,1,POWER,0.962051,0.253705,2650,2750,0.00041009,0.96205148,0.00029885,0.03723958,0.00000000
open_01,2,OPEN,1,countdown,0,0.197425,4,EXTENSION,4,EXTENSION,1.000000,1.000000,0,100,0.00000000,0.00000000,0.00000000,0.00000000,1.00000000
open_01,2,OPEN,1,countdown,1,0.297715,3,FLEXION,4,EXTENSION,0.657812,1.000000,50,150,0.00108762,0.00003252,0.25776321,0.65781214,0.08330450
open_01,2,OPEN,1,countdown,2,0.398062,0,REST,4,EXTENSION,0.541424,1.000000,100,200,0.01056365,0.05242359,0.39439311,0.54142418,0.00119547
open_01,2,OPEN,1,countdown,3,0.498614,1,POWER,4,EXTENSION,0.770994,0.507802,150,250,0.00735335,0.77099447,0.13424633,0.08740115,0.00000471
open_01,2,OPEN,1,countdown,4,0.598820,1,POWER,4,EXTENSION,0.954781,0.137078,200,300,0.00598118,0.95478101,0.03425954,0.00497823,0.00000003
open_01,2,OPEN,1,countdown,5,0.699278,1,POWER,1,POWER,0.921415,0.189527,250,350,0.03642416,0.92141497,0.04138399,0.00077688,0.00000000
open_01,2,OPEN,1,countdown,6,0.798897,1,POWER,1,POWER,0.934033,0.048657,300,400,0.04046875,0.93403311,0.02504277,0.00045537,0.00000000
open_01,2,OPEN,1,countdown,7,0.898951,1,POWER,1,POWER,0.971202,0.000000,350,450,0.01312804,0.97120194,0.01505224,0.00061778,0.00000001
open_01,2,OPEN,1,countdown,8,0.999802,1,POWER,1,POWER,0.769329,0.000000,400,500,0.19247857,0.76932920,0.03772504,0.00046684,0.00000035
open_01,2,OPEN,1,countdown,9,1.099480,0,REST,1,POWER,0.826898,0.000000,450,550,0.82689827,0.15917162,0.01388881,0.00004125,0.00000005
open_01,2,OPEN,1,countdown,10,1.199537,0,REST,1,POWER,0.995591,0.000000,500,600,0.99559136,0.00380082,0.00060504,0.00000278,0.00000000
open_01,2,OPEN,1,countdown,11,1.300418,0,REST,0,REST,0.995218,0.000000,550,650,0.99521841,0.00437773,0.00039969,0.00000417,0.00000001
open_01,2,OPEN,1,countdown,12,1.400549,0,REST,0,REST,0.966753,0.000000,600,700,0.96675336,0.03204866,0.00117651,0.00002147,0.00000000
open_01,2,OPEN,1,countdown,13,1.502081,0,REST,0,REST,0.987281,0.000000,650,750,0.98728066,0.01196758,0.00073692,0.00001484,0.00000000
open_01,2,OPEN,1,countdown,14,1.600424,0,REST,0,REST,0.940926,0.000000,700,800,0.94092595,0.05846395,0.00054091,0.00006919,0.00000000
open_01,2,OPEN,1,countdown,15,1.700827,0,REST,0,REST,0.950616,0.000000,750,850,0.95061582,0.04887816,0.00048338,0.00002263,0.00000000
open_01,2,OPEN,1,countdown,16,1.801537,0,REST,0,REST,0.963511,0.000000,800,900,0.96351130,0.03549568,0.00096965,0.00002337,0.00000000
open_01,2,OPEN,1,countdown,17,1.901178,0,REST,0,REST,0.995169,0.000000,850,950,0.99516903,0.00402353,0.00078878,0.00001866,0.00000000
open_01,2,OPEN,1,countdown,18,2.001810,0,REST,0,REST,0.987965,0.000000,900,1000,0.98796481,0.01005673,0.00195899,0.00001947,0.00000000
open_01,2,OPEN,1,countdown,19,2.101930,0,REST,0,REST,0.960217,0.000000,950,1050,0.96021657,0.03784715,0.00192123,0.00001505,0.00000000
open_01,2,OPEN,1,countdown,20,2.201615,0,REST,0,REST,0.995181,0.000000,1000,1100,0.99518123,0.00469692,0.00011524,0.00000661,0.00000000
open_01,2,OPEN,1,countdown,21,2.304553,0,REST,0,REST,0.997043,0.000000,1050,1150,0.99704310,0.00284346,0.00010787,0.00000556,0.00000000
open_01,2,OPEN,1,countdown,22,2.402149,0,REST,0,REST,0.998259,0.000000,1100,1200,0.99825886,0.00156418,0.00017442,0.00000255,0.00000000
open_01,2,OPEN,1,countdown,23,2.501894,0,REST,0,REST,0.995408,0.000000,1150,1250,0.99540771,0.00418276,0.00040091,0.00000862,0.00000000
open_01,2,OPEN,1,countdown,24,2.602215,0,REST,0,REST,0.996580,0.000000,1200,1300,0.99658018,0.00306466,0.00034832,0.00000684,0.00000000
open_01,2,OPEN,1,countdown,25,2.702867,0,REST,0,REST,0.999028,0.000000,1250,1350,0.99902802,0.00080030,0.00016993,0.00000175,0.00000000
open_01,2,OPEN,1,countdown,26,2.803681,0,REST,0,REST,0.998453,0.000000,1300,1400,0.99845290,0.00104704,0.00049918,0.00000088,0.00000000
open_01,2,OPEN,1,countdown,27,2.903360,0,REST,0,REST,0.998959,0.000000,1350,1450,0.99895880,0.00039460,0.00064633,0.00000027,0.00000000
open_01,2,OPEN,1,active,28,3.003097,0,REST,0,REST,0.999752,0.000000,1400,1500,0.99975199,0.00012590,0.00012195,0.00000016,0.00000000
open_01,2,OPEN,1,active,29,3.103378,0,REST,0,REST,0.999573,0.000000,1450,1550,0.99957306,0.00030093,0.00012551,0.00000051,0.00000000
open_01,2,OPEN,1,active,30,3.203902,0,REST,0,REST,0.465393,0.000000,1500,1600,0.39833379,0.13597061,0.46539314,0.00030246,0.00000000
open_01,2,OPEN,1,active,31,3.303779,2,OPEN,0,REST,0.995723,0.000000,1550,1650,0.00000052,0.00424928,0.99572337,0.00000564,0.00002119
open_01,2,OPEN,1,active,32,3.403541,2,OPEN,0,REST,0.999836,0.000000,1600,1700,0.00000000,0.00001154,0.99983562,0.00000001,0.00015283
open_01,2,OPEN,1,active,33,3.504585,2,OPEN,2,OPEN,0.999527,1.000000,1650,1750,0.00000019,0.00039315,0.99952685,0.00000103,0.00007878
open_01,2,OPEN,1,active,34,3.604843,2,OPEN,2,OPEN,0.995597,1.000000,1700,1800,0.00000000,0.00000219,0.99559682,0.00000001,0.00440098
open_01,2,OPEN,1,active,35,3.704203,2,OPEN,2,OPEN,0.953936,1.000000,1750,1850,0.00000000,0.00000110,0.95393557,0.00000000,0.04606333
open_01,2,OPEN,1,active,36,3.806590,2,OPEN,2,OPEN,0.999768,0.870445,1800,1900,0.00000000,0.00005306,0.99976753,0.00000005,0.00017936
open_01,2,OPEN,1,active,37,3.905040,2,OPEN,2,OPEN,0.999998,0.725130,1850,1950,0.00000000,0.00000188,0.99999810,0.00000002,0.00000000
open_01,2,OPEN,1,active,38,4.007411,2,OPEN,2,OPEN,0.999999,0.737490,1900,2000,0.00000000,0.00000074,0.99999926,0.00000000,0.00000000
open_01,2,OPEN,1,active,39,4.105645,2,OPEN,2,OPEN,0.995912,0.726583,1950,2050,0.00000000,0.00000309,0.99591193,0.00000000,0.00408498
open_01,2,OPEN,1,active,40,4.205694,2,OPEN,2,OPEN,0.999978,0.716289,2000,2100,0.00000004,0.00002042,0.99997757,0.00000004,0.00000194
open_01,2,OPEN,1,active,41,4.305227,2,OPEN,2,OPEN,0.999949,0.681092,2050,2150,0.00000041,0.00005032,0.99994871,0.00000056,0.00000000
open_01,2,OPEN,1,active,42,4.406157,2,OPEN,2,OPEN,0.999998,0.573385,2100,2200,0.00000001,0.00000190,0.99999809,0.00000000,0.00000000
open_01,2,OPEN,1,active,43,4.505737,2,OPEN,2,OPEN,1.000000,0.466899,2150,2250,0.00000000,0.00000009,0.99999991,0.00000000,0.00000000
open_02,2,OPEN,2,countdown,0,0.199695,4,EXTENSION,4,EXTENSION,1.000000,1.000000,0,100,0.00000000,0.00000000,0.00000000,0.00000000,1.00000000
open_02,2,OPEN,2,countdown,1,0.300045,0,REST,4,EXTENSION,0.490410,1.000000,50,150,0.00123000,0.00002604,0.49041050,0.33545315,0.17288031
open_02,2,OPEN,2,countdown,2,0.399907,0,REST,0,REST,0.490082,0.000000,100,200,0.01354446,0.05264754,0.49008195,0.44185072,0.00187532
open_02,2,OPEN,2,countdown,3,0.500082,1,POWER,0,REST,0.817357,0.000000,150,250,0.01036451,0.81735731,0.09601905,0.07623366,0.00002547
open_02,2,OPEN,2,countdown,4,0.599849,1,POWER,0,REST,0.957285,0.000000,200,300,0.00410400,0.95728490,0.03110997,0.00750099,0.00000014
open_02,2,OPEN,2,countdown,5,0.702914,1,POWER,1,POWER,0.970180,0.188816,250,350,0.00417434,0.97017999,0.02414232,0.00150333,0.00000001
open_02,2,OPEN,2,countdown,6,0.800220,1,POWER,1,POWER,0.967644,0.051781,300,400,0.01288740,0.96764433,0.01886980,0.00059846,0.00000001
open_02,2,OPEN,2,countdown,7,0.900775,1,POWER,1,POWER,0.931139,0.000000,350,450,0.06190531,0.93113878,0.00606434,0.00089156,0.00000000
open_02,2,OPEN,2,countdown,8,1.003778,0,REST,1,POWER,0.505127,0.000000,400,500,0.49162100,0.50512689,0.00224611,0.00100600,0.00000000
open_02,2,OPEN,2,countdown,9,1.101473,0,REST,1,POWER,0.782112,0.000000,450,550,0.78211153,0.21260105,0.00483403,0.00045338,0.00000000
open_02,2,OPEN,2,countdown,10,1.201556,0,REST,0,REST,0.693509,0.000000,500,600,0.69350892,0.30374934,0.00199101,0.00075056,0.00000017
open_02,2,OPEN,2,countdown,11,1.301796,0,REST,0,REST,0.989170,0.000000,550,650,0.98916999,0.01057342,0.00022274,0.00003385,0.00000000
open_02,2,OPEN,2,countdown,12,1.401866,0,REST,0,REST,0.997355,0.000000,600,700,0.99735496,0.00252857,0.00010512,0.00001135,0.00000000
open_02,2,OPEN,2,countdown,13,1.502040,0,REST,0,REST,0.989802,0.000000,650,750,0.98980161,0.01002991,0.00014418,0.00002430,0.00000000
open_02,2,OPEN,2,countdown,14,1.602559,0,REST,0,REST,0.997096,0.000000,700,800,0.99709630,0.00281070,0.00008535,0.00000765,0.00000000
open_02,2,OPEN,2,countdown,15,1.704334,0,REST,0,REST,0.990393,0.000000,750,850,0.99039344,0.00949837,0.00005937,0.00004882,0.00000000
open_02,2,OPEN,2,countdown,16,1.802143,0,REST,0,REST,0.906345,0.000000,800,900,0.90634467,0.09319544,0.00027810,0.00018179,0.00000000
open_02,2,OPEN,2,countdown,17,1.903037,0,REST,0,REST,0.978460,0.000000,850,950,0.97845957,0.02112053,0.00037762,0.00004227,0.00000001
open_02,2,OPEN,2,countdown,18,2.003495,0,REST,0,REST,0.999128,0.000000,900,1000,0.99912792,0.00082057,0.00004938,0.00000212,0.00000000
open_02,2,OPEN,2,countdown,19,2.102868,0,REST,0,REST,0.997248,0.000000,950,1050,0.99724757,0.00270736,0.00003821,0.00000687,0.00000000
open_02,2,OPEN,2,countdown,20,2.203622,0,REST,0,REST,0.958110,0.000000,1000,1100,0.95811044,0.04115058,0.00067698,0.00006199,0.00000000
open_02,2,OPEN,2,countdown,21,2.303440,0,REST,0,REST,0.961766,0.000000,1050,1150,0.96176570,0.03715950,0.00099419,0.00008061,0.00000000
open_02,2,OPEN,2,countdown,22,2.404123,0,REST,0,REST,0.966717,0.000000,1100,1200,0.96671710,0.03305536,0.00014790,0.00007964,0.00000000
open_02,2,OPEN,2,countdown,23,2.506880,0,REST,0,REST,0.950782,0.000000,1150,1250,0.95078220,0.04872538,0.00041867,0.00007375,0.00000000
open_02,2,OPEN,2,countdown,24,2.604039,0,REST,0,REST,0.989689,0.000000,1200,1300,0.98968947,0.00994780,0.00034832,0.00001441,0.00000000
open_02,2,OPEN,2,countdown,25,2.704523,0,REST,0,REST,0.994373,0.000000,1250,1350,0.99437327,0.00550331,0.00011278,0.00001064,0.00000000
open_02,2,OPEN,2,countdown,26,2.804510,0,REST,0,REST,0.995106,0.000000,1300,1400,0.99510612,0.00474134,0.00014924,0.00000331,0.00000000
open_02,2,OPEN,2,countdown,27,2.905088,0,REST,0,REST,0.998474,0.000000,1350,1450,0.99847400,0.00131609,0.00020873,0.00000117,0.00000000
open_02,2,OPEN,2,active,28,3.005763,0,REST,0,REST,0.999348,0.000000,1400,1500,0.99934752,0.00047851,0.00017342,0.00000055,0.00000000
open_02,2,OPEN,2,active,29,3.104597,2,OPEN,0,REST,0.982560,0.000000,1450,1550,0.00087592,0.01655273,0.98255986,0.00001149,0.00000000
open_02,2,OPEN,2,active,30,3.206977,2,OPEN,0,REST,0.998825,0.000000,1500,1600,0.00000000,0.00001668,0.99882482,0.00000000,0.00115850
open_02,2,OPEN,2,active,31,3.305260,4,EXTENSION,0,REST,0.995650,0.000000,1550,1650,0.00000000,0.00000002,0.00435042,0.00000000,0.99564956
open_02,2,OPEN,2,active,32,3.406014,2,OPEN,2,OPEN,0.999723,1.000000,1600,1700,0.00000006,0.00000237,0.99972283,0.00000003,0.00027472
open_02,2,OPEN,2,active,33,3.507231,2,OPEN,2,OPEN,0.999993,0.906602,1650,1750,0.00000000,0.00000021,0.99999292,0.00000000,0.00000687
open_02,2,OPEN,2,active,34,3.606150,2,OPEN,2,OPEN,0.998016,0.828748,1700,1800,0.00000000,0.00000979,0.99801623,0.00000000,0.00197398
open_02,2,OPEN,2,active,35,3.706195,2,OPEN,2,OPEN,0.997707,0.776275,1750,1850,0.00000003,0.00000239,0.99770744,0.00000001,0.00229014
open_02,2,OPEN,2,active,36,3.806729,2,OPEN,2,OPEN,0.999993,0.688377,1800,1900,0.00000000,0.00000015,0.99999252,0.00000000,0.00000733
open_02,2,OPEN,2,active,37,3.906217,2,OPEN,2,OPEN,1.000000,0.572558,1850,1950,0.00000000,0.00000009,0.99999991,0.00000000,0.00000000
open_02,2,OPEN,2,active,38,4.006673,2,OPEN,2,OPEN,1.000000,0.560947,1900,2000,0.00000000,0.00000031,0.99999969,0.00000000,0.00000000
open_02,2,OPEN,2,active,39,4.107820,2,OPEN,2,OPEN,0.999958,0.606374,1950,2050,0.00000000,0.00004216,0.99995781,0.00000002,0.00000000
open_02,2,OPEN,2,active,40,4.207045,2,OPEN,2,OPEN,0.999358,0.560151,2000,2100,0.00000023,0.00064140,0.99935822,0.00000014,0.00000001
open_02,2,OPEN,2,active,41,4.308481,2,OPEN,2,OPEN,0.998427,0.470861,2050,2150,0.00001013,0.00156162,0.99842674,0.00000140,0.00000011
open_02,2,OPEN,2,active,42,4.407341,2,OPEN,2,OPEN,0.999548,0.507227,2100,2200,0.00000034,0.00044982,0.99954786,0.00000005,0.00000193
open_03,2,OPEN,3,countdown,0,0.198013,4,EXTENSION,4,EXTENSION,1.000000,1.000000,0,100,0.00000000,0.00000000,0.00000000,0.00000000,1.00000000
open_03,2,OPEN,3,countdown,1,0.298161,3,FLEXION,4,EXTENSION,0.763076,1.000000,50,150,0.00115348,0.00003155,0.10139405,0.76307560,0.13434533
open_03,2,OPEN,3,countdown,2,0.398967,3,FLEXION,3,FLEXION,0.753178,0.949699,100,200,0.01532975,0.06742274,0.16147188,0.75317759,0.00259804
open_03,2,OPEN,3,countdown,3,0.502407,1,POWER,3,FLEXION,0.871775,0.469951,150,250,0.01033247,0.87177526,0.03601496,0.08180619,0.00007112
open_03,2,OPEN,3,countdown,4,0.598542,1,POWER,3,FLEXION,0.981677,0.181509,200,300,0.00336429,0.98167652,0.01037486,0.00458382,0.00000051
open_03,2,OPEN,3,countdown,5,0.699099,1,POWER,1,POWER,0.990177,0.209614,250,350,0.00170267,0.99017716,0.00740009,0.00072006,0.00000001
open_03,2,OPEN,3,countdown,6,0.798754,1,POWER,1,POWER,0.987926,0.055980,300,400,0.00775624,0.98792642,0.00367429,0.00064304,0.00000000
open_03,2,OPEN,3,countdown,7,0.899909,1,POWER,1,POWER,0.963013,0.000000,350,450,0.03289392,0.96301290,0.00270795,0.00138521,0.00000002
open_03,2,OPEN,3,countdown,8,0.999477,1,POWER,1,POWER,0.875759,0.000000,400,500,0.12009191,0.87575927,0.00342197,0.00072681,0.00000004
open_03,2,OPEN,3,countdown,9,1.099943,0,REST,1,POWER,0.626645,0.000000,450,550,0.62664467,0.37105139,0.00204222,0.00026171,0.00000001
open_03,2,OPEN,3,countdown,10,1.199729,0,REST,1,POWER,0.975030,0.000000,500,600,0.97503041,0.02470505,0.00022998,0.00003455,0.00000000
open_03,2,OPEN,3,countdown,11,1.299810,0,REST,0,REST,0.953981,0.000000,550,650,0.95398093,0.04540274,0.00051932,0.00009701,0.00000000
open_03,2,OPEN,3,countdown,12,1.400909,0,REST,0,REST,0.938183,0.000000,600,700,0.93818270,0.06155440,0.00016599,0.00009691,0.00000000
open_03,2,OPEN,3,countdown,13,1.500864,0,REST,0,REST,0.979181,0.000000,650,750,0.97918147,0.02076611,0.00003607,0.00001634,0.00000000
open_03,2,OPEN,3,countdown,14,1.600707,0,REST,0,REST,0.988200,0.000000,700,800,0.98819966,0.01127023,0.00052557,0.00000454,0.00000000
open_03,2,OPEN,3,countdown,15,1.703638,0,REST,0,REST,0.991828,0.000000,750,850,0.99182788,0.00749088,0.00067703,0.00000421,0.00000000
open_03,2,OPEN,3,countdown,16,1.801870,0,REST,0,REST,0.993393,0.000000,800,900,0.99339254,0.00607543,0.00052336,0.00000867,0.00000000
open_03,2,OPEN,3,countdown,17,1.901545,0,REST,0,REST,0.999185,0.000000,850,950,0.99918510,0.00056442,0.00024949,0.00000099,0.00000000
open_03,2,OPEN,3,countdown,18,2.002081,0,REST,0,REST,0.999483,0.000000,900,1000,0.99948288,0.00045600,0.00006026,0.00000085,0.00000000
open_03,2,OPEN,3,countdown,19,2.101830,0,REST,0,REST,0.996541,0.000000,950,1050,0.99654084,0.00316621,0.00028630,0.00000665,0.00000000
open_03,2,OPEN,3,countdown,20,2.202275,0,REST,0,REST,0.994309,0.000000,1000,1100,0.99430938,0.00451856,0.00116277,0.00000929,0.00000000
open_03,2,OPEN,3,countdown,21,2.302520,0,REST,0,REST,0.997181,0.000000,1050,1150,0.99718119,0.00229731,0.00051752,0.00000398,0.00000000
open_03,2,OPEN,3,countdown,22,2.402368,0,REST,0,REST,0.994452,0.000000,1100,1200,0.99445163,0.00523854,0.00030171,0.00000812,0.00000000
open_03,2,OPEN,3,countdown,23,2.502796,0,REST,0,REST,0.989494,0.000000,1150,1250,0.98949420,0.01010575,0.00037578,0.00002428,0.00000000
open_03,2,OPEN,3,countdown,24,2.602451,0,REST,0,REST,0.998924,0.000000,1200,1300,0.99892372,0.00098297,0.00009124,0.00000207,0.00000000
open_03,2,OPEN,3,countdown,25,2.703235,0,REST,0,REST,0.999908,0.000000,1250,1350,0.99990822,0.00008448,0.00000722,0.00000007,0.00000000
open_03,2,OPEN,3,countdown,26,2.802879,0,REST,0,REST,0.999899,0.000000,1300,1400,0.99989852,0.00009501,0.00000616,0.00000031,0.00000000
open_03,2,OPEN,3,countdown,27,2.903971,0,REST,0,REST,0.999943,0.000000,1350,1450,0.99994321,0.00003037,0.00002622,0.00000019,0.00000000
open_03,2,OPEN,3,active,28,3.003939,0,REST,0,REST,0.999938,0.000000,1400,1500,0.99993819,0.00004382,0.00001787,0.00000012,0.00000000
open_03,2,OPEN,3,active,29,3.104038,2,OPEN,0,REST,0.990401,0.000000,1450,1550,0.00000742,0.00537921,0.99040092,0.00000006,0.00421239
open_03,2,OPEN,3,active,30,3.203900,4,EXTENSION,0,REST,0.999998,0.000000,1500,1600,0.00000000,0.00000000,0.00000161,0.00000000,0.99999839
open_03,2,OPEN,3,active,31,3.305246,4,EXTENSION,0,REST,0.999691,0.000000,1550,1650,0.00000000,0.00000002,0.00030918,0.00000000,0.99969080
open_03,2,OPEN,3,active,32,3.404218,4,EXTENSION,4,EXTENSION,0.999624,0.771081,1600,1700,0.00000000,0.00000000,0.00037648,0.00000000,0.99962352
open_03,2,OPEN,3,active,33,3.504686,4,EXTENSION,4,EXTENSION,0.934513,0.630717,1650,1750,0.00000000,0.00000040,0.06548648,0.00000000,0.93451312
open_03,2,OPEN,3,active,34,3.609195,2,OPEN,4,EXTENSION,0.680932,0.532678,1700,1800,0.00000008,0.00001179,0.68093187,0.00000046,0.31905580
open_03,2,OPEN,3,active,35,3.705083,2,OPEN,4,EXTENSION,0.999994,0.435153,1750,1850,0.00000000,0.00000492,0.99999421,0.00000009,0.00000078
open_03,2,OPEN,3,active,36,3.804849,2,OPEN,2,OPEN,0.999905,0.795462,1800,1900,0.00000002,0.00009309,0.99990539,0.00000147,0.00000003
open_03,2,OPEN,3,active,37,3.905298,2,OPEN,2,OPEN,0.996593,0.769627,1850,1950,0.00000040,0.00021329,0.99659319,0.00000012,0.00319300
open_03,2,OPEN,3,active,38,4.006724,2,OPEN,2,OPEN,0.999907,0.857377,1900,2000,0.00000000,0.00000122,0.99990703,0.00000000,0.00009174
open_03,2,OPEN,3,active,39,4.106043,2,OPEN,2,OPEN,0.693183,0.827735,1950,2050,0.00000001,0.00000582,0.69318348,0.00000000,0.30681069
open_03,2,OPEN,3,active,40,4.205825,4,EXTENSION,2,OPEN,0.973794,0.707572,2000,2100,0.00000037,0.00005098,0.02615483,0.00000003,0.97379379
open_03,2,OPEN,3,active,41,4.305894,2,OPEN,2,OPEN,0.999932,0.722663,2050,2150,0.00000016,0.00002573,0.99993236,0.00000001,0.00004175
open_03,2,OPEN,3,active,42,4.406575,2,OPEN,2,OPEN,0.999979,0.707865,2100,2200,0.00000007,0.00002063,0.99997922,0.00000008,0.00000001
open_03,2,OPEN,3,active,43,4.506456,2,OPEN,2,OPEN,0.999810,0.758754,2150,2250,0.00000096,0.00018087,0.99980984,0.00000831,0.00000002
open_03,2,OPEN,3,active,44,4.607174,2,OPEN,2,OPEN,0.999998,0.875160,2200,2300,0.00000000,0.00000146,0.99999835,0.00000001,0.00000019
open_03,2,OPEN,3,active,45,4.706814,2,OPEN,2,OPEN,0.999040,0.788345,2250,2350,0.00000106,0.00005003,0.99904033,0.00000008,0.00090849
open_03,2,OPEN,3,active,46,4.808328,0,REST,2,OPEN,0.533683,0.747096,2300,2400,0.00000584,0.00035142,0.46595994,0.00000025,0.53368255
open_03,2,OPEN,3,active,47,4.908189,2,OPEN,2,OPEN,0.990506,0.801538,2350,2450,0.00000025,0.00001493,0.99050631,0.00000020,0.00947830
open_03,2,OPEN,3,active,48,5.007974,2,OPEN,2,OPEN,0.999842,0.776815,2400,2500,0.00000260,0.00011691,0.99984199,0.00000791,0.00003059
open_03,2,OPEN,3,active,49,5.107789,2,OPEN,2,OPEN,0.999971,0.801891,2450,2550,0.00000110,0.00002558,0.99997137,0.00000029,0.00000166
open_03,2,OPEN,3,active,50,5.208116,2,OPEN,2,OPEN,0.999999,0.880698,2500,2600,0.00000001,0.00000015,0.99999914,0.00000001,0.00000070
open_03,2,OPEN,3,active,51,5.310023,2,OPEN,2,OPEN,0.999581,0.804989,2550,2650,0.00000009,0.00000026,0.99958128,0.00000001,0.00041835
open_03,2,OPEN,3,active,52,5.408646,2,OPEN,2,OPEN,0.967148,0.749323,2600,2700,0.00000168,0.00000186,0.96714777,0.00000000,0.03284870
open_03,2,OPEN,3,active,53,5.507994,2,OPEN,2,OPEN,0.999965,0.775475,2650,2750,0.00000008,0.00000176,0.99996548,0.00000000,0.00003268
open_03,2,OPEN,3,active,54,5.609984,2,OPEN,2,OPEN,0.999999,0.742667,2700,2800,0.00000000,0.00000077,0.99999923,0.00000000,0.00000000
open_03,2,OPEN,3,active,55,5.709193,2,OPEN,2,OPEN,1.000000,0.750564,2750,2850,0.00000001,0.00000027,0.99999965,0.00000000,0.00000007
open_03,2,OPEN,3,active,56,5.808786,2,OPEN,2,OPEN,0.999994,0.709181,2800,2900,0.00000103,0.00000372,0.99999412,0.00000001,0.00000112
open_03,2,OPEN,3,active,57,5.908818,2,OPEN,2,OPEN,0.999966,0.726990,2850,2950,0.00000007,0.00003382,0.99996577,0.00000035,0.00000000
open_04,2,OPEN,4,countdown,0,0.197722,4,EXTENSION,4,EXTENSION,1.000000,1.000000,0,100,0.00000000,0.00000000,0.00000000,0.00000000,1.00000000
open_04,2,OPEN,4,countdown,1,0.299515,2,OPEN,4,EXTENSION,0.818220,1.000000,50,150,0.00138692,0.00001122,0.81821986,0.12361190,0.05677011
open_04,2,OPEN,4,countdown,2,0.397568,2,OPEN,2,OPEN,0.825554,1.000000,100,200,0.00861038,0.02186416,0.82555431,0.14363855,0.00033260
open_04,2,OPEN,4,countdown,3,0.497494,1,POWER,2,OPEN,0.779983,1.000000,150,250,0.00987794,0.77998342,0.15452270,0.05560250,0.00001344
open_04,2,OPEN,4,countdown,4,0.597610,1,POWER,2,OPEN,0.856054,0.419311,200,300,0.01820638,0.85605388,0.11937568,0.00636404,0.00000002
open_04,2,OPEN,4,countdown,5,0.697771,1,POWER,1,POWER,0.833416,0.173185,250,350,0.01609578,0.83341621,0.14915028,0.00133773,0.00000000
open_04,2,OPEN,4,countdown,6,0.797993,1,POWER,1,POWER,0.827746,0.050224,300,400,0.08979622,0.82774641,0.07972209,0.00273527,0.00000000
open_04,2,OPEN,4,countdown,7,0.901774,1,POWER,1,POWER,0.841586,0.000000,350,450,0.13375127,0.84158645,0.01684694,0.00781534,0.00000000
open_04,2,OPEN,4,countdown,8,0.998900,1,POWER,1,POWER,0.791709,0.000000,400,500,0.19695225,0.79170934,0.00518965,0.00614876,0.00000000
open_04,2,OPEN,4,countdown,9,1.098771,0,REST,1,POWER,0.890981,0.000000,450,550,0.89098135,0.10696710,0.00155758,0.00049397,0.00000000
open_04,2,OPEN,4,countdown,10,1.198673,0,REST,1,POWER,0.975615,0.000000,500,600,0.97561491,0.02363367,0.00071892,0.00003250,0.00000000
open_04,2,OPEN,4,countdown,11,1.299601,0,REST,0,REST,0.965562,0.000000,550,650,0.96556176,0.03184177,0.00252354,0.00007293,0.00000000
open_04,2,OPEN,4,countdown,12,1.398944,0,REST,0,REST,0.958775,0.000000,600,700,0.95877475,0.03420908,0.00693111,0.00008506,0.00000000
open_04,2,OPEN,4,countdown,13,1.500099,0,REST,0,REST,0.977708,0.000000,650,750,0.97770787,0.01961253,0.00262990,0.00004971,0.00000000
open_04,2,OPEN,4,countdown,14,1.602186,0,REST,0,REST,0.997078,0.000000,700,800,0.99707759,0.00153849,0.00138096,0.00000296,0.00000000
open_04,2,OPEN,4,countdown,15,1.699808,0,REST,0,REST,0.992261,0.000000,750,850,0.99226124,0.00229725,0.00543853,0.00000298,0.00000000
open_04,2,OPEN,4,countdown,16,1.802694,0,REST,0,REST,0.990010,0.000000,800,900,0.99000983,0.00419992,0.00578163,0.00000861,0.00000000
open_04,2,OPEN,4,countdown,17,1.901060,0,REST,0,REST,0.998317,0.000000,850,950,0.99831707,0.00037461,0.00130749,0.00000083,0.00000000
open_04,2,OPEN,4,countdown,18,2.001045,0,REST,0,REST,0.995692,0.000000,900,1000,0.99569164,0.00337363,0.00093129,0.00000344,0.00000000
open_04,2,OPEN,4,countdown,19,2.100452,0,REST,0,REST,0.944588,0.000000,950,1050,0.94458799,0.05252885,0.00283832,0.00004484,0.00000000
open_04,2,OPEN,4,countdown,20,2.200915,0,REST,0,REST,0.968917,0.000000,1000,1100,0.96891689,0.02755169,0.00348739,0.00004402,0.00000001
open_04,2,OPEN,4,countdown,21,2.301084,0,REST,0,REST,0.988395,0.000000,1050,1150,0.98839544,0.01043516,0.00115465,0.00001475,0.00000000
open_04,2,OPEN,4,countdown,22,2.400953,0,REST,0,REST,0.992726,0.000000,1100,1200,0.99272560,0.00646695,0.00080322,0.00000422,0.00000000
open_04,2,OPEN,4,countdown,23,2.506183,0,REST,0,REST,0.996883,0.000000,1150,1250,0.99688255,0.00246918,0.00064683,0.00000144,0.00000000
open_04,2,OPEN,4,countdown,24,2.601558,0,REST,0,REST,0.995586,0.000000,1200,1300,0.99558562,0.00368495,0.00072448,0.00000495,0.00000000
open_04,2,OPEN,4,countdown,25,2.701482,0,REST,0,REST,0.997066,0.000000,1250,1350,0.99706602,0.00207009,0.00086190,0.00000198,0.00000000
open_04,2,OPEN,4,countdown,26,2.801745,0,REST,0,REST,0.999710,0.000000,1300,1400,0.99970984,0.00011723,0.00017274,0.00000020,0.00000000
open_04,2,OPEN,4,countdown,27,2.902455,0,REST,0,REST,0.998758,0.000000,1350,1450,0.99875803,0.00111669,0.00012272,0.00000255,0.00000000
open_04,2,OPEN,4,active,28,3.004021,0,REST,0,REST,0.994679,0.000000,1400,1500,0.99467889,0.00520271,0.00010907,0.00000933,0.00000000
open_04,2,OPEN,4,active,29,3.102753,0,REST,0,REST,0.997763,0.000000,1450,1550,0.99776271,0.00194267,0.00029210,0.00000251,0.00000000
open_04,2,OPEN,4,active,30,3.203049,0,REST,0,REST,0.997100,0.000000,1500,1600,0.99710008,0.00214218,0.00075406,0.00000369,0.00000000
open_04,2,OPEN,4,active,31,3.303529,2,OPEN,0,REST,0.998004,0.000000,1550,1650,0.00005411,0.00185158,0.99800423,0.00007430,0.00001577
open_04,2,OPEN,4,active,32,3.403819,2,OPEN,0,REST,0.997855,0.000000,1600,1700,0.00000000,0.00000894,0.99785501,0.00000003,0.00213601
open_04,2,OPEN,4,active,33,3.503793,2,OPEN,2,OPEN,0.998480,1.000000,1650,1750,0.00000004,0.00002342,0.99847959,0.00000007,0.00149687
open_04,2,OPEN,4,active,34,3.604028,2,OPEN,2,OPEN,0.999986,1.000000,1700,1800,0.00000005,0.00000713,0.99998591,0.00000141,0.00000549
open_04,2,OPEN,4,active,35,3.705513,2,OPEN,2,OPEN,0.999890,1.000000,1750,1850,0.00000002,0.00010586,0.99988971,0.00000150,0.00000291
open_04,2,OPEN,4,active,36,3.803597,2,OPEN,2,OPEN,0.999681,0.900038,1800,1900,0.00000000,0.00029950,0.99968075,0.00000006,0.00001969
open_04,2,OPEN,4,active,37,3.904535,2,OPEN,2,OPEN,0.999989,0.830968,1850,1950,0.00000000,0.00001132,0.99998863,0.00000003,0.00000001
open_04,2,OPEN,4,active,38,4.009501,2,OPEN,2,OPEN,1.000000,0.959872,1900,2000,0.00000000,0.00000004,0.99999995,0.00000000,0.00000000
open_04,2,OPEN,4,active,39,4.104490,2,OPEN,2,OPEN,0.999999,1.000000,1950,2050,0.00000000,0.00000060,0.99999940,0.00000000,0.00000000
open_04,2,OPEN,4,active,40,4.204905,2,OPEN,2,OPEN,0.999591,0.792498,2000,2100,0.00000002,0.00040909,0.99959061,0.00000014,0.00000014
open_04,2,OPEN,4,active,41,4.306567,2,OPEN,2,OPEN,0.999994,0.668241,2050,2150,0.00000000,0.00000623,0.99999376,0.00000000,0.00000000
open_04,2,OPEN,4,active,42,4.404665,2,OPEN,2,OPEN,0.999938,0.708322,2100,2200,0.00000009,0.00001450,0.99993807,0.00000000,0.00004735
open_04,2,OPEN,4,active,43,4.507034,2,OPEN,2,OPEN,0.683361,0.780111,2150,2250,0.00017062,0.00478217,0.68336098,0.00000370,0.31168252
open_04,2,OPEN,4,active,44,4.608407,2,OPEN,2,OPEN,0.999254,0.718486,2200,2300,0.00003279,0.00065687,0.99925414,0.00005577,0.00000043
open_04,2,OPEN,4,active,45,4.705730,2,OPEN,2,OPEN,0.999997,0.614760,2250,2350,0.00000009,0.00000243,0.99999722,0.00000025,0.00000000
open_04,2,OPEN,4,active,46,4.806583,2,OPEN,2,OPEN,1.000000,0.604391,2300,2400,0.00000001,0.00000040,0.99999958,0.00000001,0.00000000
open_04,2,OPEN,4,active,47,4.905640,2,OPEN,2,OPEN,0.999970,0.626782,2350,2450,0.00000144,0.00002627,0.99997040,0.00000038,0.00000151
open_04,2,OPEN,4,active,48,5.007873,2,OPEN,2,OPEN,0.968466,0.537544,2400,2500,0.00334567,0.02214396,0.96846593,0.00026087,0.00578358
open_04,2,OPEN,4,active,49,5.107118,2,OPEN,2,OPEN,0.997348,0.528339,2450,2550,0.00065070,0.00198902,0.99734818,0.00001209,0.00000001
open_04,2,OPEN,4,active,50,5.207721,2,OPEN,2,OPEN,0.999933,0.531322,2500,2600,0.00000653,0.00006013,0.99993305,0.00000029,0.00000000
open_04,2,OPEN,4,active,51,5.306721,2,OPEN,2,OPEN,0.999695,0.510088,2550,2650,0.00000154,0.00030317,0.99969494,0.00000034,0.00000000
open_04,2,OPEN,4,active,52,5.406719,2,OPEN,2,OPEN,1.000000,0.550165,2600,2700,0.00000000,0.00000029,0.99999971,0.00000000,0.00000000
open_04,2,OPEN,4,active,53,5.507790,2,OPEN,2,OPEN,1.000000,0.570848,2650,2750,0.00000000,0.00000018,0.99999982,0.00000000,0.00000000
open_04,2,OPEN,4,active,54,5.609627,2,OPEN,2,OPEN,0.999976,0.515582,2700,2800,0.00000088,0.00002333,0.99997578,0.00000001,0.00000000
open_05,2,OPEN,5,countdown,0,0.201733,4,EXTENSION,4,EXTENSION,1.000000,1.000000,0,100,0.00000000,0.00000000,0.00000000,0.00000000,1.00000000
open_05,2,OPEN,5,countdown,1,0.298080,4,EXTENSION,4,EXTENSION,0.743460,1.000000,50,150,0.00068099,0.00000429,0.08244551,0.17340955,0.74345966
open_05,2,OPEN,5,countdown,2,0.397717,3,FLEXION,4,EXTENSION,0.726918,1.000000,100,200,0.01880169,0.03214923,0.21357641,0.72691816,0.00855451
open_05,2,OPEN,5,countdown,3,0.497818,1,POWER,4,EXTENSION,0.785107,0.519382,150,250,0.01673760,0.78510706,0.05231374,0.14572659,0.00011501
open_05,2,OPEN,5,countdown,4,0.600320,1,POWER,4,EXTENSION,0.979826,0.140623,200,300,0.00340377,0.97982588,0.00516935,0.01159837,0.00000263
open_05,2,OPEN,5,countdown,5,0.700643,1,POWER,1,POWER,0.993296,0.179188,250,350,0.00232023,0.99329627,0.00242625,0.00195707,0.00000018
open_05,2,OPEN,5,countdown,6,0.798847,1,POWER,1,POWER,0.989678,0.027023,300,400,0.00492089,0.98967837,0.00366027,0.00174045,0.00000002
open_05,2,OPEN,5,countdown,7,0.899370,1,POWER,1,POWER,0.971282,0.000000,350,450,0.00972490,0.97128207,0.01810942,0.00088360,0.00000000
open_05,2,OPEN,5,countdown,8,0.999854,1,POWER,1,POWER,0.919473,0.000000,400,500,0.06600402,0.91947313,0.01327980,0.00124305,0.00000000
open_05,2,OPEN,5,countdown,9,1.099574,1,POWER,1,POWER,0.605310,0.000000,450,550,0.38990060,0.60531026,0.00157727,0.00321186,0.00000000
open_05,2,OPEN,5,countdown,10,1.199818,0,REST,1,POWER,0.915223,0.000000,500,600,0.91522256,0.08395109,0.00051573,0.00031062,0.00000000
open_05,2,OPEN,5,countdown,11,1.300157,0,REST,1,POWER,0.963896,0.000000,550,650,0.96389629,0.03594578,0.00009016,0.00006777,0.00000000
open_05,2,OPEN,5,countdown,12,1.399963,0,REST,0,REST,0.941790,0.000000,600,700,0.94179046,0.05796535,0.00018465,0.00005954,0.00000000
open_05,2,OPEN,5,countdown,13,1.500806,0,REST,0,REST,0.780021,0.000000,650,750,0.78002096,0.21868484,0.00118618,0.00010801,0.00000000
open_05,2,OPEN,5,countdown,14,1.600750,0,REST,0,REST,0.775190,0.000000,700,800,0.77519000,0.22363818,0.00105373,0.00011809,0.00000000
open_05,2,OPEN,5,countdown,15,1.702757,0,REST,0,REST,0.957427,0.000000,750,850,0.95742732,0.04236394,0.00015632,0.00005241,0.00000000
open_05,2,OPEN,5,countdown,16,1.800763,0,REST,0,REST,0.987946,0.000000,800,900,0.98794555,0.01200062,0.00003399,0.00001984,0.00000000
open_05,2,OPEN,5,countdown,17,1.900445,0,REST,0,REST,0.999173,0.000000,850,950,0.99917255,0.00076569,0.00006090,0.00000087,0.00000000
open_05,2,OPEN,5,countdown,18,2.000850,0,REST,0,REST,0.993229,0.000000,900,1000,0.99322881,0.00663416,0.00013253,0.00000449,0.00000000
open_05,2,OPEN,5,countdown,19,2.104826,0,REST,0,REST,0.953459,0.000000,950,1050,0.95345892,0.04624473,0.00020840,0.00008795,0.00000000
open_05,2,OPEN,5,countdown,20,2.201834,0,REST,0,REST,0.994560,0.000000,1000,1100,0.99455976,0.00534522,0.00007039,0.00002463,0.00000000
open_05,2,OPEN,5,countdown,21,2.301365,0,REST,0,REST,0.997020,0.000000,1050,1150,0.99701983,0.00296472,0.00000914,0.00000631,0.00000000
open_05,2,OPEN,5,countdown,22,2.401715,0,REST,0,REST,0.993410,0.000000,1100,1200,0.99341045,0.00654850,0.00002161,0.00001944,0.00000000
open_05,2,OPEN,5,countdown,23,2.501818,0,REST,0,REST,0.997615,0.000000,1150,1250,0.99761542,0.00233558,0.00004374,0.00000526,0.00000000
open_05,2,OPEN,5,countdown,24,2.602100,0,REST,0,REST,0.998824,0.000000,1200,1300,0.99882408,0.00116016,0.00001460,0.00000116,0.00000000
open_05,2,OPEN,5,countdown,25,2.702788,0,REST,0,REST,0.985082,0.000000,1250,1350,0.98508172,0.01479399,0.00003966,0.00008463,0.00000000
open_05,2,OPEN,5,countdown,26,2.802140,0,REST,0,REST,0.996879,0.000000,1300,1400,0.99687926,0.00304197,0.00005989,0.00001888,0.00000000
open_05,2,OPEN,5,countdown,27,2.902807,0,REST,0,REST,0.998086,0.000000,1350,1450,0.99808586,0.00188728,0.00002248,0.00000437,0.00000000
open_05,2,OPEN,5,active,28,3.003259,0,REST,0,REST,0.998627,0.000000,1400,1500,0.99862726,0.00135302,0.00001734,0.00000238,0.00000000
open_05,2,OPEN,5,active,29,3.103481,0,REST,0,REST,0.999699,0.000000,1450,1550,0.99969862,0.00026567,0.00003512,0.00000059,0.00000000
open_05,2,OPEN,5,active,30,3.202880,0,REST,0,REST,0.769554,0.000000,1500,1600,0.76955383,0.06614684,0.16413021,0.00016912,0.00000000
open_05,2,OPEN,5,active,31,3.303822,2,OPEN,0,REST,0.981892,0.000000,1550,1650,0.00000174,0.01806035,0.98189198,0.00004342,0.00000252
open_05,2,OPEN,5,active,32,3.403798,2,OPEN,0,REST,0.998816,0.000000,1600,1700,0.00000000,0.00000411,0.99881644,0.00000000,0.00117945
open_05,2,OPEN,5,active,33,3.504238,2,OPEN,2,OPEN,0.948015,1.000000,1650,1750,0.00000000,0.00000047,0.94801492,0.00000000,0.05198460
open_05,2,OPEN,5,active,34,3.604666,2,OPEN,2,OPEN,0.730641,1.000000,1700,1800,0.00000013,0.00005263,0.73064086,0.00000035,0.26930603
open_05,2,OPEN,5,active,35,3.704815,2,OPEN,2,OPEN,0.999990,1.000000,1750,1850,0.00000003,0.00000340,0.99998961,0.00000028,0.00000668
open_05,2,OPEN,5,active,36,3.804847,2,OPEN,2,OPEN,0.999890,1.000000,1800,1900,0.00000097,0.00003818,0.99989032,0.00000180,0.00006873
open_05,2,OPEN,5,active,37,3.904399,2,OPEN,2,OPEN,0.967261,0.937538,1850,1950,0.00001408,0.00083193,0.96726068,0.00000173,0.03189157
open_05,2,OPEN,5,active,38,4.005258,2,OPEN,2,OPEN,0.999948,0.827284,1900,2000,0.00000003,0.00000545,0.99994825,0.00000000,0.00004626
open_05,2,OPEN,5,active,39,4.104880,2,OPEN,2,OPEN,1.000000,0.672970,1950,2050,0.00000000,0.00000005,0.99999995,0.00000000,0.00000000
open_05,2,OPEN,5,active,40,4.205738,2,OPEN,2,OPEN,1.000000,0.743305,2000,2100,0.00000000,0.00000007,0.99999993,0.00000000,0.00000000
open_05,2,OPEN,5,active,41,4.305916,2,OPEN,2,OPEN,0.999995,0.789593,2050,2150,0.00000000,0.00000501,0.99999496,0.00000002,0.00000000
open_05,2,OPEN,5,active,42,4.405413,2,OPEN,2,OPEN,0.999854,0.740516,2100,2200,0.00000055,0.00014384,0.99985446,0.00000100,0.00000015
open_05,2,OPEN,5,active,43,4.505864,2,OPEN,2,OPEN,0.999747,0.635929,2150,2250,0.00000103,0.00024612,0.99974736,0.00000008,0.00000540
flexion_01,3,FLEXION,1,countdown,0,0.199957,4,EXTENSION,4,EXTENSION,1.000000,1.000000,0,100,0.00000000,0.00000000,0.00000000,0.00000000,1.00000000
flexion_01,3,FLEXION,1,countdown,1,0.299955,4,EXTENSION,4,EXTENSION,0.620153,1.000000,50,150,0.00037386,0.00000145,0.10434443,0.27512694,0.62015331
flexion_01,3,FLEXION,1,countdown,2,0.399569,3,FLEXION,4,EXTENSION,0.835939,1.000000,100,200,0.00839220,0.00976605,0.14182958,0.83593918,0.00407299
flexion_01,3,FLEXION,1,countdown,3,0.499496,1,POWER,4,EXTENSION,0.560064,0.511842,150,250,0.01731683,0.56006366,0.05119387,0.37135510,0.00007053
flexion_01,3,FLEXION,1,countdown,4,0.600689,1,POWER,4,EXTENSION,0.959173,0.144324,200,300,0.00344380,0.95917251,0.00437309,0.03300953,0.00000108
flexion_01,3,FLEXION,1,countdown,5,0.700134,1,POWER,1,POWER,0.991396,0.192010,250,350,0.00148256,0.99139579,0.00084258,0.00627900,0.00000007
flexion_01,3,FLEXION,1,countdown,6,0.801048,1,POWER,1,POWER,0.996644,0.043261,300,400,0.00097676,0.99664390,0.00033705,0.00204228,0.00000002
flexion_01,3,FLEXION,1,countdown,7,0.902593,1,POWER,1,POWER,0.992947,0.000000,350,450,0.00563886,0.99294714,0.00067964,0.00073435,0.00000000
flexion_01,3,FLEXION,1,countdown,8,1.002445,1,POWER,1,POWER,0.893309,0.000000,400,500,0.10200758,0.89330898,0.00422915,0.00045430,0.00000000
flexion_01,3,FLEXION,1,countdown,9,1.100968,0,REST,1,POWER,0.547896,0.000000,450,550,0.54789632,0.44042138,0.01114414,0.00053816,0.00000000
flexion_01,3,FLEXION,1,countdown,10,1.201654,0,REST,1,POWER,0.519202,0.000000,500,600,0.47099991,0.51920204,0.00773606,0.00206198,0.00000000
flexion_01,3,FLEXION,1,countdown,11,1.301643,0,REST,0,REST,0.888361,0.000000,550,650,0.88836068,0.11096749,0.00030144,0.00037040,0.00000000
flexion_01,3,FLEXION,1,countdown,12,1.405311,0,REST,0,REST,0.984528,0.000000,600,700,0.98452791,0.01536216,0.00008676,0.00002318,0.00000000
flexion_01,3,FLEXION,1,countdown,13,1.502795,0,REST,0,REST,0.972522,0.000000,650,750,0.97252222,0.02717061,0.00022068,0.00008650,0.00000000
flexion_01,3,FLEXION,1,countdown,14,1.606114,0,REST,0,REST,0.984704,0.000000,700,800,0.98470376,0.01515603,0.00007562,0.00006459,0.00000000
flexion_01,3,FLEXION,1,countdown,15,1.702375,0,REST,0,REST,0.988364,0.000000,750,850,0.98836357,0.01142423,0.00017145,0.00004075,0.00000000
flexion_01,3,FLEXION,1,countdown,16,1.802889,0,REST,0,REST,0.983473,0.000000,800,900,0.98347288,0.01632375,0.00013961,0.00006375,0.00000000
flexion_01,3,FLEXION,1,countdown,17,1.902670,0,REST,0,REST,0.998908,0.000000,850,950,0.99890847,0.00103174,0.00005631,0.00000348,0.00000000
flexion_01,3,FLEXION,1,countdown,18,2.002417,0,REST,0,REST,0.999761,0.000000,900,1000,0.99976097,0.00021365,0.00002477,0.00000062,0.00000000
flexion_01,3,FLEXION,1,countdown,19,2.102659,0,REST,0,REST,0.998769,0.000000,950,1050,0.99876868,0.00121116,0.00001757,0.00000258,0.00000000
flexion_01,3,FLEXION,1,countdown,20,2.204162,0,REST,0,REST,0.998499,0.000000,1000,1100,0.99849888,0.00145211,0.00004231,0.00000670,0.00000000
flexion_01,3,FLEXION,1,countdown,21,2.304938,0,REST,0,REST,0.996044,0.000000,1050,1150,0.99604438,0.00367253,0.00026060,0.00002249,0.00000000
flexion_01,3,FLEXION,1,countdown,22,2.404772,0,REST,0,REST,0.984310,0.000000,1100,1200,0.98430994,0.01543714,0.00022338,0.00002952,0.00000002
flexion_01,3,FLEXION,1,countdown,23,2.503414,0,REST,0,REST,0.994194,0.000000,1150,1250,0.99419422,0.00572027,0.00007847,0.00000703,0.00000000
flexion_01,3,FLEXION,1,countdown,24,2.607404,0,REST,0,REST,0.999287,0.000000,1200,1300,0.99928741,0.00062216,0.00008962,0.00000081,0.00000000
flexion_01,3,FLEXION,1,countdown,25,2.705502,0,REST,0,REST,0.995536,0.000000,1250,1350,0.99553566,0.00367596,0.00078492,0.00000346,0.00000000
flexion_01,3,FLEXION,1,countdown,26,2.809111,0,REST,0,REST,0.995552,0.000000,1300,1400,0.99555181,0.00403747,0.00040013,0.00001060,0.00000000
flexion_01,3,FLEXION,1,countdown,27,2.907906,0,REST,0,REST,0.999282,0.000000,1350,1450,0.99928196,0.00059489,0.00011863,0.00000452,0.00000000
flexion_01,3,FLEXION,1,active,28,3.005590,0,REST,0,REST,0.999546,0.000000,1400,1500,0.99954595,0.00040326,0.00005015,0.00000063,0.00000000
flexion_01,3,FLEXION,1,active,29,3.104609,0,REST,0,REST,0.999912,0.000000,1450,1550,0.99991223,0.00007538,0.00001235,0.00000004,0.00000000
flexion_01,3,FLEXION,1,active,30,3.205509,2,OPEN,0,REST,0.666249,0.000000,1500,1600,0.00002352,0.31071917,0.66624936,0.02300796,0.00000000
flexion_01,3,FLEXION,1,active,31,3.304835,3,FLEXION,0,REST,0.998681,0.000000,1550,1650,0.00000000,0.00131910,0.00000000,0.99868090,0.00000000
flexion_01,3,FLEXION,1,active,32,3.405803,3,FLEXION,0,REST,1.000000,0.000000,1600,1700,0.00000000,0.00000000,0.00000000,1.00000000,0.00000000
flexion_01,3,FLEXION,1,active,33,3.505558,3,FLEXION,3,FLEXION,1.000000,1.000000,1650,1750,0.00000000,0.00000000,0.00000000,1.00000000,0.00000000
flexion_01,3,FLEXION,1,active,34,3.605516,3,FLEXION,3,FLEXION,1.000000,1.000000,1700,1800,0.00000000,0.00000000,0.00000000,1.00000000,0.00000000
flexion_01,3,FLEXION,1,active,35,3.706195,3,FLEXION,3,FLEXION,1.000000,1.000000,1750,1850,0.00000000,0.00000000,0.00000000,1.00000000,0.00000000
flexion_01,3,FLEXION,1,active,36,3.806553,3,FLEXION,3,FLEXION,1.000000,0.842470,1800,1900,0.00000000,0.00000000,0.00000000,1.00000000,0.00000000
flexion_01,3,FLEXION,1,active,37,3.906003,3,FLEXION,3,FLEXION,1.000000,0.688626,1850,1950,0.00000000,0.00000001,0.00000000,0.99999999,0.00000000
flexion_01,3,FLEXION,1,active,38,4.006459,3,FLEXION,3,FLEXION,1.000000,0.619034,1900,2000,0.00000000,0.00000006,0.00000000,0.99999994,0.00000000
flexion_01,3,FLEXION,1,active,39,4.106727,3,FLEXION,3,FLEXION,0.999580,0.510347,1950,2050,0.00000000,0.00041966,0.00000004,0.99958030,0.00000000
flexion_01,3,FLEXION,1,active,40,4.207519,3,FLEXION,3,FLEXION,0.997601,0.549526,2000,2100,0.00000000,0.00115173,0.00124735,0.99760091,0.00000000
flexion_01,3,FLEXION,1,active,41,4.307388,3,FLEXION,3,FLEXION,0.996904,0.467372,2050,2150,0.00000001,0.00306716,0.00002904,0.99690379,0.00000000
flexion_01,3,FLEXION,1,active,42,4.407486,3,FLEXION,3,FLEXION,0.997712,0.334550,2100,2200,0.00000013,0.00228629,0.00000117,0.99771241,0.00000000
flexion_01,3,FLEXION,1,active,43,4.507443,3,FLEXION,3,FLEXION,0.999794,0.373606,2150,2250,0.00000000,0.00020547,0.00000036,0.99979417,0.00000000
flexion_02,3,FLEXION,2,countdown,0,0.198502,4,EXTENSION,4,EXTENSION,1.000000,1.000000,0,100,0.00000000,0.00000000,0.00000000,0.00000000,1.00000000
flexion_02,3,FLEXION,2,countdown,1,0.298965,4,EXTENSION,4,EXTENSION,0.890446,1.000000,50,150,0.00008398,0.00000047,0.09085776,0.01861229,0.89044550
flexion_02,3,FLEXION,2,countdown,2,0.399185,2,OPEN,4,EXTENSION,0.603794,1.000000,100,200,0.01085090,0.01977661,0.60379438,0.33872158,0.02685654
flexion_02,3,FLEXION,2,countdown,3,0.499223,1,POWER,4,EXTENSION,0.743592,0.504358,150,250,0.01439347,0.74359208,0.10803447,0.13368522,0.00029476
flexion_02,3,FLEXION,2,countdown,4,0.599148,1,POWER,4,EXTENSION,0.979782,0.135519,200,300,0.00343632,0.97978216,0.00829851,0.00848090,0.00000211
flexion_02,3,FLEXION,2,countdown,5,0.699410,1,POWER,1,POWER,0.995346,0.184977,250,350,0.00130577,0.99534606,0.00177603,0.00157205,0.00000008
flexion_02,3,FLEXION,2,countdown,6,0.799172,1,POWER,1,POWER,0.996221,0.041395,300,400,0.00135751,0.99622136,0.00174626,0.00067487,0.00000001
flexion_02,3,FLEXION,2,countdown,7,0.899623,1,POWER,1,POWER,0.995912,0.000000,350,450,0.00256700,0.99591196,0.00074813,0.00077290,0.00000000
flexion_02,3,FLEXION,2,countdown,8,1.000013,1,POWER,1,POWER,0.995457,0.000000,400,500,0.00319175,0.99545657,0.00024388,0.00110780,0.00000000
flexion_02,3,FLEXION,2,countdown,9,1.099744,1,POWER,1,POWER,0.972602,0.000000,450,550,0.02443473,0.97260209,0.00126562,0.00169756,0.00000000
flexion_02,3,FLEXION,2,countdown,10,1.200145,0,REST,1,POWER,0.913721,0.000000,500,600,0.91372150,0.08419325,0.00193139,0.00015385,0.00000000
flexion_02,3,FLEXION,2,countdown,11,1.300291,0,REST,1,POWER,0.997887,0.000000,550,650,0.99788713,0.00196702,0.00014237,0.00000347,0.00000000
flexion_02,3,FLEXION,2,countdown,12,1.400617,0,REST,0,REST,0.997027,0.000000,600,700,0.99702693,0.00261883,0.00034824,0.00000599,0.00000000
flexion_02,3,FLEXION,2,countdown,13,1.501191,0,REST,0,REST,0.997753,0.000000,650,750,0.99775342,0.00220812,0.00002883,0.00000963,0.00000000
flexion_02,3,FLEXION,2,countdown,14,1.600993,0,REST,0,REST,0.958647,0.000000,700,800,0.95864652,0.04096985,0.00018357,0.00020006,0.00000000
flexion_02,3,FLEXION,2,countdown,15,1.701946,0,REST,0,REST,0.996586,0.000000,750,850,0.99658574,0.00303301,0.00037177,0.00000948,0.00000000
flexion_02,3,FLEXION,2,countdown,16,1.801507,0,REST,0,REST,0.999748,0.000000,800,900,0.99974786,0.00019117,0.00006022,0.00000075,0.00000000
flexion_02,3,FLEXION,2,countdown,17,1.901306,0,REST,0,REST,0.998313,0.000000,850,950,0.99831292,0.00160256,0.00008238,0.00000215,0.00000000
flexion_02,3,FLEXION,2,countdown,18,2.003007,0,REST,0,REST,0.996546,0.000000,900,1000,0.99654649,0.00340535,0.00004472,0.00000344,0.00000000
flexion_02,3,FLEXION,2,countdown,19,2.102322,0,REST,0,REST,0.997267,0.000000,950,1050,0.99726745,0.00271371,0.00001411,0.00000473,0.00000000
flexion_02,3,FLEXION,2,countdown,20,2.203046,0,REST,0,REST,0.984163,0.000000,1000,1100,0.98416251,0.01568876,0.00012897,0.00001976,0.00000000
flexion_02,3,FLEXION,2,countdown,21,2.301908,0,REST,0,REST,0.985208,0.000000,1050,1150,0.98520761,0.01424911,0.00050520,0.00003808,0.00000000
flexion_02,3,FLEXION,2,countdown,22,2.402311,0,REST,0,REST,0.978585,0.000000,1100,1200,0.97858542,0.02015374,0.00122791,0.00003292,0.00000000
flexion_02,3,FLEXION,2,countdown,23,2.503028,0,REST,0,REST,0.982889,0.000000,1150,1250,0.98288855,0.01531357,0.00178800,0.00000989,0.00000000
flexion_02,3,FLEXION,2,countdown,24,2.611146,0,REST,0,REST,0.997684,0.000000,1200,1300,0.99768411,0.00222614,0.00008767,0.00000208,0.00000000
flexion_02,3,FLEXION,2,countdown,25,2.703108,0,REST,0,REST,0.999218,0.000000,1250,1350,0.99921833,0.00072919,0.00005058,0.00000189,0.00000000
flexion_02,3,FLEXION,2,countdown,26,2.803421,0,REST,0,REST,0.998953,0.000000,1300,1400,0.99895291,0.00087825,0.00016773,0.00000110,0.00000000
flexion_02,3,FLEXION,2,countdown,27,2.903565,0,REST,0,REST,0.985542,0.000000,1350,1450,0.98554220,0.01310400,0.00133819,0.00001561,0.00000000
flexion_02,3,FLEXION,2,active,28,3.003740,0,REST,0,REST,0.922724,0.000000,1400,1500,0.92272383,0.07047769,0.00675551,0.00004297,0.00000000
flexion_02,3,FLEXION,2,active,29,3.104292,1,POWER,0,REST,0.994523,0.000000,1450,1550,0.00000608,0.99452268,0.00545294,0.00001830,0.00000000
flexion_02,3,FLEXION,2,active,30,3.204368,3,FLEXION,0,REST,1.000000,0.000000,1500,1600,0.00000000,0.00000000,0.00000000,1.00000000,0.00000000
flexion_02,3,FLEXION,2,active,31,3.304222,3,FLEXION,0,REST,1.000000,0.000000,1550,1650,0.00000000,0.00000000,0.00000000,1.00000000,0.00000000
flexion_02,3,FLEXION,2,active,32,3.405005,3,FLEXION,3,FLEXION,1.000000,1.000000,1600,1700,0.00000000,0.00000000,0.00000000,1.00000000,0.00000000
flexion_02,3,FLEXION,2,active,33,3.505435,3,FLEXION,3,FLEXION,1.000000,1.000000,1650,1750,0.00000000,0.00000000,0.00000000,1.00000000,0.00000000
flexion_02,3,FLEXION,2,active,34,3.604665,3,FLEXION,3,FLEXION,1.000000,1.000000,1700,1800,0.00000000,0.00000000,0.00000000,1.00000000,0.00000000
flexion_02,3,FLEXION,2,active,35,3.704700,3,FLEXION,3,FLEXION,1.000000,0.912226,1750,1850,0.00000000,0.00000000,0.00000000,1.00000000,0.00000000
flexion_02,3,FLEXION,2,active,36,3.805777,3,FLEXION,3,FLEXION,1.000000,0.832030,1800,1900,0.00000000,0.00000000,0.00000000,1.00000000,0.00000000
flexion_02,3,FLEXION,2,active,37,3.905175,3,FLEXION,3,FLEXION,1.000000,0.708520,1850,1950,0.00000000,0.00000000,0.00000000,1.00000000,0.00000000
flexion_02,3,FLEXION,2,active,38,4.005236,3,FLEXION,3,FLEXION,1.000000,0.750319,1900,2000,0.00000000,0.00000000,0.00000000,1.00000000,0.00000000
flexion_02,3,FLEXION,2,active,39,4.106867,3,FLEXION,3,FLEXION,1.000000,0.822682,1950,2050,0.00000000,0.00000000,0.00000000,1.00000000,0.00000000
flexion_02,3,FLEXION,2,active,40,4.209435,3,FLEXION,3,FLEXION,1.000000,0.724467,2000,2100,0.00000000,0.00000000,0.00000000,1.00000000,0.00000000
flexion_02,3,FLEXION,2,active,41,4.311495,3,FLEXION,3,FLEXION,1.000000,0.711127,2050,2150,0.00000000,0.00000000,0.00000000,1.00000000,0.00000000
flexion_02,3,FLEXION,2,active,42,4.409246,3,FLEXION,3,FLEXION,1.000000,0.618663,2100,2200,0.00000000,0.00000000,0.00000000,1.00000000,0.00000000
flexion_03,3,FLEXION,3,countdown,0,0.199098,4,EXTENSION,4,EXTENSION,1.000000,1.000000,0,100,0.00000000,0.00000000,0.00000000,0.00000000,1.00000000
flexion_03,3,FLEXION,3,countdown,1,0.298853,4,EXTENSION,4,EXTENSION,0.922733,1.000000,50,150,0.00006609,0.00000036,0.06303966,0.01416086,0.92273302
flexion_03,3,FLEXION,3,countdown,2,0.398554,0,REST,4,EXTENSION,0.536534,1.000000,100,200,0.01083130,0.01580318,0.53653397,0.40990740,0.02692415
flexion_03,3,FLEXION,3,countdown,3,0.498726,1,POWER,4,EXTENSION,0.691905,0.493431,150,250,0.01673041,0.69190519,0.15121278,0.13974987,0.00040175
flexion_03,3,FLEXION,3,countdown,4,0.599042,1,POWER,4,EXTENSION,0.970245,0.120829,200,300,0.00570454,0.97024488,0.01345731,0.01059110,0.00000217
flexion_03,3,FLEXION,3,countdown,5,0.699950,1,POWER,1,POWER,0.977187,0.167265,250,350,0.00649544,0.97718662,0.01340691,0.00291092,0.00000012
flexion_03,3,FLEXION,3,countdown,6,0.799864,1,POWER,1,POWER,0.927831,0.020249,300,400,0.01184844,0.92783107,0.05884824,0.00147225,0.00000001
flexion_03,3,FLEXION,3,countdown,7,0.901007,1,POWER,1,POWER,0.965763,0.000000,350,450,0.02388518,0.96576333,0.00913173,0.00121975,0.00000000
flexion_03,3,FLEXION,3,countdown,8,1.000084,1,POWER,1,POWER,0.982765,0.000000,400,500,0.01516379,0.98276547,0.00015285,0.00191789,0.00000000
flexion_03,3,FLEXION,3,countdown,9,1.100872,0,REST,1,POWER,0.551144,0.000000,450,550,0.55114398,0.44651256,0.00100625,0.00133721,0.00000000
flexion_03,3,FLEXION,3,countdown,10,1.200899,0,REST,1,POWER,0.995388,0.000000,500,600,0.99538825,0.00421897,0.00037375,0.00001903,0.00000000
flexion_03,3,FLEXION,3,countdown,11,1.301134,0,REST,0,REST,0.988753,0.000000,550,650,0.98875279,0.01107743,0.00012949,0.00004029,0.00000000
flexion_03,3,FLEXION,3,countdown,12,1.400773,0,REST,0,REST,0.971390,0.000000,600,700,0.97138961,0.02835038,0.00022849,0.00003152,0.00000000
flexion_03,3,FLEXION,3,countdown,13,1.500929,0,REST,0,REST,0.997933,0.000000,650,750,0.99793250,0.00197696,0.00008881,0.00000173,0.00000000
flexion_03,3,FLEXION,3,countdown,14,1.600883,0,REST,0,REST,0.993759,0.000000,700,800,0.99375858,0.00606409,0.00016831,0.00000901,0.00000000
flexion_03,3,FLEXION,3,countdown,15,1.701900,0,REST,0,REST,0.931671,0.000000,750,850,0.93167111,0.06750222,0.00071932,0.00010735,0.00000000
flexion_03,3,FLEXION,3,countdown,16,1.802195,0,REST,0,REST,0.987505,0.000000,800,900,0.98750542,0.01226906,0.00020418,0.00002135,0.00000000
flexion_03,3,FLEXION,3,countdown,17,1.901641,0,REST,0,REST,0.994721,0.000000,850,950,0.99472096,0.00522977,0.00003778,0.00001149,0.00000000
flexion_03,3,FLEXION,3,countdown,18,2.001974,0,REST,0,REST,0.999281,0.000000,900,1000,0.99928071,0.00069575,0.00002147,0.00000207,0.00000000
flexion_03,3,FLEXION,3,countdown,19,2.102158,0,REST,0,REST,0.999855,0.000000,950,1050,0.99985496,0.00006812,0.00007676,0.00000016,0.00000000
flexion_03,3,FLEXION,3,countdown,20,2.202623,0,REST,0,REST,0.999925,0.000000,1000,1100,0.99992485,0.00004613,0.00002898,0.00000004,0.00000000
flexion_03,3,FLEXION,3,countdown,21,2.302216,0,REST,0,REST,0.996379,0.000000,1050,1150,0.99637902,0.00342425,0.00019340,0.00000333,0.00000000
flexion_03,3,FLEXION,3,countdown,22,2.402793,0,REST,0,REST,0.974680,0.000000,1100,1200,0.97467986,0.02455943,0.00070889,0.00005183,0.00000000
flexion_03,3,FLEXION,3,countdown,23,2.503045,0,REST,0,REST,0.841548,0.000000,1150,1250,0.84154805,0.15783041,0.00045593,0.00016561,0.00000000
flexion_03,3,FLEXION,3,countdown,24,2.603612,0,REST,0,REST,0.877191,0.000000,1200,1300,0.87719134,0.12258201,0.00011513,0.00011152,0.00000000
flexion_03,3,FLEXION,3,countdown,25,2.704898,0,REST,0,REST,0.990183,0.000000,1250,1350,0.99018312,0.00970869,0.00008704,0.00002115,0.00000000
flexion_03,3,FLEXION,3,countdown,26,2.803157,0,REST,0,REST,0.972475,0.000000,1300,1400,0.97247463,0.02680013,0.00066194,0.00006330,0.00000000
flexion_03,3,FLEXION,3,countdown,27,2.903707,0,REST,0,REST,0.971747,0.000000,1350,1450,0.97174728,0.02643736,0.00178505,0.00003031,0.00000000
flexion_03,3,FLEXION,3,active,28,3.004942,0,REST,0,REST,0.997334,0.000000,1400,1500,0.99733435,0.00215642,0.00050736,0.00000187,0.00000000
flexion_03,3,FLEXION,3,active,29,3.105214,1,POWER,0,REST,0.651689,0.000000,1450,1550,0.00137535,0.65168869,0.00443315,0.34250282,0.00000000
flexion_03,3,FLEXION,3,active,30,3.204808,3,FLEXION,0,REST,1.000000,0.000000,1500,1600,0.00000000,0.00000006,0.00000000,0.99999994,0.00000000
flexion_03,3,FLEXION,3,active,31,3.304079,3,FLEXION,0,REST,1.000000,0.000000,1550,1650,0.00000000,0.00000000,0.00000000,1.00000000,0.00000000
flexion_03,3,FLEXION,3,active,32,3.404918,3,FLEXION,3,FLEXION,1.000000,1.000000,1600,1700,0.00000000,0.00000000,0.00000000,1.00000000,0.00000000
flexion_03,3,FLEXION,3,active,33,3.511223,3,FLEXION,3,FLEXION,1.000000,1.000000,1650,1750,0.00000000,0.00000000,0.00000000,1.00000000,0.00000000
flexion_03,3,FLEXION,3,active,34,3.605037,3,FLEXION,3,FLEXION,1.000000,0.972074,1700,1800,0.00000000,0.00000000,0.00000000,1.00000000,0.00000000
flexion_03,3,FLEXION,3,active,35,3.705059,3,FLEXION,3,FLEXION,1.000000,0.827994,1750,1850,0.00000000,0.00000000,0.00000000,1.00000000,0.00000000
flexion_03,3,FLEXION,3,active,36,3.804911,3,FLEXION,3,FLEXION,0.999993,0.722678,1800,1900,0.00000000,0.00000652,0.00000002,0.99999346,0.00000000
flexion_03,3,FLEXION,3,active,37,3.905871,3,FLEXION,3,FLEXION,1.000000,0.717477,1850,1950,0.00000000,0.00000000,0.00000000,1.00000000,0.00000000
flexion_03,3,FLEXION,3,active,38,4.005925,3,FLEXION,3,FLEXION,1.000000,0.630235,1900,2000,0.00000000,0.00000000,0.00000000,1.00000000,0.00000000
flexion_03,3,FLEXION,3,active,39,4.107262,3,FLEXION,3,FLEXION,0.999997,0.526729,1950,2050,0.00000000,0.00000324,0.00000000,0.99999676,0.00000000
flexion_03,3,FLEXION,3,active,40,4.206425,3,FLEXION,3,FLEXION,0.999988,0.530725,2000,2100,0.00000000,0.00001230,0.00000000,0.99998770,0.00000000
flexion_03,3,FLEXION,3,active,41,4.310032,3,FLEXION,3,FLEXION,0.999976,0.510804,2050,2150,0.00000000,0.00002363,0.00000005,0.99997632,0.00000000
flexion_03,3,FLEXION,3,active,42,4.414548,3,FLEXION,3,FLEXION,0.999927,0.427547,2100,2200,0.00000000,0.00007281,0.00000004,0.99992715,0.00000000
flexion_04,3,FLEXION,4,countdown,0,0.199136,4,EXTENSION,4,EXTENSION,1.000000,1.000000,0,100,0.00000000,0.00000000,0.00000000,0.00000000,1.00000000
flexion_04,3,FLEXION,4,countdown,1,0.296959,4,EXTENSION,4,EXTENSION,0.920049,1.000000,50,150,0.00006736,0.00000039,0.05925144,0.02063212,0.92004870
flexion_04,3,FLEXION,4,countdown,2,0.396164,0,REST,4,EXTENSION,0.498955,1.000000,100,200,0.01171220,0.02144286,0.44696521,0.49895481,0.02092492
flexion_04,3,FLEXION,4,countdown,3,0.499143,1,POWER,4,EXTENSION,0.734509,0.508287,150,250,0.01610816,0.73450950,0.07559314,0.17368203,0.00010717
flexion_04,3,FLEXION,4,countdown,4,0.599267,1,POWER,4,EXTENSION,0.966447,0.138100,200,300,0.00574329,0.96644683,0.01465831,0.01315080,0.00000078
flexion_04,3,FLEXION,4,countdown,5,0.697742,1,POWER,1,POWER,0.983629,0.186022,250,350,0.00647354,0.98362940,0.00593396,0.00396307,0.00000002
flexion_04,3,FLEXION,4,countdown,6,0.797732,1,POWER,1,POWER,0.978824,0.038700,300,400,0.01428529,0.97882438,0.00514311,0.00174722,0.00000000
flexion_04,3,FLEXION,4,countdown,7,0.896677,1,POWER,1,POWER,0.880799,0.000000,350,450,0.10528609,0.88079864,0.01303530,0.00087997,0.00000000
flexion_04,3,FLEXION,4,countdown,8,0.996647,1,POWER,1,POWER,0.817544,0.000000,400,500,0.17645275,0.81754367,0.00454221,0.00146138,0.00000000
flexion_04,3,FLEXION,4,countdown,9,1.099296,1,POWER,1,POWER,0.969224,0.000000,450,550,0.02654547,0.96922364,0.00030434,0.00392654,0.00000000
flexion_04,3,FLEXION,4,countdown,10,1.198652,1,POWER,1,POWER,0.698584,0.000000,500,600,0.29906091,0.69858440,0.00040404,0.00195064,0.00000000
flexion_04,3,FLEXION,4,countdown,11,1.298151,0,REST,1,POWER,0.837066,0.000000,550,650,0.83706612,0.16227831,0.00027627,0.00037931,0.00000000
flexion_04,3,FLEXION,4,countdown,12,1.398140,0,REST,1,POWER,0.849981,0.000000,600,700,0.84998062,0.14945286,0.00021411,0.00035240,0.00000000
flexion_04,3,FLEXION,4,countdown,13,1.498221,0,REST,0,REST,0.934924,0.000000,650,750,0.93492443,0.06438939,0.00059954,0.00008663,0.00000000
flexion_04,3,FLEXION,4,countdown,14,1.598215,0,REST,0,REST,0.990060,0.000000,700,800,0.99005972,0.00869638,0.00121530,0.00002861,0.00000000
flexion_04,3,FLEXION,4,countdown,15,1.700102,0,REST,0,REST,0.987904,0.000000,750,850,0.98790444,0.01179256,0.00026752,0.00003548,0.00000000
flexion_04,3,FLEXION,4,countdown,16,1.800159,0,REST,0,REST,0.962901,0.000000,800,900,0.96290070,0.03593375,0.00111488,0.00005067,0.00000000
flexion_04,3,FLEXION,4,countdown,17,1.898873,0,REST,0,REST,0.958756,0.000000,850,950,0.95875569,0.03298087,0.00821936,0.00004409,0.00000000
flexion_04,3,FLEXION,4,countdown,18,1.998717,0,REST,0,REST,0.981445,0.000000,900,1000,0.98144521,0.01719310,0.00132426,0.00003744,0.00000000
flexion_04,3,FLEXION,4,countdown,19,2.099030,0,REST,0,REST,0.997497,0.000000,950,1050,0.99749678,0.00220885,0.00028886,0.00000552,0.00000000
flexion_04,3,FLEXION,4,countdown,20,2.201321,0,REST,0,REST,0.998890,0.000000,1000,1100,0.99889022,0.00087423,0.00023522,0.00000033,0.00000000
flexion_04,3,FLEXION,4,countdown,21,2.299061,0,REST,0,REST,0.975847,0.000000,1050,1150,0.97584734,0.02320821,0.00093174,0.00001272,0.00000000
flexion_04,3,FLEXION,4,countdown,22,2.399664,0,REST,0,REST,0.928455,0.000000,1100,1200,0.92845489,0.07059991,0.00074871,0.00019648,0.00000000
flexion_04,3,FLEXION,4,countdown,23,2.500102,0,REST,0,REST,0.983980,0.000000,1150,1250,0.98397977,0.01562557,0.00033018,0.00006449,0.00000000
flexion_04,3,FLEXION,4,countdown,24,2.603450,0,REST,0,REST,0.976486,0.000000,1200,1300,0.97648634,0.02176028,0.00167883,0.00007455,0.00000000
flexion_04,3,FLEXION,4,countdown,25,2.702013,0,REST,0,REST,0.992470,0.000000,1250,1350,0.99247048,0.00708159,0.00041116,0.00003678,0.00000000
flexion_04,3,FLEXION,4,countdown,26,2.800942,0,REST,0,REST,0.947870,0.000000,1300,1400,0.94787016,0.05087579,0.00112761,0.00012645,0.00000000
flexion_04,3,FLEXION,4,countdown,27,2.902100,0,REST,0,REST,0.924605,0.000000,1350,1450,0.92460526,0.07383868,0.00141158,0.00014448,0.00000000
flexion_04,3,FLEXION,4,active,28,3.001102,0,REST,0,REST,0.968885,0.000000,1400,1500,0.96888465,0.03076121,0.00030094,0.00005319,0.00000000
flexion_04,3,FLEXION,4,active,29,3.102139,0,REST,0,REST,0.992495,0.000000,1450,1550,0.99249516,0.00642247,0.00107608,0.00000629,0.00000000
flexion_04,3,FLEXION,4,active,30,3.202660,0,REST,0,REST,0.876082,0.000000,1500,1600,0.87608208,0.01481415,0.10909017,0.00001356,0.00000004
flexion_04,3,FLEXION,4,active,31,3.301372,3,FLEXION,0,REST,0.995415,0.000000,1550,1650,0.00000000,0.00458448,0.00000023,0.99541529,0.00000000
flexion_04,3,FLEXION,4,active,32,3.401591,3,FLEXION,0,REST,1.000000,0.000000,1600,1700,0.00000000,0.00000000,0.00000000,1.00000000,0.00000000
flexion_04,3,FLEXION,4,active,33,3.501498,3,FLEXION,3,FLEXION,1.000000,1.000000,1650,1750,0.00000000,0.00000000,0.00000000,1.00000000,0.00000000
flexion_04,3,FLEXION,4,active,34,3.603945,3,FLEXION,3,FLEXION,1.000000,0.944150,1700,1800,0.00000000,0.00000000,0.00000000,1.00000000,0.00000000
flexion_04,3,FLEXION,4,active,35,3.702523,3,FLEXION,3,FLEXION,1.000000,1.000000,1750,1850,0.00000000,0.00000000,0.00000000,1.00000000,0.00000000
flexion_04,3,FLEXION,4,active,36,3.805611,3,FLEXION,3,FLEXION,0.999999,0.939021,1800,1900,0.00000000,0.00000056,0.00000004,0.99999940,0.00000000
flexion_04,3,FLEXION,4,active,37,3.902573,3,FLEXION,3,FLEXION,1.000000,0.626680,1850,1950,0.00000000,0.00000009,0.00000000,0.99999991,0.00000000
flexion_04,3,FLEXION,4,active,38,4.003043,3,FLEXION,3,FLEXION,0.999996,0.520570,1900,2000,0.00000000,0.00000404,0.00000000,0.99999596,0.00000000
flexion_04,3,FLEXION,4,active,39,4.103107,3,FLEXION,3,FLEXION,0.999918,0.484035,1950,2050,0.00000000,0.00008189,0.00000000,0.99991811,0.00000000
flexion_04,3,FLEXION,4,active,40,4.206104,3,FLEXION,3,FLEXION,0.998491,0.403085,2000,2100,0.00000354,0.00150491,0.00000104,0.99849051,0.00000000
flexion_04,3,FLEXION,4,active,41,4.303882,3,FLEXION,3,FLEXION,0.978915,0.330693,2050,2150,0.00000509,0.02105771,0.00002176,0.97891545,0.00000000
flexion_04,3,FLEXION,4,active,42,4.403041,3,FLEXION,3,FLEXION,0.990784,0.341679,2100,2200,0.00000479,0.00920349,0.00000788,0.99078384,0.00000000
flexion_04,3,FLEXION,4,active,43,4.504088,3,FLEXION,3,FLEXION,0.999837,0.359337,2150,2250,0.00000322,0.00015519,0.00000470,0.99983688,0.00000000
flexion_05,3,FLEXION,5,countdown,0,0.195561,4,EXTENSION,4,EXTENSION,1.000000,1.000000,0,100,0.00000000,0.00000000,0.00000000,0.00000000,1.00000000
flexion_05,3,FLEXION,5,countdown,1,0.298019,4,EXTENSION,4,EXTENSION,0.955614,1.000000,50,150,0.00001851,0.00000017,0.03607226,0.00829491,0.95561414
flexion_05,3,FLEXION,5,countdown,2,0.396397,0,REST,4,EXTENSION,0.521043,1.000000,100,200,0.00816553,0.01907372,0.52104300,0.40871574,0.04300202
flexion_05,3,FLEXION,5,countdown,3,0.497747,1,POWER,4,EXTENSION,0.754115,0.488625,150,250,0.01260682,0.75411503,0.13631518,0.09634812,0.00061485
flexion_05,3,FLEXION,5,countdown,4,0.599780,1,POWER,4,EXTENSION,0.974623,0.122826,200,300,0.00356359,0.97462305,0.01554543,0.00626258,0.00000536
flexion_05,3,FLEXION,5,countdown,5,0.706311,1,POWER,1,POWER,0.980623,0.168561,250,350,0.00440395,0.98062321,0.01377849,0.00119424,0.00000011
flexion_05,3,FLEXION,5,countdown,6,0.796819,1,POWER,1,POWER,0.968860,0.025985,300,400,0.02106934,0.96885951,0.00959492,0.00047623,0.00000000
flexion_05,3,FLEXION,5,countdown,7,0.897745,1,POWER,1,POWER,0.975035,0.000000,350,450,0.02158897,0.97503476,0.00218347,0.00119280,0.00000000
flexion_05,3,FLEXION,5,countdown,8,0.997870,1,POWER,1,POWER,0.882280,0.000000,400,500,0.10844907,0.88227980,0.00459681,0.00467433,0.00000000
flexion_05,3,FLEXION,5,countdown,9,1.097600,1,POWER,1,POWER,0.890886,0.000000,450,550,0.10382875,0.89088626,0.00035963,0.00492535,0.00000000
flexion_05,3,FLEXION,5,countdown,10,1.197663,1,POWER,1,POWER,0.685945,0.000000,500,600,0.30946024,0.68594510,0.00008995,0.00450471,0.00000000
flexion_05,3,FLEXION,5,countdown,11,1.297604,0,REST,1,POWER,0.972953,0.000000,550,650,0.97295257,0.02685684,0.00007343,0.00011716,0.00000000
flexion_05,3,FLEXION,5,countdown,12,1.398598,0,REST,1,POWER,0.856651,0.000000,600,700,0.85665136,0.14283934,0.00014477,0.00036453,0.00000000
flexion_05,3,FLEXION,5,countdown,13,1.498697,0,REST,0,REST,0.534344,0.000000,650,750,0.46382290,0.53434361,0.00012547,0.00170802,0.00000000
flexion_05,3,FLEXION,5,countdown,14,1.599086,0,REST,0,REST,0.762716,0.000000,700,800,0.76271571,0.23673466,0.00006108,0.00048855,0.00000000
flexion_05,3,FLEXION,5,countdown,15,1.698795,0,REST,0,REST,0.962868,0.000000,750,850,0.96286849,0.03698984,0.00003603,0.00010564,0.00000000
flexion_05,3,FLEXION,5,countdown,16,1.799587,0,REST,0,REST,0.986248,0.000000,800,900,0.98624835,0.01366037,0.00003726,0.00005402,0.00000000
flexion_05,3,FLEXION,5,countdown,17,1.898926,0,REST,0,REST,0.934133,0.000000,850,950,0.93413333,0.06557695,0.00016657,0.00012315,0.00000000
flexion_05,3,FLEXION,5,countdown,18,2.006081,1,POWER,0,REST,0.621894,0.000000,900,1000,0.37659386,0.62189434,0.00065592,0.00085587,0.00000000
flexion_05,3,FLEXION,5,countdown,19,2.102691,0,REST,0,REST,0.821908,0.000000,950,1050,0.82190786,0.17720252,0.00062472,0.00026490,0.00000000
flexion_05,3,FLEXION,5,countdown,20,2.201099,0,REST,0,REST,0.979749,0.000000,1000,1100,0.97974907,0.01998231,0.00023820,0.00003042,0.00000000
flexion_05,3,FLEXION,5,countdown,21,2.300539,0,REST,0,REST,0.976812,0.000000,1050,1150,0.97681191,0.02297811,0.00014174,0.00006824,0.00000000
flexion_05,3,FLEXION,5,countdown,22,2.401587,0,REST,0,REST,0.995075,0.000000,1100,1200,0.99507525,0.00487589,0.00003149,0.00001736,0.00000000
flexion_05,3,FLEXION,5,countdown,23,2.500834,0,REST,0,REST,0.988774,0.000000,1150,1250,0.98877390,0.01111837,0.00007975,0.00002798,0.00000000
flexion_05,3,FLEXION,5,countdown,24,2.601113,0,REST,0,REST,0.997290,0.000000,1200,1300,0.99728969,0.00259019,0.00011389,0.00000622,0.00000000
flexion_05,3,FLEXION,5,countdown,25,2.700886,0,REST,0,REST,0.996456,0.000000,1250,1350,0.99645648,0.00336360,0.00017081,0.00000910,0.00000000
flexion_05,3,FLEXION,5,countdown,26,2.801292,0,REST,0,REST,0.843330,0.000000,1300,1400,0.84332956,0.15506628,0.00129508,0.00030908,0.00000000
flexion_05,3,FLEXION,5,countdown,27,2.901776,0,REST,0,REST,0.829892,0.000000,1350,1450,0.82989186,0.16753876,0.00242127,0.00014810,0.00000000
flexion_05,3,FLEXION,5,active,28,3.003595,0,REST,0,REST,0.986136,0.000000,1400,1500,0.98613586,0.01290608,0.00095212,0.00000594,0.00000000
flexion_05,3,FLEXION,5,active,29,3.102565,0,REST,0,REST,0.995957,0.000000,1450,1550,0.99595736,0.00307569,0.00096367,0.00000327,0.00000000
flexion_05,3,FLEXION,5,active,30,3.202026,3,FLEXION,0,REST,0.916460,0.000000,1500,1600,0.00003824,0.08155534,0.00194659,0.91645984,0.00000000
flexion_05,3,FLEXION,5,active,31,3.304696,3,FLEXION,0,REST,1.000000,0.000000,1550,1650,0.00000000,0.00000000,0.00000000,1.00000000,0.00000000
flexion_05,3,FLEXION,5,active,32,3.402201,3,FLEXION,3,FLEXION,1.000000,1.000000,1600,1700,0.00000000,0.00000000,0.00000000,1.00000000,0.00000000
flexion_05,3,FLEXION,5,active,33,3.501969,3,FLEXION,3,FLEXION,1.000000,1.000000,1650,1750,0.00000000,0.00000000,0.00000000,1.00000000,0.00000000
flexion_05,3,FLEXION,5,active,34,3.604163,3,FLEXION,3,FLEXION,1.000000,0.998570,1700,1800,0.00000000,0.00000000,0.00000000,1.00000000,0.00000000
flexion_05,3,FLEXION,5,active,35,3.702848,3,FLEXION,3,FLEXION,1.000000,0.910181,1750,1850,0.00000000,0.00000000,0.00000000,1.00000000,0.00000000
flexion_05,3,FLEXION,5,active,36,3.803536,3,FLEXION,3,FLEXION,1.000000,0.891283,1800,1900,0.00000000,0.00000005,0.00000000,0.99999995,0.00000000
flexion_05,3,FLEXION,5,active,37,3.903537,3,FLEXION,3,FLEXION,0.999993,0.798354,1850,1950,0.00000000,0.00000723,0.00000000,0.99999276,0.00000000
flexion_05,3,FLEXION,5,active,38,4.003637,3,FLEXION,3,FLEXION,0.999990,0.590598,1900,2000,0.00000000,0.00000908,0.00000128,0.99998964,0.00000000
flexion_05,3,FLEXION,5,active,39,4.103625,3,FLEXION,3,FLEXION,0.999981,0.569097,1950,2050,0.00000000,0.00001554,0.00000351,0.99998095,0.00000000
flexion_05,3,FLEXION,5,active,40,4.204279,3,FLEXION,3,FLEXION,0.999999,0.617486,2000,2100,0.00000000,0.00000120,0.00000000,0.99999880,0.00000000
flexion_05,3,FLEXION,5,active,41,4.303565,3,FLEXION,3,FLEXION,0.999999,0.581252,2050,2150,0.00000000,0.00000064,0.00000000,0.99999936,0.00000000
flexion_05,3,FLEXION,5,active,42,4.407538,3,FLEXION,3,FLEXION,1.000000,0.534850,2100,2200,0.00000000,0.00000045,0.00000000,0.99999955,0.00000000
extension_01,4,EXTENSION,1,countdown,0,0.199320,4,EXTENSION,4,EXTENSION,1.000000,1.000000,0,100,0.00000000,0.00000000,0.00000000,0.00000000,1.00000000
extension_01,4,EXTENSION,1,countdown,1,0.297728,4,EXTENSION,4,EXTENSION,0.896196,1.000000,50,150,0.00002621,0.00000019,0.08411543,0.01966257,0.89619560
extension_01,4,EXTENSION,1,countdown,2,0.401202,0,REST,4,EXTENSION,0.491207,1.000000,100,200,0.00514440,0.00932352,0.49120747,0.47229057,0.02203404
extension_01,4,EXTENSION,1,countdown,3,0.498938,1,POWER,4,EXTENSION,0.612120,0.497073,150,250,0.01368997,0.61211993,0.10664334,0.26723627,0.00031050
extension_01,4,EXTENSION,1,countdown,4,0.601654,1,POWER,4,EXTENSION,0.965086,0.136092,200,300,0.00392702,0.96508591,0.00708283,0.02390077,0.00000346
extension_01,4,EXTENSION,1,countdown,5,0.699214,1,POWER,1,POWER,0.988558,0.196082,250,350,0.00167001,0.98855821,0.00201763,0.00775382,0.00000033
extension_01,4,EXTENSION,1,countdown,6,0.798581,1,POWER,1,POWER,0.986776,0.041449,300,400,0.00655621,0.98677637,0.00260782,0.00405957,0.00000003
extension_01,4,EXTENSION,1,countdown,7,0.899533,1,POWER,1,POWER,0.954701,0.000000,350,450,0.03734255,0.95470076,0.00545045,0.00250622,0.00000001
extension_01,4,EXTENSION,1,countdown,8,0.999904,1,POWER,1,POWER,0.948219,0.000000,400,500,0.04598853,0.94821941,0.00404368,0.00174838,0.00000000
extension_01,4,EXTENSION,1,countdown,9,1.101469,1,POWER,1,POWER,0.881923,0.000000,450,550,0.11241791,0.88192319,0.00391508,0.00174382,0.00000000
extension_01,4,EXTENSION,1,countdown,10,1.202389,0,REST,1,POWER,0.531830,0.000000,500,600,0.53182971,0.46505568,0.00109479,0.00201981,0.00000000
extension_01,4,EXTENSION,1,countdown,11,1.300495,0,REST,1,POWER,0.965508,0.000000,550,650,0.96550824,0.03411357,0.00012740,0.00025079,0.00000000
extension_01,4,EXTENSION,1,countdown,12,1.400488,0,REST,0,REST,0.986576,0.000000,600,700,0.98657637,0.01330467,0.00007885,0.00004012,0.00000000
extension_01,4,EXTENSION,1,countdown,13,1.501932,0,REST,0,REST,0.981291,0.000000,650,750,0.98129111,0.01862619,0.00004063,0.00004207,0.00000000
extension_01,4,EXTENSION,1,countdown,14,1.602435,0,REST,0,REST,0.995097,0.000000,700,800,0.99509686,0.00483964,0.00005141,0.00001209,0.00000000
extension_01,4,EXTENSION,1,countdown,15,1.700393,0,REST,0,REST,0.998993,0.000000,750,850,0.99899321,0.00097489,0.00002857,0.00000332,0.00000000
extension_01,4,EXTENSION,1,countdown,16,1.801045,0,REST,0,REST,0.995070,0.000000,800,900,0.99506958,0.00489694,0.00001580,0.00001768,0.00000000
extension_01,4,EXTENSION,1,countdown,17,1.901209,0,REST,0,REST,0.998406,0.000000,850,950,0.99840629,0.00157735,0.00001396,0.00000240,0.00000000
extension_01,4,EXTENSION,1,countdown,18,2.000853,0,REST,0,REST,0.972300,0.000000,900,1000,0.97230024,0.02758106,0.00010335,0.00001535,0.00000000
extension_01,4,EXTENSION,1,countdown,19,2.101510,1,POWER,0,REST,0.780300,0.000000,950,1050,0.21814853,0.78030004,0.00053743,0.00101400,0.00000000
extension_01,4,EXTENSION,1,countdown,20,2.203750,0,REST,0,REST,0.929388,0.000000,1000,1100,0.92938759,0.06964862,0.00091152,0.00005227,0.00000000
extension_01,4,EXTENSION,1,countdown,21,2.301771,0,REST,0,REST,0.999560,0.000000,1050,1150,0.99956044,0.00042365,0.00001579,0.00000012,0.00000000
extension_01,4,EXTENSION,1,countdown,22,2.402165,0,REST,0,REST,0.996544,0.000000,1100,1200,0.99654421,0.00334110,0.00011093,0.00000375,0.00000000
extension_01,4,EXTENSION,1,countdown,23,2.502743,0,REST,0,REST,0.958991,0.000000,1150,1250,0.95899063,0.03990279,0.00095008,0.00015651,0.00000000
extension_01,4,EXTENSION,1,countdown,24,2.604370,0,REST,0,REST,0.988904,0.000000,1200,1300,0.98890448,0.01076967,0.00029838,0.00002747,0.00000000
extension_01,4,EXTENSION,1,countdown,25,2.704534,0,REST,0,REST,0.996866,0.000000,1250,1350,0.99686584,0.00256929,0.00056008,0.00000479,0.00000000
extension_01,4,EXTENSION,1,countdown,26,2.802718,0,REST,0,REST,0.998032,0.000000,1300,1400,0.99803177,0.00096047,0.00100688,0.00000089,0.00000000
extension_01,4,EXTENSION,1,countdown,27,2.903150,0,REST,0,REST,0.999301,0.000000,1350,1450,0.99930104,0.00035416,0.00034467,0.00000013,0.00000000
extension_01,4,EXTENSION,1,active,28,3.003466,4,EXTENSION,0,REST,0.999999,0.000000,1400,1500,0.00000128,0.00000000,0.00000001,0.00000000,0.99999871
extension_01,4,EXTENSION,1,active,29,3.103359,4,EXTENSION,0,REST,1.000000,0.000000,1450,1550,0.00000000,0.00000000,0.00000000,0.00000000,1.00000000
extension_01,4,EXTENSION,1,active,30,3.204404,4,EXTENSION,4,EXTENSION,1.000000,1.000000,1500,1600,0.00000000,0.00000000,0.00000000,0.00000000,1.00000000
extension_01,4,EXTENSION,1,active,31,3.303552,4,EXTENSION,4,EXTENSION,1.000000,1.000000,1550,1650,0.00000000,0.00000000,0.00000000,0.00000000,1.00000000
extension_01,4,EXTENSION,1,active,32,3.404390,4,EXTENSION,4,EXTENSION,1.000000,1.000000,1600,1700,0.00000000,0.00000000,0.00000000,0.00000000,1.00000000
extension_01,4,EXTENSION,1,active,33,3.504516,4,EXTENSION,4,EXTENSION,1.000000,0.935909,1650,1750,0.00000000,0.00000000,0.00000000,0.00000000,1.00000000
extension_01,4,EXTENSION,1,active,34,3.604278,4,EXTENSION,4,EXTENSION,1.000000,0.947229,1700,1800,0.00000000,0.00000000,0.00000000,0.00000000,1.00000000
extension_01,4,EXTENSION,1,active,35,3.704397,4,EXTENSION,4,EXTENSION,1.000000,0.855585,1750,1850,0.00000000,0.00000000,0.00000000,0.00000000,1.00000000
extension_01,4,EXTENSION,1,active,36,3.805441,4,EXTENSION,4,EXTENSION,1.000000,0.763438,1800,1900,0.00000000,0.00000000,0.00000000,0.00000000,1.00000000
extension_01,4,EXTENSION,1,active,37,3.905384,4,EXTENSION,4,EXTENSION,1.000000,0.628465,1850,1950,0.00000000,0.00000000,0.00000000,0.00000000,1.00000000
extension_01,4,EXTENSION,1,active,38,4.005501,4,EXTENSION,4,EXTENSION,1.000000,0.554592,1900,2000,0.00000000,0.00000000,0.00000000,0.00000000,1.00000000
extension_01,4,EXTENSION,1,active,39,4.105566,4,EXTENSION,4,EXTENSION,1.000000,0.634157,1950,2050,0.00000000,0.00000000,0.00000000,0.00000000,1.00000000
extension_01,4,EXTENSION,1,active,40,4.205557,4,EXTENSION,4,EXTENSION,1.000000,0.760751,2000,2100,0.00000000,0.00000000,0.00000000,0.00000000,1.00000000
extension_02,4,EXTENSION,2,countdown,0,0.198553,4,EXTENSION,4,EXTENSION,1.000000,1.000000,0,100,0.00000000,0.00000000,0.00000000,0.00000000,1.00000000
extension_02,4,EXTENSION,2,countdown,1,0.296242,2,OPEN,4,EXTENSION,0.814873,1.000000,50,150,0.00006014,0.00000037,0.81487294,0.01968058,0.16538597
extension_02,4,EXTENSION,2,countdown,2,0.395715,2,OPEN,2,OPEN,0.891518,1.000000,100,200,0.00532689,0.00483183,0.89151838,0.09798169,0.00034121
extension_02,4,EXTENSION,2,countdown,3,0.495431,2,OPEN,2,OPEN,0.687935,1.000000,150,250,0.01892223,0.26618270,0.68793540,0.02695955,0.00000013
extension_02,4,EXTENSION,2,countdown,4,0.597367,2,OPEN,2,OPEN,0.598656,0.518562,200,300,0.01279234,0.38676403,0.59865625,0.00178737,0.00000000
extension_02,4,EXTENSION,2,countdown,5,0.696221,1,POWER,2,OPEN,0.659536,0.147647,250,350,0.10018555,0.65953562,0.23943654,0.00084229,0.00000000
extension_02,4,EXTENSION,2,countdown,6,0.800312,1,POWER,2,OPEN,0.730359,0.000000,300,400,0.21302892,0.73035942,0.05573733,0.00087432,0.00000000
extension_02,4,EXTENSION,2,countdown,7,0.896640,1,POWER,1,POWER,0.978072,0.000000,350,450,0.01748205,0.97807192,0.00309772,0.00134831,0.00000000
extension_02,4,EXTENSION,2,countdown,8,0.996017,1,POWER,1,POWER,0.722643,0.000000,400,500,0.26263881,0.72264287,0.01318637,0.00153195,0.00000000
extension_02,4,EXTENSION,2,countdown,9,1.097739,0,REST,1,POWER,0.869010,0.000000,450,550,0.86900993,0.10845584,0.02225208,0.00028216,0.00000000
extension_02,4,EXTENSION,2,countdown,10,1.197427,0,REST,1,POWER,0.951558,0.000000,500,600,0.95155797,0.04637479,0.00197640,0.00009084,0.00000000
extension_02,4,EXTENSION,2,countdown,11,1.296722,0,REST,0,REST,0.990536,0.000000,550,650,0.99053617,0.00929356,0.00016104,0.00000922,0.00000000
extension_02,4,EXTENSION,2,countdown,12,1.398550,0,REST,0,REST,0.965093,0.000000,600,700,0.96509302,0.03446296,0.00039945,0.00004456,0.00000000
extension_02,4,EXTENSION,2,countdown,13,1.499247,0,REST,0,REST,0.917081,0.000000,650,750,0.91708103,0.07894257,0.00391416,0.00006224,0.00000000
extension_02,4,EXTENSION,2,countdown,14,1.597224,0,REST,0,REST,0.976831,0.000000,700,800,0.97683079,0.02117375,0.00194726,0.00004820,0.00000000
extension_02,4,EXTENSION,2,countdown,15,1.698137,0,REST,0,REST,0.997532,0.000000,750,850,0.99753190,0.00218396,0.00027060,0.00001354,0.00000000
extension_02,4,EXTENSION,2,countdown,16,1.798147,0,REST,0,REST,0.996907,0.000000,800,900,0.99690678,0.00200243,0.00108734,0.00000345,0.00000000
extension_02,4,EXTENSION,2,countdown,17,1.898215,0,REST,0,REST,0.987257,0.000000,850,950,0.98725652,0.01066190,0.00206723,0.00001433,0.00000001
extension_02,4,EXTENSION,2,countdown,18,2.000763,0,REST,0,REST,0.711180,0.000000,900,1000,0.71118016,0.28272191,0.00574012,0.00035780,0.00000000
extension_02,4,EXTENSION,2,countdown,19,2.098405,0,REST,0,REST,0.959924,0.000000,950,1050,0.95992353,0.03020557,0.00983685,0.00003406,0.00000000
extension_02,4,EXTENSION,2,countdown,20,2.199313,0,REST,0,REST,0.998634,0.000000,1000,1100,0.99863391,0.00048238,0.00088228,0.00000143,0.00000000
extension_02,4,EXTENSION,2,countdown,21,2.299325,0,REST,0,REST,0.998917,0.000000,1050,1150,0.99891667,0.00074292,0.00033818,0.00000223,0.00000000
extension_02,4,EXTENSION,2,countdown,22,2.400250,0,REST,0,REST,0.983746,0.000000,1100,1200,0.98374553,0.01247471,0.00375779,0.00002196,0.00000000
extension_02,4,EXTENSION,2,countdown,23,2.499504,0,REST,0,REST,0.991764,0.000000,1150,1250,0.99176443,0.00402197,0.00420689,0.00000671,0.00000000
extension_02,4,EXTENSION,2,countdown,24,2.599506,0,REST,0,REST,0.998471,0.000000,1200,1300,0.99847110,0.00089820,0.00062804,0.00000266,0.00000000
extension_02,4,EXTENSION,2,countdown,25,2.699691,0,REST,0,REST,0.998167,0.000000,1250,1350,0.99816717,0.00140582,0.00042252,0.00000449,0.00000000
extension_02,4,EXTENSION,2,countdown,26,2.801043,0,REST,0,REST,0.998916,0.000000,1300,1400,0.99891596,0.00061892,0.00046454,0.00000059,0.00000000
extension_02,4,EXTENSION,2,countdown,27,2.900266,0,REST,0,REST,0.997766,0.000000,1350,1450,0.99776647,0.00058312,0.00164985,0.00000056,0.00000000
extension_02,4,EXTENSION,2,active,28,3.000721,0,REST,0,REST,0.995493,0.000000,1400,1500,0.99549287,0.00189703,0.00259935,0.00001075,0.00000000
extension_02,4,EXTENSION,2,active,29,3.100220,0,REST,0,REST,0.982643,0.000000,1450,1550,0.98264286,0.01418244,0.00313424,0.00004046,0.00000000
extension_02,4,EXTENSION,2,active,30,3.200553,0,REST,0,REST,0.998860,0.000000,1500,1600,0.99885986,0.00063567,0.00050401,0.00000046,0.00000000
extension_02,4,EXTENSION,2,active,31,3.301343,0,REST,0,REST,0.999388,0.000000,1550,1650,0.99938773,0.00042804,0.00018381,0.00000041,0.00000001
extension_02,4,EXTENSION,2,active,32,3.401168,0,REST,0,REST,0.676711,0.000000,1600,1700,0.67671053,0.01144131,0.09879165,0.01045773,0.20259878
extension_02,4,EXTENSION,2,active,33,3.501323,4,EXTENSION,0,REST,1.000000,0.000000,1650,1750,0.00000000,0.00000000,0.00000000,0.00000000,1.00000000
extension_02,4,EXTENSION,2,active,34,3.601204,4,EXTENSION,0,REST,1.000000,0.000000,1700,1800,0.00000000,0.00000000,0.00000000,0.00000000,1.00000000
extension_02,4,EXTENSION,2,active,35,3.702019,4,EXTENSION,4,EXTENSION,0.941436,1.000000,1750,1850,0.00000001,0.00241755,0.00019736,0.05594944,0.94143564
extension_02,4,EXTENSION,2,active,36,3.802136,4,EXTENSION,4,EXTENSION,0.999987,0.850193,1800,1900,0.00000000,0.00000001,0.00001310,0.00000000,0.99998689
extension_02,4,EXTENSION,2,active,37,3.902381,4,EXTENSION,4,EXTENSION,1.000000,0.755210,1850,1950,0.00000000,0.00000000,0.00000001,0.00000000,0.99999999
extension_02,4,EXTENSION,2,active,38,4.002615,4,EXTENSION,4,EXTENSION,1.000000,0.729347,1900,2000,0.00000000,0.00000000,0.00000005,0.00000000,0.99999995
extension_02,4,EXTENSION,2,active,39,4.103761,4,EXTENSION,4,EXTENSION,1.000000,0.730385,1950,2050,0.00000000,0.00000000,0.00000000,0.00000000,1.00000000
extension_02,4,EXTENSION,2,active,40,4.203106,4,EXTENSION,4,EXTENSION,1.000000,0.676732,2000,2100,0.00000000,0.00000000,0.00000000,0.00000000,1.00000000
extension_02,4,EXTENSION,2,active,41,4.303576,4,EXTENSION,4,EXTENSION,1.000000,0.593671,2050,2150,0.00000000,0.00000000,0.00000036,0.00000000,0.99999964
extension_02,4,EXTENSION,2,active,42,4.402924,4,EXTENSION,4,EXTENSION,1.000000,0.448881,2100,2200,0.00000000,0.00000000,0.00000003,0.00000000,0.99999997
extension_02,4,EXTENSION,2,active,43,4.503140,4,EXTENSION,4,EXTENSION,0.999961,0.537145,2150,2250,0.00000005,0.00000133,0.00003756,0.00000001,0.99996106
extension_02,4,EXTENSION,2,active,44,4.603488,0,REST,4,EXTENSION,0.527692,0.551983,2200,2300,0.00011263,0.02589238,0.52769239,0.00066051,0.44564209
extension_02,4,EXTENSION,2,active,45,4.709654,4,EXTENSION,4,EXTENSION,0.949692,0.401469,2250,2350,0.00000115,0.00003604,0.05027106,0.00000025,0.94969151
extension_02,4,EXTENSION,2,active,46,4.804343,4,EXTENSION,4,EXTENSION,0.999983,0.519179,2300,2400,0.00000000,0.00000001,0.00001730,0.00000000,0.99998269
extension_02,4,EXTENSION,2,active,47,4.904321,4,EXTENSION,4,EXTENSION,1.000000,0.547162,2350,2450,0.00000000,0.00000000,0.00000007,0.00000000,0.99999993
extension_02,4,EXTENSION,2,active,48,5.004187,4,EXTENSION,4,EXTENSION,0.999998,0.464860,2400,2500,0.00000000,0.00000003,0.00000160,0.00000000,0.99999838
extension_02,4,EXTENSION,2,active,49,5.104356,4,EXTENSION,4,EXTENSION,0.999996,0.518954,2450,2550,0.00000000,0.00000003,0.00000363,0.00000000,0.99999634
extension_02,4,EXTENSION,2,active,50,5.205124,4,EXTENSION,4,EXTENSION,0.998896,0.564437,2500,2600,0.00000013,0.00000120,0.00110268,0.00000001,0.99889598
extension_02,4,EXTENSION,2,active,51,5.304606,2,OPEN,4,EXTENSION,0.661868,0.504488,2550,2650,0.00000105,0.00003276,0.66186833,0.00006436,0.33803350
extension_02,4,EXTENSION,2,active,52,5.405142,4,EXTENSION,4,EXTENSION,0.630249,0.449019,2600,2700,0.00000436,0.00009877,0.36964224,0.00000539,0.63024924
extension_02,4,EXTENSION,2,active,53,5.505148,4,EXTENSION,4,EXTENSION,0.998844,0.486327,2650,2750,0.00000002,0.00000160,0.00115419,0.00000000,0.99884419
extension_02,4,EXTENSION,2,active,54,5.605135,4,EXTENSION,4,EXTENSION,0.999998,0.546678,2700,2800,0.00000000,0.00000000,0.00000180,0.00000000,0.99999819
extension_02,4,EXTENSION,2,active,55,5.705451,4,EXTENSION,4,EXTENSION,0.999672,0.572541,2750,2850,0.00000000,0.00000009,0.00032745,0.00000000,0.99967246
extension_02,4,EXTENSION,2,active,56,5.806203,2,OPEN,4,EXTENSION,0.982141,0.470256,2800,2900,0.00000256,0.00042794,0.98214095,0.00000150,0.01742705
extension_02,4,EXTENSION,2,active,57,5.906164,4,EXTENSION,4,EXTENSION,0.994007,0.473583,2850,2950,0.00000329,0.00003603,0.00595362,0.00000002,0.99400704
extension_02,4,EXTENSION,2,active,58,6.005802,4,EXTENSION,4,EXTENSION,1.000000,0.473087,2900,3000,0.00000001,0.00000001,0.00000006,0.00000000,0.99999992
extension_02,4,EXTENSION,2,active,59,6.106623,4,EXTENSION,4,EXTENSION,0.999999,0.382183,2950,3050,0.00000000,0.00000002,0.00000104,0.00000000,0.99999894
extension_02,4,EXTENSION,2,active,60,6.206753,4,EXTENSION,4,EXTENSION,0.999999,0.560705,3000,3100,0.00000000,0.00000000,0.00000059,0.00000000,0.99999941
extension_02,4,EXTENSION,2,active,61,6.306806,4,EXTENSION,4,EXTENSION,1.000000,0.589271,3050,3150,0.00000000,0.00000000,0.00000002,0.00000000,0.99999997
extension_02,4,EXTENSION,2,active,62,6.409000,4,EXTENSION,4,EXTENSION,0.999999,0.474234,3100,3200,0.00000000,0.00000000,0.00000099,0.00000000,0.99999901
extension_02,4,EXTENSION,2,active,63,6.507074,4,EXTENSION,4,EXTENSION,0.999998,0.459518,3150,3250,0.00000000,0.00000000,0.00000174,0.00000000,0.99999826
extension_03,4,EXTENSION,3,countdown,0,0.198242,4,EXTENSION,4,EXTENSION,1.000000,1.000000,0,100,0.00000000,0.00000000,0.00000000,0.00000000,1.00000000
extension_03,4,EXTENSION,3,countdown,1,0.298834,4,EXTENSION,4,EXTENSION,0.949014,1.000000,50,150,0.00000804,0.00000004,0.04706288,0.00391526,0.94901378
extension_03,4,EXTENSION,3,countdown,2,0.399243,2,OPEN,4,EXTENSION,0.757018,1.000000,100,200,0.00465524,0.00620664,0.75701766,0.18628803,0.04583243
extension_03,4,EXTENSION,3,countdown,3,0.499018,1,POWER,4,EXTENSION,0.583585,0.473909,150,250,0.01918292,0.58358466,0.26194670,0.13457596,0.00070975
extension_03,4,EXTENSION,3,countdown,4,0.599873,1,POWER,4,EXTENSION,0.875894,0.118943,200,300,0.01421097,0.87589401,0.10453526,0.00535958,0.00000018
extension_03,4,EXTENSION,3,countdown,5,0.699872,1,POWER,1,POWER,0.966741,0.178579,250,350,0.00429432,0.96674063,0.02774596,0.00121909,0.00000000
extension_03,4,EXTENSION,3,countdown,6,0.800034,1,POWER,1,POWER,0.991269,0.036012,300,400,0.00167267,0.99126880,0.00619985,0.00085867,0.00000000
extension_03,4,EXTENSION,3,countdown,7,0.899794,1,POWER,1,POWER,0.986825,0.000000,350,450,0.00787405,0.98682469,0.00470215,0.00059911,0.00000000
extension_03,4,EXTENSION,3,countdown,8,1.000130,1,POWER,1,POWER,0.796495,0.000000,400,500,0.19866578,0.79649451,0.00276271,0.00207700,0.00000000
extension_03,4,EXTENSION,3,countdown,9,1.100631,0,REST,1,POWER,0.681668,0.000000,450,550,0.68166813,0.31623587,0.00098041,0.00111559,0.00000000
extension_03,4,EXTENSION,3,countdown,10,1.200029,0,REST,1,POWER,0.981543,0.000000,500,600,0.98154319,0.01792515,0.00050385,0.00002781,0.00000000
extension_03,4,EXTENSION,3,countdown,11,1.301141,0,REST,0,REST,0.993135,0.000000,550,650,0.99313497,0.00665269,0.00019950,0.00001285,0.00000000
extension_03,4,EXTENSION,3,countdown,12,1.401110,0,REST,0,REST,0.919852,0.000000,600,700,0.91985207,0.07882173,0.00111693,0.00020927,0.00000000
extension_03,4,EXTENSION,3,countdown,13,1.502742,0,REST,0,REST,0.690450,0.000000,650,750,0.69045005,0.30424922,0.00476044,0.00054028,0.00000001
extension_03,4,EXTENSION,3,countdown,14,1.600884,0,REST,0,REST,0.845450,0.000000,700,800,0.84544976,0.14303321,0.01120645,0.00031059,0.00000000
extension_03,4,EXTENSION,3,countdown,15,1.701060,0,REST,0,REST,0.827680,0.000000,750,850,0.82768040,0.16890627,0.00306719,0.00034614,0.00000000
extension_03,4,EXTENSION,3,countdown,16,1.803875,0,REST,0,REST,0.788347,0.000000,800,900,0.78834694,0.20750272,0.00389020,0.00026014,0.00000000
extension_03,4,EXTENSION,3,countdown,17,1.902055,0,REST,0,REST,0.755852,0.000000,850,950,0.75585161,0.22787310,0.01603504,0.00024024,0.00000000
extension_03,4,EXTENSION,3,countdown,18,2.002419,0,REST,0,REST,0.836756,0.000000,900,1000,0.83675605,0.16104963,0.00202308,0.00017125,0.00000000
extension_03,4,EXTENSION,3,countdown,19,2.108270,0,REST,0,REST,0.941828,0.000000,950,1050,0.94182755,0.05776609,0.00032780,0.00007856,0.00000000
extension_03,4,EXTENSION,3,countdown,20,2.202962,0,REST,0,REST,0.999085,0.000000,1000,1100,0.99908497,0.00069136,0.00022311,0.00000056,0.00000000
extension_03,4,EXTENSION,3,countdown,21,2.302535,0,REST,0,REST,0.999898,0.000000,1050,1150,0.99989835,0.00004072,0.00006088,0.00000005,0.00000000
extension_03,4,EXTENSION,3,countdown,22,2.402443,0,REST,0,REST,0.999405,0.000000,1100,1200,0.99940532,0.00054407,0.00005028,0.00000033,0.00000000
extension_03,4,EXTENSION,3,countdown,23,2.502951,0,REST,0,REST,0.961196,0.000000,1150,1250,0.96119578,0.03813994,0.00064071,0.00002356,0.00000000
extension_03,4,EXTENSION,3,countdown,24,2.602863,0,REST,0,REST,0.993913,0.000000,1200,1300,0.99391262,0.00570918,0.00036765,0.00001055,0.00000000
extension_03,4,EXTENSION,3,countdown,25,2.704009,0,REST,0,REST,0.999950,0.000000,1250,1350,0.99995013,0.00003906,0.00001077,0.00000005,0.00000000
extension_03,4,EXTENSION,3,countdown,26,2.804016,0,REST,0,REST,0.999099,0.000000,1300,1400,0.99909922,0.00076114,0.00013801,0.00000163,0.00000000
extension_03,4,EXTENSION,3,countdown,27,2.904242,0,REST,0,REST,0.998635,0.000000,1350,1450,0.99863521,0.00043140,0.00093220,0.00000119,0.00000000
extension_03,4,EXTENSION,3,active,28,3.004191,0,REST,0,REST,0.933853,0.000000,1400,1500,0.93385263,0.00182717,0.06273125,0.00002837,0.00156058
extension_03,4,EXTENSION,3,active,29,3.103954,4,EXTENSION,0,REST,1.000000,0.000000,1450,1550,0.00000000,0.00000000,0.00000000,0.00000000,1.00000000
extension_03,4,EXTENSION,3,active,30,3.204308,4,EXTENSION,0,REST,1.000000,0.000000,1500,1600,0.00000000,0.00000000,0.00000000,0.00000000,1.00000000
extension_03,4,EXTENSION,3,active,31,3.304411,4,EXTENSION,4,EXTENSION,1.000000,1.000000,1550,1650,0.00000000,0.00000000,0.00000000,0.00000000,1.00000000
extension_03,4,EXTENSION,3,active,32,3.404917,4,EXTENSION,4,EXTENSION,1.000000,1.000000,1600,1700,0.00000000,0.00000000,0.00000000,0.00000000,1.00000000
extension_03,4,EXTENSION,3,active,33,3.505034,4,EXTENSION,4,EXTENSION,1.000000,0.879421,1650,1750,0.00000000,0.00000000,0.00000000,0.00000000,1.00000000
extension_03,4,EXTENSION,3,active,34,3.605272,4,EXTENSION,4,EXTENSION,1.000000,0.842427,1700,1800,0.00000000,0.00000000,0.00000000,0.00000000,1.00000000
extension_03,4,EXTENSION,3,active,35,3.705963,4,EXTENSION,4,EXTENSION,1.000000,0.807525,1750,1850,0.00000000,0.00000000,0.00000000,0.00000000,1.00000000
extension_03,4,EXTENSION,3,active,36,3.805501,4,EXTENSION,4,EXTENSION,1.000000,0.750959,1800,1900,0.00000000,0.00000000,0.00000000,0.00000000,1.00000000
extension_03,4,EXTENSION,3,active,37,3.905719,4,EXTENSION,4,EXTENSION,1.000000,0.717467,1850,1950,0.00000000,0.00000000,0.00000000,0.00000000,1.00000000
extension_03,4,EXTENSION,3,active,38,4.005366,4,EXTENSION,4,EXTENSION,1.000000,0.702813,1900,2000,0.00000000,0.00000000,0.00000000,0.00000000,1.00000000
extension_03,4,EXTENSION,3,active,39,4.106279,4,EXTENSION,4,EXTENSION,1.000000,0.657563,1950,2050,0.00000000,0.00000000,0.00000000,0.00000000,1.00000000
extension_03,4,EXTENSION,3,active,40,4.206051,4,EXTENSION,4,EXTENSION,1.000000,0.729152,2000,2100,0.00000000,0.00000000,0.00000000,0.00000000,1.00000000
extension_03,4,EXTENSION,3,active,41,4.306712,4,EXTENSION,4,EXTENSION,1.000000,0.714679,2050,2150,0.00000000,0.00000000,0.00000007,0.00000000,0.99999993
extension_04,4,EXTENSION,4,countdown,0,0.199329,4,EXTENSION,4,EXTENSION,1.000000,1.000000,0,100,0.00000000,0.00000000,0.00000000,0.00000000,1.00000000
extension_04,4,EXTENSION,4,countdown,1,0.302281,4,EXTENSION,4,EXTENSION,0.975521,1.000000,50,150,0.00000863,0.00000004,0.01768998,0.00678020,0.97552115
extension_04,4,EXTENSION,4,countdown,2,0.399958,2,OPEN,4,EXTENSION,0.577154,1.000000,100,200,0.00392705,0.00617954,0.57715440,0.38671273,0.02602628
extension_04,4,EXTENSION,4,countdown,3,0.497809,0,REST,4,EXTENSION,0.510680,0.503552,150,250,0.01128630,0.51067981,0.20847758,0.26937201,0.00018431
extension_04,4,EXTENSION,4,countdown,4,0.599990,1,POWER,4,EXTENSION,0.934509,0.137837,200,300,0.00498836,0.93450910,0.04467216,0.01583002,0.00000036
extension_04,4,EXTENSION,4,countdown,5,0.701328,1,POWER,4,EXTENSION,0.974462,0.000000,250,350,0.00257070,0.97446153,0.02086143,0.00210634,0.00000000
extension_04,4,EXTENSION,4,countdown,6,0.800477,1,POWER,1,POWER,0.974549,0.048393,300,400,0.00539739,0.97454940,0.01866387,0.00138933,0.00000000
extension_04,4,EXTENSION,4,countdown,7,0.898826,1,POWER,1,POWER,0.989324,0.000000,350,450,0.00500962,0.98932436,0.00451391,0.00115210,0.00000000
extension_04,4,EXTENSION,4,countdown,8,1.000517,1,POWER,1,POWER,0.996337,0.000000,400,500,0.00236904,0.99633727,0.00062378,0.00066991,0.00000000
extension_04,4,EXTENSION,4,countdown,9,1.099326,1,POWER,1,POWER,0.984523,0.000000,450,550,0.01420288,0.98452300,0.00058425,0.00068988,0.00000000
extension_04,4,EXTENSION,4,countdown,10,1.199354,0,REST,1,POWER,0.703006,0.000000,500,600,0.70300558,0.29518569,0.00141690,0.00039183,0.00000000
extension_04,4,EXTENSION,4,countdown,11,1.299221,0,REST,1,POWER,0.815920,0.000000,550,650,0.81592029,0.18187207,0.00186600,0.00034165,0.00000000
extension_04,4,EXTENSION,4,countdown,12,1.402235,0,REST,0,REST,0.850210,0.000000,600,700,0.85020968,0.14831136,0.00075417,0.00072478,0.00000000
extension_04,4,EXTENSION,4,countdown,13,1.500414,0,REST,0,REST,0.906050,0.000000,650,750,0.90604957,0.09214705,0.00084557,0.00095781,0.00000000
extension_04,4,EXTENSION,4,countdown,14,1.599830,0,REST,0,REST,0.891346,0.000000,700,800,0.89134581,0.10065462,0.00736041,0.00063916,0.00000000
extension_04,4,EXTENSION,4,countdown,15,1.700063,0,REST,0,REST,0.989442,0.000000,750,850,0.98944212,0.00765708,0.00286610,0.00003470,0.00000000
extension_04,4,EXTENSION,4,countdown,16,1.800777,0,REST,0,REST,0.978409,0.000000,800,900,0.97840911,0.01615108,0.00539396,0.00004585,0.00000001
extension_04,4,EXTENSION,4,countdown,17,1.900748,0,REST,0,REST,0.987678,0.000000,850,950,0.98767778,0.01118560,0.00112099,0.00001563,0.00000000
extension_04,4,EXTENSION,4,countdown,18,2.000965,0,REST,0,REST,0.997296,0.000000,900,1000,0.99729590,0.00245223,0.00024956,0.00000231,0.00000000
extension_04,4,EXTENSION,4,countdown,19,2.101318,0,REST,0,REST,0.994146,0.000000,950,1050,0.99414610,0.00559400,0.00025477,0.00000513,0.00000000
extension_04,4,EXTENSION,4,countdown,20,2.201208,0,REST,0,REST,0.996965,0.000000,1000,1100,0.99696478,0.00232914,0.00070249,0.00000360,0.00000000
extension_04,4,EXTENSION,4,countdown,21,2.301331,0,REST,0,REST,0.997954,0.000000,1050,1150,0.99795437,0.00144554,0.00059893,0.00000116,0.00000000
extension_04,4,EXTENSION,4,countdown,22,2.401808,0,REST,0,REST,0.998023,0.000000,1100,1200,0.99802288,0.00098209,0.00099324,0.00000176,0.00000004
extension_04,4,EXTENSION,4,countdown,23,2.501609,0,REST,0,REST,0.996570,0.000000,1150,1250,0.99657031,0.00013888,0.00328970,0.00000110,0.00000001
extension_04,4,EXTENSION,4,countdown,24,2.602147,0,REST,0,REST,0.998021,0.000000,1200,1300,0.99802122,0.00022344,0.00175482,0.00000052,0.00000000
extension_04,4,EXTENSION,4,countdown,25,2.707235,0,REST,0,REST,0.995562,0.000000,1250,1350,0.99556219,0.00321028,0.00122349,0.00000404,0.00000000
extension_04,4,EXTENSION,4,countdown,26,2.804326,0,REST,0,REST,0.990975,0.000000,1300,1400,0.99097455,0.00696196,0.00204379,0.00001970,0.00000000
extension_04,4,EXTENSION,4,countdown,27,2.903106,0,REST,0,REST,0.992655,0.000000,1350,1450,0.99265548,0.00178253,0.00518845,0.00037015,0.00000339
extension_04,4,EXTENSION,4,active,28,3.003106,4,EXTENSION,0,REST,1.000000,0.000000,1400,1500,0.00000000,0.00000000,0.00000039,0.00000000,0.99999961
extension_04,4,EXTENSION,4,active,29,3.103008,4,EXTENSION,0,REST,1.000000,0.000000,1450,1550,0.00000000,0.00000000,0.00000000,0.00000000,1.00000000
extension_04,4,EXTENSION,4,active,30,3.203119,4,EXTENSION,4,EXTENSION,1.000000,1.000000,1500,1600,0.00000000,0.00000000,0.00000000,0.00000000,1.00000000
extension_04,4,EXTENSION,4,active,31,3.303977,4,EXTENSION,4,EXTENSION,1.000000,0.982449,1550,1650,0.00000000,0.00000000,0.00000000,0.00000000,1.00000000
extension_04,4,EXTENSION,4,active,32,3.404245,4,EXTENSION,4,EXTENSION,1.000000,0.886339,1600,1700,0.00000000,0.00000000,0.00000000,0.00000000,1.00000000
extension_04,4,EXTENSION,4,active,33,3.504646,4,EXTENSION,4,EXTENSION,1.000000,0.782141,1650,1750,0.00000000,0.00000000,0.00000000,0.00000000,1.00000000
extension_04,4,EXTENSION,4,active,34,3.605273,4,EXTENSION,4,EXTENSION,1.000000,0.643020,1700,1800,0.00000000,0.00000000,0.00000000,0.00000000,1.00000000
extension_04,4,EXTENSION,4,active,35,3.704121,4,EXTENSION,4,EXTENSION,1.000000,0.580772,1750,1850,0.00000000,0.00000000,0.00000001,0.00000000,0.99999999
extension_04,4,EXTENSION,4,active,36,3.804329,4,EXTENSION,4,EXTENSION,1.000000,0.694420,1800,1900,0.00000000,0.00000000,0.00000000,0.00000000,1.00000000
extension_04,4,EXTENSION,4,active,37,3.904374,4,EXTENSION,4,EXTENSION,1.000000,0.649057,1850,1950,0.00000000,0.00000000,0.00000000,0.00000000,1.00000000
extension_04,4,EXTENSION,4,active,38,4.004637,4,EXTENSION,4,EXTENSION,1.000000,0.546685,1900,2000,0.00000000,0.00000000,0.00000000,0.00000000,1.00000000
extension_04,4,EXTENSION,4,active,39,4.108272,4,EXTENSION,4,EXTENSION,1.000000,0.545899,1950,2050,0.00000000,0.00000000,0.00000000,0.00000000,1.00000000
extension_04,4,EXTENSION,4,active,40,4.205232,4,EXTENSION,4,EXTENSION,1.000000,0.533764,2000,2100,0.00000000,0.00000000,0.00000000,0.00000000,1.00000000
extension_05,4,EXTENSION,5,countdown,0,0.199681,4,EXTENSION,4,EXTENSION,1.000000,1.000000,0,100,0.00000000,0.00000000,0.00000000,0.00000000,1.00000000
extension_05,4,EXTENSION,5,countdown,1,0.302316,4,EXTENSION,4,EXTENSION,0.992284,1.000000,50,150,0.00000267,0.00000001,0.00671605,0.00099708,0.99228418
extension_05,4,EXTENSION,5,countdown,2,0.401195,2,OPEN,4,EXTENSION,0.650921,1.000000,100,200,0.00520366,0.01025879,0.65092134,0.20451918,0.12909703
extension_05,4,EXTENSION,5,countdown,3,0.500451,1,POWER,4,EXTENSION,0.649249,0.514488,150,250,0.02469320,0.64924921,0.24660258,0.07915914,0.00029586
extension_05,4,EXTENSION,5,countdown,4,0.600052,1,POWER,4,EXTENSION,0.978440,0.141640,200,300,0.00370319,0.97844039,0.01291807,0.00493668,0.00000166
extension_05,4,EXTENSION,5,countdown,5,0.700377,1,POWER,1,POWER,0.984867,0.191764,250,350,0.00280981,0.98486739,0.01148852,0.00083425,0.00000002
extension_05,4,EXTENSION,5,countdown,6,0.800588,1,POWER,1,POWER,0.990213,0.048539,300,400,0.00299224,0.99021266,0.00572906,0.00106604,0.00000000
extension_05,4,EXTENSION,5,countdown,7,0.903485,1,POWER,1,POWER,0.985710,0.000000,350,450,0.01057679,0.98571039,0.00129587,0.00241694,0.00000000
extension_05,4,EXTENSION,5,countdown,8,1.001353,1,POWER,1,POWER,0.942416,0.000000,400,500,0.05321828,0.94241554,0.00161234,0.00275384,0.00000000
extension_05,4,EXTENSION,5,countdown,9,1.101196,1,POWER,1,POWER,0.729561,0.000000,450,550,0.26136981,0.72956122,0.00522611,0.00384287,0.00000000
extension_05,4,EXTENSION,5,countdown,10,1.201304,0,REST,1,POWER,0.916505,0.000000,500,600,0.91650496,0.08150161,0.00188208,0.00011135,0.00000000
extension_05,4,EXTENSION,5,countdown,11,1.329271,0,REST,1,POWER,0.998779,0.000000,550,650,0.99877890,0.00115304,0.00006739,0.00000066,0.00000000
extension_05,4,EXTENSION,5,countdown,12,1.409319,0,REST,0,REST,0.999690,0.000000,600,700,0.99969049,0.00027106,0.00003792,0.00000053,0.00000000
extension_05,4,EXTENSION,5,countdown,13,1.502429,0,REST,0,REST,0.985430,0.000000,650,750,0.98542958,0.01443623,0.00010900,0.00002519,0.00000000
extension_05,4,EXTENSION,5,countdown,14,1.602385,0,REST,0,REST,0.943423,0.000000,700,800,0.94342346,0.05627011,0.00023533,0.00007111,0.00000000
extension_05,4,EXTENSION,5,countdown,15,1.703061,0,REST,0,REST,0.957846,0.000000,750,850,0.95784588,0.03932466,0.00274027,0.00008919,0.00000000
extension_05,4,EXTENSION,5,countdown,16,1.802470,0,REST,0,REST,0.965797,0.000000,800,900,0.96579706,0.02160471,0.01252334,0.00007489,0.00000000
extension_05,4,EXTENSION,5,countdown,17,1.906005,0,REST,0,REST,0.963874,0.000000,850,950,0.96387373,0.03357946,0.00248760,0.00005921,0.00000000
extension_05,4,EXTENSION,5,countdown,18,2.004367,0,REST,0,REST,0.998151,0.000000,900,1000,0.99815094,0.00177134,0.00007545,0.00000227,0.00000000
extension_05,4,EXTENSION,5,countdown,19,2.103751,0,REST,0,REST,0.999754,0.000000,950,1050,0.99975438,0.00012206,0.00012342,0.00000014,0.00000000
extension_05,4,EXTENSION,5,countdown,20,2.203260,0,REST,0,REST,0.996699,0.000000,1000,1100,0.99669945,0.00061471,0.00268522,0.00000062,0.00000000
extension_05,4,EXTENSION,5,countdown,21,2.304132,0,REST,0,REST,0.995104,0.000000,1050,1150,0.99510417,0.00380618,0.00107969,0.00000995,0.00000001
extension_05,4,EXTENSION,5,countdown,22,2.403737,0,REST,0,REST,0.989743,0.000000,1100,1200,0.98974304,0.00945967,0.00078442,0.00001287,0.00000000
extension_05,4,EXTENSION,5,countdown,23,2.504288,0,REST,0,REST,0.998369,0.000000,1150,1250,0.99836913,0.00050713,0.00112230,0.00000143,0.00000000
extension_05,4,EXTENSION,5,countdown,24,2.604297,0,REST,0,REST,0.996592,0.000000,1200,1300,0.99659203,0.00277060,0.00062618,0.00001118,0.00000000
extension_05,4,EXTENSION,5,countdown,25,2.704887,0,REST,0,REST,0.998376,0.000000,1250,1350,0.99837621,0.00142721,0.00019308,0.00000351,0.00000000
extension_05,4,EXTENSION,5,countdown,26,2.804537,0,REST,0,REST,0.999638,0.000000,1300,1400,0.99963752,0.00030175,0.00005891,0.00000181,0.00000000
extension_05,4,EXTENSION,5,countdown,27,2.904887,0,REST,0,REST,0.999653,0.000000,1350,1450,0.99965300,0.00025255,0.00009349,0.00000096,0.00000000
extension_05,4,EXTENSION,5,active,28,3.005220,0,REST,0,REST,0.999188,0.000000,1400,1500,0.99918822,0.00014343,0.00066813,0.00000021,0.00000000
extension_05,4,EXTENSION,5,active,29,3.106835,0,REST,0,REST,0.998563,0.000000,1450,1550,0.99856290,0.00045450,0.00098193,0.00000067,0.00000000
extension_05,4,EXTENSION,5,active,30,3.207995,4,EXTENSION,0,REST,0.999916,0.000000,1500,1600,0.00002398,0.00000080,0.00000636,0.00005253,0.99991633
extension_05,4,EXTENSION,5,active,31,3.306129,4,EXTENSION,0,REST,1.000000,0.000000,1550,1650,0.00000000,0.00000000,0.00000000,0.00000000,1.00000000
extension_05,4,EXTENSION,5,active,32,3.405483,4,EXTENSION,4,EXTENSION,1.000000,1.000000,1600,1700,0.00000000,0.00000000,0.00000005,0.00000000,0.99999995
extension_05,4,EXTENSION,5,active,33,3.511902,4,EXTENSION,4,EXTENSION,1.000000,1.000000,1650,1750,0.00000000,0.00000000,0.00000004,0.00000000,0.99999996
extension_05,4,EXTENSION,5,active,34,3.606127,4,EXTENSION,4,EXTENSION,1.000000,0.818700,1700,1800,0.00000000,0.00000000,0.00000000,0.00000000,1.00000000
extension_05,4,EXTENSION,5,active,35,3.707065,4,EXTENSION,4,EXTENSION,1.000000,0.719861,1750,1850,0.00000000,0.00000000,0.00000000,0.00000000,1.00000000
extension_05,4,EXTENSION,5,active,36,3.806325,4,EXTENSION,4,EXTENSION,1.000000,0.713593,1800,1900,0.00000000,0.00000000,0.00000000,0.00000000,1.00000000
extension_05,4,EXTENSION,5,active,37,3.906437,4,EXTENSION,4,EXTENSION,1.000000,0.626904,1850,1950,0.00000000,0.00000000,0.00000000,0.00000000,1.00000000
extension_05,4,EXTENSION,5,active,38,4.007235,4,EXTENSION,4,EXTENSION,1.000000,0.586902,1900,2000,0.00000000,0.00000000,0.00000000,0.00000000,1.00000000
extension_05,4,EXTENSION,5,active,39,4.107349,4,EXTENSION,4,EXTENSION,1.000000,0.551311,1950,2050,0.00000000,0.00000000,0.00000000,0.00000000,1.00000000
extension_05,4,EXTENSION,5,active,40,4.207156,4,EXTENSION,4,EXTENSION,1.000000,0.570325,2000,2100,0.00000000,0.00000000,0.00000000,0.00000000,1.00000000
extension_05,4,EXTENSION,5,active,41,4.308442,4,EXTENSION,4,EXTENSION,1.000000,0.518384,2050,2150,0.00000000,0.00000000,0.00000000,0.00000000,1.00000000
extension_05,4,EXTENSION,5,active,42,4.408332,4,EXTENSION,4,EXTENSION,0.999998,0.424561,2100,2200,0.00000000,0.00000000,0.00000202,0.00000000,0.99999798
