trial_id,gesture_label,gesture_name,repeat_index,stage,frame_index,prediction_time_s,raw_label,raw_name,smoothed_label,smoothed_name,confidence,proportional,window_start_sample,window_end_sample,vote2_label,vote2_name,vote2_confidence,vote3_label,vote3_name,vote3_confidence,vote4_label,vote4_name,vote4_confidence,vote5_label,vote5_name,vote5_confidence,prob_rest,prob_power,prob_open,prob_flexion,prob_extension
power_01,1,POWER,1,countdown,0,0.197319,0,REST,0,REST,0.483204,0.000000,0,100,0,REST,0.000000,0,REST,0.000000,0,REST,0.000000,0,REST,0.000000,0.48320385,0.11127628,0.17517251,0.14595982,0.08438753
power_01,1,POWER,1,countdown,1,0.297389,4,EXTENSION,0,REST,0.873984,0.000000,50,150,0,REST,0.000000,0,REST,0.000000,0,REST,0.000000,0,REST,0.000000,0.02742183,0.01696743,0.07639456,0.00523224,0.87398394
power_01,1,POWER,1,countdown,2,0.397575,0,REST,0,REST,0.381679,0.000000,100,200,0,REST,0.000000,0,REST,0.666667,0,REST,0.000000,0,REST,0.000000,0.38167925,0.12464491,0.22090754,0.04557448,0.22719382
power_01,1,POWER,1,countdown,3,0.498189,0,REST,0,REST,0.596789,0.000000,150,250,0,REST,1.000000,0,REST,0.666667,0,REST,0.750000,0,REST,0.600000,0.59678917,0.16016850,0.14055727,0.02746304,0.07502202
power_01,1,POWER,1,countdown,4,0.597763,0,REST,0,REST,0.927999,0.000000,200,300,0,REST,1.000000,0,REST,1.000000,0,REST,0.750000,0,REST,0.800000,0.92799910,0.03336333,0.02543183,0.00532549,0.00788025
power_01,1,POWER,1,countdown,5,0.698948,0,REST,0,REST,0.761808,0.000000,250,350,0,REST,1.000000,0,REST,1.000000,0,REST,1.000000,0,REST,0.800000,0.76180781,0.11757686,0.09046603,0.01456438,0.01558491
power_01,1,POWER,1,countdown,6,0.798486,0,REST,0,REST,0.358309,0.000000,300,400,0,REST,1.000000,0,REST,1.000000,0,REST,1.000000,0,REST,1.000000,0.28207800,0.35830915,0.24663517,0.04246789,0.07050979
power_01,1,POWER,1,countdown,7,0.899012,0,REST,0,REST,0.285562,0.000000,350,450,0,REST,1.000000,0,REST,1.000000,0,REST,1.000000,0,REST,1.000000,0.28123433,0.28556176,0.22951271,0.03230697,0.17138422
power_01,1,POWER,1,countdown,8,0.999085,1,POWER,0,REST,0.873653,0.000000,400,500,0,REST,0.000000,0,REST,0.666667,0,REST,0.750000,0,REST,0.800000,0.08980325,0.87365301,0.01481641,0.01437512,0.00735222
power_01,1,POWER,1,countdown,9,1.101286,0,REST,0,REST,0.505160,0.000000,450,550,0,REST,0.000000,0,REST,0.666667,0,REST,0.750000,0,REST,0.800000,0.50515961,0.42484982,0.01476788,0.02799155,0.02723113
power_01,1,POWER,1,countdown,10,1.199353,0,REST,0,REST,0.932156,0.000000,500,600,0,REST,1.000000,0,REST,0.666667,0,REST,0.750000,0,REST,0.800000,0.93215574,0.04171998,0.00522647,0.00812389,0.01277392
power_01,1,POWER,1,countdown,11,1.299691,0,REST,0,REST,0.893562,0.000000,550,650,0,REST,1.000000,0,REST,1.000000,0,REST,0.750000,0,REST,0.800000,0.89356241,0.07401905,0.00956281,0.01418633,0.00866940
power_01,1,POWER,1,countdown,12,1.400323,0,REST,0,REST,0.709198,0.000000,600,700,0,REST,1.000000,0,REST,1.000000,0,REST,1.000000,0,REST,0.800000,0.70919799,0.22147957,0.01900084,0.01436016,0.03596144
power_01,1,POWER,1,countdown,13,1.500749,0,REST,0,REST,0.893376,0.000000,650,750,0,REST,1.000000,0,REST,1.000000,0,REST,1.000000,0,REST,1.000000,0.89337604,0.04746389,0.02597895,0.00481406,0.02836706
power_01,1,POWER,1,countdown,14,1.600201,0,REST,0,REST,0.880549,0.000000,700,800,0,REST,1.000000,0,REST,1.000000,0,REST,1.000000,0,REST,1.000000,0.88054863,0.06952260,0.01931994,0.01071329,0.01989554
power_01,1,POWER,1,countdown,15,1.700292,0,REST,0,REST,0.937649,0.000000,750,850,0,REST,1.000000,0,REST,1.000000,0,REST,1.000000,0,REST,1.000000,0.93764876,0.02947739,0.00978546,0.00724125,0.01584714
power_01,1,POWER,1,countdown,16,1.800820,0,REST,0,REST,0.923505,0.000000,800,900,0,REST,1.000000,0,REST,1.000000,0,REST,1.000000,0,REST,1.000000,0.92350512,0.03855740,0.02428187,0.00469963,0.00895598
power_01,1,POWER,1,countdown,17,1.900769,0,REST,0,REST,0.903620,0.000000,850,950,0,REST,1.000000,0,REST,1.000000,0,REST,1.000000,0,REST,1.000000,0.90362037,0.03787825,0.03534548,0.01407798,0.00907792
power_01,1,POWER,1,countdown,18,2.001816,0,REST,0,REST,0.959360,0.000000,900,1000,0,REST,1.000000,0,REST,1.000000,0,REST,1.000000,0,REST,1.000000,0.95936038,0.02089537,0.00682458,0.00659455,0.00632513
power_01,1,POWER,1,countdown,19,2.101359,0,REST,0,REST,0.800592,0.000000,950,1050,0,REST,1.000000,0,REST,1.000000,0,REST,1.000000,0,REST,1.000000,0.80059186,0.16295690,0.01276134,0.01575632,0.00793357
power_01,1,POWER,1,countdown,20,2.202260,0,REST,0,REST,0.754841,0.000000,1000,1100,0,REST,1.000000,0,REST,1.000000,0,REST,1.000000,0,REST,1.000000,0.75484054,0.18283534,0.03008701,0.01886247,0.01337465
power_01,1,POWER,1,countdown,21,2.302212,0,REST,0,REST,0.836024,0.000000,1050,1150,0,REST,1.000000,0,REST,1.000000,0,REST,1.000000,0,REST,1.000000,0.83602445,0.10655205,0.03480117,0.01490528,0.00771705
power_01,1,POWER,1,countdown,22,2.402823,0,REST,0,REST,0.899322,0.000000,1100,1200,0,REST,1.000000,0,REST,1.000000,0,REST,1.000000,0,REST,1.000000,0.89932165,0.04938770,0.02738610,0.01895039,0.00495415
power_01,1,POWER,1,countdown,23,2.502040,0,REST,0,REST,0.877218,0.000000,1150,1250,0,REST,1.000000,0,REST,1.000000,0,REST,1.000000,0,REST,1.000000,0.87721841,0.03401552,0.03150777,0.04773682,0.00952149
power_01,1,POWER,1,countdown,24,2.602236,0,REST,0,REST,0.906929,0.000000,1200,1300,0,REST,1.000000,0,REST,1.000000,0,REST,1.000000,0,REST,1.000000,0.90692881,0.04103175,0.02517571,0.02137151,0.00549222
power_01,1,POWER,1,countdown,25,2.703171,0,REST,0,REST,0.870527,0.000000,1250,1350,0,REST,1.000000,0,REST,1.000000,0,REST,1.000000,0,REST,1.000000,0.87052651,0.09714544,0.01565527,0.00959019,0.00708258
power_01,1,POWER,1,countdown,26,2.802973,0,REST,0,REST,0.926605,0.000000,1300,1400,0,REST,1.000000,0,REST,1.000000,0,REST,1.000000,0,REST,1.000000,0.92660516,0.05802838,0.00756680,0.00293153,0.00486813
power_01,1,POWER,1,countdown,27,2.903225,0,REST,0,REST,0.659840,0.000000,1350,1450,0,REST,1.000000,0,REST,1.000000,0,REST,1.000000,0,REST,1.000000,0.65983980,0.22920845,0.05839683,0.00571700,0.04683792
power_01,1,POWER,1,active,28,3.003205,1,POWER,0,REST,0.891717,0.000000,1400,1500,0,REST,0.000000,0,REST,0.666667,0,REST,0.750000,0,REST,0.800000,0.02608171,0.89171706,0.04428660,0.00560207,0.03231255
power_01,1,POWER,1,active,29,3.103436,1,POWER,0,REST,0.845265,0.000000,1450,1550,1,POWER,1.000000,1,POWER,0.666667,0,REST,0.000000,0,REST,0.600000,0.00026891,0.84526512,0.12996817,0.01348301,0.01101480
power_01,1,POWER,1,active,30,3.204168,1,POWER,1,POWER,0.999854,0.856169,1500,1600,1,POWER,1.000000,1,POWER,1.000000,1,POWER,0.750000,1,POWER,0.600000,0.00000002,0.99985361,0.00003449,0.00000028,0.00011160
power_01,1,POWER,1,active,31,3.304591,1,POWER,1,POWER,0.999995,0.817886,1550,1650,1,POWER,1.000000,1,POWER,1.000000,1,POWER,1.000000,1,POWER,0.800000,0.00000000,0.99999456,0.00000112,0.00000054,0.00000378
power_01,1,POWER,1,active,32,3.404448,1,POWER,1,POWER,0.999993,0.628191,1600,1700,1,POWER,1.000000,1,POWER,1.000000,1,POWER,1.000000,1,POWER,1.000000,0.00000000,0.99999344,0.00000003,0.00000020,0.00000633
power_01,1,POWER,1,active,33,3.504203,1,POWER,1,POWER,0.997649,0.465664,1650,1750,1,POWER,1.000000,1,POWER,1.000000,1,POWER,1.000000,1,POWER,1.000000,0.00000181,0.99764934,0.00000747,0.00136339,0.00097798
power_01,1,POWER,1,active,34,3.605272,3,FLEXION,1,POWER,0.940551,0.369036,1700,1800,0,REST,0.000000,1,POWER,0.666667,1,POWER,0.750000,1,POWER,0.800000,0.00000324,0.05039162,0.00048536,0.94055145,0.00856834
power_01,1,POWER,1,active,35,3.705311,3,FLEXION,1,POWER,0.859506,0.341669,1750,1850,3,FLEXION,1.000000,3,FLEXION,0.666667,0,REST,0.000000,1,POWER,0.600000,0.00000796,0.13902560,0.00024534,0.85950552,0.00121558
power_01,1,POWER,1,active,36,3.805282,1,POWER,1,POWER,0.936236,0.338172,1800,1900,0,REST,0.000000,3,FLEXION,0.666667,0,REST,0.000000,1,POWER,0.600000,0.00002590,0.93623559,0.00278263,0.05386207,0.00709381
power_01,1,POWER,1,active,37,3.905890,1,POWER,1,POWER,0.993441,0.344245,1850,1950,1,POWER,1.000000,1,POWER,0.666667,0,REST,0.000000,1,POWER,0.600000,0.00001441,0.99344141,0.00270483,0.00282359,0.00101576
power_01,1,POWER,1,active,38,4.005998,1,POWER,1,POWER,0.996575,0.327233,1900,2000,1,POWER,1.000000,1,POWER,1.000000,1,POWER,0.750000,1,POWER,0.600000,0.00000628,0.99657458,0.00191595,0.00059692,0.00090626
power_01,1,POWER,1,active,39,4.105674,1,POWER,1,POWER,0.893600,0.279818,1950,2050,1,POWER,1.000000,1,POWER,1.000000,1,POWER,1.000000,1,POWER,0.800000,0.00038986,0.89359975,0.02694690,0.01021962,0.06884387
power_01,1,POWER,1,active,40,4.206249,1,POWER,1,POWER,0.915732,0.250665,2000,2100,1,POWER,1.000000,1,POWER,1.000000,1,POWER,1.000000,1,POWER,1.000000,0.00015894,0.91573168,0.01338181,0.01097510,0.05975247
power_02,1,POWER,2,countdown,0,0.196979,0,REST,0,REST,0.489143,0.000000,0,100,0,REST,0.000000,0,REST,0.000000,0,REST,0.000000,0,REST,0.000000,0.48914276,0.11083490,0.17601607,0.14544645,0.07855982
power_02,1,POWER,2,countdown,1,0.297135,4,EXTENSION,0,REST,0.882678,0.000000,50,150,0,REST,0.000000,0,REST,0.000000,0,REST,0.000000,0,REST,0.000000,0.02244364,0.01576391,0.07437191,0.00474286,0.88267768
power_02,1,POWER,2,countdown,2,0.398058,0,REST,0,REST,0.712762,0.000000,100,200,0,REST,0.000000,0,REST,0.666667,0,REST,0.000000,0,REST,0.000000,0.71276162,0.06195572,0.09098718,0.01712499,0.11717049
power_02,1,POWER,2,countdown,3,0.497580,0,REST,0,REST,0.976697,0.000000,150,250,0,REST,1.000000,0,REST,0.666667,0,REST,0.750000,0,REST,0.600000,0.97669674,0.00715279,0.00959880,0.00242963,0.00412204
power_02,1,POWER,2,countdown,4,0.598144,0,REST,0,REST,0.963988,0.000000,200,300,0,REST,1.000000,0,REST,1.000000,0,REST,0.750000,0,REST,0.800000,0.96398771,0.00515594,0.02582801,0.00172495,0.00330338
power_02,1,POWER,2,countdown,5,0.698376,0,REST,0,REST,0.963338,0.000000,250,350,0,REST,1.000000,0,REST,1.000000,0,REST,1.000000,0,REST,0.800000,0.96333757,0.00404281,0.02631378,0.00258392,0.00372192
power_02,1,POWER,2,countdown,6,0.798717,0,REST,0,REST,0.945317,0.000000,300,400,0,REST,1.000000,0,REST,1.000000,0,REST,1.000000,0,REST,1.000000,0.94531713,0.00565489,0.03139192,0.00806870,0.00956735
power_02,1,POWER,2,countdown,7,0.898152,0,REST,0,REST,0.749119,0.000000,350,450,0,REST,1.000000,0,REST,1.000000,0,REST,1.000000,0,REST,1.000000,0.74911867,0.02128425,0.17036643,0.01902044,0.04021021
power_02,1,POWER,2,countdown,8,0.999269,0,REST,0,REST,0.456590,0.000000,400,500,0,REST,1.000000,0,REST,1.000000,0,REST,1.000000,0,REST,1.000000,0.45658985,0.28501101,0.17682363,0.02743446,0.05414106
power_02,1,POWER,2,countdown,9,1.099664,0,REST,0,REST,0.522445,0.000000,450,550,0,REST,1.000000,0,REST,1.000000,0,REST,1.000000,0,REST,1.000000,0.42299297,0.52244516,0.01279178,0.03083836,0.01093173
power_02,1,POWER,2,countdown,10,1.199182,0,REST,0,REST,0.489642,0.000000,500,600,0,REST,1.000000,0,REST,1.000000,0,REST,1.000000,0,REST,1.000000,0.48964233,0.46414650,0.01076911,0.02642415,0.00901792
power_02,1,POWER,2,countdown,11,1.299227,0,REST,0,REST,0.853720,0.000000,550,650,0,REST,1.000000,0,REST,1.000000,0,REST,1.000000,0,REST,1.000000,0.85372042,0.10167699,0.01853361,0.00996465,0.01610434
power_02,1,POWER,2,countdown,12,1.399220,0,REST,0,REST,0.942908,0.000000,600,700,0,REST,1.000000,0,REST,1.000000,0,REST,1.000000,0,REST,1.000000,0.94290768,0.03102137,0.00983997,0.00445152,0.01177946
power_02,1,POWER,2,countdown,13,1.499612,0,REST,0,REST,0.747157,0.000000,650,750,0,REST,1.000000,0,REST,1.000000,0,REST,1.000000,0,REST,1.000000,0.74715717,0.20625866,0.01087470,0.02980219,0.00590729
power_02,1,POWER,2,countdown,14,1.602967,0,REST,0,REST,0.836168,0.000000,700,800,0,REST,1.000000,0,REST,1.000000,0,REST,1.000000,0,REST,1.000000,0.83616828,0.09685462,0.02389114,0.03303876,0.01004720
power_02,1,POWER,2,countdown,15,1.700517,0,REST,0,REST,0.870828,0.000000,750,850,0,REST,1.000000,0,REST,1.000000,0,REST,1.000000,0,REST,1.000000,0.87082839,0.07397067,0.01822269,0.02862076,0.00835749
power_02,1,POWER,2,countdown,16,1.800449,0,REST,0,REST,0.697040,0.000000,800,900,0,REST,1.000000,0,REST,1.000000,0,REST,1.000000,0,REST,1.000000,0.69704046,0.24810931,0.02042913,0.01541562,0.01900547
power_02,1,POWER,2,countdown,17,1.900327,0,REST,0,REST,0.943764,0.000000,850,950,0,REST,1.000000,0,REST,1.000000,0,REST,1.000000,0,REST,1.000000,0.94376433,0.02759808,0.01071108,0.00564177,0.01228473
power_02,1,POWER,2,countdown,18,2.000466,0,REST,0,REST,0.899380,0.000000,900,1000,0,REST,1.000000,0,REST,1.000000,0,REST,1.000000,0,REST,1.000000,0.89938022,0.04031971,0.05090878,0.00423457,0.00515672
power_02,1,POWER,2,countdown,19,2.101896,0,REST,0,REST,0.786205,0.000000,950,1050,0,REST,1.000000,0,REST,1.000000,0,REST,1.000000,0,REST,1.000000,0.78620517,0.11069062,0.08450216,0.00901546,0.00958659
power_02,1,POWER,2,countdown,20,2.201702,0,REST,0,REST,0.772622,0.000000,1000,1100,0,REST,1.000000,0,REST,1.000000,0,REST,1.000000,0,REST,1.000000,0.77262194,0.17271928,0.03369433,0.00911326,0.01185119
power_02,1,POWER,2,countdown,21,2.301976,0,REST,0,REST,0.513434,0.000000,1050,1150,0,REST,1.000000,0,REST,1.000000,0,REST,1.000000,0,REST,1.000000,0.51343378,0.35600121,0.10384624,0.00816967,0.01854909
power_02,1,POWER,2,countdown,22,2.402215,0,REST,0,REST,0.502734,0.000000,1100,1200,0,REST,1.000000,0,REST,1.000000,0,REST,1.000000,0,REST,1.000000,0.50273421,0.44743155,0.02986162,0.01066548,0.00930714
power_02,1,POWER,2,countdown,23,2.502248,0,REST,0,REST,0.693159,0.000000,1150,1250,0,REST,1.000000,0,REST,1.000000,0,REST,1.000000,0,REST,1.000000,0.69315884,0.27323858,0.01066851,0.01384843,0.00908564
power_02,1,POWER,2,countdown,24,2.602654,0,REST,0,REST,0.874776,0.000000,1200,1300,0,REST,1.000000,0,REST,1.000000,0,REST,1.000000,0,REST,1.000000,0.87477627,0.08616217,0.01406544,0.00893844,0.01605768
power_02,1,POWER,2,countdown,25,2.702336,0,REST,0,REST,0.515501,0.000000,1250,1350,0,REST,1.000000,0,REST,1.000000,0,REST,1.000000,0,REST,1.000000,0.46166568,0.51550141,0.00762851,0.01145458,0.00374982
power_02,1,POWER,2,countdown,26,2.803054,0,REST,0,REST,0.660223,0.000000,1300,1400,0,REST,1.000000,0,REST,1.000000,0,REST,1.000000,0,REST,1.000000,0.66022336,0.30676115,0.01752466,0.00917614,0.00631469
power_02,1,POWER,2,countdown,27,2.902558,1,POWER,0,REST,0.942509,0.000000,1350,1450,0,REST,0.000000,0,REST,0.666667,0,REST,0.750000,0,REST,0.800000,0.00869971,0.94250923,0.04151982,0.00367646,0.00359477
power_02,1,POWER,2,active,28,3.002941,0,REST,0,REST,0.534522,0.000000,1400,1500,0,REST,0.000000,0,REST,0.666667,0,REST,0.750000,0,REST,0.800000,0.00006915,0.53452237,0.00179961,0.45355070,0.01005817
power_02,1,POWER,2,active,29,3.103164,1,POWER,0,REST,0.999994,0.000000,1450,1550,0,REST,0.000000,1,POWER,0.666667,0,REST,0.000000,0,REST,0.600000,0.00000000,0.99999372,0.00000005,0.00000582,0.00000041
power_02,1,POWER,2,active,30,3.203008,1,POWER,1,POWER,0.999905,1.000000,1500,1600,1,POWER,1.000000,1,POWER,0.666667,1,POWER,0.750000,1,POWER,0.600000,0.00000000,0.99990474,0.00000007,0.00008009,0.00001511
power_02,1,POWER,2,active,31,3.303573,3,FLEXION,1,POWER,0.710074,0.952667,1550,1650,0,REST,0.000000,1,POWER,0.666667,0,REST,0.000000,1,POWER,0.600000,0.00002886,0.28984170,0.00000050,0.71007425,0.00005467
power_02,1,POWER,2,active,32,3.403981,1,POWER,1,POWER,0.999994,0.834493,1600,1700,0,REST,0.000000,1,POWER,0.666667,1,POWER,0.750000,1,POWER,0.600000,0.00000000,0.99999410,0.00000003,0.00000582,0.00000005
power_02,1,POWER,2,active,33,3.503740,1,POWER,1,POWER,0.999982,0.706062,1650,1750,1,POWER,1.000000,1,POWER,0.666667,1,POWER,0.750000,1,POWER,0.800000,0.00000000,0.99998227,0.00000003,0.00001714,0.00000056
power_02,1,POWER,2,active,34,3.604699,1,POWER,1,POWER,0.971848,0.699094,1700,1800,1,POWER,1.000000,1,POWER,1.000000,1,POWER,0.750000,1,POWER,0.800000,0.00021220,0.97184799,0.00027638,0.02675698,0.00090645
power_02,1,POWER,2,active,35,3.704780,1,POWER,1,POWER,0.998652,0.673468,1750,1850,1,POWER,1.000000,1,POWER,1.000000,1,POWER,1.000000,1,POWER,0.800000,0.00000050,0.99865201,0.00000070,0.00092677,0.00042002
power_02,1,POWER,2,active,36,3.805096,1,POWER,1,POWER,0.993580,0.590260,1800,1900,1,POWER,1.000000,1,POWER,1.000000,1,POWER,1.000000,1,POWER,1.000000,0.00001328,0.99357967,0.00001668,0.00636034,0.00003003
power_02,1,POWER,2,active,37,3.905132,1,POWER,1,POWER,0.994184,0.560793,1850,1950,1,POWER,1.000000,1,POWER,1.000000,1,POWER,1.000000,1,POWER,1.000000,0.00001077,0.99418381,0.00003109,0.00564112,0.00013320
power_02,1,POWER,2,active,38,4.005419,1,POWER,1,POWER,0.930039,0.581624,1900,2000,1,POWER,1.000000,1,POWER,1.000000,1,POWER,1.000000,1,POWER,1.000000,0.00000908,0.93003914,0.00009495,0.06968049,0.00017633
power_02,1,POWER,2,active,39,4.105587,1,POWER,1,POWER,0.985193,0.534152,1950,2050,1,POWER,1.000000,1,POWER,1.000000,1,POWER,1.000000,1,POWER,1.000000,0.00006379,0.98519321,0.00023211,0.01385957,0.00065132
power_02,1,POWER,2,active,40,4.205471,1,POWER,1,POWER,0.999365,0.449987,2000,2100,1,POWER,1.000000,1,POWER,1.000000,1,POWER,1.000000,1,POWER,1.000000,0.00000020,0.99936466,0.00013670,0.00019826,0.00030018
power_03,1,POWER,3,countdown,0,0.201464,0,REST,0,REST,0.489380,0.000000,0,100,0,REST,0.000000,0,REST,0.000000,0,REST,0.000000,0,REST,0.000000,0.48938005,0.11081675,0.17605249,0.14543022,0.07832050
power_03,1,POWER,3,countdown,1,0.299969,4,EXTENSION,0,REST,0.894996,0.000000,50,150,0,REST,0.000000,0,REST,0.000000,0,REST,0.000000,0,REST,0.000000,0.01733784,0.01406524,0.06920051,0.00440076,0.89499565
power_03,1,POWER,3,countdown,2,0.400741,0,REST,0,REST,0.694756,0.000000,100,200,0,REST,0.000000,0,REST,0.666667,0,REST,0.000000,0,REST,0.000000,0.69475566,0.06494840,0.09390604,0.01779767,0.12859223
power_03,1,POWER,3,countdown,3,0.499982,0,REST,0,REST,0.978820,0.000000,150,250,0,REST,1.000000,0,REST,0.666667,0,REST,0.750000,0,REST,0.600000,0.97881984,0.00615389,0.00910594,0.00210288,0.00381745
power_03,1,POWER,3,countdown,4,0.600972,0,REST,0,REST,0.983670,0.000000,200,300,0,REST,1.000000,0,REST,1.000000,0,REST,0.750000,0,REST,0.800000,0.98367000,0.00129615,0.01271852,0.00080102,0.00151431
power_03,1,POWER,3,countdown,5,0.700832,0,REST,0,REST,0.901437,0.000000,250,350,0,REST,1.000000,0,REST,1.000000,0,REST,1.000000,0,REST,0.800000,0.90143666,0.00573601,0.08377730,0.00232202,0.00672802
power_03,1,POWER,3,countdown,6,0.801540,0,REST,0,REST,0.806017,0.000000,300,400,0,REST,1.000000,0,REST,1.000000,0,REST,1.000000,0,REST,1.000000,0.80601749,0.00265207,0.17779602,0.00431025,0.00922417
power_03,1,POWER,3,countdown,7,0.900890,0,REST,0,REST,0.574508,0.000000,350,450,0,REST,1.000000,0,REST,1.000000,0,REST,1.000000,0,REST,1.000000,0.57450799,0.00226671,0.40346530,0.00642700,0.01333299
power_03,1,POWER,3,countdown,8,1.001043,0,REST,0,REST,0.743074,0.000000,400,500,0,REST,1.000000,0,REST,1.000000,0,REST,1.000000,0,REST,1.000000,0.74307403,0.05597558,0.16365011,0.01217287,0.02512742
power_03,1,POWER,3,countdown,9,1.105306,0,REST,0,REST,0.711883,0.000000,450,550,0,REST,1.000000,0,REST,1.000000,0,REST,1.000000,0,REST,1.000000,0.71188330,0.22364141,0.04563559,0.00813041,0.01070929
power_03,1,POWER,3,countdown,10,1.202306,0,REST,0,REST,0.898694,0.000000,500,600,0,REST,1.000000,0,REST,1.000000,0,REST,1.000000,0,REST,1.000000,0.89869404,0.06367613,0.02508627,0.00537264,0.00717091
power_03,1,POWER,3,countdown,11,1.302163,0,REST,0,REST,0.982707,0.000000,550,650,0,REST,1.000000,0,REST,1.000000,0,REST,1.000000,0,REST,1.000000,0.98270716,0.01164564,0.00219426,0.00129667,0.00215626
power_03,1,POWER,3,countdown,12,1.401775,0,REST,0,REST,0.994137,0.000000,600,700,0,REST,1.000000,0,REST,1.000000,0,REST,1.000000,0,REST,1.000000,0.99413698,0.00207693,0.00201672,0.00059306,0.00117631
power_03,1,POWER,3,countdown,13,1.502043,0,REST,0,REST,0.991745,0.000000,650,750,0,REST,1.000000,0,REST,1.000000,0,REST,1.000000,0,REST,1.000000,0.99174490,0.00174364,0.00217654,0.00059511,0.00373981
power_03,1,POWER,3,countdown,14,1.602209,0,REST,0,REST,0.961708,0.000000,700,800,0,REST,1.000000,0,REST,1.000000,0,REST,1.000000,0,REST,1.000000,0.96170838,0.00479082,0.01768475,0.00107324,0.01474281
power_03,1,POWER,3,countdown,15,1.703300,0,REST,0,REST,0.986031,0.000000,750,850,0,REST,1.000000,0,REST,1.000000,0,REST,1.000000,0,REST,1.000000,0.98603069,0.00652117,0.00090632,0.00436657,0.00217525
power_03,1,POWER,3,countdown,16,1.803092,0,REST,0,REST,0.963364,0.000000,800,900,0,REST,1.000000,0,REST,1.000000,0,REST,1.000000,0,REST,1.000000,0.96336398,0.02208404,0.00132179,0.01123631,0.00199388
power_03,1,POWER,3,countdown,17,1.903768,0,REST,0,REST,0.830027,0.000000,850,950,0,REST,1.000000,0,REST,1.000000,0,REST,1.000000,0,REST,1.000000,0.83002695,0.14993311,0.00630342,0.00864081,0.00509572
power_03,1,POWER,3,countdown,18,2.003942,0,REST,0,REST,0.979416,0.000000,900,1000,0,REST,1.000000,0,REST,1.000000,0,REST,1.000000,0,REST,1.000000,0.97941605,0.01160358,0.00158098,0.00354595,0.00385344
power_03,1,POWER,3,countdown,19,2.104124,0,REST,0,REST,0.992678,0.000000,950,1050,0,REST,1.000000,0,REST,1.000000,0,REST,1.000000,0,REST,1.000000,0.99267830,0.00312906,0.00086054,0.00093665,0.00239545
power_03,1,POWER,3,countdown,20,2.204024,0,REST,0,REST,0.972899,0.000000,1000,1100,0,REST,1.000000,0,REST,1.000000,0,REST,1.000000,0,REST,1.000000,0.97289862,0.00966187,0.00841455,0.00132121,0.00770374
power_03,1,POWER,3,countdown,21,2.311350,0,REST,0,REST,0.958137,0.000000,1050,1150,0,REST,1.000000,0,REST,1.000000,0,REST,1.000000,0,REST,1.000000,0.95813676,0.01852362,0.00809675,0.00190155,0.01334132
power_03,1,POWER,3,countdown,22,2.404409,0,REST,0,REST,0.989337,0.000000,1100,1200,0,REST,1.000000,0,REST,1.000000,0,REST,1.000000,0,REST,1.000000,0.98933728,0.00438065,0.00134752,0.00163075,0.00330381
power_03,1,POWER,3,countdown,23,2.505177,0,REST,0,REST,0.987847,0.000000,1150,1250,0,REST,1.000000,0,REST,1.000000,0,REST,1.000000,0,REST,1.000000,0.98784652,0.00298225,0.00198034,0.00443479,0.00275610
power_03,1,POWER,3,countdown,24,2.607213,0,REST,0,REST,0.977867,0.000000,1200,1300,0,REST,1.000000,0,REST,1.000000,0,REST,1.000000,0,REST,1.000000,0.97786686,0.01312687,0.00216864,0.00429638,0.00254125
power_03,1,POWER,3,countdown,25,2.704727,0,REST,0,REST,0.931731,0.000000,1250,1350,0,REST,1.000000,0,REST,1.000000,0,REST,1.000000,0,REST,1.000000,0.93173061,0.05571287,0.00257765,0.00872569,0.00125318
power_03,1,POWER,3,countdown,26,2.805155,0,REST,0,REST,0.776719,0.000000,1300,1400,0,REST,1.000000,0,REST,1.000000,0,REST,1.000000,0,REST,1.000000,0.77671913,0.20179470,0.00827198,0.00892815,0.00428604
power_03,1,POWER,3,countdown,27,2.905524,0,REST,0,REST,0.969025,0.000000,1350,1450,0,REST,1.000000,0,REST,1.000000,0,REST,1.000000,0,REST,1.000000,0.96902454,0.01901335,0.00574553,0.00179021,0.00442638
power_03,1,POWER,3,active,28,3.006061,0,REST,0,REST,0.688973,0.000000,1400,1500,0,REST,1.000000,0,REST,1.000000,0,REST,1.000000,0,REST,1.000000,0.68897311,0.22419883,0.04572818,0.00810346,0.03299642
power_03,1,POWER,3,active,29,3.106165,1,POWER,0,REST,0.937956,0.000000,1450,1550,0,REST,0.000000,0,REST,0.666667,0,REST,0.750000,0,REST,0.800000,0.00000592,0.93795593,0.00009149,0.06150865,0.00043801
power_03,1,POWER,3,active,30,3.206179,1,POWER,0,REST,0.999987,0.000000,1500,1600,1,POWER,1.000000,1,POWER,0.666667,0,REST,0.000000,0,REST,0.600000,0.00000000,0.99998744,0.00000005,0.00001242,0.00000009
power_03,1,POWER,3,active,31,3.305881,1,POWER,1,POWER,0.999999,1.000000,1550,1650,1,POWER,1.000000,1,POWER,1.000000,1,POWER,0.750000,1,POWER,0.600000,0.00000000,0.99999937,0.00000004,0.00000010,0.00000049
power_03,1,POWER,3,active,32,3.406210,1,POWER,1,POWER,0.983544,0.962757,1600,1700,1,POWER,1.000000,1,POWER,1.000000,1,POWER,1.000000,1,POWER,0.800000,0.00007783,0.98354445,0.00008212,0.01596009,0.00033551
power_03,1,POWER,3,active,33,3.506595,1,POWER,1,POWER,0.997146,0.675187,1650,1750,1,POWER,1.000000,1,POWER,1.000000,1,POWER,1.000000,1,POWER,1.000000,0.00000215,0.99714589,0.00000548,0.00202143,0.00082505
power_03,1,POWER,3,active,34,3.607494,1,POWER,1,POWER,0.999848,0.523253,1700,1800,1,POWER,1.000000,1,POWER,1.000000,1,POWER,1.000000,1,POWER,1.000000,0.00000001,0.99984812,0.00000284,0.00004557,0.00010344
power_03,1,POWER,3,active,35,3.706989,1,POWER,1,POWER,0.995505,0.525234,1750,1850,1,POWER,1.000000,1,POWER,1.000000,1,POWER,1.000000,1,POWER,1.000000,0.00000505,0.99550472,0.00054010,0.00266220,0.00128794
power_03,1,POWER,3,active,36,3.807582,1,POWER,1,POWER,0.891144,0.552270,1800,1900,1,POWER,1.000000,1,POWER,1.000000,1,POWER,1.000000,1,POWER,1.000000,0.00072863,0.89114356,0.00163292,0.02175315,0.08474174
power_03,1,POWER,3,active,37,3.907645,1,POWER,1,POWER,0.875547,0.508874,1850,1950,1,POWER,1.000000,1,POWER,1.000000,1,POWER,1.000000,1,POWER,1.000000,0.00006736,0.87554686,0.00048254,0.12220235,0.00170089
power_03,1,POWER,3,active,38,4.007929,3,FLEXION,1,POWER,0.699402,0.439008,1900,2000,0,REST,0.000000,1,POWER,0.666667,1,POWER,0.750000,1,POWER,0.800000,0.00003665,0.29627956,0.00216962,0.69940232,0.00211185
power_03,1,POWER,3,active,39,4.108436,1,POWER,1,POWER,0.996344,0.439965,1950,2050,0,REST,0.000000,1,POWER,0.666667,1,POWER,0.750000,1,POWER,0.800000,0.00000721,0.99634439,0.00184975,0.00040821,0.00139045
power_03,1,POWER,3,active,40,4.208429,1,POWER,1,POWER,0.997422,0.441872,2000,2100,1,POWER,1.000000,1,POWER,0.666667,1,POWER,0.750000,1,POWER,0.800000,0.00000258,0.99742219,0.00028323,0.00002718,0.00226483
power_03,1,POWER,3,active,41,4.308210,1,POWER,1,POWER,0.994371,0.400108,2050,2150,1,POWER,1.000000,1,POWER,1.000000,1,POWER,0.750000,1,POWER,0.800000,0.00001140,0.99437070,0.00109418,0.00003523,0.00448848
power_03,1,POWER,3,active,42,4.408502,1,POWER,1,POWER,0.999222,0.399710,2100,2200,1,POWER,1.000000,1,POWER,1.000000,1,POWER,1.000000,1,POWER,0.800000,0.00000025,0.99922204,0.00014582,0.00009055,0.00054134
power_03,1,POWER,3,active,43,4.508846,1,POWER,1,POWER,0.988661,0.377035,2150,2250,1,POWER,1.000000,1,POWER,1.000000,1,POWER,1.000000,1,POWER,1.000000,0.00004567,0.98866103,0.00054575,0.00689698,0.00385057
power_03,1,POWER,3,active,44,4.609503,1,POWER,1,POWER,0.992775,0.423460,2200,2300,1,POWER,1.000000,1,POWER,1.000000,1,POWER,1.000000,1,POWER,1.000000,0.00001531,0.99277514,0.00004087,0.00693885,0.00022983
power_03,1,POWER,3,active,45,4.709842,1,POWER,1,POWER,0.997610,0.416232,2250,2350,1,POWER,1.000000,1,POWER,1.000000,1,POWER,1.000000,1,POWER,1.000000,0.00000174,0.99760992,0.00001779,0.00231127,0.00005928
power_03,1,POWER,3,active,46,4.809209,1,POWER,1,POWER,0.998786,0.362147,2300,2400,1,POWER,1.000000,1,POWER,1.000000,1,POWER,1.000000,1,POWER,1.000000,0.00000112,0.99878643,0.00035068,0.00010858,0.00075319
power_03,1,POWER,3,active,47,4.909119,1,POWER,1,POWER,0.999961,0.452713,2350,2450,1,POWER,1.000000,1,POWER,1.000000,1,POWER,1.000000,1,POWER,1.000000,0.00000000,0.99996141,0.00001538,0.00000637,0.00001684
power_03,1,POWER,3,active,48,5.009653,1,POWER,1,POWER,0.999823,0.523794,2400,2500,1,POWER,1.000000,1,POWER,1.000000,1,POWER,1.000000,1,POWER,1.000000,0.00000001,0.99982320,0.00000049,0.00016260,0.00001369
power_03,1,POWER,3,active,49,5.110725,1,POWER,1,POWER,0.990899,0.457750,2450,2550,1,POWER,1.000000,1,POWER,1.000000,1,POWER,1.000000,1,POWER,1.000000,0.00002613,0.99089901,0.00004536,0.00894666,0.00008284
power_04,1,POWER,4,countdown,0,0.198800,0,REST,0,REST,0.489423,0.000000,0,100,0,REST,0.000000,0,REST,0.000000,0,REST,0.000000,0,REST,0.000000,0.48942277,0.11081347,0.17605907,0.14542738,0.07827731
power_04,1,POWER,4,countdown,1,0.298354,4,EXTENSION,0,REST,0.924407,0.000000,50,150,0,REST,0.000000,0,REST,0.000000,0,REST,0.000000,0,REST,0.000000,0.00794247,0.00887078,0.05362043,0.00515918,0.92440715
power_04,1,POWER,4,countdown,2,0.398870,0,REST,0,REST,0.531910,0.000000,100,200,0,REST,0.000000,0,REST,0.666667,0,REST,0.000000,0,REST,0.000000,0.53190984,0.07114982,0.16152150,0.02719632,0.20822252
power_04,1,POWER,4,countdown,3,0.501114,0,REST,0,REST,0.868005,0.000000,150,250,0,REST,1.000000,0,REST,0.666667,0,REST,0.750000,0,REST,0.600000,0.86800498,0.03226256,0.06830567,0.00997049,0.02145630
power_04,1,POWER,4,countdown,4,0.599138,0,REST,0,REST,0.926963,0.000000,200,300,0,REST,1.000000,0,REST,1.000000,0,REST,0.750000,0,REST,0.800000,0.92696299,0.00792953,0.05475704,0.00369067,0.00665977
power_04,1,POWER,4,countdown,5,0.699987,0,REST,0,REST,0.955541,0.000000,250,350,0,REST,1.000000,0,REST,1.000000,0,REST,1.000000,0,REST,0.800000,0.95554104,0.00208393,0.03752307,0.00180693,0.00304503
power_04,1,POWER,4,countdown,6,0.800057,0,REST,0,REST,0.777147,0.000000,300,400,0,REST,1.000000,0,REST,1.000000,0,REST,1.000000,0,REST,1.000000,0.77714653,0.00686164,0.18478430,0.00779086,0.02341667
power_04,1,POWER,4,countdown,7,0.899831,0,REST,0,REST,0.648412,0.000000,350,450,0,REST,1.000000,0,REST,1.000000,0,REST,1.000000,0,REST,1.000000,0.64841186,0.03022590,0.26494342,0.01059108,0.04582774
power_04,1,POWER,4,countdown,8,1.000345,0,REST,0,REST,0.651502,0.000000,400,500,0,REST,1.000000,0,REST,1.000000,0,REST,1.000000,0,REST,1.000000,0.65150219,0.26386200,0.05542856,0.01224874,0.01695851
power_04,1,POWER,4,countdown,9,1.102467,1,POWER,0,REST,0.813588,0.000000,450,550,0,REST,0.000000,0,REST,0.666667,0,REST,0.750000,0,REST,0.800000,0.16307714,0.81358794,0.00554931,0.01316180,0.00462382
power_04,1,POWER,4,countdown,10,1.200370,0,REST,0,REST,0.770585,0.000000,500,600,0,REST,0.000000,0,REST,0.666667,0,REST,0.750000,0,REST,0.800000,0.77058548,0.17250782,0.01729337,0.00852448,0.03108885
power_04,1,POWER,4,countdown,11,1.301052,0,REST,0,REST,0.978544,0.000000,550,650,0,REST,1.000000,0,REST,0.666667,0,REST,0.750000,0,REST,0.800000,0.97854373,0.01507251,0.00202252,0.00116053,0.00320072
power_04,1,POWER,4,countdown,12,1.400826,0,REST,0,REST,0.981986,0.000000,600,700,0,REST,1.000000,0,REST,1.000000,0,REST,0.750000,0,REST,0.800000,0.98198591,0.01090566,0.00163646,0.00316247,0.00230951
power_04,1,POWER,4,countdown,13,1.501014,0,REST,0,REST,0.896200,0.000000,650,750,0,REST,1.000000,0,REST,1.000000,0,REST,1.000000,0,REST,0.800000,0.89620020,0.06880574,0.02378793,0.00629574,0.00491039
power_04,1,POWER,4,countdown,14,1.602098,0,REST,0,REST,0.678181,0.000000,700,800,0,REST,1.000000,0,REST,1.000000,0,REST,1.000000,0,REST,1.000000,0.67818091,0.23985727,0.06277910,0.00696019,0.01222253
power_04,1,POWER,4,countdown,15,1.702294,0,REST,0,REST,0.853799,0.000000,750,850,0,REST,1.000000,0,REST,1.000000,0,REST,1.000000,0,REST,1.000000,0.85379853,0.10885121,0.01296296,0.00532011,0.01906719
power_04,1,POWER,4,countdown,16,1.802371,0,REST,0,REST,0.961630,0.000000,800,900,0,REST,1.000000,0,REST,1.000000,0,REST,1.000000,0,REST,1.000000,0.96163018,0.01973621,0.00635857,0.00165761,0.01061743
power_04,1,POWER,4,countdown,17,1.902114,0,REST,0,REST,0.936799,0.000000,850,950,0,REST,1.000000,0,REST,1.000000,0,REST,1.000000,0,REST,1.000000,0.93679913,0.03112562,0.02000936,0.00364223,0.00842366
power_04,1,POWER,4,countdown,18,2.002027,0,REST,0,REST,0.845626,0.000000,900,1000,0,REST,1.000000,0,REST,1.000000,0,REST,1.000000,0,REST,1.000000,0.84562624,0.10271277,0.03332683,0.00613650,0.01219766
power_04,1,POWER,4,countdown,19,2.102985,0,REST,0,REST,0.937906,0.000000,950,1050,0,REST,1.000000,0,REST,1.000000,0,REST,1.000000,0,REST,1.000000,0.93790589,0.04355173,0.01049564,0.00372010,0.00432665
power_04,1,POWER,4,countdown,20,2.203155,0,REST,0,REST,0.697856,0.000000,1000,1100,0,REST,1.000000,0,REST,1.000000,0,REST,1.000000,0,REST,1.000000,0.69785594,0.27885602,0.00344333,0.01509343,0.00475128
power_04,1,POWER,4,countdown,21,2.302999,0,REST,0,REST,0.577183,0.000000,1050,1150,0,REST,1.000000,0,REST,1.000000,0,REST,1.000000,0,REST,1.000000,0.57718272,0.35329208,0.00810402,0.05534021,0.00608096
power_04,1,POWER,4,countdown,22,2.403582,0,REST,0,REST,0.673672,0.000000,1100,1200,0,REST,1.000000,0,REST,1.000000,0,REST,1.000000,0,REST,1.000000,0.67367213,0.29290078,0.00690393,0.02237180,0.00415136
power_04,1,POWER,4,countdown,23,2.503920,0,REST,0,REST,0.579011,0.000000,1150,1250,0,REST,1.000000,0,REST,1.000000,0,REST,1.000000,0,REST,1.000000,0.57901095,0.39210912,0.00758830,0.01657589,0.00471574
power_04,1,POWER,4,countdown,24,2.607903,0,REST,0,REST,0.870759,0.000000,1200,1300,0,REST,1.000000,0,REST,1.000000,0,REST,1.000000,0,REST,1.000000,0.87075860,0.10129930,0.01221722,0.01183022,0.00389466
power_04,1,POWER,4,countdown,25,2.704082,0,REST,0,REST,0.916942,0.000000,1250,1350,0,REST,1.000000,0,REST,1.000000,0,REST,1.000000,0,REST,1.000000,0.91694210,0.05612428,0.01075800,0.01209971,0.00407592
power_04,1,POWER,4,countdown,26,2.804037,0,REST,0,REST,0.871734,0.000000,1300,1400,0,REST,1.000000,0,REST,1.000000,0,REST,1.000000,0,REST,1.000000,0.87173422,0.05974501,0.04175469,0.01653176,0.01023431
power_04,1,POWER,4,countdown,27,2.904073,0,REST,0,REST,0.870115,0.000000,1350,1450,0,REST,1.000000,0,REST,1.000000,0,REST,1.000000,0,REST,1.000000,0.87011539,0.06877459,0.03085877,0.02169691,0.00855434
power_04,1,POWER,4,active,28,3.009866,0,REST,0,REST,0.956501,0.000000,1400,1500,0,REST,1.000000,0,REST,1.000000,0,REST,1.000000,0,REST,1.000000,0.95650070,0.02302495,0.01044505,0.00596074,0.00406857
power_04,1,POWER,4,active,29,3.105322,0,REST,0,REST,0.928060,0.000000,1450,1550,0,REST,1.000000,0,REST,1.000000,0,REST,1.000000,0,REST,1.000000,0.92805974,0.03102531,0.02745573,0.00610702,0.00735220
power_04,1,POWER,4,active,30,3.205163,0,REST,0,REST,0.773909,0.000000,1500,1600,0,REST,1.000000,0,REST,1.000000,0,REST,1.000000,0,REST,1.000000,0.77390914,0.10534266,0.09215349,0.01391417,0.01468055
power_04,1,POWER,4,active,31,3.305658,1,POWER,0,REST,0.941988,0.000000,1550,1650,0,REST,0.000000,0,REST,0.666667,0,REST,0.750000,0,REST,0.800000,0.00009931,0.94198832,0.01163329,0.02564906,0.02063002
power_04,1,POWER,4,active,32,3.405904,1,POWER,0,REST,0.999983,0.000000,1600,1700,1,POWER,1.000000,1,POWER,0.666667,0,REST,0.000000,0,REST,0.600000,0.00000000,0.99998270,0.00001193,0.00000192,0.00000344
power_04,1,POWER,4,active,33,3.505972,1,POWER,1,POWER,1.000000,1.000000,1650,1750,1,POWER,1.000000,1,POWER,1.000000,1,POWER,0.750000,1,POWER,0.600000,0.00000000,0.99999968,0.00000015,0.00000010,0.00000007
power_04,1,POWER,4,active,34,3.606416,1,POWER,1,POWER,0.999997,0.715027,1700,1800,1,POWER,1.000000,1,POWER,1.000000,1,POWER,1.000000,1,POWER,0.800000,0.00000000,0.99999702,0.00000004,0.00000014,0.00000280
power_04,1,POWER,4,active,35,3.706088,1,POWER,1,POWER,0.999993,0.581130,1750,1850,1,POWER,1.000000,1,POWER,1.000000,1,POWER,1.000000,1,POWER,1.000000,0.00000000,0.99999298,0.00000013,0.00000206,0.00000483
power_04,1,POWER,4,active,36,3.806981,1,POWER,1,POWER,0.999995,0.499007,1800,1900,1,POWER,1.000000,1,POWER,1.000000,1,POWER,1.000000,1,POWER,1.000000,0.00000000,0.99999481,0.00000013,0.00000068,0.00000438
power_04,1,POWER,4,active,37,3.906152,1,POWER,1,POWER,0.998522,0.402281,1850,1950,1,POWER,1.000000,1,POWER,1.000000,1,POWER,1.000000,1,POWER,1.000000,0.00000069,0.99852231,0.00006667,0.00006884,0.00134149
power_04,1,POWER,4,active,38,4.007144,1,POWER,1,POWER,0.891601,0.396279,1900,2000,1,POWER,1.000000,1,POWER,1.000000,1,POWER,1.000000,1,POWER,1.000000,0.00026686,0.89160065,0.02441917,0.00963304,0.07408028
power_04,1,POWER,4,active,39,4.106439,1,POWER,1,POWER,0.983845,0.429297,1950,2050,1,POWER,1.000000,1,POWER,1.000000,1,POWER,1.000000,1,POWER,1.000000,0.00004826,0.98384504,0.00846464,0.00140401,0.00623805
power_04,1,POWER,4,active,40,4.206638,1,POWER,1,POWER,0.906354,0.379367,2000,2100,1,POWER,1.000000,1,POWER,1.000000,1,POWER,1.000000,1,POWER,1.000000,0.00039719,0.90635374,0.02476857,0.01340623,0.05507427
power_04,1,POWER,4,active,41,4.307161,1,POWER,1,POWER,0.991901,0.368160,2050,2150,1,POWER,1.000000,1,POWER,1.000000,1,POWER,1.000000,1,POWER,1.000000,0.00000245,0.99190128,0.00153817,0.00109264,0.00546546
power_04,1,POWER,4,active,42,4.407699,1,POWER,1,POWER,0.996792,0.373002,2100,2200,1,POWER,1.000000,1,POWER,1.000000,1,POWER,1.000000,1,POWER,1.000000,0.00000585,0.99679160,0.00021912,0.00006145,0.00292198
power_04,1,POWER,4,active,43,4.507587,0,REST,1,POWER,0.528420,0.334801,2150,2250,0,REST,0.000000,1,POWER,0.666667,1,POWER,0.750000,1,POWER,0.800000,0.00017211,0.52842018,0.02464006,0.01560359,0.43116406
power_04,1,POWER,4,active,44,4.608011,1,POWER,1,POWER,0.867770,0.348760,2200,2300,0,REST,0.000000,1,POWER,0.666667,1,POWER,0.750000,1,POWER,0.800000,0.00015599,0.86776988,0.01624888,0.01647190,0.09935335
power_04,1,POWER,4,active,45,4.708447,1,POWER,1,POWER,0.929762,0.361057,2250,2350,1,POWER,1.000000,1,POWER,0.666667,1,POWER,0.750000,1,POWER,0.800000,0.00000929,0.92976224,0.00178061,0.00538641,0.06306145
power_04,1,POWER,4,active,46,4.810541,1,POWER,1,POWER,0.870754,0.352601,2300,2400,1,POWER,1.000000,1,POWER,1.000000,1,POWER,0.750000,1,POWER,0.800000,0.00009489,0.87075356,0.00808685,0.01134152,0.10972318
power_04,1,POWER,4,active,47,4.909278,1,POWER,1,POWER,0.934797,0.313246,2350,2450,1,POWER,1.000000,1,POWER,1.000000,1,POWER,1.000000,1,POWER,0.800000,0.00007194,0.93479688,0.00407090,0.01567024,0.04539004
power_04,1,POWER,4,active,48,5.009238,1,POWER,1,POWER,0.988603,0.289567,2400,2500,1,POWER,1.000000,1,POWER,1.000000,1,POWER,1.000000,1,POWER,1.000000,0.00000743,0.98860263,0.00107184,0.00232898,0.00798911
power_04,1,POWER,4,active,49,5.109762,1,POWER,1,POWER,0.995181,0.324482,2450,2550,1,POWER,1.000000,1,POWER,1.000000,1,POWER,1.000000,1,POWER,1.000000,0.00000889,0.99518141,0.00048918,0.00213586,0.00218465
power_04,1,POWER,4,active,50,5.209211,1,POWER,1,POWER,0.999679,0.346121,2500,2600,1,POWER,1.000000,1,POWER,1.000000,1,POWER,1.000000,1,POWER,1.000000,0.00000005,0.99967935,0.00005011,0.00014671,0.00012377
power_04,1,POWER,4,active,51,5.309030,1,POWER,1,POWER,0.999081,0.327021,2550,2650,1,POWER,1.000000,1,POWER,1.000000,1,POWER,1.000000,1,POWER,1.000000,0.00000021,0.99908148,0.00011175,0.00061441,0.00019215
power_04,1,POWER,4,active,52,5.409259,1,POWER,1,POWER,0.999909,0.289804,2600,2700,1,POWER,1.000000,1,POWER,1.000000,1,POWER,1.000000,1,POWER,1.000000,0.00000000,0.99990859,0.00001569,0.00005702,0.00001870
power_04,1,POWER,4,active,53,5.510317,1,POWER,1,POWER,0.999964,0.267278,2650,2750,1,POWER,1.000000,1,POWER,1.000000,1,POWER,1.000000,1,POWER,1.000000,0.00000000,0.99996364,0.00001882,0.00001536,0.00000219
power_04,1,POWER,4,active,54,5.609564,1,POWER,1,POWER,0.999194,0.328278,2700,2800,1,POWER,1.000000,1,POWER,1.000000,1,POWER,1.000000,1,POWER,1.000000,0.00000016,0.99919406,0.00013775,0.00065581,0.00001221
power_05,1,POWER,5,countdown,0,0.199769,0,REST,0,REST,0.489459,0.000000,0,100,0,REST,0.000000,0,REST,0.000000,0,REST,0.000000,0,REST,0.000000,0.48945925,0.11081065,0.17606469,0.14542535,0.07824006
power_05,1,POWER,5,countdown,1,0.300478,4,EXTENSION,0,REST,0.910087,0.000000,50,150,0,REST,0.000000,0,REST,0.000000,0,REST,0.000000,0,REST,0.000000,0.01287456,0.01092902,0.06219481,0.00391428,0.91008732
power_05,1,POWER,5,countdown,2,0.401093,0,REST,0,REST,0.679703,0.000000,100,200,0,REST,0.000000,0,REST,0.666667,0,REST,0.000000,0,REST,0.000000,0.67970254,0.05897066,0.09853295,0.01767443,0.14511942
power_05,1,POWER,5,countdown,3,0.501109,0,REST,0,REST,0.968423,0.000000,150,250,0,REST,1.000000,0,REST,0.666667,0,REST,0.750000,0,REST,0.600000,0.96842254,0.00806475,0.01442882,0.00316654,0.00591735
power_05,1,POWER,5,countdown,4,0.601601,0,REST,0,REST,0.991969,0.000000,200,300,0,REST,1.000000,0,REST,1.000000,0,REST,0.750000,0,REST,0.800000,0.99196946,0.00060889,0.00592576,0.00062132,0.00087457
power_05,1,POWER,5,countdown,5,0.702710,0,REST,0,REST,0.991450,0.000000,250,350,0,REST,1.000000,0,REST,1.000000,0,REST,1.000000,0,REST,0.800000,0.99145000,0.00020710,0.00748770,0.00030135,0.00055384
power_05,1,POWER,5,countdown,6,0.801869,0,REST,0,REST,0.982980,0.000000,300,400,0,REST,1.000000,0,REST,1.000000,0,REST,1.000000,0,REST,1.000000,0.98297999,0.00038139,0.01485932,0.00066110,0.00111820
power_05,1,POWER,5,countdown,7,0.912834,0,REST,0,REST,0.962336,0.000000,350,450,0,REST,1.000000,0,REST,1.000000,0,REST,1.000000,0,REST,1.000000,0.96233563,0.00159857,0.02619611,0.00438406,0.00548564
power_05,1,POWER,5,countdown,8,1.001826,0,REST,0,REST,0.851880,0.000000,400,500,0,REST,1.000000,0,REST,1.000000,0,REST,1.000000,0,REST,1.000000,0.85188029,0.00670645,0.09682234,0.01287788,0.03171305
power_05,1,POWER,5,countdown,9,1.102335,0,REST,0,REST,0.911058,0.000000,450,550,0,REST,1.000000,0,REST,1.000000,0,REST,1.000000,0,REST,1.000000,0.91105793,0.03236429,0.01713576,0.01592548,0.02351654
power_05,1,POWER,5,countdown,10,1.202540,0,REST,0,REST,0.783209,0.000000,500,600,0,REST,1.000000,0,REST,1.000000,0,REST,1.000000,0,REST,1.000000,0.78320937,0.19852293,0.00084223,0.01251944,0.00490602
power_05,1,POWER,5,countdown,11,1.302072,0,REST,0,REST,0.903304,0.000000,550,650,0,REST,1.000000,0,REST,1.000000,0,REST,1.000000,0,REST,1.000000,0.90330447,0.08219583,0.00331277,0.00861571,0.00257122
power_05,1,POWER,5,countdown,12,1.403058,0,REST,0,REST,0.978792,0.000000,600,700,0,REST,1.000000,0,REST,1.000000,0,REST,1.000000,0,REST,1.000000,0.97879231,0.01512606,0.00066329,0.00398058,0.00143776
power_05,1,POWER,5,countdown,13,1.502916,0,REST,0,REST,0.983134,0.000000,650,750,0,REST,1.000000,0,REST,1.000000,0,REST,1.000000,0,REST,1.000000,0.98313427,0.01168809,0.00098245,0.00281153,0.00138366
power_05,1,POWER,5,countdown,14,1.603791,0,REST,0,REST,0.981989,0.000000,700,800,0,REST,1.000000,0,REST,1.000000,0,REST,1.000000,0,REST,1.000000,0.98198887,0.01276141,0.00139917,0.00258191,0.00126865
power_05,1,POWER,5,countdown,15,1.705036,0,REST,0,REST,0.987095,0.000000,750,850,0,REST,1.000000,0,REST,1.000000,0,REST,1.000000,0,REST,1.000000,0.98709460,0.00907033,0.00072310,0.00232744,0.00078453
power_05,1,POWER,5,countdown,16,1.803380,0,REST,0,REST,0.992040,0.000000,800,900,0,REST,1.000000,0,REST,1.000000,0,REST,1.000000,0,REST,1.000000,0.99203992,0.00430402,0.00076222,0.00225634,0.00063750
power_05,1,POWER,5,countdown,17,1.904118,0,REST,0,REST,0.933971,0.000000,850,950,0,REST,1.000000,0,REST,1.000000,0,REST,1.000000,0,REST,1.000000,0.93397137,0.05329887,0.00300194,0.00702069,0.00270713
power_05,1,POWER,5,countdown,18,2.004625,0,REST,0,REST,0.915079,0.000000,900,1000,0,REST,1.000000,0,REST,1.000000,0,REST,1.000000,0,REST,1.000000,0.91507924,0.05911881,0.00693927,0.01711943,0.00174326
power_05,1,POWER,5,countdown,19,2.104497,0,REST,0,REST,0.991736,0.000000,950,1050,0,REST,1.000000,0,REST,1.000000,0,REST,1.000000,0,REST,1.000000,0.99173564,0.00372765,0.00174305,0.00201888,0.00077477
power_05,1,POWER,5,countdown,20,2.204675,0,REST,0,REST,0.990926,0.000000,1000,1100,0,REST,1.000000,0,REST,1.000000,0,REST,1.000000,0,REST,1.000000,0.99092562,0.00024009,0.00114859,0.00103228,0.00665341
power_05,1,POWER,5,countdown,21,2.304993,0,REST,0,REST,0.984983,0.000000,1050,1150,0,REST,1.000000,0,REST,1.000000,0,REST,1.000000,0,REST,1.000000,0.98498295,0.00817336,0.00213782,0.00084530,0.00386058
power_05,1,POWER,5,countdown,22,2.406026,0,REST,0,REST,0.930187,0.000000,1100,1200,0,REST,1.000000,0,REST,1.000000,0,REST,1.000000,0,REST,1.000000,0.93018670,0.05893561,0.00383399,0.00523249,0.00181121
power_05,1,POWER,5,countdown,23,2.505261,0,REST,0,REST,0.965128,0.000000,1150,1250,0,REST,1.000000,0,REST,1.000000,0,REST,1.000000,0,REST,1.000000,0.96512833,0.02358884,0.00252951,0.00742204,0.00133127
power_05,1,POWER,5,countdown,24,2.605886,0,REST,0,REST,0.991842,0.000000,1200,1300,0,REST,1.000000,0,REST,1.000000,0,REST,1.000000,0,REST,1.000000,0.99184236,0.00544117,0.00039469,0.00132051,0.00100128
power_05,1,POWER,5,countdown,25,2.705359,0,REST,0,REST,0.988717,0.000000,1250,1350,0,REST,1.000000,0,REST,1.000000,0,REST,1.000000,0,REST,1.000000,0.98871675,0.00677775,0.00069161,0.00164956,0.00216433
power_05,1,POWER,5,countdown,26,2.805542,0,REST,0,REST,0.961702,0.000000,1300,1400,0,REST,1.000000,0,REST,1.000000,0,REST,1.000000,0,REST,1.000000,0.96170206,0.02273913,0.00331218,0.01022414,0.00202248
power_05,1,POWER,5,countdown,27,2.905697,0,REST,0,REST,0.919512,0.000000,1350,1450,0,REST,1.000000,0,REST,1.000000,0,REST,1.000000,0,REST,1.000000,0.91951151,0.04233331,0.00658302,0.02689647,0.00467569
power_05,1,POWER,5,active,28,3.006466,1,POWER,0,REST,0.774227,0.000000,1400,1500,0,REST,0.000000,0,REST,0.666667,0,REST,0.750000,0,REST,0.800000,0.00374141,0.77422672,0.05882424,0.06317280,0.10003484
power_05,1,POWER,5,active,29,3.106066,1,POWER,0,REST,0.999999,0.000000,1450,1550,1,POWER,1.000000,1,POWER,0.666667,0,REST,0.000000,0,REST,0.600000,0.00000000,0.99999893,0.00000021,0.00000010,0.00000076
power_05,1,POWER,5,active,30,3.206275,1,POWER,1,POWER,1.000000,1.000000,1500,1600,1,POWER,1.000000,1,POWER,1.000000,1,POWER,0.750000,1,POWER,0.600000,0.00000000,0.99999982,0.00000003,0.00000010,0.00000005
power_05,1,POWER,5,active,31,3.306452,1,POWER,1,POWER,1.000000,0.917488,1550,1650,1,POWER,1.000000,1,POWER,1.000000,1,POWER,1.000000,1,POWER,0.800000,0.00000000,0.99999982,0.00000003,0.00000010,0.00000005
power_05,1,POWER,5,active,32,3.407478,1,POWER,1,POWER,0.999998,0.781047,1600,1700,1,POWER,1.000000,1,POWER,1.000000,1,POWER,1.000000,1,POWER,1.000000,0.00000000,0.99999836,0.00000003,0.00000018,0.00000142
power_05,1,POWER,5,active,33,3.506898,1,POWER,1,POWER,0.999788,0.711005,1650,1750,1,POWER,1.000000,1,POWER,1.000000,1,POWER,1.000000,1,POWER,1.000000,0.00000006,0.99978805,0.00000082,0.00000207,0.00020901
power_05,1,POWER,5,active,34,3.607422,1,POWER,1,POWER,0.999470,0.645550,1700,1800,1,POWER,1.000000,1,POWER,1.000000,1,POWER,1.000000,1,POWER,1.000000,0.00000035,0.99947033,0.00000414,0.00000618,0.00051901
power_05,1,POWER,5,active,35,3.708110,1,POWER,1,POWER,0.996965,0.555390,1750,1850,1,POWER,1.000000,1,POWER,1.000000,1,POWER,1.000000,1,POWER,1.000000,0.00000895,0.99696461,0.00003810,0.00008649,0.00290185
power_05,1,POWER,5,active,36,3.807921,1,POWER,1,POWER,0.976856,0.637219,1800,1900,1,POWER,1.000000,1,POWER,1.000000,1,POWER,1.000000,1,POWER,1.000000,0.00017031,0.97685615,0.00109972,0.00173212,0.02014169
power_05,1,POWER,5,active,37,3.908549,1,POWER,1,POWER,0.999924,0.732327,1850,1950,1,POWER,1.000000,1,POWER,1.000000,1,POWER,1.000000,1,POWER,1.000000,0.00000001,0.99992376,0.00001315,0.00000072,0.00006236
power_05,1,POWER,5,active,38,4.008877,1,POWER,1,POWER,0.999470,0.716486,1900,2000,1,POWER,1.000000,1,POWER,1.000000,1,POWER,1.000000,1,POWER,1.000000,0.00000028,0.99946951,0.00001579,0.00005241,0.00046201
power_05,1,POWER,5,active,39,4.108197,1,POWER,1,POWER,0.901846,0.658807,1950,2050,1,POWER,1.000000,1,POWER,1.000000,1,POWER,1.000000,1,POWER,1.000000,0.00003388,0.90184558,0.00066344,0.09207588,0.00538121
power_05,1,POWER,5,active,40,4.209250,1,POWER,1,POWER,0.818493,0.588621,2000,2100,1,POWER,1.000000,1,POWER,1.000000,1,POWER,1.000000,1,POWER,1.000000,0.00020515,0.81849275,0.00076150,0.17469448,0.00584612
open_01,2,OPEN,1,countdown,0,0.199070,0,REST,0,REST,0.489538,0.000000,0,100,0,REST,0.000000,0,REST,0.000000,0,REST,0.000000,0,REST,0.000000,0.48953838,0.11080453,0.17607689,0.14542106,0.07815913
open_01,2,OPEN,1,countdown,1,0.299034,4,EXTENSION,0,REST,0.913495,0.000000,50,150,0,REST,0.000000,0,REST,0.000000,0,REST,0.000000,0,REST,0.000000,0.01099732,0.01013404,0.06170757,0.00366627,0.91349480
open_01,2,OPEN,1,countdown,2,0.398512,0,REST,0,REST,0.461626,0.000000,100,200,0,REST,0.000000,0,REST,0.666667,0,REST,0.000000,0,REST,0.000000,0.46162567,0.06583122,0.18464846,0.02778040,0.26011424
open_01,2,OPEN,1,countdown,3,0.498987,0,REST,0,REST,0.962113,0.000000,150,250,0,REST,1.000000,0,REST,0.666667,0,REST,0.750000,0,REST,0.600000,0.96211343,0.01022741,0.01652053,0.00377567,0.00736296
open_01,2,OPEN,1,countdown,4,0.599122,0,REST,0,REST,0.993630,0.000000,200,300,0,REST,1.000000,0,REST,1.000000,0,REST,0.750000,0,REST,0.800000,0.99362995,0.00049454,0.00464026,0.00048788,0.00074737
open_01,2,OPEN,1,countdown,5,0.700027,0,REST,0,REST,0.988583,0.000000,250,350,0,REST,1.000000,0,REST,1.000000,0,REST,1.000000,0,REST,0.800000,0.98858349,0.00031669,0.00993262,0.00044216,0.00072504
open_01,2,OPEN,1,countdown,6,0.802593,0,REST,0,REST,0.983119,0.000000,300,400,0,REST,1.000000,0,REST,1.000000,0,REST,1.000000,0,REST,1.000000,0.98311881,0.00089447,0.01080240,0.00222779,0.00295654
open_01,2,OPEN,1,countdown,7,0.904017,0,REST,0,REST,0.969871,0.000000,350,450,0,REST,1.000000,0,REST,1.000000,0,REST,1.000000,0,REST,1.000000,0.96987108,0.00391722,0.01260312,0.00503277,0.00857580
open_01,2,OPEN,1,countdown,8,1.000374,0,REST,0,REST,0.840160,0.000000,400,500,0,REST,1.000000,0,REST,1.000000,0,REST,1.000000,0,REST,1.000000,0.84015957,0.04821900,0.04980102,0.01733780,0.04448262
open_01,2,OPEN,1,countdown,9,1.101006,0,REST,0,REST,0.757974,0.000000,450,550,0,REST,1.000000,0,REST,1.000000,0,REST,1.000000,0,REST,1.000000,0.75797398,0.12948837,0.05368469,0.01743033,0.04142262
open_01,2,OPEN,1,countdown,10,1.201108,0,REST,0,REST,0.981987,0.000000,500,600,0,REST,1.000000,0,REST,1.000000,0,REST,1.000000,0,REST,1.000000,0.98198728,0.00860091,0.00281992,0.00345601,0.00313587
open_01,2,OPEN,1,countdown,11,1.301230,0,REST,0,REST,0.990345,0.000000,550,650,0,REST,1.000000,0,REST,1.000000,0,REST,1.000000,0,REST,1.000000,0.99034462,0.00146611,0.00190718,0.00284540,0.00343669
open_01,2,OPEN,1,countdown,12,1.401178,0,REST,0,REST,0.989364,0.000000,600,700,0,REST,1.000000,0,REST,1.000000,0,REST,1.000000,0,REST,1.000000,0.98936370,0.00241427,0.00162765,0.00147282,0.00512157
open_01,2,OPEN,1,countdown,13,1.501103,0,REST,0,REST,0.990244,0.000000,650,750,0,REST,1.000000,0,REST,1.000000,0,REST,1.000000,0,REST,1.000000,0.99024431,0.00416905,0.00161464,0.00051962,0.00345238
open_01,2,OPEN,1,countdown,14,1.602176,0,REST,0,REST,0.973067,0.000000,700,800,0,REST,1.000000,0,REST,1.000000,0,REST,1.000000,0,REST,1.000000,0.97306690,0.01839588,0.00215084,0.00392238,0.00246401
open_01,2,OPEN,1,countdown,15,1.701956,0,REST,0,REST,0.971270,0.000000,750,850,0,REST,1.000000,0,REST,1.000000,0,REST,1.000000,0,REST,1.000000,0.97126991,0.02343650,0.00059732,0.00255932,0.00213695
open_01,2,OPEN,1,countdown,16,1.802080,0,REST,0,REST,0.991438,0.000000,800,900,0,REST,1.000000,0,REST,1.000000,0,REST,1.000000,0,REST,1.000000,0.99143805,0.00533296,0.00026774,0.00145284,0.00150841
open_01,2,OPEN,1,countdown,17,1.902051,0,REST,0,REST,0.992892,0.000000,850,950,0,REST,1.000000,0,REST,1.000000,0,REST,1.000000,0,REST,1.000000,0.99289173,0.00356281,0.00066265,0.00212874,0.00075407
open_01,2,OPEN,1,countdown,18,2.002192,0,REST,0,REST,0.989758,0.000000,900,1000,0,REST,1.000000,0,REST,1.000000,0,REST,1.000000,0,REST,1.000000,0.98975793,0.00612305,0.00155562,0.00158229,0.00098112
open_01,2,OPEN,1,countdown,19,2.102546,0,REST,0,REST,0.954421,0.000000,950,1050,0,REST,1.000000,0,REST,1.000000,0,REST,1.000000,0,REST,1.000000,0.95442106,0.03134420,0.00535220,0.00709446,0.00178808
open_01,2,OPEN,1,countdown,20,2.204992,0,REST,0,REST,0.975971,0.000000,1000,1100,0,REST,1.000000,0,REST,1.000000,0,REST,1.000000,0,REST,1.000000,0.97597095,0.01487524,0.00287127,0.00459973,0.00168280
open_01,2,OPEN,1,countdown,21,2.303002,0,REST,0,REST,0.992096,0.000000,1050,1150,0,REST,1.000000,0,REST,1.000000,0,REST,1.000000,0,REST,1.000000,0.99209570,0.00364081,0.00148265,0.00103829,0.00174256
open_01,2,OPEN,1,countdown,22,2.404003,0,REST,0,REST,0.992231,0.000000,1100,1200,0,REST,1.000000,0,REST,1.000000,0,REST,1.000000,0,REST,1.000000,0.99223131,0.00213844,0.00171668,0.00166592,0.00224765
open_01,2,OPEN,1,countdown,23,2.503714,0,REST,0,REST,0.993111,0.000000,1150,1250,0,REST,1.000000,0,REST,1.000000,0,REST,1.000000,0,REST,1.000000,0.99311149,0.00219073,0.00192057,0.00144172,0.00133548
open_01,2,OPEN,1,countdown,24,2.604230,0,REST,0,REST,0.997051,0.000000,1200,1300,0,REST,1.000000,0,REST,1.000000,0,REST,1.000000,0,REST,1.000000,0.99705072,0.00089900,0.00100442,0.00033598,0.00070988
open_01,2,OPEN,1,countdown,25,2.704086,0,REST,0,REST,0.997499,0.000000,1250,1350,0,REST,1.000000,0,REST,1.000000,0,REST,1.000000,0,REST,1.000000,0.99749904,0.00007574,0.00140710,0.00013853,0.00087959
open_01,2,OPEN,1,countdown,26,2.804726,0,REST,0,REST,0.996412,0.000000,1300,1400,0,REST,1.000000,0,REST,1.000000,0,REST,1.000000,0,REST,1.000000,0.99641183,0.00038445,0.00148829,0.00036884,0.00134659
open_01,2,OPEN,1,countdown,27,2.904144,2,OPEN,0,REST,0.959118,0.000000,1350,1450,0,REST,0.000000,0,REST,0.666667,0,REST,0.750000,0,REST,0.800000,0.01264434,0.01069425,0.95911821,0.00200448,0.01553872
open_01,2,OPEN,1,active,28,3.004947,4,EXTENSION,0,REST,0.993817,0.000000,1400,1500,0,REST,0.000000,0,REST,0.000000,0,REST,0.000000,0,REST,0.600000,0.00000921,0.00001930,0.00614311,0.00001153,0.99381685
open_01,2,OPEN,1,active,29,3.104467,4,EXTENSION,0,REST,1.000000,0.000000,1450,1550,4,EXTENSION,1.000000,4,EXTENSION,0.666667,0,REST,0.000000,0,REST,0.000000,0.00000006,0.00000007,0.00000014,0.00000008,0.99999965
open_01,2,OPEN,1,active,30,3.205004,4,EXTENSION,4,EXTENSION,0.989481,0.581830,1500,1600,4,EXTENSION,1.000000,4,EXTENSION,1.000000,4,EXTENSION,0.750000,4,EXTENSION,0.600000,0.00002244,0.00003425,0.00945409,0.00100776,0.98948147
open_01,2,OPEN,1,active,31,3.304850,0,REST,4,EXTENSION,0.538077,0.528253,1550,1650,0,REST,0.000000,4,EXTENSION,0.666667,4,EXTENSION,0.750000,4,EXTENSION,0.600000,0.00004682,0.00003631,0.46145879,0.00038151,0.53807656
open_01,2,OPEN,1,active,32,3.406014,2,OPEN,4,EXTENSION,0.983377,1.000000,1600,1700,0,REST,0.000000,0,REST,0.000000,0,REST,0.000000,4,EXTENSION,0.600000,0.00006140,0.00199515,0.98337718,0.00301510,0.01155118
open_01,2,OPEN,1,active,33,3.505816,2,OPEN,4,EXTENSION,0.972622,1.000000,1650,1750,2,OPEN,1.000000,2,OPEN,0.666667,0,REST,0.000000,0,REST,0.000000,0.00013733,0.02429260,0.97262204,0.00215601,0.00079202
open_01,2,OPEN,1,active,34,3.606134,2,OPEN,2,OPEN,0.968038,1.000000,1700,1800,2,OPEN,1.000000,2,OPEN,1.000000,2,OPEN,0.750000,2,OPEN,0.600000,0.00037778,0.00617120,0.96803799,0.00239130,0.02302172
open_01,2,OPEN,1,active,35,3.706049,4,EXTENSION,2,OPEN,0.837239,0.701535,1750,1850,0,REST,0.000000,2,OPEN,0.666667,2,OPEN,0.750000,2,OPEN,0.600000,0.00018409,0.00038048,0.14150258,0.02069403,0.83723882
open_01,2,OPEN,1,active,36,3.805936,4,EXTENSION,2,OPEN,0.971206,0.685275,1800,1900,4,EXTENSION,1.000000,4,EXTENSION,0.666667,0,REST,0.000000,2,OPEN,0.600000,0.00015186,0.00024920,0.02501214,0.00338065,0.97120615
open_01,2,OPEN,1,active,37,3.906806,4,EXTENSION,4,EXTENSION,0.989427,0.321349,1850,1950,4,EXTENSION,1.000000,4,EXTENSION,1.000000,4,EXTENSION,0.750000,4,EXTENSION,0.600000,0.00007912,0.00010049,0.00114031,0.00925284,0.98942723
open_01,2,OPEN,1,active,38,4.007215,4,EXTENSION,4,EXTENSION,0.974936,0.346882,1900,2000,4,EXTENSION,1.000000,4,EXTENSION,1.000000,4,EXTENSION,1.000000,4,EXTENSION,0.800000,0.00013494,0.00017950,0.00442535,0.02032423,0.97493598
open_01,2,OPEN,1,active,39,4.107393,4,EXTENSION,4,EXTENSION,0.976511,0.306733,1950,2050,4,EXTENSION,1.000000,4,EXTENSION,1.000000,4,EXTENSION,1.000000,4,EXTENSION,1.000000,0.00010186,0.00013386,0.02033911,0.00291381,0.97651136
open_01,2,OPEN,1,active,40,4.207222,4,EXTENSION,4,EXTENSION,0.955613,0.286633,2000,2100,4,EXTENSION,1.000000,4,EXTENSION,1.000000,4,EXTENSION,1.000000,4,EXTENSION,1.000000,0.00000452,0.00001576,0.04244487,0.00192160,0.95561325
open_01,2,OPEN,1,active,41,4.307905,4,EXTENSION,4,EXTENSION,0.961302,0.351731,2050,2150,4,EXTENSION,1.000000,4,EXTENSION,1.000000,4,EXTENSION,1.000000,4,EXTENSION,1.000000,0.00000066,0.00000269,0.03724426,0.00145005,0.96130234
open_01,2,OPEN,1,active,42,4.408199,4,EXTENSION,4,EXTENSION,0.982348,0.383787,2100,2200,4,EXTENSION,1.000000,4,EXTENSION,1.000000,4,EXTENSION,1.000000,4,EXTENSION,1.000000,0.00006309,0.00008457,0.01627311,0.00123119,0.98234805
open_01,2,OPEN,1,active,43,4.508053,4,EXTENSION,4,EXTENSION,0.995004,0.383604,2150,2250,4,EXTENSION,1.000000,4,EXTENSION,1.000000,4,EXTENSION,1.000000,4,EXTENSION,1.000000,0.00000802,0.00001057,0.00240698,0.00257035,0.99500409
open_01,2,OPEN,1,active,44,4.607918,4,EXTENSION,4,EXTENSION,0.973572,0.372416,2200,2300,4,EXTENSION,1.000000,4,EXTENSION,1.000000,4,EXTENSION,1.000000,4,EXTENSION,1.000000,0.00013354,0.00017816,0.02400376,0.00211228,0.97357226
open_01,2,OPEN,1,active,45,4.708756,4,EXTENSION,4,EXTENSION,0.845900,0.332939,2250,2350,4,EXTENSION,1.000000,4,EXTENSION,1.000000,4,EXTENSION,1.000000,4,EXTENSION,1.000000,0.00001989,0.00001962,0.15277366,0.00128732,0.84589952
open_01,2,OPEN,1,active,46,4.808621,4,EXTENSION,4,EXTENSION,0.733330,0.281104,2300,2400,4,EXTENSION,1.000000,4,EXTENSION,1.000000,4,EXTENSION,1.000000,4,EXTENSION,1.000000,0.00005402,0.00004988,0.25592833,0.01063729,0.73333048
open_01,2,OPEN,1,active,47,4.908434,4,EXTENSION,4,EXTENSION,0.626371,0.465533,2350,2450,4,EXTENSION,1.000000,4,EXTENSION,1.000000,4,EXTENSION,1.000000,4,EXTENSION,1.000000,0.00014308,0.00013946,0.01175482,0.36159182,0.62637083
open_01,2,OPEN,1,active,48,5.008557,4,EXTENSION,4,EXTENSION,0.834281,0.567206,2400,2500,4,EXTENSION,1.000000,4,EXTENSION,1.000000,4,EXTENSION,1.000000,4,EXTENSION,1.000000,0.00004026,0.00004497,0.00180036,0.16383325,0.83428116
open_01,2,OPEN,1,active,49,5.109325,4,EXTENSION,4,EXTENSION,0.995054,0.454087,2450,2550,4,EXTENSION,1.000000,4,EXTENSION,1.000000,4,EXTENSION,1.000000,4,EXTENSION,1.000000,0.00000513,0.00000791,0.00445465,0.00047843,0.99505388
open_01,2,OPEN,1,active,50,5.210157,4,EXTENSION,4,EXTENSION,0.917837,0.328770,2500,2600,4,EXTENSION,1.000000,4,EXTENSION,1.000000,4,EXTENSION,1.000000,4,EXTENSION,1.000000,0.00000524,0.00002552,0.08013357,0.00199831,0.91783734
open_01,2,OPEN,1,active,51,5.310057,4,EXTENSION,4,EXTENSION,0.929316,0.353609,2550,2650,4,EXTENSION,1.000000,4,EXTENSION,1.000000,4,EXTENSION,1.000000,4,EXTENSION,1.000000,0.00001340,0.00032997,0.02220322,0.04813760,0.92931580
open_01,2,OPEN,1,active,52,5.410205,4,EXTENSION,4,EXTENSION,0.793001,0.412926,2600,2700,4,EXTENSION,1.000000,4,EXTENSION,1.000000,4,EXTENSION,1.000000,4,EXTENSION,1.000000,0.00131718,0.00874331,0.10269130,0.09424720,0.79300101
open_01,2,OPEN,1,active,53,5.511937,4,EXTENSION,4,EXTENSION,0.789298,0.422057,2650,2750,4,EXTENSION,1.000000,4,EXTENSION,1.000000,4,EXTENSION,1.000000,4,EXTENSION,1.000000,0.00026460,0.00693881,0.02857072,0.17492823,0.78929764
open_01,2,OPEN,1,active,54,5.610156,4,EXTENSION,4,EXTENSION,0.809535,0.434497,2700,2800,4,EXTENSION,1.000000,4,EXTENSION,1.000000,4,EXTENSION,1.000000,4,EXTENSION,1.000000,0.00005831,0.00138653,0.00776208,0.18125800,0.80953508
open_01,2,OPEN,1,active,55,5.710175,4,EXTENSION,4,EXTENSION,0.931363,0.329573,2750,2850,4,EXTENSION,1.000000,4,EXTENSION,1.000000,4,EXTENSION,1.000000,4,EXTENSION,1.000000,0.00012813,0.00021988,0.04699426,0.02129514,0.93136260
open_01,2,OPEN,1,active,56,5.810729,0,REST,4,EXTENSION,0.489535,1.000000,2800,2900,0,REST,0.000000,4,EXTENSION,0.666667,4,EXTENSION,0.750000,4,EXTENSION,0.800000,0.48953454,0.11080657,0.17608108,0.14542049,0.07815732
open_01,2,OPEN,1,active,57,5.911141,0,REST,4,EXTENSION,0.489540,1.000000,2850,2950,0,REST,1.000000,0,REST,0.666667,0,REST,0.000000,4,EXTENSION,0.600000,0.48954029,0.11080438,0.17607721,0.14542096,0.07815717
open_01,2,OPEN,1,active,58,6.011535,0,REST,0,REST,0.314445,0.000000,2900,3000,0,REST,1.000000,0,REST,1.000000,0,REST,0.750000,0,REST,0.600000,0.31444496,0.20447407,0.28823801,0.11612905,0.07671391
open_01,2,OPEN,1,active,59,6.111405,2,OPEN,0,REST,0.883623,0.000000,2950,3050,0,REST,0.000000,0,REST,0.666667,0,REST,0.750000,0,REST,0.600000,0.00000628,0.11629316,0.88362301,0.00004084,0.00003670
open_01,2,OPEN,1,active,60,6.212002,2,OPEN,0,REST,0.998822,0.000000,3000,3100,2,OPEN,1.000000,2,OPEN,0.666667,0,REST,0.000000,0,REST,0.600000,0.00000034,0.00108053,0.99882170,0.00001146,0.00008597
open_01,2,OPEN,1,active,61,6.311993,2,OPEN,2,OPEN,0.955679,0.743861,3050,3150,2,OPEN,1.000000,2,OPEN,1.000000,2,OPEN,0.750000,2,OPEN,0.600000,0.00000192,0.00010674,0.95567902,0.00009152,0.04412080
open_01,2,OPEN,1,active,62,6.412040,2,OPEN,2,OPEN,0.875148,0.681734,3100,3200,2,OPEN,1.000000,2,OPEN,1.000000,2,OPEN,1.000000,2,OPEN,0.800000,0.00000019,0.00000631,0.87514836,0.00001544,0.12482970
open_01,2,OPEN,1,active,63,6.511999,2,OPEN,2,OPEN,0.612381,0.817513,3150,3250,2,OPEN,1.000000,2,OPEN,1.000000,2,OPEN,1.000000,2,OPEN,1.000000,0.00001593,0.00003291,0.61238133,0.00020691,0.38736293
open_01,2,OPEN,1,active,64,6.612967,4,EXTENSION,2,OPEN,0.884197,0.951223,3200,3300,0,REST,0.000000,2,OPEN,0.666667,2,OPEN,0.750000,2,OPEN,0.800000,0.00000975,0.00000813,0.11448079,0.00130448,0.88419685
open_01,2,OPEN,1,active,65,6.712783,4,EXTENSION,2,OPEN,0.979722,0.991117,3250,3350,4,EXTENSION,1.000000,4,EXTENSION,0.666667,0,REST,0.000000,2,OPEN,0.600000,0.00008426,0.00011233,0.01901418,0.00106714,0.97972210
open_01,2,OPEN,1,active,66,6.813030,4,EXTENSION,4,EXTENSION,0.918236,0.550321,3300,3400,4,EXTENSION,1.000000,4,EXTENSION,1.000000,4,EXTENSION,0.750000,4,EXTENSION,0.600000,0.00004110,0.00005392,0.06763897,0.01403008,0.91823593
open_01,2,OPEN,1,active,67,6.912872,4,EXTENSION,4,EXTENSION,0.984029,0.522531,3350,3450,4,EXTENSION,1.000000,4,EXTENSION,1.000000,4,EXTENSION,1.000000,4,EXTENSION,0.800000,0.00004951,0.00006603,0.01091832,0.00493664,0.98402949
open_01,2,OPEN,1,active,68,7.012857,4,EXTENSION,4,EXTENSION,0.998360,0.529389,3400,3500,4,EXTENSION,1.000000,4,EXTENSION,1.000000,4,EXTENSION,1.000000,4,EXTENSION,1.000000,0.00000111,0.00000148,0.00063828,0.00099921,0.99835992
open_01,2,OPEN,1,active,69,7.113919,4,EXTENSION,4,EXTENSION,0.997734,0.547181,3450,3550,4,EXTENSION,1.000000,4,EXTENSION,1.000000,4,EXTENSION,1.000000,4,EXTENSION,1.000000,0.00000124,0.00000165,0.00138930,0.00087338,0.99773443
open_01,2,OPEN,1,active,70,7.214407,4,EXTENSION,4,EXTENSION,0.980383,0.557938,3500,3600,4,EXTENSION,1.000000,4,EXTENSION,1.000000,4,EXTENSION,1.000000,4,EXTENSION,1.000000,0.00025181,0.00033622,0.00122824,0.01780085,0.98038288
open_01,2,OPEN,1,active,71,7.314101,4,EXTENSION,4,EXTENSION,0.996627,0.513379,3550,3650,4,EXTENSION,1.000000,4,EXTENSION,1.000000,4,EXTENSION,1.000000,4,EXTENSION,1.000000,0.00000408,0.00000547,0.00150673,0.00185653,0.99662719
open_01,2,OPEN,1,active,72,7.414776,4,EXTENSION,4,EXTENSION,0.844164,0.388334,3600,3700,4,EXTENSION,1.000000,4,EXTENSION,1.000000,4,EXTENSION,1.000000,4,EXTENSION,1.000000,0.00002757,0.00009400,0.15176695,0.00394780,0.84416368
open_01,2,OPEN,1,active,73,7.516961,2,OPEN,4,EXTENSION,0.605541,0.393193,3650,3750,0,REST,0.000000,4,EXTENSION,0.666667,4,EXTENSION,0.750000,4,EXTENSION,0.800000,0.00001328,0.00001594,0.60554129,0.00930905,0.38512044
open_01,2,OPEN,1,active,74,7.614301,4,EXTENSION,4,EXTENSION,0.948996,0.395364,3700,3800,0,REST,0.000000,4,EXTENSION,0.666667,4,EXTENSION,0.750000,4,EXTENSION,0.800000,0.00002222,0.00003963,0.04193762,0.00900494,0.94899559
open_01,2,OPEN,1,active,75,7.714992,4,EXTENSION,4,EXTENSION,0.982911,0.374204,3750,3850,4,EXTENSION,1.000000,4,EXTENSION,0.666667,4,EXTENSION,0.750000,4,EXTENSION,0.800000,0.00006547,0.00013258,0.01674346,0.00014721,0.98291128
open_01,2,OPEN,1,active,76,7.814888,4,EXTENSION,4,EXTENSION,0.984805,0.393385,3800,3900,4,EXTENSION,1.000000,4,EXTENSION,1.000000,4,EXTENSION,0.750000,4,EXTENSION,0.800000,0.00005191,0.00010968,0.01486215,0.00017079,0.98480546
open_01,2,OPEN,1,active,77,7.914982,4,EXTENSION,4,EXTENSION,0.829034,0.323247,3850,3950,4,EXTENSION,1.000000,4,EXTENSION,1.000000,4,EXTENSION,1.000000,4,EXTENSION,0.800000,0.00002518,0.00002982,0.16957283,0.00133805,0.82903412
open_01,2,OPEN,1,active,78,8.015467,4,EXTENSION,4,EXTENSION,0.692485,0.298676,3900,4000,4,EXTENSION,1.000000,4,EXTENSION,1.000000,4,EXTENSION,1.000000,4,EXTENSION,1.000000,0.00009165,0.00091397,0.30406126,0.00244781,0.69248532
open_01,2,OPEN,1,active,79,8.115634,4,EXTENSION,4,EXTENSION,0.703909,0.272319,3950,4050,4,EXTENSION,1.000000,4,EXTENSION,1.000000,4,EXTENSION,1.000000,4,EXTENSION,1.000000,0.00008816,0.00081215,0.29305485,0.00213578,0.70390907
open_01,2,OPEN,1,active,80,8.216034,4,EXTENSION,4,EXTENSION,0.836612,0.186900,4000,4100,4,EXTENSION,1.000000,4,EXTENSION,1.000000,4,EXTENSION,1.000000,4,EXTENSION,1.000000,0.00003537,0.00024157,0.16111024,0.00200082,0.83661201
open_01,2,OPEN,1,active,81,8.315615,4,EXTENSION,4,EXTENSION,0.945797,0.218373,4050,4150,4,EXTENSION,1.000000,4,EXTENSION,1.000000,4,EXTENSION,1.000000,4,EXTENSION,1.000000,0.00003835,0.00042017,0.04775555,0.00598886,0.94579706
open_01,2,OPEN,1,active,82,8.415947,4,EXTENSION,4,EXTENSION,0.886550,0.255612,4100,4200,4,EXTENSION,1.000000,4,EXTENSION,1.000000,4,EXTENSION,1.000000,4,EXTENSION,1.000000,0.00001638,0.00029526,0.11010878,0.00302943,0.88655016
open_01,2,OPEN,1,active,83,8.516318,4,EXTENSION,4,EXTENSION,0.934674,0.222848,4150,4250,4,EXTENSION,1.000000,4,EXTENSION,1.000000,4,EXTENSION,1.000000,4,EXTENSION,1.000000,0.00000750,0.00012592,0.06428960,0.00090295,0.93467404
open_01,2,OPEN,1,active,84,8.619974,4,EXTENSION,4,EXTENSION,0.772261,0.158296,4200,4300,4,EXTENSION,1.000000,4,EXTENSION,1.000000,4,EXTENSION,1.000000,4,EXTENSION,1.000000,0.00048300,0.00110454,0.21517001,0.01098169,0.77226075
open_01,2,OPEN,1,active,85,8.717144,4,EXTENSION,4,EXTENSION,0.835943,0.148503,4250,4350,4,EXTENSION,1.000000,4,EXTENSION,1.000000,4,EXTENSION,1.000000,4,EXTENSION,1.000000,0.00046268,0.00008810,0.16234180,0.00116478,0.83594264
open_01,2,OPEN,1,active,86,8.817093,4,EXTENSION,4,EXTENSION,0.628622,0.206567,4300,4400,4,EXTENSION,1.000000,4,EXTENSION,1.000000,4,EXTENSION,1.000000,4,EXTENSION,1.000000,0.00006850,0.00008646,0.36976782,0.00145497,0.62862225
open_01,2,OPEN,1,active,87,8.917798,0,REST,4,EXTENSION,0.549861,0.253055,4350,4450,0,REST,0.000000,4,EXTENSION,0.666667,4,EXTENSION,0.750000,4,EXTENSION,0.800000,0.00027973,0.00495843,0.25726678,0.54986064,0.18763442
open_01,2,OPEN,1,active,88,9.017719,0,REST,4,EXTENSION,0.489540,1.000000,4400,4500,0,REST,1.000000,0,REST,0.666667,0,REST,0.000000,4,EXTENSION,0.600000,0.48954030,0.11080438,0.17607719,0.14542097,0.07815716
open_01,2,OPEN,1,active,89,9.117950,0,REST,0,REST,0.489540,0.000000,4450,4550,0,REST,1.000000,0,REST,1.000000,0,REST,0.750000,0,REST,0.600000,0.48954030,0.11080438,0.17607719,0.14542097,0.07815716
open_01,2,OPEN,1,active,90,9.218177,0,REST,0,REST,0.397886,0.000000,4500,4600,0,REST,1.000000,0,REST,1.000000,0,REST,1.000000,0,REST,0.800000,0.39788556,0.15291863,0.24198845,0.12865717,0.07855019
open_01,2,OPEN,1,active,91,9.318755,2,OPEN,0,REST,0.710422,0.000000,4550,4650,0,REST,0.000000,0,REST,0.666667,0,REST,0.750000,0,REST,0.800000,0.00004392,0.28906160,0.71042164,0.00041728,0.00005556
open_01,2,OPEN,1,active,92,9.418077,2,OPEN,0,REST,0.933080,0.000000,4600,4700,2,OPEN,1.000000,2,OPEN,0.666667,0,REST,0.000000,0,REST,0.600000,0.00000763,0.06580542,0.93307960,0.00095747,0.00014987
open_01,2,OPEN,1,active,93,9.518376,2,OPEN,2,OPEN,0.716295,0.754919,4650,4750,2,OPEN,1.000000,2,OPEN,1.000000,2,OPEN,0.750000,2,OPEN,0.600000,0.00015542,0.27584932,0.71629531,0.00692907,0.00077088
open_01,2,OPEN,1,active,94,9.618930,1,POWER,2,OPEN,0.602218,0.620355,4700,4800,0,REST,0.000000,2,OPEN,0.666667,2,OPEN,0.750000,2,OPEN,0.600000,0.00018453,0.60221848,0.38955374,0.00392780,0.00411545
open_01,2,OPEN,1,active,95,9.719343,2,OPEN,2,OPEN,0.739594,0.951878,4750,4850,0,REST,0.000000,2,OPEN,0.666667,2,OPEN,0.750000,2,OPEN,0.800000,0.00014580,0.25911468,0.73959382,0.00018545,0.00096025
open_01,2,OPEN,1,active,96,9.819755,2,OPEN,2,OPEN,0.560544,0.965349,4800,4900,2,OPEN,1.000000,2,OPEN,0.666667,2,OPEN,0.750000,2,OPEN,0.800000,0.00003199,0.43899879,0.56054369,0.00031228,0.00011325
open_01,2,OPEN,1,active,97,9.919135,2,OPEN,2,OPEN,0.597107,0.371626,4850,4950,2,OPEN,1.000000,2,OPEN,1.000000,2,OPEN,0.750000,2,OPEN,0.800000,0.00134723,0.00466274,0.59710734,0.11041481,0.28646787
open_01,2,OPEN,1,active,98,10.019523,2,OPEN,2,OPEN,0.594663,0.398706,4900,5000,2,OPEN,1.000000,2,OPEN,1.000000,2,OPEN,1.000000,2,OPEN,0.800000,0.00008855,0.00072412,0.59466329,0.01495420,0.38956985
open_01,2,OPEN,1,active,99,10.120276,2,OPEN,2,OPEN,0.943145,0.398815,4950,5050,2,OPEN,1.000000,2,OPEN,1.000000,2,OPEN,1.000000,2,OPEN,1.000000,0.00001024,0.00020939,0.94314509,0.00101227,0.05562301
open_01,2,OPEN,1,active,100,10.221599,2,OPEN,2,OPEN,0.964099,0.291430,5000,5100,2,OPEN,1.000000,2,OPEN,1.000000,2,OPEN,1.000000,2,OPEN,1.000000,0.00001897,0.00035627,0.96409903,0.00271547,0.03281026
open_01,2,OPEN,1,active,101,10.320495,3,FLEXION,2,OPEN,0.945594,0.292654,5050,5150,0,REST,0.000000,2,OPEN,0.666667,2,OPEN,0.750000,2,OPEN,0.800000,0.00285562,0.00777493,0.03005520,0.94559414,0.01372011
open_01,2,OPEN,1,active,102,10.420987,3,FLEXION,2,OPEN,0.692065,0.351604,5100,5200,3,FLEXION,1.000000,3,FLEXION,0.666667,0,REST,0.000000,2,OPEN,0.600000,0.00704871,0.01146131,0.21314938,0.69206526,0.07627535
open_01,2,OPEN,1,active,103,10.521127,0,REST,2,OPEN,0.546744,0.429878,5150,5250,0,REST,0.000000,3,FLEXION,0.666667,0,REST,0.000000,0,REST,0.000000,0.00318813,0.00991268,0.54674401,0.19466879,0.24548639
open_01,2,OPEN,1,active,104,10.621062,0,REST,2,OPEN,0.362963,0.416252,5200,5300,0,REST,1.000000,0,REST,0.666667,0,REST,0.000000,0,REST,0.000000,0.01920912,0.06470351,0.36296310,0.24149957,0.31162470
open_01,2,OPEN,1,active,105,10.721175,0,REST,0,REST,0.390773,0.000000,5250,5350,0,REST,1.000000,0,REST,1.000000,0,REST,0.750000,0,REST,0.600000,0.00888813,0.04743039,0.39077257,0.28636800,0.26654091
open_01,2,OPEN,1,active,106,10.821500,0,REST,0,REST,0.375464,0.000000,5300,5400,0,REST,1.000000,0,REST,1.000000,0,REST,1.000000,0,REST,0.800000,0.00991263,0.07755460,0.30014556,0.23692283,0.37546438
open_01,2,OPEN,1,active,107,10.922042,2,OPEN,0,REST,0.845842,0.000000,5350,5450,0,REST,0.000000,0,REST,0.666667,0,REST,0.750000,0,REST,0.800000,0.00358729,0.01569635,0.84584194,0.06958542,0.06528900
open_01,2,OPEN,1,active,108,11.022799,2,OPEN,0,REST,0.768406,0.000000,5400,5500,2,OPEN,1.000000,2,OPEN,0.666667,0,REST,0.000000,0,REST,0.600000,0.00590407,0.06596121,0.76840649,0.06104207,0.09868616
open_01,2,OPEN,1,active,109,11.121588,3,FLEXION,0,REST,0.704613,0.000000,5450,5550,0,REST,0.000000,2,OPEN,0.666667,0,REST,0.000000,0,REST,0.000000,0.00882203,0.06613438,0.13704097,0.70461322,0.08338939
open_01,2,OPEN,1,active,110,11.222647,0,REST,0,REST,0.546275,0.000000,5500,5600,0,REST,0.000000,0,REST,0.000000,0,REST,0.000000,0,REST,0.000000,0.00876729,0.08241956,0.20484443,0.54627486,0.15769386
open_01,2,OPEN,1,active,111,11.322264,2,OPEN,2,OPEN,0.942255,0.365044,5550,5650,0,REST,0.000000,0,REST,0.000000,0,REST,0.000000,2,OPEN,0.600000,0.00002440,0.00585742,0.94225502,0.04449708,0.00736608
open_01,2,OPEN,1,active,112,11.423095,2,OPEN,2,OPEN,0.990819,0.331842,5600,5700,2,OPEN,1.000000,2,OPEN,0.666667,0,REST,0.000000,2,OPEN,0.600000,0.00000822,0.00127483,0.99081906,0.00503800,0.00285990
open_01,2,OPEN,1,active,113,11.522863,2,OPEN,2,OPEN,0.988693,0.298749,5650,5750,2,OPEN,1.000000,2,OPEN,1.000000,2,OPEN,0.750000,2,OPEN,0.600000,0.00000354,0.00053915,0.98869266,0.00475526,0.00600940
open_01,2,OPEN,1,active,114,11.623211,2,OPEN,2,OPEN,0.973783,0.233759,5700,5800,2,OPEN,1.000000,2,OPEN,1.000000,2,OPEN,1.000000,2,OPEN,0.800000,0.00003586,0.00089738,0.97378306,0.00641326,0.01887044
open_01,2,OPEN,1,active,115,11.723081,2,OPEN,2,OPEN,0.640552,0.263352,5750,5850,2,OPEN,1.000000,2,OPEN,1.000000,2,OPEN,1.000000,2,OPEN,1.000000,0.00210460,0.00681012,0.64055167,0.19489797,0.15563564
open_01,2,OPEN,1,active,116,11.823454,3,FLEXION,2,OPEN,0.760526,0.257023,5800,5900,0,REST,0.000000,2,OPEN,0.666667,2,OPEN,0.750000,2,OPEN,0.800000,0.00116130,0.03170309,0.15368315,0.76052643,0.05292602
open_01,2,OPEN,1,active,117,11.925989,0,REST,2,OPEN,0.537948,0.250623,5850,5950,0,REST,0.000000,0,REST,0.000000,0,REST,0.000000,2,OPEN,0.600000,0.00328506,0.06241547,0.31610615,0.53794795,0.08024537
open_01,2,OPEN,1,active,118,12.024120,0,REST,2,OPEN,0.501849,0.291057,5900,6000,0,REST,1.000000,0,REST,0.666667,0,REST,0.000000,0,REST,0.000000,0.00327986,0.05505704,0.50184903,0.07671289,0.36310119
open_01,2,OPEN,1,active,119,12.123869,2,OPEN,2,OPEN,0.852570,0.271629,5950,6050,0,REST,0.000000,0,REST,0.666667,0,REST,0.000000,0,REST,0.000000,0.00128565,0.00881197,0.85256959,0.06225669,0.07507609
open_01,2,OPEN,1,active,120,12.224312,2,OPEN,2,OPEN,0.808079,0.314574,6000,6100,2,OPEN,1.000000,2,OPEN,0.666667,0,REST,0.000000,0,REST,0.000000,0.00195702,0.00419879,0.80807852,0.12092873,0.06483694
open_01,2,OPEN,1,active,121,12.325078,2,OPEN,2,OPEN,0.885516,0.384758,6050,6150,2,OPEN,1.000000,2,OPEN,1.000000,2,OPEN,0.750000,2,OPEN,0.600000,0.00034826,0.00080458,0.88551612,0.06979201,0.04353903
open_01,2,OPEN,1,active,122,12.427747,2,OPEN,2,OPEN,0.910782,0.369176,6100,6200,2,OPEN,1.000000,2,OPEN,1.000000,2,OPEN,1.000000,2,OPEN,0.800000,0.00009985,0.00033786,0.91078236,0.01523000,0.07354994
open_01,2,OPEN,1,active,123,12.525035,0,REST,2,OPEN,0.461247,0.309250,6150,6250,0,REST,0.000000,2,OPEN,0.666667,2,OPEN,0.750000,2,OPEN,0.800000,0.00337098,0.08757221,0.46124716,0.29899113,0.14881852
open_01,2,OPEN,1,active,124,12.626238,0,REST,2,OPEN,0.397597,0.285070,6200,6300,0,REST,1.000000,0,REST,0.666667,0,REST,0.000000,2,OPEN,0.600000,0.00179867,0.03159150,0.20919787,0.35981529,0.39759667
open_01,2,OPEN,1,active,125,12.725799,2,OPEN,2,OPEN,0.937308,0.246125,6250,6350,0,REST,0.000000,0,REST,0.666667,0,REST,0.000000,2,OPEN,0.600000,0.00052789,0.00271131,0.93730812,0.01313678,0.04631591
open_01,2,OPEN,1,active,126,12.825335,0,REST,0,REST,0.369165,0.000000,6300,6400,0,REST,0.000000,0,REST,0.666667,0,REST,0.750000,0,REST,0.600000,0.02213181,0.06786795,0.36916496,0.24385333,0.29698195
open_01,2,OPEN,1,active,127,12.926069,0,REST,0,REST,0.418928,0.000000,6350,6450,0,REST,1.000000,0,REST,0.666667,0,REST,0.750000,0,REST,0.800000,0.01340391,0.02834141,0.41892756,0.30083970,0.23848742
open_01,2,OPEN,1,active,128,13.025931,0,REST,0,REST,0.437346,0.000000,6400,6500,0,REST,1.000000,0,REST,1.000000,0,REST,0.750000,0,REST,0.800000,0.00354861,0.00842109,0.43734557,0.18749080,0.36319392
open_01,2,OPEN,1,active,129,13.125826,4,EXTENSION,0,REST,0.586114,0.000000,6450,6550,0,REST,0.000000,0,REST,0.666667,0,REST,0.750000,0,REST,0.600000,0.01607610,0.02364574,0.11993547,0.25422895,0.58611375
open_01,2,OPEN,1,active,130,13.225966,4,EXTENSION,0,REST,0.897762,0.000000,6500,6600,4,EXTENSION,1.000000,4,EXTENSION,0.666667,0,REST,0.000000,0,REST,0.600000,0.00065316,0.00098161,0.03678065,0.06382243,0.89776215
open_01,2,OPEN,1,active,131,13.326997,4,EXTENSION,4,EXTENSION,0.930795,0.565793,6550,6650,4,EXTENSION,1.000000,4,EXTENSION,1.000000,4,EXTENSION,0.750000,4,EXTENSION,0.600000,0.00008673,0.00019129,0.04733287,0.02159451,0.93079460
open_01,2,OPEN,1,active,132,13.426962,4,EXTENSION,4,EXTENSION,0.887522,0.485244,6600,6700,4,EXTENSION,1.000000,4,EXTENSION,1.000000,4,EXTENSION,1.000000,4,EXTENSION,0.800000,0.00051855,0.00074197,0.05168157,0.05953638,0.88752154
open_01,2,OPEN,1,active,133,13.526973,4,EXTENSION,4,EXTENSION,0.937279,0.523687,6650,6750,4,EXTENSION,1.000000,4,EXTENSION,1.000000,4,EXTENSION,1.000000,4,EXTENSION,1.000000,0.00010953,0.00028253,0.04273727,0.01959196,0.93727872
open_01,2,OPEN,1,active,134,13.626978,4,EXTENSION,4,EXTENSION,0.735615,0.699890,6700,6800,4,EXTENSION,1.000000,4,EXTENSION,1.000000,4,EXTENSION,1.000000,4,EXTENSION,1.000000,0.00014942,0.00017347,0.24890273,0.01515965,0.73561473
open_01,2,OPEN,1,active,135,13.728359,4,EXTENSION,4,EXTENSION,0.995851,0.707888,6750,6850,4,EXTENSION,1.000000,4,EXTENSION,1.000000,4,EXTENSION,1.000000,4,EXTENSION,1.000000,0.00000355,0.00000475,0.00296924,0.00117144,0.99585102
open_01,2,OPEN,1,active,136,13.828033,4,EXTENSION,4,EXTENSION,0.977112,0.620750,6800,6900,4,EXTENSION,1.000000,4,EXTENSION,1.000000,4,EXTENSION,1.000000,4,EXTENSION,1.000000,0.00011316,0.00023299,0.02233211,0.00020939,0.97711234
open_01,2,OPEN,1,active,137,13.927960,4,EXTENSION,4,EXTENSION,0.995178,0.656914,6850,6950,4,EXTENSION,1.000000,4,EXTENSION,1.000000,4,EXTENSION,1.000000,4,EXTENSION,1.000000,0.00000634,0.00000858,0.00264459,0.00216238,0.99517811
open_01,2,OPEN,1,active,138,14.028688,4,EXTENSION,4,EXTENSION,0.984546,0.723520,6900,7000,4,EXTENSION,1.000000,4,EXTENSION,1.000000,4,EXTENSION,1.000000,4,EXTENSION,1.000000,0.00018822,0.00025168,0.00076286,0.01425149,0.98454575
open_01,2,OPEN,1,active,139,14.128605,4,EXTENSION,4,EXTENSION,0.992911,0.825653,6950,7050,4,EXTENSION,1.000000,4,EXTENSION,1.000000,4,EXTENSION,1.000000,4,EXTENSION,1.000000,0.00004219,0.00006486,0.00017511,0.00680668,0.99291116
open_01,2,OPEN,1,active,140,14.228773,4,EXTENSION,4,EXTENSION,0.994463,0.718317,7000,7100,4,EXTENSION,1.000000,4,EXTENSION,1.000000,4,EXTENSION,1.000000,4,EXTENSION,1.000000,0.00000603,0.00000834,0.00463634,0.00088615,0.99446315
open_01,2,OPEN,1,active,141,14.328949,4,EXTENSION,4,EXTENSION,0.723270,0.364916,7050,7150,4,EXTENSION,1.000000,4,EXTENSION,1.000000,4,EXTENSION,1.000000,4,EXTENSION,1.000000,0.00006404,0.00012943,0.27532300,0.00121392,0.72326962
open_01,2,OPEN,1,active,142,14.435983,0,REST,4,EXTENSION,0.273938,0.000000,7100,7200,0,REST,0.000000,4,EXTENSION,0.666667,4,EXTENSION,0.750000,4,EXTENSION,0.800000,0.26859621,0.26491911,0.15888412,0.03366281,0.27393776
open_01,2,OPEN,1,active,143,14.528799,0,REST,4,EXTENSION,0.971936,0.000000,7150,7250,0,REST,1.000000,0,REST,0.666667,0,REST,0.000000,4,EXTENSION,0.600000,0.97193639,0.01735103,0.00434296,0.00362723,0.00274239
open_01,2,OPEN,1,active,144,14.629122,0,REST,0,REST,0.494736,0.000000,7200,7300,0,REST,1.000000,0,REST,1.000000,0,REST,0.750000,0,REST,0.600000,0.42036674,0.49473625,0.04051872,0.02914033,0.01523797
open_01,2,OPEN,1,active,145,14.729412,0,REST,0,REST,0.734375,0.000000,7250,7350,0,REST,1.000000,0,REST,1.000000,0,REST,1.000000,0,REST,0.800000,0.73437527,0.17638008,0.02460257,0.01987913,0.04476295
open_01,2,OPEN,1,active,146,14.829869,0,REST,0,REST,0.583106,0.000000,7300,7400,0,REST,1.000000,0,REST,1.000000,0,REST,1.000000,0,REST,1.000000,0.58310612,0.38787889,0.00529742,0.01302993,0.01068763
open_01,2,OPEN,1,active,147,14.930505,1,POWER,0,REST,0.927576,0.000000,7350,7450,0,REST,0.000000,0,REST,0.666667,0,REST,0.750000,0,REST,0.800000,0.05182669,0.92757570,0.00305355,0.01332270,0.00422137
open_01,2,OPEN,1,active,148,15.034993,0,REST,0,REST,0.356710,0.000000,7400,7500,0,REST,0.000000,0,REST,0.666667,0,REST,0.750000,0,REST,0.800000,0.00566162,0.25465604,0.32521213,0.35670967,0.05776054
open_01,2,OPEN,1,active,149,15.130038,2,OPEN,0,REST,0.782369,0.000000,7450,7550,0,REST,0.000000,0,REST,0.000000,0,REST,0.000000,0,REST,0.600000,0.00000258,0.00007591,0.78236859,0.00264779,0.21490512
open_01,2,OPEN,1,active,150,15.231052,2,OPEN,0,REST,0.919143,0.000000,7500,7600,2,OPEN,1.000000,2,OPEN,0.666667,0,REST,0.000000,0,REST,0.000000,0.00002797,0.00003567,0.91914289,0.00300461,0.07778885
open_01,2,OPEN,1,active,151,15.330389,2,OPEN,2,OPEN,0.843136,0.516383,7550,7650,2,OPEN,1.000000,2,OPEN,1.000000,2,OPEN,0.750000,2,OPEN,0.600000,0.00065659,0.03842291,0.84313559,0.05531020,0.06247471
open_01,2,OPEN,1,active,152,15.431527,2,OPEN,2,OPEN,0.820049,0.552954,7600,7700,2,OPEN,1.000000,2,OPEN,1.000000,2,OPEN,1.000000,2,OPEN,0.800000,0.00131270,0.09820425,0.82004879,0.02414381,0.05629045
open_01,2,OPEN,1,active,153,15.530998,2,OPEN,2,OPEN,0.895779,0.454816,7650,7750,2,OPEN,1.000000,2,OPEN,1.000000,2,OPEN,1.000000,2,OPEN,1.000000,0.00004936,0.00022276,0.89577891,0.00161290,0.10233607
open_01,2,OPEN,1,active,154,15.631192,2,OPEN,2,OPEN,0.746028,0.413397,7700,7800,2,OPEN,1.000000,2,OPEN,1.000000,2,OPEN,1.000000,2,OPEN,1.000000,0.00002504,0.00001011,0.74602800,0.00256158,0.25137527
open_01,2,OPEN,1,active,155,15.732159,2,OPEN,2,OPEN,0.695740,0.357560,7750,7850,2,OPEN,1.000000,2,OPEN,1.000000,2,OPEN,1.000000,2,OPEN,1.000000,0.00007622,0.00007140,0.69574004,0.00487037,0.29924197
open_01,2,OPEN,1,active,156,15.832174,2,OPEN,2,OPEN,0.747506,0.369012,7800,7900,2,OPEN,1.000000,2,OPEN,1.000000,2,OPEN,1.000000,2,OPEN,1.000000,0.00001877,0.00063699,0.74750637,0.00200466,0.24983320
open_01,2,OPEN,1,active,157,15.932119,2,OPEN,2,OPEN,0.668245,0.412385,7850,7950,2,OPEN,1.000000,2,OPEN,1.000000,2,OPEN,1.000000,2,OPEN,1.000000,0.00015275,0.00870099,0.66824463,0.03081836,0.29208327
open_01,2,OPEN,1,active,158,16.032145,0,REST,2,OPEN,0.468834,0.379577,7900,8000,0,REST,0.000000,2,OPEN,0.666667,2,OPEN,0.750000,2,OPEN,0.800000,0.00139991,0.01223415,0.46883374,0.06809405,0.44943816
open_01,2,OPEN,1,active,159,16.133190,2,OPEN,2,OPEN,0.792917,0.313257,7950,8050,0,REST,0.000000,2,OPEN,0.666667,2,OPEN,0.750000,2,OPEN,0.800000,0.00002023,0.00330795,0.79291667,0.00935890,0.19439626
open_01,2,OPEN,1,active,160,16.234651,2,OPEN,2,OPEN,0.941869,0.330628,8000,8100,2,OPEN,1.000000,2,OPEN,0.666667,2,OPEN,0.750000,2,OPEN,0.800000,0.00000851,0.00212878,0.94186883,0.00117913,0.05481476
open_01,2,OPEN,1,active,161,16.332908,2,OPEN,2,OPEN,0.923926,0.314674,8050,8150,2,OPEN,1.000000,2,OPEN,1.000000,2,OPEN,0.750000,2,OPEN,0.800000,0.00002687,0.00059834,0.92392648,0.00026119,0.07518712
open_01,2,OPEN,1,active,162,16.433825,2,OPEN,2,OPEN,0.964843,0.321239,8100,8200,2,OPEN,1.000000,2,OPEN,1.000000,2,OPEN,1.000000,2,OPEN,0.800000,0.00000424,0.00028000,0.96484320,0.00078963,0.03408292
open_01,2,OPEN,1,active,163,16.534065,2,OPEN,2,OPEN,0.862063,0.399540,8150,8250,2,OPEN,1.000000,2,OPEN,1.000000,2,OPEN,1.000000,2,OPEN,1.000000,0.00175026,0.00970540,0.86206261,0.07083919,0.05564254
open_01,2,OPEN,1,active,164,16.633979,2,OPEN,2,OPEN,0.856336,0.386837,8200,8300,2,OPEN,1.000000,2,OPEN,1.000000,2,OPEN,1.000000,2,OPEN,1.000000,0.00020764,0.00494317,0.85633650,0.02321968,0.11529301
open_01,2,OPEN,1,active,165,16.734173,2,OPEN,2,OPEN,0.640252,0.333452,8250,8350,2,OPEN,1.000000,2,OPEN,1.000000,2,OPEN,1.000000,2,OPEN,1.000000,0.00005103,0.00146354,0.64025212,0.00193049,0.35630282
open_01,2,OPEN,1,active,166,16.834495,2,OPEN,2,OPEN,0.841712,0.342690,8300,8400,2,OPEN,1.000000,2,OPEN,1.000000,2,OPEN,1.000000,2,OPEN,1.000000,0.00001668,0.00087089,0.84171202,0.00170923,0.15569119
open_01,2,OPEN,1,active,167,16.934677,2,OPEN,2,OPEN,0.908709,0.336551,8350,8450,2,OPEN,1.000000,2,OPEN,1.000000,2,OPEN,1.000000,2,OPEN,1.000000,0.00003448,0.00075649,0.90870939,0.00196285,0.08853679
open_01,2,OPEN,1,active,168,17.035973,2,OPEN,2,OPEN,0.938197,0.322070,8400,8500,2,OPEN,1.000000,2,OPEN,1.000000,2,OPEN,1.000000,2,OPEN,1.000000,0.00001590,0.00020978,0.93819702,0.00042936,0.06114794
open_01,2,OPEN,1,active,169,17.134983,2,OPEN,2,OPEN,0.893305,0.357774,8450,8550,2,OPEN,1.000000,2,OPEN,1.000000,2,OPEN,1.000000,2,OPEN,1.000000,0.00008423,0.00048348,0.89330483,0.00276736,0.10336010
open_01,2,OPEN,1,active,170,17.235000,2,OPEN,2,OPEN,0.724433,0.362774,8500,8600,2,OPEN,1.000000,2,OPEN,1.000000,2,OPEN,1.000000,2,OPEN,1.000000,0.00008687,0.00517878,0.72443320,0.00610114,0.26420001
open_01,2,OPEN,1,active,171,17.334981,2,OPEN,2,OPEN,0.839115,0.307275,8550,8650,2,OPEN,1.000000,2,OPEN,1.000000,2,OPEN,1.000000,2,OPEN,1.000000,0.00025849,0.01814473,0.83911544,0.01400384,0.12847750
open_01,2,OPEN,1,active,172,17.435020,2,OPEN,2,OPEN,0.612144,0.305328,8600,8700,2,OPEN,1.000000,2,OPEN,1.000000,2,OPEN,1.000000,2,OPEN,1.000000,0.00322852,0.01203679,0.61214446,0.07992310,0.29266713
open_01,2,OPEN,1,active,173,17.535993,2,OPEN,2,OPEN,0.802127,0.300415,8650,8750,2,OPEN,1.000000,2,OPEN,1.000000,2,OPEN,1.000000,2,OPEN,1.000000,0.00009304,0.00062191,0.80212742,0.01918599,0.17797165
open_01,2,OPEN,1,active,174,17.636027,2,OPEN,2,OPEN,0.877285,0.306923,8700,8800,2,OPEN,1.000000,2,OPEN,1.000000,2,OPEN,1.000000,2,OPEN,1.000000,0.00030138,0.00099610,0.87728497,0.02591472,0.09550283
open_01,2,OPEN,1,active,175,17.735841,2,OPEN,2,OPEN,0.677368,0.329922,8750,8850,2,OPEN,1.000000,2,OPEN,1.000000,2,OPEN,1.000000,2,OPEN,1.000000,0.00425099,0.00747604,0.67736798,0.09560545,0.21529954
open_01,2,OPEN,1,active,176,17.838021,2,OPEN,2,OPEN,0.794445,0.347358,8800,8900,2,OPEN,1.000000,2,OPEN,1.000000,2,OPEN,1.000000,2,OPEN,1.000000,0.00064009,0.00161776,0.79444509,0.04239811,0.16089895
open_01,2,OPEN,1,active,177,17.938178,2,OPEN,2,OPEN,0.613088,0.394821,8850,8950,2,OPEN,1.000000,2,OPEN,1.000000,2,OPEN,1.000000,2,OPEN,1.000000,0.00010074,0.00030553,0.61308787,0.00531401,0.38119184
open_01,2,OPEN,1,tail,178,18.037202,2,OPEN,2,OPEN,0.733249,0.386068,8900,9000,2,OPEN,1.000000,2,OPEN,1.000000,2,OPEN,1.000000,2,OPEN,1.000000,0.00012311,0.00220172,0.73324875,0.01192118,0.25250523
open_02,2,OPEN,2,countdown,0,0.198346,0,REST,0,REST,0.489533,0.000000,0,100,0,REST,0.000000,0,REST,0.000000,0,REST,0.000000,0,REST,0.000000,0.48953251,0.11080498,0.17607599,0.14542137,0.07816515
open_02,2,OPEN,2,countdown,1,0.298674,4,EXTENSION,0,REST,0.909630,0.000000,50,150,0,REST,0.000000,0,REST,0.000000,0,REST,0.000000,0,REST,0.000000,0.01190331,0.00980380,0.06530422,0.00335899,0.90962967
open_02,2,OPEN,2,countdown,2,0.398839,0,REST,0,REST,0.634077,0.000000,100,200,0,REST,0.000000,0,REST,0.666667,0,REST,0.000000,0,REST,0.000000,0.63407725,0.05589360,0.11567432,0.01764753,0.17670730
open_02,2,OPEN,2,countdown,3,0.499009,0,REST,0,REST,0.964891,0.000000,150,250,0,REST,1.000000,0,REST,0.666667,0,REST,0.750000,0,REST,0.600000,0.96489051,0.00875096,0.01589618,0.00342001,0.00704235
open_02,2,OPEN,2,countdown,4,0.599635,0,REST,0,REST,0.977361,0.000000,200,300,0,REST,1.000000,0,REST,1.000000,0,REST,0.750000,0,REST,0.800000,0.97736059,0.00253985,0.01639886,0.00140820,0.00229250
open_02,2,OPEN,2,countdown,5,0.700028,0,REST,0,REST,0.976266,0.000000,250,350,0,REST,1.000000,0,REST,1.000000,0,REST,1.000000,0,REST,0.800000,0.97626610,0.00084613,0.02053808,0.00086060,0.00148908
open_02,2,OPEN,2,countdown,6,0.801264,0,REST,0,REST,0.982654,0.000000,300,400,0,REST,1.000000,0,REST,1.000000,0,REST,1.000000,0,REST,1.000000,0.98265370,0.00045081,0.01467524,0.00096328,0.00125697
open_02,2,OPEN,2,countdown,7,0.900408,0,REST,0,REST,0.944248,0.000000,350,450,0,REST,1.000000,0,REST,1.000000,0,REST,1.000000,0,REST,1.000000,0.94424833,0.00190440,0.04270752,0.00481773,0.00632202
open_02,2,OPEN,2,countdown,8,1.000627,0,REST,0,REST,0.934224,0.000000,400,500,0,REST,1.000000,0,REST,1.000000,0,REST,1.000000,0,REST,1.000000,0.93422397,0.00250600,0.04212201,0.00986719,0.01128084
open_02,2,OPEN,2,countdown,9,1.100688,0,REST,0,REST,0.922886,0.000000,450,550,0,REST,1.000000,0,REST,1.000000,0,REST,1.000000,0,REST,1.000000,0.92288582,0.00757702,0.04269660,0.01174565,0.01509491
open_02,2,OPEN,2,countdown,10,1.200740,0,REST,0,REST,0.950936,0.000000,500,600,0,REST,1.000000,0,REST,1.000000,0,REST,1.000000,0,REST,1.000000,0.95093628,0.02346524,0.00440147,0.00967935,0.01151767
open_02,2,OPEN,2,countdown,11,1.300882,0,REST,0,REST,0.972474,0.000000,550,650,0,REST,1.000000,0,REST,1.000000,0,REST,1.000000,0,REST,1.000000,0.97247423,0.01572013,0.00308985,0.00428665,0.00442915
open_02,2,OPEN,2,countdown,12,1.400729,0,REST,0,REST,0.993706,0.000000,600,700,0,REST,1.000000,0,REST,1.000000,0,REST,1.000000,0,REST,1.000000,0.99370599,0.00173345,0.00211211,0.00030397,0.00214448
open_02,2,OPEN,2,countdown,13,1.501026,0,REST,0,REST,0.992286,0.000000,650,750,0,REST,1.000000,0,REST,1.000000,0,REST,1.000000,0,REST,1.000000,0.99228604,0.00107092,0.00437162,0.00067495,0.00159646
open_02,2,OPEN,2,countdown,14,1.601811,0,REST,0,REST,0.982691,0.000000,700,800,0,REST,1.000000,0,REST,1.000000,0,REST,1.000000,0,REST,1.000000,0.98269090,0.00530930,0.00884746,0.00124946,0.00190288
open_02,2,OPEN,2,countdown,15,1.702333,0,REST,0,REST,0.954189,0.000000,750,850,0,REST,1.000000,0,REST,1.000000,0,REST,1.000000,0,REST,1.000000,0.95418916,0.03480610,0.00217601,0.00677286,0.00205588
open_02,2,OPEN,2,countdown,16,1.802072,0,REST,0,REST,0.974664,0.000000,800,900,0,REST,1.000000,0,REST,1.000000,0,REST,1.000000,0,REST,1.000000,0.97466355,0.01062256,0.00464149,0.00652431,0.00354810
open_02,2,OPEN,2,countdown,17,1.902550,0,REST,0,REST,0.972144,0.000000,850,950,0,REST,1.000000,0,REST,1.000000,0,REST,1.000000,0,REST,1.000000,0.97214380,0.00332964,0.01613715,0.00415218,0.00423724
open_02,2,OPEN,2,countdown,18,2.002001,0,REST,0,REST,0.987359,0.000000,900,1000,0,REST,1.000000,0,REST,1.000000,0,REST,1.000000,0,REST,1.000000,0.98735894,0.00229130,0.00669369,0.00220326,0.00145282
open_02,2,OPEN,2,countdown,19,2.102481,0,REST,0,REST,0.979851,0.000000,950,1050,0,REST,1.000000,0,REST,1.000000,0,REST,1.000000,0,REST,1.000000,0.97985140,0.00486483,0.00924004,0.00355488,0.00248884
open_02,2,OPEN,2,countdown,20,2.202771,0,REST,0,REST,0.983057,0.000000,1000,1100,0,REST,1.000000,0,REST,1.000000,0,REST,1.000000,0,REST,1.000000,0.98305703,0.00225728,0.01059731,0.00138275,0.00270563
open_02,2,OPEN,2,countdown,21,2.303538,0,REST,0,REST,0.988938,0.000000,1050,1150,0,REST,1.000000,0,REST,1.000000,0,REST,1.000000,0,REST,1.000000,0.98893808,0.00130291,0.00631902,0.00057034,0.00286964
open_02,2,OPEN,2,countdown,22,2.403011,0,REST,0,REST,0.987661,0.000000,1100,1200,0,REST,1.000000,0,REST,1.000000,0,REST,1.000000,0,REST,1.000000,0.98766116,0.00099853,0.00847528,0.00027332,0.00259172
open_02,2,OPEN,2,countdown,23,2.504143,0,REST,0,REST,0.988401,0.000000,1150,1250,0,REST,1.000000,0,REST,1.000000,0,REST,1.000000,0,REST,1.000000,0.98840104,0.00154224,0.00791428,0.00073258,0.00140986
open_02,2,OPEN,2,countdown,24,2.603334,0,REST,0,REST,0.977292,0.000000,1200,1300,0,REST,1.000000,0,REST,1.000000,0,REST,1.000000,0,REST,1.000000,0.97729152,0.01178384,0.00740865,0.00129563,0.00222036
open_02,2,OPEN,2,countdown,25,2.703644,0,REST,0,REST,0.908983,0.000000,1250,1350,0,REST,1.000000,0,REST,1.000000,0,REST,1.000000,0,REST,1.000000,0.90898301,0.06603034,0.01223317,0.00644695,0.00630654
open_02,2,OPEN,2,countdown,26,2.803696,1,POWER,0,REST,0.993777,0.000000,1300,1400,0,REST,0.000000,0,REST,0.666667,0,REST,0.750000,0,REST,0.800000,0.00001212,0.99377690,0.00201413,0.00397672,0.00022012
open_02,2,OPEN,2,countdown,27,2.903897,2,OPEN,0,REST,0.720834,0.000000,1350,1450,0,REST,0.000000,0,REST,0.000000,0,REST,0.000000,0,REST,0.600000,0.00078805,0.21849044,0.72083369,0.04615332,0.01373450
open_02,2,OPEN,2,active,28,3.004527,2,OPEN,0,REST,0.897284,0.000000,1400,1500,2,OPEN,1.000000,2,OPEN,0.666667,0,REST,0.000000,0,REST,0.000000,0.00060151,0.03459315,0.89728351,0.01016964,0.05735219
open_02,2,OPEN,2,active,29,3.104681,2,OPEN,2,OPEN,0.961819,0.132413,1450,1550,2,OPEN,1.000000,2,OPEN,1.000000,2,OPEN,0.750000,2,OPEN,0.600000,0.00027026,0.00697082,0.96181919,0.00264397,0.02829575
open_02,2,OPEN,2,active,30,3.204652,2,OPEN,2,OPEN,0.976267,0.145929,1500,1600,2,OPEN,1.000000,2,OPEN,1.000000,2,OPEN,1.000000,2,OPEN,0.800000,0.00005070,0.00139594,0.97626706,0.00130787,0.02097844
open_02,2,OPEN,2,active,31,3.304704,2,OPEN,2,OPEN,0.990541,0.129757,1550,1650,2,OPEN,1.000000,2,OPEN,1.000000,2,OPEN,1.000000,2,OPEN,1.000000,0.00013788,0.00128436,0.99054075,0.00081505,0.00722196
open_02,2,OPEN,2,active,32,3.404987,2,OPEN,2,OPEN,0.942830,0.119589,1600,1700,2,OPEN,1.000000,2,OPEN,1.000000,2,OPEN,1.000000,2,OPEN,1.000000,0.00038683,0.00082886,0.94282952,0.00176697,0.05418783
open_02,2,OPEN,2,active,33,3.505924,2,OPEN,2,OPEN,0.911578,0.134842,1650,1750,2,OPEN,1.000000,2,OPEN,1.000000,2,OPEN,1.000000,2,OPEN,1.000000,0.00039373,0.00085382,0.91157787,0.00242454,0.08475004
open_02,2,OPEN,2,active,34,3.605876,2,OPEN,2,OPEN,0.970724,0.086684,1700,1800,2,OPEN,1.000000,2,OPEN,1.000000,2,OPEN,1.000000,2,OPEN,1.000000,0.00066646,0.00133545,0.97072399,0.00088230,0.02639180
open_02,2,OPEN,2,active,35,3.706085,2,OPEN,2,OPEN,0.928192,0.152017,1750,1850,2,OPEN,1.000000,2,OPEN,1.000000,2,OPEN,1.000000,2,OPEN,1.000000,0.00023919,0.04572337,0.92819217,0.00400957,0.02183569
open_02,2,OPEN,2,active,36,3.805836,2,OPEN,2,OPEN,0.974721,0.154132,1800,1900,2,OPEN,1.000000,2,OPEN,1.000000,2,OPEN,1.000000,2,OPEN,1.000000,0.00006460,0.00345293,0.97472139,0.00124064,0.02052044
open_02,2,OPEN,2,active,37,3.906546,2,OPEN,2,OPEN,0.984536,0.118099,1850,1950,2,OPEN,1.000000,2,OPEN,1.000000,2,OPEN,1.000000,2,OPEN,1.000000,0.00008433,0.00201557,0.98453570,0.00059034,0.01277406
open_02,2,OPEN,2,active,38,4.006389,2,OPEN,2,OPEN,0.916465,0.162415,1900,2000,2,OPEN,1.000000,2,OPEN,1.000000,2,OPEN,1.000000,2,OPEN,1.000000,0.00047364,0.01053228,0.91646457,0.00269091,0.06983860
open_02,2,OPEN,2,active,39,4.106592,2,OPEN,2,OPEN,0.580169,0.154216,1950,2050,2,OPEN,1.000000,2,OPEN,1.000000,2,OPEN,1.000000,2,OPEN,1.000000,0.00982625,0.00645557,0.58016888,0.00545930,0.39808999
open_02,2,OPEN,2,active,40,4.207570,2,OPEN,2,OPEN,0.665140,0.126846,2000,2100,2,OPEN,1.000000,2,OPEN,1.000000,2,OPEN,1.000000,2,OPEN,1.000000,0.02529027,0.01909677,0.66514003,0.00866166,0.28181127
open_02,2,OPEN,2,active,41,4.308756,2,OPEN,2,OPEN,0.842062,0.100166,2050,2150,2,OPEN,1.000000,2,OPEN,1.000000,2,OPEN,1.000000,2,OPEN,1.000000,0.00444253,0.08236407,0.84206243,0.01385112,0.05727986
open_02,2,OPEN,2,active,42,4.407298,2,OPEN,2,OPEN,0.974451,0.111659,2100,2200,2,OPEN,1.000000,2,OPEN,1.000000,2,OPEN,1.000000,2,OPEN,1.000000,0.00016650,0.00788871,0.97445115,0.00411544,0.01337820
open_02,2,OPEN,2,active,43,4.508191,2,OPEN,2,OPEN,0.951134,0.084168,2150,2250,2,OPEN,1.000000,2,OPEN,1.000000,2,OPEN,1.000000,2,OPEN,1.000000,0.00046104,0.00469700,0.95113359,0.00435722,0.03935115
open_02,2,OPEN,2,active,44,4.607645,2,OPEN,2,OPEN,0.961939,0.071357,2200,2300,2,OPEN,1.000000,2,OPEN,1.000000,2,OPEN,1.000000,2,OPEN,1.000000,0.00056979,0.00389606,0.96193854,0.00240551,0.03119010
open_02,2,OPEN,2,active,45,4.708568,2,OPEN,2,OPEN,0.964301,0.055873,2250,2350,2,OPEN,1.000000,2,OPEN,1.000000,2,OPEN,1.000000,2,OPEN,1.000000,0.00081688,0.00741894,0.96430083,0.00422639,0.02323696
open_02,2,OPEN,2,active,46,4.808752,2,OPEN,2,OPEN,0.970993,0.059507,2300,2400,2,OPEN,1.000000,2,OPEN,1.000000,2,OPEN,1.000000,2,OPEN,1.000000,0.00050006,0.00987474,0.97099255,0.00149645,0.01713620
open_02,2,OPEN,2,active,47,4.908568,2,OPEN,2,OPEN,0.969126,0.115467,2350,2450,2,OPEN,1.000000,2,OPEN,1.000000,2,OPEN,1.000000,2,OPEN,1.000000,0.00010977,0.00643617,0.96912554,0.00431066,0.02001785
open_02,2,OPEN,2,active,48,5.008605,2,OPEN,2,OPEN,0.943899,0.100018,2400,2500,2,OPEN,1.000000,2,OPEN,1.000000,2,OPEN,1.000000,2,OPEN,1.000000,0.00012757,0.00163040,0.94389863,0.00313751,0.05120589
open_02,2,OPEN,2,active,49,5.109851,2,OPEN,2,OPEN,0.961158,0.055206,2450,2550,2,OPEN,1.000000,2,OPEN,1.000000,2,OPEN,1.000000,2,OPEN,1.000000,0.00059290,0.00046780,0.96115770,0.00131021,0.03647139
open_02,2,OPEN,2,active,50,5.209322,2,OPEN,2,OPEN,0.950319,0.075311,2500,2600,2,OPEN,1.000000,2,OPEN,1.000000,2,OPEN,1.000000,2,OPEN,1.000000,0.00133544,0.00498238,0.95031877,0.01153132,0.03183208
open_02,2,OPEN,2,active,51,5.309654,2,OPEN,2,OPEN,0.934788,0.112000,2550,2650,2,OPEN,1.000000,2,OPEN,1.000000,2,OPEN,1.000000,2,OPEN,1.000000,0.00049447,0.03017216,0.93478811,0.01568565,0.01885960
open_03,2,OPEN,3,countdown,0,0.200361,0,REST,0,REST,0.489534,0.000000,0,100,0,REST,0.000000,0,REST,0.000000,0,REST,0.000000,0,REST,0.000000,0.48953429,0.11080484,0.17607626,0.14542128,0.07816332
open_03,2,OPEN,3,countdown,1,0.301115,4,EXTENSION,0,REST,0.912350,0.000000,50,150,0,REST,0.000000,0,REST,0.000000,0,REST,0.000000,0,REST,0.000000,0.01127545,0.00828725,0.06505644,0.00303066,0.91235019
open_03,2,OPEN,3,countdown,2,0.401077,0,REST,0,REST,0.634584,0.000000,100,200,0,REST,0.000000,0,REST,0.666667,0,REST,0.000000,0,REST,0.000000,0.63458391,0.05156547,0.11513267,0.01709350,0.18162444
open_03,2,OPEN,3,countdown,3,0.500765,0,REST,0,REST,0.977081,0.000000,150,250,0,REST,1.000000,0,REST,0.666667,0,REST,0.750000,0,REST,0.600000,0.97708087,0.00589215,0.00992406,0.00218608,0.00491684
open_03,2,OPEN,3,countdown,4,0.604541,0,REST,0,REST,0.993445,0.000000,200,300,0,REST,1.000000,0,REST,1.000000,0,REST,0.750000,0,REST,0.800000,0.99344463,0.00045711,0.00492223,0.00040530,0.00077074
open_03,2,OPEN,3,countdown,5,0.700771,0,REST,0,REST,0.991378,0.000000,250,350,0,REST,1.000000,0,REST,1.000000,0,REST,1.000000,0,REST,0.800000,0.99137825,0.00019879,0.00756007,0.00029416,0.00056873
open_03,2,OPEN,3,countdown,6,0.801392,0,REST,0,REST,0.990044,0.000000,300,400,0,REST,1.000000,0,REST,1.000000,0,REST,1.000000,0,REST,1.000000,0.99004378,0.00013771,0.00905565,0.00025161,0.00051126
open_03,2,OPEN,3,countdown,7,0.901411,0,REST,0,REST,0.995008,0.000000,350,450,0,REST,1.000000,0,REST,1.000000,0,REST,1.000000,0,REST,1.000000,0.99500836,0.00027386,0.00357364,0.00052957,0.00061457
open_03,2,OPEN,3,countdown,8,1.002341,0,REST,0,REST,0.982045,0.000000,400,500,0,REST,1.000000,0,REST,1.000000,0,REST,1.000000,0,REST,1.000000,0.98204511,0.00311446,0.00487771,0.00286887,0.00709385
open_03,2,OPEN,3,countdown,9,1.102091,0,REST,0,REST,0.945926,0.000000,450,550,0,REST,1.000000,0,REST,1.000000,0,REST,1.000000,0,REST,1.000000,0.94592572,0.02593222,0.00902979,0.00476903,0.01434324
open_03,2,OPEN,3,countdown,10,1.202172,0,REST,0,REST,0.935915,0.000000,500,600,0,REST,1.000000,0,REST,1.000000,0,REST,1.000000,0,REST,1.000000,0.93591488,0.02805116,0.01866034,0.00894020,0.00843343
open_03,2,OPEN,3,countdown,11,1.302251,0,REST,0,REST,0.963157,0.000000,550,650,0,REST,1.000000,0,REST,1.000000,0,REST,1.000000,0,REST,1.000000,0.96315672,0.02703493,0.00144175,0.00718319,0.00118341
open_03,2,OPEN,3,countdown,12,1.402907,0,REST,0,REST,0.942271,0.000000,600,700,0,REST,1.000000,0,REST,1.000000,0,REST,1.000000,0,REST,1.000000,0.94227086,0.04645691,0.00284045,0.00716184,0.00126993
open_03,2,OPEN,3,countdown,13,1.503187,0,REST,0,REST,0.988473,0.000000,650,750,0,REST,1.000000,0,REST,1.000000,0,REST,1.000000,0,REST,1.000000,0.98847346,0.00555754,0.00233127,0.00183192,0.00180581
open_03,2,OPEN,3,countdown,14,1.603186,0,REST,0,REST,0.996228,0.000000,700,800,0,REST,1.000000,0,REST,1.000000,0,REST,1.000000,0,REST,1.000000,0.99622821,0.00104954,0.00101111,0.00028465,0.00142649
open_03,2,OPEN,3,countdown,15,1.703100,0,REST,0,REST,0.993535,0.000000,750,850,0,REST,1.000000,0,REST,1.000000,0,REST,1.000000,0,REST,1.000000,0.99353460,0.00246120,0.00193834,0.00070465,0.00136120
open_03,2,OPEN,3,countdown,16,1.803249,0,REST,0,REST,0.992280,0.000000,800,900,0,REST,1.000000,0,REST,1.000000,0,REST,1.000000,0,REST,1.000000,0.99227968,0.00311835,0.00209286,0.00073334,0.00177577
open_03,2,OPEN,3,countdown,17,1.904160,0,REST,0,REST,0.994341,0.000000,850,950,0,REST,1.000000,0,REST,1.000000,0,REST,1.000000,0,REST,1.000000,0.99434068,0.00266465,0.00126627,0.00064049,0.00108791
open_03,2,OPEN,3,countdown,18,2.004302,0,REST,0,REST,0.989441,0.000000,900,1000,0,REST,1.000000,0,REST,1.000000,0,REST,1.000000,0,REST,1.000000,0.98944067,0.00760508,0.00177849,0.00051625,0.00065951
open_03,2,OPEN,3,countdown,19,2.104270,0,REST,0,REST,0.998101,0.000000,950,1050,0,REST,1.000000,0,REST,1.000000,0,REST,1.000000,0,REST,1.000000,0.99810060,0.00062227,0.00047270,0.00042510,0.00037933
open_03,2,OPEN,3,countdown,20,2.209107,0,REST,0,REST,0.998135,0.000000,1000,1100,0,REST,1.000000,0,REST,1.000000,0,REST,1.000000,0,REST,1.000000,0.99813506,0.00084312,0.00033454,0.00026680,0.00042048
open_03,2,OPEN,3,countdown,21,2.306587,0,REST,0,REST,0.984486,0.000000,1050,1150,0,REST,1.000000,0,REST,1.000000,0,REST,1.000000,0,REST,1.000000,0.98448572,0.01285226,0.00122207,0.00065309,0.00078686
open_03,2,OPEN,3,countdown,22,2.409982,0,REST,0,REST,0.974546,0.000000,1100,1200,0,REST,1.000000,0,REST,1.000000,0,REST,1.000000,0,REST,1.000000,0.97454595,0.01994453,0.00086293,0.00343507,0.00121152
open_03,2,OPEN,3,countdown,23,2.505462,0,REST,0,REST,0.992517,0.000000,1150,1250,0,REST,1.000000,0,REST,1.000000,0,REST,1.000000,0,REST,1.000000,0.99251686,0.00391881,0.00096863,0.00185812,0.00073757
open_03,2,OPEN,3,countdown,24,2.605662,0,REST,0,REST,0.996856,0.000000,1200,1300,0,REST,1.000000,0,REST,1.000000,0,REST,1.000000,0,REST,1.000000,0.99685573,0.00117724,0.00093850,0.00029747,0.00073107
open_03,2,OPEN,3,countdown,25,2.705965,0,REST,0,REST,0.992624,0.000000,1250,1350,0,REST,1.000000,0,REST,1.000000,0,REST,1.000000,0,REST,1.000000,0.99262424,0.00209550,0.00216030,0.00075091,0.00236905
open_03,2,OPEN,3,countdown,26,2.806396,0,REST,0,REST,0.977152,0.000000,1300,1400,0,REST,1.000000,0,REST,1.000000,0,REST,1.000000,0,REST,1.000000,0.97715221,0.01602576,0.00392255,0.00118911,0.00171037
open_03,2,OPEN,3,countdown,27,2.906675,0,REST,0,REST,0.961366,0.000000,1350,1450,0,REST,1.000000,0,REST,1.000000,0,REST,1.000000,0,REST,1.000000,0.96136643,0.03293807,0.00183747,0.00270196,0.00115608
open_03,2,OPEN,3,active,28,3.006392,0,REST,0,REST,0.982493,0.000000,1400,1500,0,REST,1.000000,0,REST,1.000000,0,REST,1.000000,0,REST,1.000000,0.98249259,0.01147973,0.00218096,0.00206008,0.00178665
open_03,2,OPEN,3,active,29,3.106346,0,REST,0,REST,0.869835,0.000000,1450,1550,0,REST,1.000000,0,REST,1.000000,0,REST,1.000000,0,REST,1.000000,0.86983477,0.08756722,0.02924167,0.00395345,0.00940289
open_03,2,OPEN,3,active,30,3.207338,1,POWER,0,REST,0.752857,0.000000,1500,1600,0,REST,0.000000,0,REST,0.666667,0,REST,0.750000,0,REST,0.800000,0.00203745,0.75285671,0.19960679,0.03046759,0.01503146
open_03,2,OPEN,3,active,31,3.307053,2,OPEN,0,REST,0.820134,0.000000,1550,1650,0,REST,0.000000,0,REST,0.000000,0,REST,0.000000,0,REST,0.600000,0.00024289,0.15255403,0.82013443,0.01048613,0.01658251
open_03,2,OPEN,3,active,32,3.407438,2,OPEN,0,REST,0.972309,0.000000,1600,1700,2,OPEN,1.000000,2,OPEN,0.666667,0,REST,0.000000,0,REST,0.000000,0.00008576,0.00390015,0.97230926,0.00028746,0.02341738
open_03,2,OPEN,3,active,33,3.507173,2,OPEN,2,OPEN,0.980688,0.111750,1650,1750,2,OPEN,1.000000,2,OPEN,1.000000,2,OPEN,0.750000,2,OPEN,0.600000,0.00004827,0.00355049,0.98068837,0.00012433,0.01558854
open_03,2,OPEN,3,active,34,3.607343,2,OPEN,2,OPEN,0.844190,0.097440,1700,1800,2,OPEN,1.000000,2,OPEN,1.000000,2,OPEN,1.000000,2,OPEN,0.800000,0.00037073,0.00328777,0.84419012,0.00021282,0.15193857
open_03,2,OPEN,3,active,35,3.708098,2,OPEN,2,OPEN,0.892238,0.086667,1750,1850,2,OPEN,1.000000,2,OPEN,1.000000,2,OPEN,1.000000,2,OPEN,1.000000,0.00045640,0.04073303,0.89223805,0.00225881,0.06431372
open_03,2,OPEN,3,active,36,3.807498,2,OPEN,2,OPEN,0.948984,0.076990,1800,1900,2,OPEN,1.000000,2,OPEN,1.000000,2,OPEN,1.000000,2,OPEN,1.000000,0.00148907,0.00456909,0.94898376,0.00854013,0.03641794
open_03,2,OPEN,3,active,37,3.908230,2,OPEN,2,OPEN,0.966599,0.057823,1850,1950,2,OPEN,1.000000,2,OPEN,1.000000,2,OPEN,1.000000,2,OPEN,1.000000,0.00154158,0.00038557,0.96659897,0.00218843,0.02928545
open_03,2,OPEN,3,active,38,4.008249,2,OPEN,2,OPEN,0.960324,0.124245,1900,2000,2,OPEN,1.000000,2,OPEN,1.000000,2,OPEN,1.000000,2,OPEN,1.000000,0.00009684,0.00153055,0.96032401,0.00151458,0.03653403
open_03,2,OPEN,3,active,39,4.108320,2,OPEN,2,OPEN,0.801775,0.156214,1950,2050,2,OPEN,1.000000,2,OPEN,1.000000,2,OPEN,1.000000,2,OPEN,1.000000,0.00161876,0.12124214,0.80177522,0.01549944,0.05986445
open_03,2,OPEN,3,active,40,4.209210,0,REST,2,OPEN,0.521587,0.078462,2000,2100,0,REST,0.000000,2,OPEN,0.666667,2,OPEN,0.750000,2,OPEN,0.800000,0.00294910,0.37974084,0.52158695,0.02266730,0.07305581
open_03,2,OPEN,3,active,41,4.309500,2,OPEN,2,OPEN,0.964051,0.055255,2050,2150,0,REST,0.000000,2,OPEN,0.666667,2,OPEN,0.750000,2,OPEN,0.800000,0.00033803,0.02000111,0.96405061,0.00213976,0.01347048
open_03,2,OPEN,3,active,42,4.409265,2,OPEN,2,OPEN,0.979157,0.079572,2100,2200,2,OPEN,1.000000,2,OPEN,0.666667,2,OPEN,0.750000,2,OPEN,0.800000,0.00010522,0.00327207,0.97915690,0.00028288,0.01718293
open_03,2,OPEN,3,active,43,4.509396,2,OPEN,2,OPEN,0.820744,0.134881,2150,2250,2,OPEN,1.000000,2,OPEN,1.000000,2,OPEN,0.750000,2,OPEN,0.800000,0.00128379,0.10154735,0.82074380,0.00380127,0.07262379
open_03,2,OPEN,3,active,44,4.609394,2,OPEN,2,OPEN,0.731905,0.150046,2200,2300,2,OPEN,1.000000,2,OPEN,1.000000,2,OPEN,1.000000,2,OPEN,0.800000,0.00150116,0.16564983,0.73190456,0.04327295,0.05767151
open_03,2,OPEN,3,active,45,4.710585,2,OPEN,2,OPEN,0.967520,0.148320,2250,2350,2,OPEN,1.000000,2,OPEN,1.000000,2,OPEN,1.000000,2,OPEN,1.000000,0.00017095,0.01726635,0.96752032,0.00496560,0.01007678
open_03,2,OPEN,3,active,46,4.809689,2,OPEN,2,OPEN,0.983483,0.131033,2300,2400,2,OPEN,1.000000,2,OPEN,1.000000,2,OPEN,1.000000,2,OPEN,1.000000,0.00003569,0.00728702,0.98348289,0.00084473,0.00834967
open_03,2,OPEN,3,active,47,4.910439,2,OPEN,2,OPEN,0.981629,0.097684,2350,2450,2,OPEN,1.000000,2,OPEN,1.000000,2,OPEN,1.000000,2,OPEN,1.000000,0.00009291,0.01002508,0.98162901,0.00058564,0.00766736
open_03,2,OPEN,3,active,48,5.011006,2,OPEN,2,OPEN,0.992776,0.079867,2400,2500,2,OPEN,1.000000,2,OPEN,1.000000,2,OPEN,1.000000,2,OPEN,1.000000,0.00006572,0.00215594,0.99277609,0.00071097,0.00429128
open_03,2,OPEN,3,active,49,5.110996,2,OPEN,2,OPEN,0.980977,0.074150,2450,2550,2,OPEN,1.000000,2,OPEN,1.000000,2,OPEN,1.000000,2,OPEN,1.000000,0.00023087,0.00621661,0.98097701,0.00533221,0.00724329
open_03,2,OPEN,3,active,50,5.211085,2,OPEN,2,OPEN,0.979787,0.078400,2500,2600,2,OPEN,1.000000,2,OPEN,1.000000,2,OPEN,1.000000,2,OPEN,1.000000,0.00017461,0.00913217,0.97978723,0.00223845,0.00866754
open_03,2,OPEN,3,active,51,5.311075,2,OPEN,2,OPEN,0.974810,0.093785,2550,2650,2,OPEN,1.000000,2,OPEN,1.000000,2,OPEN,1.000000,2,OPEN,1.000000,0.00029067,0.00752981,0.97481005,0.00200650,0.01536297
open_04,2,OPEN,4,countdown,0,0.197862,0,REST,0,REST,0.489295,0.000000,0,100,0,REST,0.000000,0,REST,0.000000,0,REST,0.000000,0,REST,0.000000,0.48929521,0.11082335,0.17603947,0.14543423,0.07840774
open_04,2,OPEN,4,countdown,1,0.303498,4,EXTENSION,0,REST,0.926434,0.000000,50,150,0,REST,0.000000,0,REST,0.000000,0,REST,0.000000,0,REST,0.000000,0.00992016,0.00591714,0.05478909,0.00293940,0.92643422
open_04,2,OPEN,4,countdown,2,0.397995,0,REST,0,REST,0.694233,0.000000,100,200,0,REST,0.000000,0,REST,0.666667,0,REST,0.000000,0,REST,0.000000,0.69423336,0.03926984,0.09211919,0.01509067,0.15928695
open_04,2,OPEN,4,countdown,3,0.497796,0,REST,0,REST,0.980695,0.000000,150,250,0,REST,1.000000,0,REST,0.666667,0,REST,0.750000,0,REST,0.600000,0.98069462,0.00427050,0.00875923,0.00186409,0.00441156
open_04,2,OPEN,4,countdown,4,0.598512,0,REST,0,REST,0.992835,0.000000,200,300,0,REST,1.000000,0,REST,1.000000,0,REST,0.750000,0,REST,0.800000,0.99283460,0.00044168,0.00546254,0.00042802,0.00083316
open_04,2,OPEN,4,countdown,5,0.698283,0,REST,0,REST,0.981854,0.000000,250,350,0,REST,1.000000,0,REST,1.000000,0,REST,1.000000,0,REST,0.800000,0.98185406,0.00044381,0.01604627,0.00063855,0.00101731
open_04,2,OPEN,4,countdown,6,0.798138,0,REST,0,REST,0.972778,0.000000,300,400,0,REST,1.000000,0,REST,1.000000,0,REST,1.000000,0,REST,1.000000,0.97277804,0.00049772,0.02508942,0.00062771,0.00100711
open_04,2,OPEN,4,countdown,7,0.898761,0,REST,0,REST,0.956241,0.000000,350,450,0,REST,1.000000,0,REST,1.000000,0,REST,1.000000,0,REST,1.000000,0.95624121,0.00198059,0.03714648,0.00187241,0.00275931
open_04,2,OPEN,4,countdown,8,0.998924,0,REST,0,REST,0.961887,0.000000,400,500,0,REST,1.000000,0,REST,1.000000,0,REST,1.000000,0,REST,1.000000,0.96188669,0.00997817,0.01194672,0.00552413,0.01066430
open_04,2,OPEN,4,countdown,9,1.098869,0,REST,0,REST,0.954981,0.000000,450,550,0,REST,1.000000,0,REST,1.000000,0,REST,1.000000,0,REST,1.000000,0.95498113,0.02171506,0.00649248,0.00893908,0.00787225
open_04,2,OPEN,4,countdown,10,1.199885,0,REST,0,REST,0.977415,0.000000,500,600,0,REST,1.000000,0,REST,1.000000,0,REST,1.000000,0,REST,1.000000,0.97741510,0.00642454,0.00615995,0.00574564,0.00425477
open_04,2,OPEN,4,countdown,11,1.300250,0,REST,0,REST,0.980413,0.000000,550,650,0,REST,1.000000,0,REST,1.000000,0,REST,1.000000,0,REST,1.000000,0.98041297,0.00990100,0.00365889,0.00245013,0.00357701
open_04,2,OPEN,4,countdown,12,1.399641,0,REST,0,REST,0.988838,0.000000,600,700,0,REST,1.000000,0,REST,1.000000,0,REST,1.000000,0,REST,1.000000,0.98883839,0.00536933,0.00200205,0.00140230,0.00238793
open_04,2,OPEN,4,countdown,13,1.499923,0,REST,0,REST,0.995211,0.000000,650,750,0,REST,1.000000,0,REST,1.000000,0,REST,1.000000,0,REST,1.000000,0.99521139,0.00123218,0.00067424,0.00134089,0.00154130
open_04,2,OPEN,4,countdown,14,1.601831,0,REST,0,REST,0.998009,0.000000,700,800,0,REST,1.000000,0,REST,1.000000,0,REST,1.000000,0,REST,1.000000,0.99800892,0.00013210,0.00029436,0.00020160,0.00136302
open_04,2,OPEN,4,countdown,15,1.700858,0,REST,0,REST,0.996303,0.000000,750,850,0,REST,1.000000,0,REST,1.000000,0,REST,1.000000,0,REST,1.000000,0.99630257,0.00006845,0.00023654,0.00036172,0.00303072
open_04,2,OPEN,4,countdown,16,1.800987,0,REST,0,REST,0.996412,0.000000,800,900,0,REST,1.000000,0,REST,1.000000,0,REST,1.000000,0,REST,1.000000,0.99641231,0.00026896,0.00078833,0.00083588,0.00169452
open_04,2,OPEN,4,countdown,17,1.900818,0,REST,0,REST,0.998073,0.000000,850,950,0,REST,1.000000,0,REST,1.000000,0,REST,1.000000,0,REST,1.000000,0.99807301,0.00059592,0.00035695,0.00062553,0.00034859
open_04,2,OPEN,4,countdown,18,2.000766,0,REST,0,REST,0.997863,0.000000,900,1000,0,REST,1.000000,0,REST,1.000000,0,REST,1.000000,0,REST,1.000000,0.99786268,0.00038177,0.00053907,0.00066435,0.00055213
open_04,2,OPEN,4,countdown,19,2.101772,0,REST,0,REST,0.995872,0.000000,950,1050,0,REST,1.000000,0,REST,1.000000,0,REST,1.000000,0,REST,1.000000,0.99587242,0.00008705,0.00096654,0.00025567,0.00281833
open_04,2,OPEN,4,countdown,20,2.201811,0,REST,0,REST,0.994190,0.000000,1000,1100,0,REST,1.000000,0,REST,1.000000,0,REST,1.000000,0,REST,1.000000,0.99418963,0.00036324,0.00107676,0.00162770,0.00274268
open_04,2,OPEN,4,countdown,21,2.301729,0,REST,0,REST,0.985686,0.000000,1050,1150,0,REST,1.000000,0,REST,1.000000,0,REST,1.000000,0,REST,1.000000,0.98568578,0.00502579,0.00241517,0.00507452,0.00179874
open_04,2,OPEN,4,countdown,22,2.402345,0,REST,0,REST,0.997621,0.000000,1100,1200,0,REST,1.000000,0,REST,1.000000,0,REST,1.000000,0,REST,1.000000,0.99762103,0.00023924,0.00079705,0.00028946,0.00105322
open_04,2,OPEN,4,countdown,23,2.501850,0,REST,0,REST,0.996895,0.000000,1150,1250,0,REST,1.000000,0,REST,1.000000,0,REST,1.000000,0,REST,1.000000,0.99689547,0.00054085,0.00093800,0.00024543,0.00138025
open_04,2,OPEN,4,countdown,24,2.602970,0,REST,0,REST,0.994312,0.000000,1200,1300,0,REST,1.000000,0,REST,1.000000,0,REST,1.000000,0,REST,1.000000,0.99431244,0.00082700,0.00086749,0.00263092,0.00136214
open_04,2,OPEN,4,countdown,25,2.702420,0,REST,0,REST,0.992693,0.000000,1250,1350,0,REST,1.000000,0,REST,1.000000,0,REST,1.000000,0,REST,1.000000,0.99269299,0.00257645,0.00046426,0.00345407,0.00081223
open_04,2,OPEN,4,countdown,26,2.802963,0,REST,0,REST,0.866645,0.000000,1300,1400,0,REST,1.000000,0,REST,1.000000,0,REST,1.000000,0,REST,1.000000,0.86664537,0.08446603,0.01220442,0.03182695,0.00485723
open_04,2,OPEN,4,countdown,27,2.902999,0,REST,0,REST,0.488888,0.000000,1350,1450,0,REST,1.000000,0,REST,1.000000,0,REST,1.000000,0,REST,1.000000,0.03961117,0.48888848,0.29040217,0.13123639,0.04986178
open_04,2,OPEN,4,active,28,3.003614,2,OPEN,0,REST,0.937235,0.000000,1400,1500,0,REST,0.000000,0,REST,0.666667,0,REST,0.750000,0,REST,0.800000,0.00061169,0.00425789,0.93723537,0.00910170,0.04879335
open_04,2,OPEN,4,active,29,3.103043,2,OPEN,0,REST,0.849871,0.000000,1450,1550,2,OPEN,1.000000,2,OPEN,0.666667,0,REST,0.000000,0,REST,0.600000,0.00023457,0.00329147,0.84987052,0.00078033,0.14582312
open_04,2,OPEN,4,active,30,3.203519,2,OPEN,2,OPEN,0.946607,0.165335,1500,1600,2,OPEN,1.000000,2,OPEN,1.000000,2,OPEN,0.750000,2,OPEN,0.600000,0.00006528,0.00272962,0.94660712,0.00401881,0.04657917
open_04,2,OPEN,4,active,31,3.304051,2,OPEN,2,OPEN,0.959102,0.169814,1550,1650,2,OPEN,1.000000,2,OPEN,1.000000,2,OPEN,1.000000,2,OPEN,0.800000,0.00017449,0.00019676,0.95910169,0.00087322,0.03965383
open_04,2,OPEN,4,active,32,3.404129,2,OPEN,2,OPEN,0.909025,0.216753,1600,1700,2,OPEN,1.000000,2,OPEN,1.000000,2,OPEN,1.000000,2,OPEN,1.000000,0.00038656,0.00054656,0.90902467,0.00164832,0.08839388
open_04,2,OPEN,4,active,33,3.503876,2,OPEN,2,OPEN,0.936681,0.171145,1650,1750,2,OPEN,1.000000,2,OPEN,1.000000,2,OPEN,1.000000,2,OPEN,1.000000,0.00037135,0.00048233,0.93668098,0.00424655,0.05821878
open_04,2,OPEN,4,active,34,3.605041,2,OPEN,2,OPEN,0.881724,0.155883,1700,1800,2,OPEN,1.000000,2,OPEN,1.000000,2,OPEN,1.000000,2,OPEN,1.000000,0.00114814,0.00036371,0.88172378,0.00189416,0.11487022
open_04,2,OPEN,4,active,35,3.705233,2,OPEN,2,OPEN,0.958180,0.187122,1750,1850,2,OPEN,1.000000,2,OPEN,1.000000,2,OPEN,1.000000,2,OPEN,1.000000,0.00010941,0.00022545,0.95818028,0.00056813,0.04091674
open_04,2,OPEN,4,active,36,3.806239,2,OPEN,2,OPEN,0.979620,0.182667,1800,1900,2,OPEN,1.000000,2,OPEN,1.000000,2,OPEN,1.000000,2,OPEN,1.000000,0.00005113,0.00119416,0.97962013,0.00087772,0.01825685
open_04,2,OPEN,4,active,37,3.904859,2,OPEN,2,OPEN,0.984472,0.186959,1850,1950,2,OPEN,1.000000,2,OPEN,1.000000,2,OPEN,1.000000,2,OPEN,1.000000,0.00002279,0.00194954,0.98447170,0.00173093,0.01182504
open_04,2,OPEN,4,active,38,4.005814,2,OPEN,2,OPEN,0.974461,0.209856,1900,2000,2,OPEN,1.000000,2,OPEN,1.000000,2,OPEN,1.000000,2,OPEN,1.000000,0.00002449,0.00199521,0.97446139,0.00382035,0.01969856
open_04,2,OPEN,4,active,39,4.106187,2,OPEN,2,OPEN,0.926476,0.235727,1950,2050,2,OPEN,1.000000,2,OPEN,1.000000,2,OPEN,1.000000,2,OPEN,1.000000,0.00004237,0.00140719,0.92647621,0.00562021,0.06645402
open_04,2,OPEN,4,active,40,4.205570,2,OPEN,2,OPEN,0.956821,0.225218,2000,2100,2,OPEN,1.000000,2,OPEN,1.000000,2,OPEN,1.000000,2,OPEN,1.000000,0.00001728,0.00056189,0.95682083,0.00038920,0.04221079
open_05,2,OPEN,5,countdown,0,0.198531,0,REST,0,REST,0.488848,0.000000,0,100,0,REST,0.000000,0,REST,0.000000,0,REST,0.000000,0,REST,0.000000,0.48884827,0.11085786,0.17597136,0.14545900,0.07886352
open_05,2,OPEN,5,countdown,1,0.298934,4,EXTENSION,0,REST,0.934906,0.000000,50,150,0,REST,0.000000,0,REST,0.000000,0,REST,0.000000,0,REST,0.000000,0.00899700,0.00471381,0.04835334,0.00303033,0.93490551
open_05,2,OPEN,5,countdown,2,0.399551,0,REST,0,REST,0.721367,0.000000,100,200,0,REST,0.000000,0,REST,0.666667,0,REST,0.000000,0,REST,0.000000,0.72136667,0.03277409,0.08086910,0.01393589,0.15105425
open_05,2,OPEN,5,countdown,3,0.498793,0,REST,0,REST,0.982462,0.000000,150,250,0,REST,1.000000,0,REST,0.666667,0,REST,0.750000,0,REST,0.600000,0.98246169,0.00347810,0.00818953,0.00168717,0.00418350
open_05,2,OPEN,5,countdown,4,0.599077,0,REST,0,REST,0.991295,0.000000,200,300,0,REST,1.000000,0,REST,1.000000,0,REST,0.750000,0,REST,0.800000,0.99129467,0.00049314,0.00671532,0.00052177,0.00097510
open_05,2,OPEN,5,countdown,5,0.699944,0,REST,0,REST,0.991658,0.000000,250,350,0,REST,1.000000,0,REST,1.000000,0,REST,1.000000,0,REST,0.800000,0.99165823,0.00017758,0.00729250,0.00029919,0.00057250
open_05,2,OPEN,5,countdown,6,0.800054,0,REST,0,REST,0.988452,0.000000,300,400,0,REST,1.000000,0,REST,1.000000,0,REST,1.000000,0,REST,1.000000,0.98845173,0.00017857,0.01039801,0.00035506,0.00061664
open_05,2,OPEN,5,countdown,7,0.900170,0,REST,0,REST,0.959212,0.000000,350,450,0,REST,1.000000,0,REST,1.000000,0,REST,1.000000,0,REST,1.000000,0.95921154,0.00101617,0.03543721,0.00143085,0.00290423
open_05,2,OPEN,5,countdown,8,1.000358,0,REST,0,REST,0.918689,0.000000,400,500,0,REST,1.000000,0,REST,1.000000,0,REST,1.000000,0,REST,1.000000,0.91868930,0.00179820,0.05683468,0.00604958,0.01662825
open_05,2,OPEN,5,countdown,9,1.100502,0,REST,0,REST,0.948282,0.000000,450,550,0,REST,1.000000,0,REST,1.000000,0,REST,1.000000,0,REST,1.000000,0.94828188,0.00583124,0.02825900,0.00343915,0.01418874
open_05,2,OPEN,5,countdown,10,1.200511,0,REST,0,REST,0.976212,0.000000,500,600,0,REST,1.000000,0,REST,1.000000,0,REST,1.000000,0,REST,1.000000,0.97621167,0.01099224,0.00161972,0.00342414,0.00775222
open_05,2,OPEN,5,countdown,11,1.300655,0,REST,0,REST,0.992478,0.000000,550,650,0,REST,1.000000,0,REST,1.000000,0,REST,1.000000,0,REST,1.000000,0.99247844,0.00201843,0.00182460,0.00125286,0.00242568
open_05,2,OPEN,5,countdown,12,1.400768,0,REST,0,REST,0.995163,0.000000,600,700,0,REST,1.000000,0,REST,1.000000,0,REST,1.000000,0,REST,1.000000,0.99516292,0.00040007,0.00256552,0.00093800,0.00093349
open_05,2,OPEN,5,countdown,13,1.500674,0,REST,0,REST,0.994074,0.000000,650,750,0,REST,1.000000,0,REST,1.000000,0,REST,1.000000,0,REST,1.000000,0.99407382,0.00221715,0.00085776,0.00232802,0.00052325
open_05,2,OPEN,5,countdown,14,1.601701,0,REST,0,REST,0.996605,0.000000,700,800,0,REST,1.000000,0,REST,1.000000,0,REST,1.000000,0,REST,1.000000,0.99660537,0.00113037,0.00093699,0.00076018,0.00056709
open_05,2,OPEN,5,countdown,15,1.701830,0,REST,0,REST,0.994196,0.000000,750,850,0,REST,1.000000,0,REST,1.000000,0,REST,1.000000,0,REST,1.000000,0.99419623,0.00086419,0.00275408,0.00060209,0.00158342
open_05,2,OPEN,5,countdown,16,1.802493,0,REST,0,REST,0.986944,0.000000,800,900,0,REST,1.000000,0,REST,1.000000,0,REST,1.000000,0,REST,1.000000,0.98694431,0.00303836,0.00172335,0.00685100,0.00144299
open_05,2,OPEN,5,countdown,17,1.902254,0,REST,0,REST,0.998210,0.000000,850,950,0,REST,1.000000,0,REST,1.000000,0,REST,1.000000,0,REST,1.000000,0.99821047,0.00036787,0.00046369,0.00043959,0.00051839
open_05,2,OPEN,5,countdown,18,2.002694,0,REST,0,REST,0.997387,0.000000,900,1000,0,REST,1.000000,0,REST,1.000000,0,REST,1.000000,0,REST,1.000000,0.99738711,0.00140349,0.00027400,0.00039535,0.00054004
open_05,2,OPEN,5,countdown,19,2.102327,0,REST,0,REST,0.993932,0.000000,950,1050,0,REST,1.000000,0,REST,1.000000,0,REST,1.000000,0,REST,1.000000,0.99393170,0.00425416,0.00016366,0.00060118,0.00104930
open_05,2,OPEN,5,countdown,20,2.202709,0,REST,0,REST,0.996307,0.000000,1000,1100,0,REST,1.000000,0,REST,1.000000,0,REST,1.000000,0,REST,1.000000,0.99630683,0.00185269,0.00022168,0.00095572,0.00066308
open_05,2,OPEN,5,countdown,21,2.302944,0,REST,0,REST,0.992325,0.000000,1050,1150,0,REST,1.000000,0,REST,1.000000,0,REST,1.000000,0,REST,1.000000,0.99232484,0.00509192,0.00057069,0.00164918,0.00036336
open_05,2,OPEN,5,countdown,22,2.403398,0,REST,0,REST,0.996491,0.000000,1100,1200,0,REST,1.000000,0,REST,1.000000,0,REST,1.000000,0,REST,1.000000,0.99649138,0.00185063,0.00055901,0.00064393,0.00045505
open_05,2,OPEN,5,countdown,23,2.503736,0,REST,0,REST,0.995764,0.000000,1150,1250,0,REST,1.000000,0,REST,1.000000,0,REST,1.000000,0,REST,1.000000,0.99576378,0.00150690,0.00061531,0.00147289,0.00064113
open_05,2,OPEN,5,countdown,24,2.603430,0,REST,0,REST,0.994119,0.000000,1200,1300,0,REST,1.000000,0,REST,1.000000,0,REST,1.000000,0,REST,1.000000,0.99411873,0.00291268,0.00036530,0.00155321,0.00105009
open_05,2,OPEN,5,countdown,25,2.703926,0,REST,0,REST,0.986558,0.000000,1250,1350,0,REST,1.000000,0,REST,1.000000,0,REST,1.000000,0,REST,1.000000,0.98655782,0.00841020,0.00062612,0.00238990,0.00201597
open_05,2,OPEN,5,countdown,26,2.804028,0,REST,0,REST,0.995361,0.000000,1300,1400,0,REST,1.000000,0,REST,1.000000,0,REST,1.000000,0,REST,1.000000,0.99536063,0.00206920,0.00054533,0.00109752,0.00092733
open_05,2,OPEN,5,countdown,27,2.904359,0,REST,0,REST,0.956224,0.000000,1350,1450,0,REST,1.000000,0,REST,1.000000,0,REST,1.000000,0,REST,1.000000,0.95622375,0.02885960,0.00469906,0.00736495,0.00285264
open_05,2,OPEN,5,active,28,3.004538,1,POWER,0,REST,0.721600,0.000000,1400,1500,0,REST,0.000000,0,REST,0.666667,0,REST,0.750000,0,REST,0.800000,0.01163384,0.72159986,0.18703613,0.03682145,0.04290873
open_05,2,OPEN,5,active,29,3.104441,2,OPEN,0,REST,0.946842,0.000000,1450,1550,0,REST,0.000000,0,REST,0.000000,0,REST,0.000000,0,REST,0.600000,0.00005784,0.00540779,0.94684226,0.00246130,0.04523082
open_05,2,OPEN,5,active,30,3.204344,2,OPEN,0,REST,0.997653,0.000000,1500,1600,2,OPEN,1.000000,2,OPEN,0.666667,0,REST,0.000000,0,REST,0.000000,0.00000203,0.00000336,0.99765310,0.00004593,0.00229558
open_05,2,OPEN,5,active,31,3.304637,2,OPEN,2,OPEN,0.968582,0.279692,1550,1650,2,OPEN,1.000000,2,OPEN,1.000000,2,OPEN,0.750000,2,OPEN,0.600000,0.00000317,0.00015276,0.96858190,0.00042481,0.03083736
open_05,2,OPEN,5,active,32,3.405670,2,OPEN,2,OPEN,0.951853,0.215889,1600,1700,2,OPEN,1.000000,2,OPEN,1.000000,2,OPEN,1.000000,2,OPEN,0.800000,0.00001697,0.00015130,0.95185253,0.00014425,0.04783495
open_05,2,OPEN,5,active,33,3.505002,2,OPEN,2,OPEN,0.995488,0.136087,1650,1750,2,OPEN,1.000000,2,OPEN,1.000000,2,OPEN,1.000000,2,OPEN,1.000000,0.00000696,0.00001142,0.99548759,0.00009535,0.00439868
open_05,2,OPEN,5,active,34,3.605664,2,OPEN,2,OPEN,0.920007,0.162754,1700,1800,2,OPEN,1.000000,2,OPEN,1.000000,2,OPEN,1.000000,2,OPEN,1.000000,0.00018867,0.04229334,0.92000705,0.00535129,0.03215965
open_05,2,OPEN,5,active,35,3.706118,2,OPEN,2,OPEN,0.960714,0.228832,1750,1850,2,OPEN,1.000000,2,OPEN,1.000000,2,OPEN,1.000000,2,OPEN,1.000000,0.00002256,0.00255519,0.96071445,0.00959501,0.02711279
open_05,2,OPEN,5,active,36,3.806437,2,OPEN,2,OPEN,0.854659,0.226002,1800,1900,2,OPEN,1.000000,2,OPEN,1.000000,2,OPEN,1.000000,2,OPEN,1.000000,0.00023929,0.02478940,0.85465851,0.05960793,0.06070488
open_05,2,OPEN,5,active,37,3.906746,2,OPEN,2,OPEN,0.960984,0.153567,1850,1950,2,OPEN,1.000000,2,OPEN,1.000000,2,OPEN,1.000000,2,OPEN,1.000000,0.00011241,0.00321570,0.96098360,0.00524170,0.03044660
open_05,2,OPEN,5,active,38,4.006650,2,OPEN,2,OPEN,0.985459,0.125711,1900,2000,2,OPEN,1.000000,2,OPEN,1.000000,2,OPEN,1.000000,2,OPEN,1.000000,0.00011619,0.00065835,0.98545860,0.00044252,0.01332434
open_05,2,OPEN,5,active,39,4.106624,2,OPEN,2,OPEN,0.961005,0.115206,1950,2050,2,OPEN,1.000000,2,OPEN,1.000000,2,OPEN,1.000000,2,OPEN,1.000000,0.00037610,0.00500987,0.96100540,0.00209294,0.03151570
open_05,2,OPEN,5,active,40,4.207955,2,OPEN,2,OPEN,0.973973,0.095587,2000,2100,2,OPEN,1.000000,2,OPEN,1.000000,2,OPEN,1.000000,2,OPEN,1.000000,0.00040940,0.00205112,0.97397287,0.00186555,0.02170106
open_05,2,OPEN,5,active,41,4.307576,2,OPEN,2,OPEN,0.994427,0.152818,2050,2150,2,OPEN,1.000000,2,OPEN,1.000000,2,OPEN,1.000000,2,OPEN,1.000000,0.00001063,0.00001823,0.99442747,0.00015520,0.00538848
flexion_01,3,FLEXION,1,countdown,0,0.197773,0,REST,0,REST,0.485415,0.000000,0,100,0,REST,0.000000,0,REST,0.000000,0,REST,0.000000,0,REST,0.000000,0.48541531,0.11111917,0.17547487,0.14567540,0.08231526
flexion_01,3,FLEXION,1,countdown,1,0.297806,4,EXTENSION,0,REST,0.945614,0.000000,50,150,0,REST,0.000000,0,REST,0.000000,0,REST,0.000000,0,REST,0.000000,0.00874087,0.00318119,0.03871148,0.00375238,0.94561409
flexion_01,3,FLEXION,1,countdown,2,0.398239,0,REST,0,REST,0.779682,0.000000,100,200,0,REST,0.000000,0,REST,0.666667,0,REST,0.000000,0,REST,0.000000,0.77968200,0.02157641,0.05921711,0.01172171,0.12780277
flexion_01,3,FLEXION,1,countdown,3,0.501858,0,REST,0,REST,0.984871,0.000000,150,250,0,REST,1.000000,0,REST,0.666667,0,REST,0.750000,0,REST,0.600000,0.98487063,0.00241373,0.00735951,0.00144018,0.00391595
flexion_01,3,FLEXION,1,countdown,4,0.600943,0,REST,0,REST,0.985357,0.000000,200,300,0,REST,1.000000,0,REST,1.000000,0,REST,0.750000,0,REST,0.800000,0.98535736,0.00078641,0.01130906,0.00084919,0.00169797
flexion_01,3,FLEXION,1,countdown,5,0.698825,0,REST,0,REST,0.951755,0.000000,250,350,0,REST,1.000000,0,REST,1.000000,0,REST,1.000000,0,REST,0.800000,0.95175516,0.00260806,0.03718791,0.00219187,0.00625701
flexion_01,3,FLEXION,1,countdown,6,0.798731,0,REST,0,REST,0.966923,0.000000,300,400,0,REST,1.000000,0,REST,1.000000,0,REST,1.000000,0,REST,1.000000,0.96692301,0.00162108,0.01734309,0.00370751,0.01040532
flexion_01,3,FLEXION,1,countdown,7,0.898606,0,REST,0,REST,0.962915,0.000000,350,450,0,REST,1.000000,0,REST,1.000000,0,REST,1.000000,0,REST,1.000000,0.96291531,0.00306501,0.01102655,0.00465038,0.01834275
flexion_01,3,FLEXION,1,countdown,8,0.998929,0,REST,0,REST,0.925846,0.000000,400,500,0,REST,1.000000,0,REST,1.000000,0,REST,1.000000,0,REST,1.000000,0.92584620,0.02180226,0.00408413,0.01158999,0.03667742
flexion_01,3,FLEXION,1,countdown,9,1.099613,0,REST,0,REST,0.903328,0.000000,450,550,0,REST,1.000000,0,REST,1.000000,0,REST,1.000000,0,REST,1.000000,0.90332810,0.03308747,0.00344240,0.01506838,0.04507365
flexion_01,3,FLEXION,1,countdown,10,1.199678,0,REST,0,REST,0.944324,0.000000,500,600,0,REST,1.000000,0,REST,1.000000,0,REST,1.000000,0,REST,1.000000,0.94432379,0.02032415,0.00351193,0.01751273,0.01432740
flexion_01,3,FLEXION,1,countdown,11,1.299706,0,REST,0,REST,0.984875,0.000000,550,650,0,REST,1.000000,0,REST,1.000000,0,REST,1.000000,0,REST,1.000000,0.98487521,0.01202793,0.00033503,0.00180435,0.00095748
flexion_01,3,FLEXION,1,countdown,12,1.399890,0,REST,0,REST,0.980087,0.000000,600,700,0,REST,1.000000,0,REST,1.000000,0,REST,1.000000,0,REST,1.000000,0.98008692,0.01515468,0.00229794,0.00078034,0.00168011
flexion_01,3,FLEXION,1,countdown,13,1.500010,0,REST,0,REST,0.976265,0.000000,650,750,0,REST,1.000000,0,REST,1.000000,0,REST,1.000000,0,REST,1.000000,0.97626550,0.01659666,0.00201426,0.00316217,0.00196142
flexion_01,3,FLEXION,1,countdown,14,1.600669,0,REST,0,REST,0.988841,0.000000,700,800,0,REST,1.000000,0,REST,1.000000,0,REST,1.000000,0,REST,1.000000,0.98884090,0.00563366,0.00242467,0.00131358,0.00178719
flexion_01,3,FLEXION,1,countdown,15,1.701056,0,REST,0,REST,0.920428,0.000000,750,850,0,REST,1.000000,0,REST,1.000000,0,REST,1.000000,0,REST,1.000000,0.92042818,0.06555422,0.01046881,0.00104586,0.00250293
flexion_01,3,FLEXION,1,countdown,16,1.800791,0,REST,0,REST,0.972808,0.000000,800,900,0,REST,1.000000,0,REST,1.000000,0,REST,1.000000,0,REST,1.000000,0.97280822,0.01144314,0.01239304,0.00078936,0.00256623
flexion_01,3,FLEXION,1,countdown,17,1.901732,0,REST,0,REST,0.997051,0.000000,850,950,0,REST,1.000000,0,REST,1.000000,0,REST,1.000000,0,REST,1.000000,0.99705118,0.00017959,0.00162921,0.00020980,0.00093023
flexion_01,3,FLEXION,1,countdown,18,2.001379,0,REST,0,REST,0.998112,0.000000,900,1000,0,REST,1.000000,0,REST,1.000000,0,REST,1.000000,0,REST,1.000000,0.99811235,0.00009455,0.00130170,0.00014732,0.00034408
flexion_01,3,FLEXION,1,countdown,19,2.101957,0,REST,0,REST,0.990723,0.000000,950,1050,0,REST,1.000000,0,REST,1.000000,0,REST,1.000000,0,REST,1.000000,0.99072285,0.00164051,0.00513097,0.00077940,0.00172628
flexion_01,3,FLEXION,1,countdown,20,2.201731,0,REST,0,REST,0.973563,0.000000,1000,1100,0,REST,1.000000,0,REST,1.000000,0,REST,1.000000,0,REST,1.000000,0.97356254,0.01373686,0.00642508,0.00468120,0.00159432
flexion_01,3,FLEXION,1,countdown,21,2.302415,0,REST,0,REST,0.985993,0.000000,1050,1150,0,REST,1.000000,0,REST,1.000000,0,REST,1.000000,0,REST,1.000000,0.98599250,0.00538054,0.00666902,0.00075430,0.00120365
flexion_01,3,FLEXION,1,countdown,22,2.401756,0,REST,0,REST,0.982035,0.000000,1100,1200,0,REST,1.000000,0,REST,1.000000,0,REST,1.000000,0,REST,1.000000,0.98203529,0.01223727,0.00357484,0.00100622,0.00114638
flexion_01,3,FLEXION,1,countdown,23,2.502090,0,REST,0,REST,0.989348,0.000000,1150,1250,0,REST,1.000000,0,REST,1.000000,0,REST,1.000000,0,REST,1.000000,0.98934789,0.00602271,0.00247689,0.00142339,0.00072911
flexion_01,3,FLEXION,1,countdown,24,2.603374,0,REST,0,REST,0.991589,0.000000,1200,1300,0,REST,1.000000,0,REST,1.000000,0,REST,1.000000,0,REST,1.000000,0.99158943,0.00430800,0.00197761,0.00113145,0.00099351
flexion_01,3,FLEXION,1,countdown,25,2.703292,0,REST,0,REST,0.986842,0.000000,1250,1350,0,REST,1.000000,0,REST,1.000000,0,REST,1.000000,0,REST,1.000000,0.98684247,0.00531855,0.00577762,0.00048721,0.00157415
flexion_01,3,FLEXION,1,countdown,26,2.803597,0,REST,0,REST,0.982711,0.000000,1300,1400,0,REST,1.000000,0,REST,1.000000,0,REST,1.000000,0,REST,1.000000,0.98271072,0.00272439,0.00958445,0.00231670,0.00266376
flexion_01,3,FLEXION,1,countdown,27,2.902896,0,REST,0,REST,0.992514,0.000000,1350,1450,0,REST,1.000000,0,REST,1.000000,0,REST,1.000000,0,REST,1.000000,0.99251360,0.00214215,0.00280212,0.00162250,0.00091963
flexion_01,3,FLEXION,1,active,28,3.003006,0,REST,0,REST,0.524342,0.000000,1400,1500,0,REST,1.000000,0,REST,1.000000,0,REST,1.000000,0,REST,1.000000,0.52434165,0.20423846,0.21795709,0.01707926,0.03638353
flexion_01,3,FLEXION,1,active,29,3.107306,3,FLEXION,0,REST,0.743864,0.000000,1450,1550,0,REST,0.000000,0,REST,0.666667,0,REST,0.750000,0,REST,0.800000,0.00000417,0.00001251,0.00038893,0.74386363,0.25573076
flexion_01,3,FLEXION,1,active,30,3.203823,3,FLEXION,0,REST,0.993408,0.000000,1500,1600,3,FLEXION,1.000000,3,FLEXION,0.666667,0,REST,0.000000,0,REST,0.600000,0.00002147,0.00002224,0.00002557,0.99340839,0.00652233
flexion_01,3,FLEXION,1,active,31,3.304690,3,FLEXION,3,FLEXION,0.999415,0.765211,1550,1650,3,FLEXION,1.000000,3,FLEXION,1.000000,3,FLEXION,0.750000,3,FLEXION,0.600000,0.00000018,0.00000018,0.00000021,0.99941479,0.00058464
flexion_01,3,FLEXION,1,active,32,3.403890,3,FLEXION,3,FLEXION,0.990791,0.525100,1600,1700,3,FLEXION,1.000000,3,FLEXION,1.000000,3,FLEXION,1.000000,3,FLEXION,0.800000,0.00004127,0.00004299,0.00004922,0.99079110,0.00907542
flexion_01,3,FLEXION,1,active,33,3.504903,3,FLEXION,3,FLEXION,0.924704,0.406566,1650,1750,3,FLEXION,1.000000,3,FLEXION,1.000000,3,FLEXION,1.000000,3,FLEXION,1.000000,0.00002521,0.00002247,0.00010984,0.92470411,0.07513836
flexion_01,3,FLEXION,1,active,34,3.605127,3,FLEXION,3,FLEXION,0.995689,0.353247,1700,1800,3,FLEXION,1.000000,3,FLEXION,1.000000,3,FLEXION,1.000000,3,FLEXION,1.000000,0.00000935,0.00000968,0.00001115,0.99568905,0.00428077
flexion_01,3,FLEXION,1,active,35,3.705600,3,FLEXION,3,FLEXION,0.984300,0.304936,1750,1850,3,FLEXION,1.000000,3,FLEXION,1.000000,3,FLEXION,1.000000,3,FLEXION,1.000000,0.00011611,0.00011999,0.00013760,0.98429952,0.01532677
flexion_01,3,FLEXION,1,active,36,3.804752,3,FLEXION,3,FLEXION,0.631678,0.296942,1800,1900,3,FLEXION,1.000000,3,FLEXION,1.000000,3,FLEXION,1.000000,3,FLEXION,1.000000,0.00004550,0.00027800,0.00041433,0.63167767,0.36758449
flexion_01,3,FLEXION,1,active,37,3.905032,3,FLEXION,3,FLEXION,0.740880,0.307148,1850,1950,3,FLEXION,1.000000,3,FLEXION,1.000000,3,FLEXION,1.000000,3,FLEXION,1.000000,0.00002030,0.00011189,0.00087237,0.74087991,0.25811553
flexion_01,3,FLEXION,1,active,38,4.005986,4,EXTENSION,3,FLEXION,0.791104,0.232906,1900,2000,0,REST,0.000000,3,FLEXION,0.666667,3,FLEXION,0.750000,3,FLEXION,0.800000,0.00008404,0.00021991,0.00735008,0.20124180,0.79110417
flexion_01,3,FLEXION,1,active,39,4.107141,3,FLEXION,3,FLEXION,0.750315,0.225802,1950,2050,0,REST,0.000000,3,FLEXION,0.666667,3,FLEXION,0.750000,3,FLEXION,0.800000,0.00033716,0.00464682,0.01188845,0.75031455,0.23281302
flexion_01,3,FLEXION,1,active,40,4.205891,3,FLEXION,3,FLEXION,0.737908,0.284907,2000,2100,3,FLEXION,1.000000,3,FLEXION,0.666667,3,FLEXION,0.750000,3,FLEXION,0.800000,0.00015922,0.00562806,0.01211354,0.73790779,0.24419139
flexion_01,3,FLEXION,1,active,41,4.306070,3,FLEXION,3,FLEXION,0.614796,0.250471,2050,2150,3,FLEXION,1.000000,3,FLEXION,1.000000,3,FLEXION,0.750000,3,FLEXION,0.800000,0.00008308,0.00016411,0.00161009,0.61479624,0.38334649
flexion_01,3,FLEXION,1,active,42,4.407157,3,FLEXION,3,FLEXION,0.986292,0.241496,2100,2200,3,FLEXION,1.000000,3,FLEXION,1.000000,3,FLEXION,1.000000,3,FLEXION,0.800000,0.00008956,0.00009260,0.00010619,0.98629197,0.01341968
flexion_01,3,FLEXION,1,active,43,4.509320,3,FLEXION,3,FLEXION,0.999565,0.269154,2150,2250,3,FLEXION,1.000000,3,FLEXION,1.000000,3,FLEXION,1.000000,3,FLEXION,1.000000,0.00000068,0.00000070,0.00000081,0.99956466,0.00043315
flexion_01,3,FLEXION,1,active,44,4.606748,3,FLEXION,3,FLEXION,0.998423,0.294672,2200,2300,3,FLEXION,1.000000,3,FLEXION,1.000000,3,FLEXION,1.000000,3,FLEXION,1.000000,0.00000150,0.00000155,0.00000180,0.99842331,0.00157184
flexion_01,3,FLEXION,1,active,45,4.707283,3,FLEXION,3,FLEXION,0.990412,0.288156,2250,2350,3,FLEXION,1.000000,3,FLEXION,1.000000,3,FLEXION,1.000000,3,FLEXION,1.000000,0.00004472,0.00004632,0.00005322,0.99041233,0.00944341
flexion_01,3,FLEXION,1,active,46,4.806946,3,FLEXION,3,FLEXION,0.973874,0.343192,2300,2400,3,FLEXION,1.000000,3,FLEXION,1.000000,3,FLEXION,1.000000,3,FLEXION,1.000000,0.00002942,0.00014510,0.00003901,0.97387364,0.02591284
flexion_01,3,FLEXION,1,active,47,4.907470,3,FLEXION,3,FLEXION,0.998120,0.362642,2350,2450,3,FLEXION,1.000000,3,FLEXION,1.000000,3,FLEXION,1.000000,3,FLEXION,1.000000,0.00000180,0.00000187,0.00000215,0.99812025,0.00187394
flexion_01,3,FLEXION,1,active,48,5.007318,3,FLEXION,3,FLEXION,0.995041,0.309268,2400,2500,3,FLEXION,1.000000,3,FLEXION,1.000000,3,FLEXION,1.000000,3,FLEXION,1.000000,0.00000690,0.00001585,0.00179968,0.99504066,0.00313690
flexion_01,3,FLEXION,1,active,49,5.107473,3,FLEXION,3,FLEXION,0.997199,0.286981,2450,2550,3,FLEXION,1.000000,3,FLEXION,1.000000,3,FLEXION,1.000000,3,FLEXION,1.000000,0.00000434,0.00000452,0.00000520,0.99719873,0.00278722
flexion_01,3,FLEXION,1,active,50,5.207677,3,FLEXION,3,FLEXION,0.992795,0.226139,2500,2600,3,FLEXION,1.000000,3,FLEXION,1.000000,3,FLEXION,1.000000,3,FLEXION,1.000000,0.00052364,0.00075360,0.00016779,0.99279455,0.00576043
flexion_01,3,FLEXION,1,active,51,5.308181,4,EXTENSION,3,FLEXION,0.918700,0.205824,2550,2650,0,REST,0.000000,3,FLEXION,0.666667,3,FLEXION,0.750000,3,FLEXION,0.800000,0.00006984,0.00188484,0.03626217,0.04308344,0.91869971
flexion_01,3,FLEXION,1,active,52,5.408882,4,EXTENSION,3,FLEXION,0.628435,0.205426,2600,2700,4,EXTENSION,1.000000,4,EXTENSION,0.666667,0,REST,0.000000,3,FLEXION,0.600000,0.00037354,0.00080962,0.04100442,0.32937733,0.62843509
flexion_01,3,FLEXION,1,active,53,5.508792,3,FLEXION,3,FLEXION,0.875641,0.194183,2650,2750,0,REST,0.000000,4,EXTENSION,0.666667,0,REST,0.000000,3,FLEXION,0.600000,0.00108587,0.00013999,0.00788006,0.87564114,0.11525294
flexion_01,3,FLEXION,1,active,54,5.609056,3,FLEXION,3,FLEXION,0.825256,0.177404,2700,2800,3,FLEXION,1.000000,3,FLEXION,0.666667,0,REST,0.000000,3,FLEXION,0.600000,0.00577568,0.00711159,0.10295267,0.82525558,0.05890448
flexion_01,3,FLEXION,1,active,55,5.709256,0,REST,3,FLEXION,0.500809,0.187154,2750,2850,0,REST,0.000000,3,FLEXION,0.666667,0,REST,0.000000,0,REST,0.000000,0.00932856,0.01322214,0.15818256,0.50080939,0.31845736
flexion_01,3,FLEXION,1,active,56,5.809089,0,REST,3,FLEXION,0.544544,0.224763,2800,2900,0,REST,1.000000,0,REST,0.666667,0,REST,0.000000,0,REST,0.000000,0.00044932,0.00071428,0.03198831,0.54454443,0.42230367
flexion_01,3,FLEXION,1,active,57,5.910047,3,FLEXION,3,FLEXION,0.551029,0.213177,2850,2950,0,REST,0.000000,0,REST,0.666667,0,REST,0.000000,3,FLEXION,0.600000,0.00022204,0.00026733,0.02291341,0.55102925,0.42556798
flexion_01,3,FLEXION,1,active,58,6.009822,3,FLEXION,3,FLEXION,0.665254,0.203097,2900,3000,3,FLEXION,1.000000,3,FLEXION,0.666667,0,REST,0.000000,3,FLEXION,0.600000,0.00006245,0.00012221,0.00210483,0.66525392,0.33245659
flexion_01,3,FLEXION,1,active,59,6.110195,3,FLEXION,3,FLEXION,0.971815,0.206860,2950,3050,3,FLEXION,1.000000,3,FLEXION,1.000000,3,FLEXION,0.750000,3,FLEXION,0.600000,0.00028814,0.00096553,0.00417157,0.97181525,0.02275951
flexion_01,3,FLEXION,1,active,60,6.210006,3,FLEXION,3,FLEXION,0.865525,0.187357,3000,3100,3,FLEXION,1.000000,3,FLEXION,1.000000,3,FLEXION,1.000000,3,FLEXION,0.800000,0.00016922,0.00017812,0.00245715,0.86552459,0.13167093
flexion_01,3,FLEXION,1,active,61,6.310432,3,FLEXION,3,FLEXION,0.921834,0.276785,3050,3150,3,FLEXION,1.000000,3,FLEXION,1.000000,3,FLEXION,1.000000,3,FLEXION,1.000000,0.00002547,0.00011339,0.00043057,0.92183372,0.07759685
flexion_01,3,FLEXION,1,active,62,6.411829,3,FLEXION,3,FLEXION,0.692769,0.299495,3100,3200,3,FLEXION,1.000000,3,FLEXION,1.000000,3,FLEXION,1.000000,3,FLEXION,1.000000,0.00002268,0.00025972,0.00099586,0.69276920,0.30595255
flexion_01,3,FLEXION,1,active,63,6.510906,3,FLEXION,3,FLEXION,0.957497,0.269886,3150,3250,3,FLEXION,1.000000,3,FLEXION,1.000000,3,FLEXION,1.000000,3,FLEXION,1.000000,0.00000905,0.00005576,0.00044937,0.95749731,0.04198852
flexion_01,3,FLEXION,1,active,64,6.611074,3,FLEXION,3,FLEXION,0.988629,0.307220,3200,3300,3,FLEXION,1.000000,3,FLEXION,1.000000,3,FLEXION,1.000000,3,FLEXION,1.000000,0.00005333,0.00011887,0.00128768,0.98862935,0.00991077
flexion_01,3,FLEXION,1,active,65,6.711541,3,FLEXION,3,FLEXION,0.999036,0.301391,3250,3350,3,FLEXION,1.000000,3,FLEXION,1.000000,3,FLEXION,1.000000,3,FLEXION,1.000000,0.00000077,0.00000080,0.00000092,0.99903594,0.00096157
flexion_01,3,FLEXION,1,active,66,6.811599,3,FLEXION,3,FLEXION,0.991677,0.247597,3300,3400,3,FLEXION,1.000000,3,FLEXION,1.000000,3,FLEXION,1.000000,3,FLEXION,1.000000,0.00003397,0.00003545,0.00004057,0.99167689,0.00821312
flexion_01,3,FLEXION,1,active,67,6.913601,3,FLEXION,3,FLEXION,0.963213,0.239622,3350,3450,3,FLEXION,1.000000,3,FLEXION,1.000000,3,FLEXION,1.000000,3,FLEXION,1.000000,0.00023789,0.00083638,0.00041614,0.96321289,0.03529670
flexion_01,3,FLEXION,1,active,68,7.012475,3,FLEXION,3,FLEXION,0.983878,0.252233,3400,3500,3,FLEXION,1.000000,3,FLEXION,1.000000,3,FLEXION,1.000000,3,FLEXION,1.000000,0.00012327,0.00012723,0.00014595,0.98387791,0.01572564
flexion_01,3,FLEXION,1,active,69,7.111920,3,FLEXION,3,FLEXION,0.977671,0.258989,3450,3550,3,FLEXION,1.000000,3,FLEXION,1.000000,3,FLEXION,1.000000,3,FLEXION,1.000000,0.00022709,0.00023608,0.00026950,0.97767076,0.02159657
flexion_01,3,FLEXION,1,active,70,7.212504,3,FLEXION,3,FLEXION,0.994551,0.274912,3500,3600,3,FLEXION,1.000000,3,FLEXION,1.000000,3,FLEXION,1.000000,3,FLEXION,1.000000,0.00064553,0.00047230,0.00007988,0.99455150,0.00425079
flexion_01,3,FLEXION,1,active,71,7.312278,3,FLEXION,3,FLEXION,0.991794,0.236793,3550,3650,3,FLEXION,1.000000,3,FLEXION,1.000000,3,FLEXION,1.000000,3,FLEXION,1.000000,0.00052964,0.00017885,0.00204040,0.99179446,0.00545665
flexion_01,3,FLEXION,1,active,72,7.413394,0,REST,3,FLEXION,0.501653,0.221342,3600,3700,0,REST,0.000000,3,FLEXION,0.666667,3,FLEXION,0.750000,3,FLEXION,0.800000,0.00029040,0.00045081,0.02561487,0.50165251,0.47199140
flexion_01,3,FLEXION,1,active,73,7.513297,0,REST,3,FLEXION,0.542453,0.245590,3650,3750,0,REST,1.000000,0,REST,0.666667,0,REST,0.000000,3,FLEXION,0.600000,0.00011702,0.00131179,0.00240548,0.45371319,0.54245251
flexion_01,3,FLEXION,1,active,74,7.613521,3,FLEXION,3,FLEXION,0.697260,0.241512,3700,3800,0,REST,0.000000,0,REST,0.666667,0,REST,0.000000,3,FLEXION,0.600000,0.00001963,0.00007619,0.00290356,0.69726008,0.29974054
flexion_01,3,FLEXION,1,active,75,7.713251,3,FLEXION,3,FLEXION,0.914791,0.241289,3750,3850,3,FLEXION,1.000000,3,FLEXION,0.666667,0,REST,0.000000,3,FLEXION,0.600000,0.00003809,0.00004854,0.00503744,0.91479100,0.08008493
flexion_01,3,FLEXION,1,active,76,7.813974,3,FLEXION,3,FLEXION,0.989842,0.272226,3800,3900,3,FLEXION,1.000000,3,FLEXION,1.000000,3,FLEXION,0.750000,3,FLEXION,0.600000,0.00005039,0.00005267,0.00006060,0.98984232,0.00999401
flexion_01,3,FLEXION,1,active,77,7.913866,3,FLEXION,3,FLEXION,0.996527,0.275392,3850,3950,3,FLEXION,1.000000,3,FLEXION,1.000000,3,FLEXION,1.000000,3,FLEXION,0.800000,0.00000656,0.00000681,0.00000788,0.99652669,0.00345206
flexion_01,3,FLEXION,1,active,78,8.014439,3,FLEXION,3,FLEXION,0.813457,0.240023,3900,4000,3,FLEXION,1.000000,3,FLEXION,1.000000,3,FLEXION,1.000000,3,FLEXION,1.000000,0.00002694,0.00006538,0.00136793,0.81345726,0.18508249
flexion_01,3,FLEXION,1,active,79,8.117188,4,EXTENSION,3,FLEXION,0.602050,0.269487,3950,4050,0,REST,0.000000,3,FLEXION,0.666667,3,FLEXION,0.750000,3,FLEXION,0.800000,0.00014493,0.00090671,0.00215485,0.39474338,0.60205013
flexion_01,3,FLEXION,1,active,80,8.214382,3,FLEXION,3,FLEXION,0.919831,0.268433,4000,4100,0,REST,0.000000,3,FLEXION,0.666667,3,FLEXION,0.750000,3,FLEXION,0.800000,0.00014876,0.00436819,0.00122938,0.91983113,0.07442254
flexion_01,3,FLEXION,1,active,81,8.315156,3,FLEXION,3,FLEXION,0.992271,0.240526,4050,4150,3,FLEXION,1.000000,3,FLEXION,0.666667,3,FLEXION,0.750000,3,FLEXION,0.800000,0.00354402,0.00039839,0.00046593,0.99227146,0.00332020
flexion_01,3,FLEXION,1,active,82,8.415465,3,FLEXION,3,FLEXION,0.961459,0.235402,4100,4200,3,FLEXION,1.000000,3,FLEXION,1.000000,3,FLEXION,0.750000,3,FLEXION,0.800000,0.00043925,0.00005270,0.00091531,0.96145850,0.03713423
flexion_01,3,FLEXION,1,active,83,8.516975,3,FLEXION,3,FLEXION,0.923418,0.267162,4150,4250,3,FLEXION,1.000000,3,FLEXION,1.000000,3,FLEXION,1.000000,3,FLEXION,0.800000,0.00003299,0.00009752,0.00463875,0.92341837,0.07181236
flexion_01,3,FLEXION,1,active,84,8.615508,3,FLEXION,3,FLEXION,0.990878,0.321504,4200,4300,3,FLEXION,1.000000,3,FLEXION,1.000000,3,FLEXION,1.000000,3,FLEXION,1.000000,0.00003241,0.00007225,0.00445415,0.99087783,0.00456337
flexion_01,3,FLEXION,1,active,85,8.715931,3,FLEXION,3,FLEXION,0.976584,0.290811,4250,4350,3,FLEXION,1.000000,3,FLEXION,1.000000,3,FLEXION,1.000000,3,FLEXION,1.000000,0.00002898,0.00049636,0.00416681,0.97658413,0.01872372
flexion_01,3,FLEXION,1,active,86,8.815820,3,FLEXION,3,FLEXION,0.997241,0.278945,4300,4400,3,FLEXION,1.000000,3,FLEXION,1.000000,3,FLEXION,1.000000,3,FLEXION,1.000000,0.00012187,0.00156356,0.00010009,0.99724114,0.00097335
flexion_01,3,FLEXION,1,active,87,8.916467,3,FLEXION,3,FLEXION,0.997268,0.288624,4350,4450,3,FLEXION,1.000000,3,FLEXION,1.000000,3,FLEXION,1.000000,3,FLEXION,1.000000,0.00077565,0.00105484,0.00051353,0.99726776,0.00038822
flexion_01,3,FLEXION,1,active,88,9.016861,3,FLEXION,3,FLEXION,0.955094,0.299885,4400,4500,3,FLEXION,1.000000,3,FLEXION,1.000000,3,FLEXION,1.000000,3,FLEXION,1.000000,0.00018858,0.00172876,0.00258520,0.95509377,0.04040368
flexion_01,3,FLEXION,1,active,89,9.116842,3,FLEXION,3,FLEXION,0.997769,0.337145,4450,4550,3,FLEXION,1.000000,3,FLEXION,1.000000,3,FLEXION,1.000000,3,FLEXION,1.000000,0.00000269,0.00000279,0.00000322,0.99776856,0.00222274
flexion_01,3,FLEXION,1,active,90,9.216874,3,FLEXION,3,FLEXION,0.999296,0.305953,4500,4600,3,FLEXION,1.000000,3,FLEXION,1.000000,3,FLEXION,1.000000,3,FLEXION,1.000000,0.00000028,0.00000029,0.00000033,0.99929577,0.00070334
flexion_02,3,FLEXION,2,countdown,0,0.196586,0,REST,0,REST,0.449595,0.000000,0,100,0,REST,0.000000,0,REST,0.000000,0,REST,0.000000,0,REST,0.000000,0.44959491,0.11309143,0.17132864,0.15387595,0.11210907
flexion_02,3,FLEXION,2,countdown,1,0.297405,4,EXTENSION,0,REST,0.882993,0.000000,50,150,0,REST,0.000000,0,REST,0.000000,0,REST,0.000000,0,REST,0.000000,0.04233777,0.00662695,0.06241805,0.00562377,0.88299346
flexion_02,3,FLEXION,2,countdown,2,0.397178,0,REST,0,REST,0.589601,0.000000,100,200,0,REST,0.000000,0,REST,0.666667,0,REST,0.000000,0,REST,0.000000,0.58960149,0.05375152,0.15014744,0.03082638,0.17567317
flexion_02,3,FLEXION,2,countdown,3,0.496850,0,REST,0,REST,0.641182,0.000000,150,250,0,REST,1.000000,0,REST,0.666667,0,REST,0.750000,0,REST,0.600000,0.64118185,0.08046053,0.16926618,0.01659438,0.09249707
flexion_02,3,FLEXION,2,countdown,4,0.597119,0,REST,0,REST,0.829771,0.000000,200,300,0,REST,1.000000,0,REST,1.000000,0,REST,0.750000,0,REST,0.800000,0.82977080,0.01077136,0.12440989,0.00708234,0.02796560
flexion_02,3,FLEXION,2,countdown,5,0.698103,0,REST,0,REST,0.847267,0.000000,250,350,0,REST,1.000000,0,REST,1.000000,0,REST,1.000000,0,REST,0.800000,0.84726734,0.03741992,0.08412986,0.00711259,0.02407029
flexion_02,3,FLEXION,2,countdown,6,0.800118,0,REST,0,REST,0.870465,0.000000,300,400,0,REST,1.000000,0,REST,1.000000,0,REST,1.000000,0,REST,1.000000,0.87046481,0.08119497,0.02593808,0.00707218,0.01532995
flexion_02,3,FLEXION,2,countdown,7,0.897923,0,REST,0,REST,0.863079,0.000000,350,450,0,REST,1.000000,0,REST,1.000000,0,REST,1.000000,0,REST,1.000000,0.86307901,0.10020282,0.01182009,0.01054778,0.01435031
flexion_02,3,FLEXION,2,countdown,8,0.998172,0,REST,0,REST,0.886306,0.000000,400,500,0,REST,1.000000,0,REST,1.000000,0,REST,1.000000,0,REST,1.000000,0.88630593,0.08987693,0.00249039,0.01643529,0.00489147
flexion_02,3,FLEXION,2,countdown,9,1.098171,0,REST,0,REST,0.925221,0.000000,450,550,0,REST,1.000000,0,REST,1.000000,0,REST,1.000000,0,REST,1.000000,0.92522088,0.03952939,0.00316364,0.02441258,0.00767351
flexion_02,3,FLEXION,2,countdown,10,1.199015,0,REST,0,REST,0.626001,0.000000,500,600,0,REST,1.000000,0,REST,1.000000,0,REST,1.000000,0,REST,1.000000,0.62600130,0.22490292,0.02134152,0.12125844,0.00649581
flexion_02,3,FLEXION,2,countdown,11,1.299143,0,REST,0,REST,0.859538,0.000000,550,650,0,REST,1.000000,0,REST,1.000000,0,REST,1.000000,0,REST,1.000000,0.85953790,0.04847781,0.01093687,0.07696185,0.00408557
flexion_02,3,FLEXION,2,countdown,12,1.399543,0,REST,0,REST,0.985119,0.000000,600,700,0,REST,1.000000,0,REST,1.000000,0,REST,1.000000,0,REST,1.000000,0.98511875,0.00439760,0.00412597,0.00434061,0.00201706
flexion_02,3,FLEXION,2,countdown,13,1.500428,0,REST,0,REST,0.984845,0.000000,650,750,0,REST,1.000000,0,REST,1.000000,0,REST,1.000000,0,REST,1.000000,0.98484463,0.00163515,0.00960924,0.00136715,0.00254382
flexion_02,3,FLEXION,2,countdown,14,1.599204,0,REST,0,REST,0.974272,0.000000,700,800,0,REST,1.000000,0,REST,1.000000,0,REST,1.000000,0,REST,1.000000,0.97427192,0.00366416,0.01740972,0.00232542,0.00232878
flexion_02,3,FLEXION,2,countdown,15,1.700138,0,REST,0,REST,0.982578,0.000000,750,850,0,REST,1.000000,0,REST,1.000000,0,REST,1.000000,0,REST,1.000000,0.98257763,0.00428667,0.00583144,0.00527272,0.00203154
flexion_02,3,FLEXION,2,countdown,16,1.799946,0,REST,0,REST,0.962479,0.000000,800,900,0,REST,1.000000,0,REST,1.000000,0,REST,1.000000,0,REST,1.000000,0.96247879,0.02735762,0.00294061,0.00554810,0.00167489
flexion_02,3,FLEXION,2,countdown,17,1.902004,0,REST,0,REST,0.919255,0.000000,850,950,0,REST,1.000000,0,REST,1.000000,0,REST,1.000000,0,REST,1.000000,0.91925491,0.06544437,0.00222201,0.01140209,0.00167661
flexion_02,3,FLEXION,2,countdown,18,2.000349,0,REST,0,REST,0.971137,0.000000,900,1000,0,REST,1.000000,0,REST,1.000000,0,REST,1.000000,0,REST,1.000000,0.97113679,0.00559384,0.00366602,0.01317598,0.00642737
flexion_02,3,FLEXION,2,countdown,19,2.100732,0,REST,0,REST,0.983558,0.000000,950,1050,0,REST,1.000000,0,REST,1.000000,0,REST,1.000000,0,REST,1.000000,0.98355774,0.00183618,0.00276755,0.00684360,0.00499493
flexion_02,3,FLEXION,2,countdown,20,2.201009,0,REST,0,REST,0.973951,0.000000,1000,1100,0,REST,1.000000,0,REST,1.000000,0,REST,1.000000,0,REST,1.000000,0.97395061,0.00325253,0.00899358,0.00785836,0.00594491
flexion_02,3,FLEXION,2,countdown,21,2.301036,0,REST,0,REST,0.979649,0.000000,1050,1150,0,REST,1.000000,0,REST,1.000000,0,REST,1.000000,0,REST,1.000000,0.97964869,0.00157083,0.00934439,0.00450812,0.00492797
flexion_02,3,FLEXION,2,countdown,22,2.401875,0,REST,0,REST,0.968228,0.000000,1100,1200,0,REST,1.000000,0,REST,1.000000,0,REST,1.000000,0,REST,1.000000,0.96822822,0.00477911,0.01708250,0.00512128,0.00478888
flexion_02,3,FLEXION,2,countdown,23,2.501951,0,REST,0,REST,0.993743,0.000000,1150,1250,0,REST,1.000000,0,REST,1.000000,0,REST,1.000000,0,REST,1.000000,0.99374294,0.00315236,0.00080467,0.00083466,0.00146537
flexion_02,3,FLEXION,2,countdown,24,2.602271,0,REST,0,REST,0.990742,0.000000,1200,1300,0,REST,1.000000,0,REST,1.000000,0,REST,1.000000,0,REST,1.000000,0.99074200,0.00514280,0.00092599,0.00148629,0.00170292
flexion_02,3,FLEXION,2,countdown,25,2.702065,0,REST,0,REST,0.973812,0.000000,1250,1350,0,REST,1.000000,0,REST,1.000000,0,REST,1.000000,0,REST,1.000000,0.97381234,0.00854489,0.00903191,0.00490959,0.00370127
flexion_02,3,FLEXION,2,countdown,26,2.801995,0,REST,0,REST,0.945481,0.000000,1300,1400,0,REST,1.000000,0,REST,1.000000,0,REST,1.000000,0,REST,1.000000,0.94548134,0.01395265,0.03351637,0.00112789,0.00592174
flexion_02,3,FLEXION,2,countdown,27,2.902034,0,REST,0,REST,0.437567,0.000000,1350,1450,0,REST,1.000000,0,REST,1.000000,0,REST,1.000000,0,REST,1.000000,0.01250882,0.22496717,0.43756719,0.19386500,0.13109182
flexion_02,3,FLEXION,2,active,28,3.004150,3,FLEXION,0,REST,0.925874,0.000000,1400,1500,0,REST,0.000000,0,REST,0.666667,0,REST,0.750000,0,REST,0.800000,0.00002164,0.00021052,0.00002578,0.92587429,0.07386777
flexion_02,3,FLEXION,2,active,29,3.103712,3,FLEXION,0,REST,0.997448,0.000000,1450,1550,3,FLEXION,1.000000,3,FLEXION,0.666667,0,REST,0.000000,0,REST,0.600000,0.00000329,0.00000345,0.00000395,0.99744755,0.00254175
flexion_02,3,FLEXION,2,active,30,3.203525,3,FLEXION,3,FLEXION,0.999994,0.951001,1500,1600,3,FLEXION,1.000000,3,FLEXION,1.000000,3,FLEXION,0.750000,3,FLEXION,0.600000,0.00000000,0.00000000,0.00000000,0.99999381,0.00000619
flexion_02,3,FLEXION,2,active,31,3.303361,3,FLEXION,3,FLEXION,0.999998,0.942748,1550,1650,3,FLEXION,1.000000,3,FLEXION,1.000000,3,FLEXION,1.000000,3,FLEXION,0.800000,0.00000000,0.00000000,0.00000000,0.99999753,0.00000247
flexion_02,3,FLEXION,2,active,32,3.403874,3,FLEXION,3,FLEXION,0.999940,0.625075,1600,1700,3,FLEXION,1.000000,3,FLEXION,1.000000,3,FLEXION,1.000000,3,FLEXION,1.000000,0.00000000,0.00000000,0.00000000,0.99993974,0.00006026
flexion_02,3,FLEXION,2,active,33,3.505172,3,FLEXION,3,FLEXION,0.998571,0.519885,1650,1750,3,FLEXION,1.000000,3,FLEXION,1.000000,3,FLEXION,1.000000,3,FLEXION,1.000000,0.00000104,0.00000108,0.00000124,0.99857129,0.00142535
flexion_02,3,FLEXION,2,active,34,3.604197,3,FLEXION,3,FLEXION,0.999975,0.503292,1700,1800,3,FLEXION,1.000000,3,FLEXION,1.000000,3,FLEXION,1.000000,3,FLEXION,1.000000,0.00000000,0.00000000,0.00000000,0.99997485,0.00002514
flexion_02,3,FLEXION,2,active,35,3.704495,3,FLEXION,3,FLEXION,0.999987,0.463684,1750,1850,3,FLEXION,1.000000,3,FLEXION,1.000000,3,FLEXION,1.000000,3,FLEXION,1.000000,0.00000002,0.00000002,0.00000002,0.99998724,0.00001271
flexion_02,3,FLEXION,2,active,36,3.804334,3,FLEXION,3,FLEXION,0.999827,0.408711,1800,1900,3,FLEXION,1.000000,3,FLEXION,1.000000,3,FLEXION,1.000000,3,FLEXION,1.000000,0.00000002,0.00000002,0.00000002,0.99982697,0.00017297
flexion_02,3,FLEXION,2,active,37,3.904512,3,FLEXION,3,FLEXION,0.999788,0.421415,1850,1950,3,FLEXION,1.000000,3,FLEXION,1.000000,3,FLEXION,1.000000,3,FLEXION,1.000000,0.00000002,0.00000002,0.00000003,0.99978786,0.00021207
flexion_02,3,FLEXION,2,active,38,4.005204,3,FLEXION,3,FLEXION,0.999999,0.622170,1900,2000,3,FLEXION,1.000000,3,FLEXION,1.000000,3,FLEXION,1.000000,3,FLEXION,1.000000,0.00000000,0.00000000,0.00000000,0.99999939,0.00000061
flexion_02,3,FLEXION,2,active,39,4.105591,3,FLEXION,3,FLEXION,1.000000,0.626540,1950,2050,3,FLEXION,1.000000,3,FLEXION,1.000000,3,FLEXION,1.000000,3,FLEXION,1.000000,0.00000000,0.00000000,0.00000000,0.99999990,0.00000010
flexion_02,3,FLEXION,2,active,40,4.205838,3,FLEXION,3,FLEXION,0.999930,0.418805,2000,2100,3,FLEXION,1.000000,3,FLEXION,1.000000,3,FLEXION,1.000000,3,FLEXION,1.000000,0.00000001,0.00000001,0.00000001,0.99993031,0.00006967
flexion_03,3,FLEXION,3,countdown,0,0.200674,0,REST,0,REST,0.473753,0.000000,0,100,0,REST,0.000000,0,REST,0.000000,0,REST,0.000000,0,REST,0.000000,0.47375291,0.11099906,0.17256797,0.15761896,0.08506110
flexion_03,3,FLEXION,3,countdown,1,0.300548,4,EXTENSION,0,REST,0.745082,0.000000,50,150,0,REST,0.000000,0,REST,0.000000,0,REST,0.000000,0,REST,0.000000,0.13008337,0.01358155,0.10176695,0.00948640,0.74508173
flexion_03,3,FLEXION,3,countdown,2,0.404394,0,REST,0,REST,0.936524,0.000000,100,200,0,REST,0.000000,0,REST,0.666667,0,REST,0.000000,0,REST,0.000000,0.93652435,0.00929039,0.02154141,0.00520595,0.02743790
flexion_03,3,FLEXION,3,countdown,3,0.500825,0,REST,0,REST,0.982553,0.000000,150,250,0,REST,1.000000,0,REST,0.666667,0,REST,0.750000,0,REST,0.600000,0.98255301,0.00216972,0.01034388,0.00167309,0.00326030
flexion_03,3,FLEXION,3,countdown,4,0.601120,0,REST,0,REST,0.977793,0.000000,200,300,0,REST,1.000000,0,REST,1.000000,0,REST,0.750000,0,REST,0.800000,0.97779315,0.00104603,0.01714229,0.00158963,0.00242890
flexion_03,3,FLEXION,3,countdown,5,0.701246,0,REST,0,REST,0.988420,0.000000,250,350,0,REST,1.000000,0,REST,1.000000,0,REST,1.000000,0,REST,0.800000,0.98842003,0.00027331,0.00966535,0.00064364,0.00099767
flexion_03,3,FLEXION,3,countdown,6,0.801899,0,REST,0,REST,0.992649,0.000000,300,400,0,REST,1.000000,0,REST,1.000000,0,REST,1.000000,0,REST,1.000000,0.99264908,0.00177917,0.00305082,0.00134032,0.00118061
flexion_03,3,FLEXION,3,countdown,7,0.908508,0,REST,0,REST,0.785560,0.000000,350,450,0,REST,1.000000,0,REST,1.000000,0,REST,1.000000,0,REST,1.000000,0.78555960,0.15128515,0.00374129,0.01480054,0.04461342
flexion_03,3,FLEXION,3,countdown,8,1.001932,0,REST,0,REST,0.787260,0.000000,400,500,0,REST,1.000000,0,REST,1.000000,0,REST,1.000000,0,REST,1.000000,0.78725962,0.17961521,0.00214842,0.01702235,0.01395439
flexion_03,3,FLEXION,3,countdown,9,1.102116,0,REST,0,REST,0.669244,0.000000,450,550,0,REST,1.000000,0,REST,1.000000,0,REST,1.000000,0,REST,1.000000,0.66924362,0.26339228,0.00151346,0.06259738,0.00325326
flexion_03,3,FLEXION,3,countdown,10,1.204719,0,REST,0,REST,0.851420,0.000000,500,600,0,REST,1.000000,0,REST,1.000000,0,REST,1.000000,0,REST,1.000000,0.85141952,0.11623748,0.00303572,0.02789998,0.00140730
flexion_03,3,FLEXION,3,countdown,11,1.303229,0,REST,0,REST,0.968942,0.000000,550,650,0,REST,1.000000,0,REST,1.000000,0,REST,1.000000,0,REST,1.000000,0.96894222,0.02628037,0.00193369,0.00135264,0.00149109
flexion_03,3,FLEXION,3,countdown,12,1.403666,0,REST,0,REST,0.996372,0.000000,600,700,0,REST,1.000000,0,REST,1.000000,0,REST,1.000000,0,REST,1.000000,0.99637160,0.00068102,0.00169907,0.00026633,0.00098197
flexion_03,3,FLEXION,3,countdown,13,1.502776,0,REST,0,REST,0.995341,0.000000,650,750,0,REST,1.000000,0,REST,1.000000,0,REST,1.000000,0,REST,1.000000,0.99534117,0.00048449,0.00275554,0.00024376,0.00117505
flexion_03,3,FLEXION,3,countdown,14,1.603700,0,REST,0,REST,0.989247,0.000000,700,800,0,REST,1.000000,0,REST,1.000000,0,REST,1.000000,0,REST,1.000000,0.98924651,0.00392448,0.00363549,0.00094071,0.00225282
flexion_03,3,FLEXION,3,countdown,15,1.703841,0,REST,0,REST,0.987467,0.000000,750,850,0,REST,1.000000,0,REST,1.000000,0,REST,1.000000,0,REST,1.000000,0.98746654,0.00343417,0.00416065,0.00253973,0.00239890
flexion_03,3,FLEXION,3,countdown,16,1.804194,0,REST,0,REST,0.978497,0.000000,800,900,0,REST,1.000000,0,REST,1.000000,0,REST,1.000000,0,REST,1.000000,0.97849743,0.00753051,0.00880996,0.00228341,0.00287869
flexion_03,3,FLEXION,3,countdown,17,1.903715,0,REST,0,REST,0.979691,0.000000,850,950,0,REST,1.000000,0,REST,1.000000,0,REST,1.000000,0,REST,1.000000,0.97969131,0.00419109,0.01182642,0.00159441,0.00269677
flexion_03,3,FLEXION,3,countdown,18,2.004537,0,REST,0,REST,0.967852,0.000000,900,1000,0,REST,1.000000,0,REST,1.000000,0,REST,1.000000,0,REST,1.000000,0.96785182,0.00311969,0.02074608,0.00421568,0.00406673
flexion_03,3,FLEXION,3,countdown,19,2.104845,0,REST,0,REST,0.987271,0.000000,950,1050,0,REST,1.000000,0,REST,1.000000,0,REST,1.000000,0,REST,1.000000,0.98727060,0.00158296,0.00698594,0.00088761,0.00327288
flexion_03,3,FLEXION,3,countdown,20,2.205432,0,REST,0,REST,0.993167,0.000000,1000,1100,0,REST,1.000000,0,REST,1.000000,0,REST,1.000000,0,REST,1.000000,0.99316735,0.00112035,0.00340027,0.00056770,0.00174433
flexion_03,3,FLEXION,3,countdown,21,2.304576,0,REST,0,REST,0.989609,0.000000,1050,1150,0,REST,1.000000,0,REST,1.000000,0,REST,1.000000,0,REST,1.000000,0.98960885,0.00220067,0.00533678,0.00060722,0.00224648
flexion_03,3,FLEXION,3,countdown,22,2.405309,0,REST,0,REST,0.983000,0.000000,1100,1200,0,REST,1.000000,0,REST,1.000000,0,REST,1.000000,0,REST,1.000000,0.98299958,0.00344830,0.00805135,0.00146218,0.00403859
flexion_03,3,FLEXION,3,countdown,23,2.505172,0,REST,0,REST,0.944243,0.000000,1150,1250,0,REST,1.000000,0,REST,1.000000,0,REST,1.000000,0,REST,1.000000,0.94424281,0.02400496,0.02378716,0.00368843,0.00427664
flexion_03,3,FLEXION,3,countdown,24,2.605296,0,REST,0,REST,0.977229,0.000000,1200,1300,0,REST,1.000000,0,REST,1.000000,0,REST,1.000000,0,REST,1.000000,0.97722922,0.00650802,0.01039468,0.00099752,0.00487056
flexion_03,3,FLEXION,3,countdown,25,2.706748,0,REST,0,REST,0.987375,0.000000,1250,1350,0,REST,1.000000,0,REST,1.000000,0,REST,1.000000,0,REST,1.000000,0.98737454,0.00256022,0.00782362,0.00049901,0.00174261
flexion_03,3,FLEXION,3,countdown,26,2.805820,0,REST,0,REST,0.988230,0.000000,1300,1400,0,REST,1.000000,0,REST,1.000000,0,REST,1.000000,0,REST,1.000000,0.98822956,0.00252619,0.00676613,0.00046862,0.00200950
flexion_03,3,FLEXION,3,countdown,27,2.906103,2,OPEN,0,REST,0.555707,0.000000,1350,1450,0,REST,0.000000,0,REST,0.666667,0,REST,0.750000,0,REST,0.800000,0.10358184,0.21774411,0.55570746,0.04897942,0.07398717
flexion_03,3,FLEXION,3,active,28,3.006687,3,FLEXION,0,REST,0.561064,0.000000,1400,1500,0,REST,0.000000,0,REST,0.000000,0,REST,0.000000,0,REST,0.600000,0.00006333,0.00004688,0.00007187,0.56106432,0.43875360
flexion_03,3,FLEXION,3,active,29,3.106273,3,FLEXION,0,REST,0.994718,0.000000,1450,1550,3,FLEXION,1.000000,3,FLEXION,0.666667,0,REST,0.000000,0,REST,0.000000,0.00001389,0.00001439,0.00001656,0.99471818,0.00523699
flexion_03,3,FLEXION,3,active,30,3.207074,3,FLEXION,3,FLEXION,0.999847,0.661975,1500,1600,3,FLEXION,1.000000,3,FLEXION,1.000000,3,FLEXION,0.750000,3,FLEXION,0.600000,0.00000001,0.00000001,0.00000001,0.99984710,0.00015286
flexion_03,3,FLEXION,3,active,31,3.306709,3,FLEXION,3,FLEXION,0.999897,0.783802,1550,1650,3,FLEXION,1.000000,3,FLEXION,1.000000,3,FLEXION,1.000000,3,FLEXION,0.800000,0.00000001,0.00000001,0.00000001,0.99989720,0.00010278
flexion_03,3,FLEXION,3,active,32,3.406716,3,FLEXION,3,FLEXION,0.999723,0.771768,1600,1700,3,FLEXION,1.000000,3,FLEXION,1.000000,3,FLEXION,1.000000,3,FLEXION,1.000000,0.00000004,0.00000004,0.00000005,0.99972328,0.00027659
flexion_03,3,FLEXION,3,active,33,3.508018,3,FLEXION,3,FLEXION,0.999923,0.609498,1650,1750,3,FLEXION,1.000000,3,FLEXION,1.000000,3,FLEXION,1.000000,3,FLEXION,1.000000,0.00000000,0.00000000,0.00000000,0.99992285,0.00007714
flexion_03,3,FLEXION,3,active,34,3.607825,3,FLEXION,3,FLEXION,0.999965,0.563319,1700,1800,3,FLEXION,1.000000,3,FLEXION,1.000000,3,FLEXION,1.000000,3,FLEXION,1.000000,0.00000000,0.00000000,0.00000000,0.99996476,0.00003523
flexion_03,3,FLEXION,3,active,35,3.707727,3,FLEXION,3,FLEXION,0.999945,0.541487,1750,1850,3,FLEXION,1.000000,3,FLEXION,1.000000,3,FLEXION,1.000000,3,FLEXION,1.000000,0.00000000,0.00000000,0.00000000,0.99994537,0.00005463
flexion_03,3,FLEXION,3,active,36,3.807498,3,FLEXION,3,FLEXION,0.994481,0.391819,1800,1900,3,FLEXION,1.000000,3,FLEXION,1.000000,3,FLEXION,1.000000,3,FLEXION,1.000000,0.00001514,0.00001574,0.00001807,0.99448122,0.00546983
flexion_03,3,FLEXION,3,active,37,3.908424,3,FLEXION,3,FLEXION,0.999851,0.507952,1850,1950,3,FLEXION,1.000000,3,FLEXION,1.000000,3,FLEXION,1.000000,3,FLEXION,1.000000,0.00000001,0.00000001,0.00000001,0.99985139,0.00014857
flexion_03,3,FLEXION,3,active,38,4.008451,3,FLEXION,3,FLEXION,0.999776,0.577605,1900,2000,3,FLEXION,1.000000,3,FLEXION,1.000000,3,FLEXION,1.000000,3,FLEXION,1.000000,0.00000003,0.00000003,0.00000003,0.99977620,0.00022372
flexion_03,3,FLEXION,3,active,39,4.111742,3,FLEXION,3,FLEXION,0.975426,0.469164,1950,2050,3,FLEXION,1.000000,3,FLEXION,1.000000,3,FLEXION,1.000000,3,FLEXION,1.000000,0.00000029,0.00000205,0.00021741,0.97542629,0.02435396
flexion_03,3,FLEXION,3,active,40,4.208537,3,FLEXION,3,FLEXION,0.999152,0.443778,2000,2100,3,FLEXION,1.000000,3,FLEXION,1.000000,3,FLEXION,1.000000,3,FLEXION,1.000000,0.00000037,0.00000038,0.00000044,0.99915206,0.00084675
flexion_04,3,FLEXION,4,countdown,0,0.200031,0,REST,0,REST,0.465698,0.000000,0,100,0,REST,0.000000,0,REST,0.000000,0,REST,0.000000,0,REST,0.000000,0.46569834,0.11116489,0.17125109,0.16502115,0.08686453
flexion_04,3,FLEXION,4,countdown,1,0.299990,4,EXTENSION,0,REST,0.731110,0.000000,50,150,0,REST,0.000000,0,REST,0.000000,0,REST,0.000000,0,REST,0.000000,0.14331503,0.01532645,0.09971885,0.01052977,0.73110990
flexion_04,3,FLEXION,4,countdown,2,0.400930,0,REST,0,REST,0.939349,0.000000,100,200,0,REST,0.000000,0,REST,0.666667,0,REST,0.000000,0,REST,0.000000,0.93934894,0.00952372,0.02022397,0.00523943,0.02566394
flexion_04,3,FLEXION,4,countdown,3,0.501102,0,REST,0,REST,0.991546,0.000000,150,250,0,REST,1.000000,0,REST,0.666667,0,REST,0.750000,0,REST,0.600000,0.99154608,0.00080351,0.00521137,0.00073165,0.00170740
flexion_04,3,FLEXION,4,countdown,4,0.600985,0,REST,0,REST,0.993110,0.000000,200,300,0,REST,1.000000,0,REST,1.000000,0,REST,0.750000,0,REST,0.800000,0.99311041,0.00020303,0.00572740,0.00029537,0.00066379
flexion_04,3,FLEXION,4,countdown,5,0.702397,0,REST,0,REST,0.986723,0.000000,250,350,0,REST,1.000000,0,REST,1.000000,0,REST,1.000000,0,REST,0.800000,0.98672304,0.00126262,0.00935452,0.00105850,0.00160133
flexion_04,3,FLEXION,4,countdown,6,0.801440,0,REST,0,REST,0.984109,0.000000,300,400,0,REST,1.000000,0,REST,1.000000,0,REST,1.000000,0,REST,1.000000,0.98410899,0.00341935,0.00708643,0.00222010,0.00316514
flexion_04,3,FLEXION,4,countdown,7,0.901493,0,REST,0,REST,0.808029,0.000000,350,450,0,REST,1.000000,0,REST,1.000000,0,REST,1.000000,0,REST,1.000000,0.80802851,0.16541604,0.00609569,0.00942465,0.01103511
flexion_04,3,FLEXION,4,countdown,8,1.002067,0,REST,0,REST,0.791977,0.000000,400,500,0,REST,1.000000,0,REST,1.000000,0,REST,1.000000,0,REST,1.000000,0.79197676,0.17639989,0.00285922,0.01678864,0.01197549
flexion_04,3,FLEXION,4,countdown,9,1.103061,1,POWER,0,REST,0.638992,0.000000,450,550,0,REST,0.000000,0,REST,0.666667,0,REST,0.750000,0,REST,0.800000,0.34220557,0.63899222,0.00293469,0.01352083,0.00234669
flexion_04,3,FLEXION,4,countdown,10,1.202850,0,REST,0,REST,0.820649,0.000000,500,600,0,REST,0.000000,0,REST,0.666667,0,REST,0.750000,0,REST,0.800000,0.82064869,0.15141862,0.00774006,0.01749225,0.00270038
flexion_04,3,FLEXION,4,countdown,11,1.305656,0,REST,0,REST,0.963291,0.000000,550,650,0,REST,1.000000,0,REST,0.666667,0,REST,0.750000,0,REST,0.800000,0.96329133,0.01557930,0.01682670,0.00159263,0.00271004
flexion_04,3,FLEXION,4,countdown,12,1.403333,0,REST,0,REST,0.990015,0.000000,600,700,0,REST,1.000000,0,REST,1.000000,0,REST,0.750000,0,REST,0.800000,0.99001477,0.00221428,0.00495784,0.00035574,0.00245737
flexion_04,3,FLEXION,4,countdown,13,1.502484,0,REST,0,REST,0.995051,0.000000,650,750,0,REST,1.000000,0,REST,1.000000,0,REST,1.000000,0,REST,0.800000,0.99505084,0.00030358,0.00282031,0.00048604,0.00133922
flexion_04,3,FLEXION,4,countdown,14,1.602797,0,REST,0,REST,0.990323,0.000000,700,800,0,REST,1.000000,0,REST,1.000000,0,REST,1.000000,0,REST,1.000000,0.99032275,0.00173920,0.00472638,0.00044973,0.00276194
flexion_04,3,FLEXION,4,countdown,15,1.703593,0,REST,0,REST,0.984337,0.000000,750,850,0,REST,1.000000,0,REST,1.000000,0,REST,1.000000,0,REST,1.000000,0.98433668,0.00326281,0.00573049,0.00089048,0.00577954
flexion_04,3,FLEXION,4,countdown,16,1.802998,0,REST,0,REST,0.983369,0.000000,800,900,0,REST,1.000000,0,REST,1.000000,0,REST,1.000000,0,REST,1.000000,0.98336885,0.00437252,0.00831007,0.00078631,0.00316224
flexion_04,3,FLEXION,4,countdown,17,1.903968,0,REST,0,REST,0.988870,0.000000,850,950,0,REST,1.000000,0,REST,1.000000,0,REST,1.000000,0,REST,1.000000,0.98886994,0.00278782,0.00410104,0.00142031,0.00282089
flexion_04,3,FLEXION,4,countdown,18,2.003528,0,REST,0,REST,0.987759,0.000000,900,1000,0,REST,1.000000,0,REST,1.000000,0,REST,1.000000,0,REST,1.000000,0.98775887,0.00176436,0.00599771,0.00069174,0.00378732
flexion_04,3,FLEXION,4,countdown,19,2.104477,0,REST,0,REST,0.990751,0.000000,950,1050,0,REST,1.000000,0,REST,1.000000,0,REST,1.000000,0,REST,1.000000,0.99075090,0.00137568,0.00448303,0.00039309,0.00299730
flexion_04,3,FLEXION,4,countdown,20,2.204469,0,REST,0,REST,0.989418,0.000000,1000,1100,0,REST,1.000000,0,REST,1.000000,0,REST,1.000000,0,REST,1.000000,0.98941829,0.00190126,0.00366499,0.00064272,0.00437274
flexion_04,3,FLEXION,4,countdown,21,2.304152,0,REST,0,REST,0.981505,0.000000,1050,1150,0,REST,1.000000,0,REST,1.000000,0,REST,1.000000,0,REST,1.000000,0.98150498,0.00404988,0.00834179,0.00104590,0.00505744
flexion_04,3,FLEXION,4,countdown,22,2.404994,0,REST,0,REST,0.979738,0.000000,1100,1200,0,REST,1.000000,0,REST,1.000000,0,REST,1.000000,0,REST,1.000000,0.97973794,0.00625928,0.00902201,0.00078755,0.00419321
flexion_04,3,FLEXION,4,countdown,23,2.504966,0,REST,0,REST,0.985474,0.000000,1150,1250,0,REST,1.000000,0,REST,1.000000,0,REST,1.000000,0,REST,1.000000,0.98547371,0.00390608,0.00405245,0.00193464,0.00463312
flexion_04,3,FLEXION,4,countdown,24,2.605660,0,REST,0,REST,0.975898,0.000000,1200,1300,0,REST,1.000000,0,REST,1.000000,0,REST,1.000000,0,REST,1.000000,0.97589807,0.00894206,0.00877392,0.00288846,0.00349748
flexion_04,3,FLEXION,4,countdown,25,2.705054,0,REST,0,REST,0.983167,0.000000,1250,1350,0,REST,1.000000,0,REST,1.000000,0,REST,1.000000,0,REST,1.000000,0.98316708,0.00213691,0.01026538,0.00110276,0.00332787
flexion_04,3,FLEXION,4,countdown,26,2.806997,0,REST,0,REST,0.988154,0.000000,1300,1400,0,REST,1.000000,0,REST,1.000000,0,REST,1.000000,0,REST,1.000000,0.98815408,0.00398819,0.00549392,0.00041019,0.00195362
flexion_04,3,FLEXION,4,countdown,27,2.906120,0,REST,0,REST,0.923656,0.000000,1350,1450,0,REST,1.000000,0,REST,1.000000,0,REST,1.000000,0,REST,1.000000,0.92365635,0.05441248,0.01663943,0.00193133,0.00336041
flexion_04,3,FLEXION,4,active,28,3.005985,3,FLEXION,0,REST,0.975331,0.000000,1400,1500,0,REST,0.000000,0,REST,0.666667,0,REST,0.750000,0,REST,0.800000,0.00004059,0.00430516,0.00259779,0.97533098,0.01772547
flexion_04,3,FLEXION,4,active,29,3.108079,3,FLEXION,0,REST,0.976668,0.000000,1450,1550,3,FLEXION,1.000000,3,FLEXION,0.666667,0,REST,0.000000,0,REST,0.600000,0.00023983,0.00029511,0.00030579,0.97666793,0.02249134
flexion_04,3,FLEXION,4,active,30,3.206035,3,FLEXION,3,FLEXION,0.982668,0.650007,1500,1600,3,FLEXION,1.000000,3,FLEXION,1.000000,3,FLEXION,0.750000,3,FLEXION,0.600000,0.00014019,0.00014481,0.00016581,0.98266840,0.01688079
flexion_04,3,FLEXION,4,active,31,3.307000,3,FLEXION,3,FLEXION,0.999872,0.562788,1550,1650,3,FLEXION,1.000000,3,FLEXION,1.000000,3,FLEXION,1.000000,3,FLEXION,0.800000,0.00000001,0.00000001,0.00000001,0.99987150,0.00012847
flexion_04,3,FLEXION,4,active,32,3.407199,3,FLEXION,3,FLEXION,0.994468,0.517263,1600,1700,3,FLEXION,1.000000,3,FLEXION,1.000000,3,FLEXION,1.000000,3,FLEXION,1.000000,0.00001521,0.00001577,0.00001814,0.99446845,0.00548244
flexion_04,3,FLEXION,4,active,33,3.507211,3,FLEXION,3,FLEXION,0.998923,0.465615,1650,1750,3,FLEXION,1.000000,3,FLEXION,1.000000,3,FLEXION,1.000000,3,FLEXION,1.000000,0.00000059,0.00000062,0.00000071,0.99892297,0.00107511
flexion_04,3,FLEXION,4,active,34,3.607116,3,FLEXION,3,FLEXION,0.997814,0.414290,1700,1800,3,FLEXION,1.000000,3,FLEXION,1.000000,3,FLEXION,1.000000,3,FLEXION,1.000000,0.00000242,0.00000251,0.00000289,0.99781407,0.00217810
flexion_04,3,FLEXION,4,active,35,3.707145,3,FLEXION,3,FLEXION,0.999935,0.437167,1750,1850,3,FLEXION,1.000000,3,FLEXION,1.000000,3,FLEXION,1.000000,3,FLEXION,1.000000,0.00000000,0.00000000,0.00000000,0.99993497,0.00006502
flexion_04,3,FLEXION,4,active,36,3.807348,3,FLEXION,3,FLEXION,0.999834,0.414831,1800,1900,3,FLEXION,1.000000,3,FLEXION,1.000000,3,FLEXION,1.000000,3,FLEXION,1.000000,0.00000001,0.00000001,0.00000002,0.99983382,0.00016613
flexion_04,3,FLEXION,4,active,37,3.907427,3,FLEXION,3,FLEXION,0.999820,0.353592,1850,1950,3,FLEXION,1.000000,3,FLEXION,1.000000,3,FLEXION,1.000000,3,FLEXION,1.000000,0.00000004,0.00000004,0.00000004,0.99982005,0.00017983
flexion_04,3,FLEXION,4,active,38,4.009026,3,FLEXION,3,FLEXION,0.999738,0.380149,1900,2000,3,FLEXION,1.000000,3,FLEXION,1.000000,3,FLEXION,1.000000,3,FLEXION,1.000000,0.00025188,0.00000343,0.00000487,0.99973780,0.00000202
flexion_04,3,FLEXION,4,active,39,4.108113,3,FLEXION,3,FLEXION,0.999640,0.357234,1950,2050,3,FLEXION,1.000000,3,FLEXION,1.000000,3,FLEXION,1.000000,3,FLEXION,1.000000,0.00000007,0.00000007,0.00000008,0.99963976,0.00036003
flexion_04,3,FLEXION,4,active,40,4.208109,3,FLEXION,3,FLEXION,0.998465,0.295421,2000,2100,3,FLEXION,1.000000,3,FLEXION,1.000000,3,FLEXION,1.000000,3,FLEXION,1.000000,0.00000122,0.00000128,0.00000147,0.99846483,0.00153120
flexion_05,3,FLEXION,5,countdown,0,0.200768,0,REST,0,REST,0.445114,0.000000,0,100,0,REST,0.000000,0,REST,0.000000,0,REST,0.000000,0,REST,0.000000,0.44511397,0.11112482,0.16792286,0.18778835,0.08805001
flexion_05,3,FLEXION,5,countdown,1,0.301187,4,EXTENSION,0,REST,0.670584,0.000000,50,150,0,REST,0.000000,0,REST,0.000000,0,REST,0.000000,0,REST,0.000000,0.18769005,0.02075529,0.10770221,0.01326883,0.67058361
flexion_05,3,FLEXION,5,countdown,2,0.401027,0,REST,0,REST,0.754570,0.000000,100,200,0,REST,0.000000,0,REST,0.666667,0,REST,0.000000,0,REST,0.000000,0.75457026,0.06179060,0.08203877,0.02075866,0.08084171
flexion_05,3,FLEXION,5,countdown,3,0.500753,0,REST,0,REST,0.958945,0.000000,150,250,0,REST,1.000000,0,REST,0.666667,0,REST,0.750000,0,REST,0.600000,0.95894509,0.00872527,0.02305415,0.00283747,0.00643802
flexion_05,3,FLEXION,5,countdown,4,0.601764,0,REST,0,REST,0.953311,0.000000,200,300,0,REST,1.000000,0,REST,1.000000,0,REST,0.750000,0,REST,0.800000,0.95331079,0.00785708,0.03044359,0.00338835,0.00500020
flexion_05,3,FLEXION,5,countdown,5,0.701113,0,REST,0,REST,0.890011,0.000000,250,350,0,REST,1.000000,0,REST,1.000000,0,REST,1.000000,0,REST,0.800000,0.89001088,0.01340353,0.07147944,0.00871233,0.01639383
flexion_05,3,FLEXION,5,countdown,6,0.801745,0,REST,0,REST,0.801150,0.000000,300,400,0,REST,1.000000,0,REST,1.000000,0,REST,1.000000,0,REST,1.000000,0.80115005,0.02703830,0.14177524,0.01079745,0.01923895
flexion_05,3,FLEXION,5,countdown,7,0.901701,0,REST,0,REST,0.624518,0.000000,350,450,0,REST,1.000000,0,REST,1.000000,0,REST,1.000000,0,REST,1.000000,0.62451799,0.17677654,0.16558317,0.01724279,0.01587950
flexion_05,3,FLEXION,5,countdown,8,1.002700,0,REST,0,REST,0.728729,0.000000,400,500,0,REST,1.000000,0,REST,1.000000,0,REST,1.000000,0,REST,1.000000,0.72872882,0.22336398,0.00556879,0.03187583,0.01046259
flexion_05,3,FLEXION,5,countdown,9,1.102716,0,REST,0,REST,0.814755,0.000000,450,550,0,REST,1.000000,0,REST,1.000000,0,REST,1.000000,0,REST,1.000000,0.81475514,0.14578702,0.00366714,0.03147292,0.00431778
flexion_05,3,FLEXION,5,countdown,10,1.202292,0,REST,0,REST,0.934784,0.000000,500,600,0,REST,1.000000,0,REST,1.000000,0,REST,1.000000,0,REST,1.000000,0.93478423,0.04976730,0.00266473,0.01029405,0.00248969
flexion_05,3,FLEXION,5,countdown,11,1.303211,0,REST,0,REST,0.975743,0.000000,550,650,0,REST,1.000000,0,REST,1.000000,0,REST,1.000000,0,REST,1.000000,0.97574319,0.01770807,0.00111416,0.00201105,0.00342353
flexion_05,3,FLEXION,5,countdown,12,1.402461,0,REST,0,REST,0.984223,0.000000,600,700,0,REST,1.000000,0,REST,1.000000,0,REST,1.000000,0,REST,1.000000,0.98422330,0.00647787,0.00241911,0.00350736,0.00337236
flexion_05,3,FLEXION,5,countdown,13,1.502665,0,REST,0,REST,0.986848,0.000000,650,750,0,REST,1.000000,0,REST,1.000000,0,REST,1.000000,0,REST,1.000000,0.98684781,0.00305006,0.00545224,0.00192932,0.00272057
flexion_05,3,FLEXION,5,countdown,14,1.604578,0,REST,0,REST,0.971266,0.000000,700,800,0,REST,1.000000,0,REST,1.000000,0,REST,1.000000,0,REST,1.000000,0.97126605,0.01761361,0.00687487,0.00213809,0.00210738
flexion_05,3,FLEXION,5,countdown,15,1.703523,0,REST,0,REST,0.981381,0.000000,750,850,0,REST,1.000000,0,REST,1.000000,0,REST,1.000000,0,REST,1.000000,0.98138106,0.00968550,0.00593347,0.00097824,0.00202173
flexion_05,3,FLEXION,5,countdown,16,1.804318,0,REST,0,REST,0.989053,0.000000,800,900,0,REST,1.000000,0,REST,1.000000,0,REST,1.000000,0,REST,1.000000,0.98905347,0.00593382,0.00199618,0.00161313,0.00140340
flexion_05,3,FLEXION,5,countdown,17,1.905741,0,REST,0,REST,0.928752,0.000000,850,950,0,REST,1.000000,0,REST,1.000000,0,REST,1.000000,0,REST,1.000000,0.92875224,0.05196377,0.00656126,0.01002425,0.00269847
flexion_05,3,FLEXION,5,countdown,18,2.004556,0,REST,0,REST,0.924423,0.000000,900,1000,0,REST,1.000000,0,REST,1.000000,0,REST,1.000000,0,REST,1.000000,0.92442277,0.05581879,0.01159624,0.00566025,0.00250195
flexion_05,3,FLEXION,5,countdown,19,2.107645,0,REST,0,REST,0.966555,0.000000,950,1050,0,REST,1.000000,0,REST,1.000000,0,REST,1.000000,0,REST,1.000000,0.96655521,0.02698965,0.00257892,0.00234719,0.00152903
flexion_05,3,FLEXION,5,countdown,20,2.204697,0,REST,0,REST,0.989519,0.000000,1000,1100,0,REST,1.000000,0,REST,1.000000,0,REST,1.000000,0,REST,1.000000,0.98951898,0.00384708,0.00262687,0.00089142,0.00311566
flexion_05,3,FLEXION,5,countdown,21,2.308607,0,REST,0,REST,0.991722,0.000000,1050,1150,0,REST,1.000000,0,REST,1.000000,0,REST,1.000000,0,REST,1.000000,0.99172198,0.00188677,0.00277774,0.00130666,0.00230684
flexion_05,3,FLEXION,5,countdown,22,2.404687,0,REST,0,REST,0.989245,0.000000,1100,1200,0,REST,1.000000,0,REST,1.000000,0,REST,1.000000,0,REST,1.000000,0.98924512,0.00166852,0.00575056,0.00129386,0.00204194
flexion_05,3,FLEXION,5,countdown,23,2.504790,0,REST,0,REST,0.996068,0.000000,1150,1250,0,REST,1.000000,0,REST,1.000000,0,REST,1.000000,0,REST,1.000000,0.99606825,0.00028889,0.00225775,0.00035111,0.00103400
flexion_05,3,FLEXION,5,countdown,24,2.605698,0,REST,0,REST,0.995462,0.000000,1200,1300,0,REST,1.000000,0,REST,1.000000,0,REST,1.000000,0,REST,1.000000,0.99546200,0.00098849,0.00197392,0.00033079,0.00124480
flexion_05,3,FLEXION,5,countdown,25,2.705952,0,REST,0,REST,0.989883,0.000000,1250,1350,0,REST,1.000000,0,REST,1.000000,0,REST,1.000000,0,REST,1.000000,0.98988305,0.00204544,0.00531283,0.00061385,0.00214482
flexion_05,3,FLEXION,5,countdown,26,2.805710,0,REST,0,REST,0.993406,0.000000,1300,1400,0,REST,1.000000,0,REST,1.000000,0,REST,1.000000,0,REST,1.000000,0.99340626,0.00145862,0.00316735,0.00063350,0.00133427
flexion_05,3,FLEXION,5,countdown,27,2.907585,0,REST,0,REST,0.986229,0.000000,1350,1450,0,REST,1.000000,0,REST,1.000000,0,REST,1.000000,0,REST,1.000000,0.98622877,0.00885860,0.00303139,0.00088100,0.00100024
flexion_05,3,FLEXION,5,active,28,3.006349,0,REST,0,REST,0.962726,0.000000,1400,1500,0,REST,1.000000,0,REST,1.000000,0,REST,1.000000,0,REST,1.000000,0.96272600,0.02810132,0.00536940,0.00135331,0.00244996
flexion_05,3,FLEXION,5,active,29,3.106741,0,REST,0,REST,0.498129,0.000000,1450,1550,0,REST,1.000000,0,REST,1.000000,0,REST,1.000000,0,REST,1.000000,0.49812882,0.19149925,0.23983812,0.01243915,0.05809466
flexion_05,3,FLEXION,5,active,30,3.207081,3,FLEXION,0,REST,0.859658,0.000000,1500,1600,0,REST,0.000000,0,REST,0.666667,0,REST,0.750000,0,REST,0.800000,0.04018010,0.01897946,0.01268074,0.85965768,0.06850202
flexion_05,3,FLEXION,5,active,31,3.308612,3,FLEXION,0,REST,0.956441,0.000000,1550,1650,3,FLEXION,1.000000,3,FLEXION,0.666667,0,REST,0.000000,0,REST,0.600000,0.00000436,0.00000388,0.00002829,0.95644124,0.04352223
flexion_05,3,FLEXION,5,active,32,3.406640,3,FLEXION,3,FLEXION,0.982916,0.315902,1600,1700,3,FLEXION,1.000000,3,FLEXION,1.000000,3,FLEXION,0.750000,3,FLEXION,0.600000,0.00013556,0.00014572,0.00016346,0.98291642,0.01663884
flexion_05,3,FLEXION,5,active,33,3.507788,3,FLEXION,3,FLEXION,0.990240,0.182460,1650,1750,3,FLEXION,1.000000,3,FLEXION,1.000000,3,FLEXION,1.000000,3,FLEXION,0.800000,0.00004601,0.00004997,0.00005597,0.99024001,0.00960805
flexion_05,3,FLEXION,5,active,34,3.607694,3,FLEXION,3,FLEXION,0.950907,0.117758,1700,1800,3,FLEXION,1.000000,3,FLEXION,1.000000,3,FLEXION,1.000000,3,FLEXION,1.000000,0.00093494,0.00004690,0.00117226,0.95090708,0.04693882
flexion_05,3,FLEXION,5,active,35,3.707292,3,FLEXION,3,FLEXION,0.980380,0.093923,1750,1850,3,FLEXION,1.000000,3,FLEXION,1.000000,3,FLEXION,1.000000,3,FLEXION,1.000000,0.00122538,0.00013282,0.00077902,0.98037994,0.01748285
flexion_05,3,FLEXION,5,active,36,3.808369,3,FLEXION,3,FLEXION,0.980508,0.070698,1800,1900,3,FLEXION,1.000000,3,FLEXION,1.000000,3,FLEXION,1.000000,3,FLEXION,1.000000,0.00163124,0.00014951,0.00056193,0.98050813,0.01714919
flexion_05,3,FLEXION,5,active,37,3.907723,3,FLEXION,3,FLEXION,0.841898,0.089648,1850,1950,3,FLEXION,1.000000,3,FLEXION,1.000000,3,FLEXION,1.000000,3,FLEXION,1.000000,0.00018408,0.00219480,0.00597373,0.84189804,0.14974936
flexion_05,3,FLEXION,5,active,38,4.008733,3,FLEXION,3,FLEXION,0.991991,0.121258,1900,2000,3,FLEXION,1.000000,3,FLEXION,1.000000,3,FLEXION,1.000000,3,FLEXION,1.000000,0.00028457,0.00023103,0.00021360,0.99199112,0.00727968
flexion_05,3,FLEXION,5,active,39,4.114960,3,FLEXION,3,FLEXION,0.977912,0.104387,1950,2050,3,FLEXION,1.000000,3,FLEXION,1.000000,3,FLEXION,1.000000,3,FLEXION,1.000000,0.01194555,0.00146062,0.00089319,0.97791217,0.00778847
flexion_05,3,FLEXION,5,active,40,4.209174,4,EXTENSION,3,FLEXION,0.613299,0.045059,2000,2100,0,REST,0.000000,3,FLEXION,0.666667,3,FLEXION,0.750000,3,FLEXION,0.800000,0.00340704,0.00065529,0.04035614,0.34228213,0.61329940
flexion_05,3,FLEXION,5,active,41,4.308707,3,FLEXION,3,FLEXION,0.860420,0.038936,2050,2150,0,REST,0.000000,3,FLEXION,0.666667,3,FLEXION,0.750000,3,FLEXION,0.800000,0.01058494,0.00092905,0.05137318,0.86042023,0.07669261
flexion_05,3,FLEXION,5,active,42,4.408865,3,FLEXION,3,FLEXION,0.975082,0.099274,2100,2200,3,FLEXION,1.000000,3,FLEXION,0.666667,3,FLEXION,0.750000,3,FLEXION,0.800000,0.01673457,0.00150870,0.00218333,0.97508204,0.00449136
flexion_05,3,FLEXION,5,active,43,4.509693,3,FLEXION,3,FLEXION,0.984797,0.149243,2150,2250,3,FLEXION,1.000000,3,FLEXION,1.000000,3,FLEXION,0.750000,3,FLEXION,0.800000,0.00366865,0.00675791,0.00089409,0.98479703,0.00388232
flexion_05,3,FLEXION,5,active,44,4.609701,3,FLEXION,3,FLEXION,0.935079,0.103105,2200,2300,3,FLEXION,1.000000,3,FLEXION,1.000000,3,FLEXION,1.000000,3,FLEXION,0.800000,0.00920562,0.02235421,0.00470897,0.93507905,0.02865216
flexion_05,3,FLEXION,5,active,45,4.709685,4,EXTENSION,3,FLEXION,0.710258,0.056734,2250,2350,0,REST,0.000000,3,FLEXION,0.666667,3,FLEXION,0.750000,3,FLEXION,0.800000,0.00395599,0.00206931,0.03246218,0.25125449,0.71025803
flexion_05,3,FLEXION,5,active,46,4.809618,3,FLEXION,3,FLEXION,0.931789,0.073857,2300,2400,0,REST,0.000000,3,FLEXION,0.666667,3,FLEXION,0.750000,3,FLEXION,0.800000,0.00044760,0.00046946,0.00132558,0.93178911,0.06596825
flexion_05,3,FLEXION,5,active,47,4.910017,3,FLEXION,3,FLEXION,0.960946,0.052354,2350,2450,3,FLEXION,1.000000,3,FLEXION,0.666667,3,FLEXION,0.750000,3,FLEXION,0.800000,0.00204452,0.00104686,0.01447186,0.96094568,0.02149108
flexion_05,3,FLEXION,5,active,48,5.010209,3,FLEXION,3,FLEXION,0.875672,0.064226,2400,2500,3,FLEXION,1.000000,3,FLEXION,1.000000,3,FLEXION,0.750000,3,FLEXION,0.800000,0.02685325,0.01243380,0.05115079,0.87567192,0.03389023
flexion_05,3,FLEXION,5,active,49,5.110724,0,REST,3,FLEXION,0.514242,0.089346,2450,2550,0,REST,0.000000,3,FLEXION,0.666667,3,FLEXION,0.750000,3,FLEXION,0.600000,0.00725423,0.03969617,0.03605257,0.40275501,0.51424202
flexion_05,3,FLEXION,5,active,50,5.211277,0,REST,3,FLEXION,0.516820,0.061573,2500,2600,0,REST,1.000000,0,REST,0.666667,0,REST,0.000000,3,FLEXION,0.600000,0.01473687,0.05610786,0.10496019,0.30737472,0.51682036
flexion_05,3,FLEXION,5,active,51,5.310752,3,FLEXION,3,FLEXION,0.800144,0.062453,2550,2650,0,REST,0.000000,0,REST,0.666667,0,REST,0.000000,3,FLEXION,0.600000,0.04387304,0.00936780,0.04614827,0.80014357,0.10046731
flexion_05,3,FLEXION,5,active,52,5.416682,3,FLEXION,3,FLEXION,0.939792,0.062195,2600,2700,3,FLEXION,1.000000,3,FLEXION,0.666667,0,REST,0.000000,3,FLEXION,0.600000,0.02017421,0.00185977,0.01189966,0.93979220,0.02627416
flexion_05,3,FLEXION,5,active,53,5.511622,3,FLEXION,3,FLEXION,0.985166,0.089862,2650,2750,3,FLEXION,1.000000,3,FLEXION,1.000000,3,FLEXION,0.750000,3,FLEXION,0.600000,0.00702293,0.00029529,0.00115372,0.98516616,0.00636189
flexion_05,3,FLEXION,5,active,54,5.611243,3,FLEXION,3,FLEXION,0.846012,0.074035,2700,2800,3,FLEXION,1.000000,3,FLEXION,1.000000,3,FLEXION,1.000000,3,FLEXION,0.800000,0.00309246,0.00043073,0.01331342,0.84601203,0.13715136
flexion_05,3,FLEXION,5,active,55,5.712106,0,REST,3,FLEXION,0.371361,0.014400,2750,2850,0,REST,0.000000,3,FLEXION,0.666667,3,FLEXION,0.750000,3,FLEXION,0.800000,0.01088977,0.03823810,0.32000018,0.37136070,0.25951125
flexion_05,3,FLEXION,5,active,56,5.811622,3,FLEXION,3,FLEXION,0.644591,0.042129,2800,2900,0,REST,0.000000,3,FLEXION,0.666667,3,FLEXION,0.750000,3,FLEXION,0.800000,0.00926925,0.00595140,0.17308135,0.64459064,0.16710736
flexion_05,3,FLEXION,5,active,57,5.912380,3,FLEXION,3,FLEXION,0.869910,0.091221,2850,2950,3,FLEXION,1.000000,3,FLEXION,0.666667,3,FLEXION,0.750000,3,FLEXION,0.800000,0.00082392,0.00040296,0.00563186,0.86991000,0.12323125
flexion_05,3,FLEXION,5,active,58,6.012735,3,FLEXION,3,FLEXION,0.992024,0.075612,2900,3000,3,FLEXION,1.000000,3,FLEXION,1.000000,3,FLEXION,0.750000,3,FLEXION,0.800000,0.00028704,0.00107991,0.00038398,0.99202384,0.00622524
flexion_05,3,FLEXION,5,active,59,6.112738,3,FLEXION,3,FLEXION,0.813128,0.066192,2950,3050,3,FLEXION,1.000000,3,FLEXION,1.000000,3,FLEXION,1.000000,3,FLEXION,0.800000,0.00290753,0.00905857,0.00588325,0.81312815,0.16902250
flexion_05,3,FLEXION,5,active,60,6.218869,3,FLEXION,3,FLEXION,0.744915,0.085568,3000,3100,3,FLEXION,1.000000,3,FLEXION,1.000000,3,FLEXION,1.000000,3,FLEXION,1.000000,0.00304979,0.01380746,0.05458553,0.74491465,0.18364257
flexion_05,3,FLEXION,5,active,61,6.313617,3,FLEXION,3,FLEXION,0.905784,0.088252,3050,3150,3,FLEXION,1.000000,3,FLEXION,1.000000,3,FLEXION,1.000000,3,FLEXION,1.000000,0.00068781,0.00081308,0.00148301,0.90578386,0.09123224
flexion_05,3,FLEXION,5,active,62,6.413526,3,FLEXION,3,FLEXION,0.943796,0.114146,3100,3200,3,FLEXION,1.000000,3,FLEXION,1.000000,3,FLEXION,1.000000,3,FLEXION,1.000000,0.00290369,0.00224831,0.00087220,0.94379573,0.05018007
flexion_05,3,FLEXION,5,active,63,6.513623,3,FLEXION,3,FLEXION,0.886451,0.084057,3150,3250,3,FLEXION,1.000000,3,FLEXION,1.000000,3,FLEXION,1.000000,3,FLEXION,1.000000,0.00625653,0.00210285,0.00399918,0.88645113,0.10119031
flexion_05,3,FLEXION,5,active,64,6.614627,3,FLEXION,3,FLEXION,0.971880,0.069688,3200,3300,3,FLEXION,1.000000,3,FLEXION,1.000000,3,FLEXION,1.000000,3,FLEXION,1.000000,0.00078764,0.00003520,0.00187906,0.97187970,0.02541840
flexion_05,3,FLEXION,5,active,65,6.714310,3,FLEXION,3,FLEXION,0.983979,0.122423,3250,3350,3,FLEXION,1.000000,3,FLEXION,1.000000,3,FLEXION,1.000000,3,FLEXION,1.000000,0.00008936,0.00002458,0.00169518,0.98397891,0.01421197
flexion_05,3,FLEXION,5,active,66,6.814309,3,FLEXION,3,FLEXION,0.928746,0.132124,3300,3400,3,FLEXION,1.000000,3,FLEXION,1.000000,3,FLEXION,1.000000,3,FLEXION,1.000000,0.00033578,0.00180915,0.00150776,0.92874625,0.06760107
flexion_05,3,FLEXION,5,active,67,6.914489,3,FLEXION,3,FLEXION,0.959708,0.106228,3350,3450,3,FLEXION,1.000000,3,FLEXION,1.000000,3,FLEXION,1.000000,3,FLEXION,1.000000,0.00144855,0.00471365,0.00198651,0.95970824,0.03214305
extension_01,4,EXTENSION,1,countdown,0,0.199697,0,REST,0,REST,0.462599,0.000000,0,100,0,REST,0.000000,0,REST,0.000000,0,REST,0.000000,0,REST,0.000000,0.46259935,0.11130689,0.17758357,0.17137582,0.07713437
extension_01,4,EXTENSION,1,countdown,1,0.300362,0,REST,0,REST,0.451344,0.000000,50,150,0,REST,1.000000,0,REST,0.666667,0,REST,0.000000,0,REST,0.000000,0.45134434,0.03299913,0.13483698,0.01764779,0.36317177
extension_01,4,EXTENSION,1,countdown,2,0.400571,0,REST,0,REST,0.959504,0.000000,100,200,0,REST,1.000000,0,REST,1.000000,0,REST,0.750000,0,REST,0.600000,0.95950448,0.00933655,0.01356885,0.00451041,0.01307970
extension_01,4,EXTENSION,1,countdown,3,0.500320,0,REST,0,REST,0.992271,0.000000,150,250,0,REST,1.000000,0,REST,1.000000,0,REST,1.000000,0,REST,0.800000,0.99227064,0.00075952,0.00490997,0.00072058,0.00133930
extension_01,4,EXTENSION,1,countdown,4,0.601162,0,REST,0,REST,0.993052,0.000000,200,300,0,REST,1.000000,0,REST,1.000000,0,REST,1.000000,0,REST,1.000000,0.99305158,0.00019856,0.00583178,0.00029741,0.00062066
extension_01,4,EXTENSION,1,countdown,5,0.701450,0,REST,0,REST,0.992400,0.000000,250,350,0,REST,1.000000,0,REST,1.000000,0,REST,1.000000,0,REST,1.000000,0.99240004,0.00010806,0.00681209,0.00019468,0.00048513
extension_01,4,EXTENSION,1,countdown,6,0.800777,0,REST,0,REST,0.988126,0.000000,300,400,0,REST,1.000000,0,REST,1.000000,0,REST,1.000000,0,REST,1.000000,0.98812610,0.00013549,0.01096050,0.00023292,0.00054499
extension_01,4,EXTENSION,1,countdown,7,0.902156,0,REST,0,REST,0.984485,0.000000,350,450,0,REST,1.000000,0,REST,1.000000,0,REST,1.000000,0,REST,1.000000,0.98448516,0.00022411,0.01413144,0.00043564,0.00072365
extension_01,4,EXTENSION,1,countdown,8,1.001532,0,REST,0,REST,0.972546,0.000000,400,500,0,REST,1.000000,0,REST,1.000000,0,REST,1.000000,0,REST,1.000000,0.97254645,0.00247810,0.02148449,0.00208543,0.00140552
extension_01,4,EXTENSION,1,countdown,9,1.101649,0,REST,0,REST,0.808699,0.000000,450,550,0,REST,1.000000,0,REST,1.000000,0,REST,1.000000,0,REST,1.000000,0.80869950,0.15657371,0.01652662,0.01399687,0.00420330
extension_01,4,EXTENSION,1,countdown,10,1.201791,0,REST,0,REST,0.948218,0.000000,500,600,0,REST,1.000000,0,REST,1.000000,0,REST,1.000000,0,REST,1.000000,0.94821845,0.03399142,0.00424238,0.00703467,0.00651309
extension_01,4,EXTENSION,1,countdown,11,1.302322,0,REST,0,REST,0.944705,0.000000,550,650,0,REST,1.000000,0,REST,1.000000,0,REST,1.000000,0,REST,1.000000,0.94470508,0.00750344,0.01484070,0.00789725,0.02505352
extension_01,4,EXTENSION,1,countdown,12,1.402567,0,REST,0,REST,0.986330,0.000000,600,700,0,REST,1.000000,0,REST,1.000000,0,REST,1.000000,0,REST,1.000000,0.98633001,0.00501015,0.00166985,0.00127519,0.00571479
extension_01,4,EXTENSION,1,countdown,13,1.502516,0,REST,0,REST,0.997801,0.000000,650,750,0,REST,1.000000,0,REST,1.000000,0,REST,1.000000,0,REST,1.000000,0.99780077,0.00044232,0.00085290,0.00027485,0.00062916
extension_01,4,EXTENSION,1,countdown,14,1.603517,0,REST,0,REST,0.984796,0.000000,700,800,0,REST,1.000000,0,REST,1.000000,0,REST,1.000000,0,REST,1.000000,0.98479583,0.01144839,0.00119062,0.00165133,0.00091383
extension_01,4,EXTENSION,1,countdown,15,1.702832,0,REST,0,REST,0.992044,0.000000,750,850,0,REST,1.000000,0,REST,1.000000,0,REST,1.000000,0,REST,1.000000,0.99204429,0.00521336,0.00118231,0.00082024,0.00073980
extension_01,4,EXTENSION,1,countdown,16,1.804104,0,REST,0,REST,0.998270,0.000000,800,900,0,REST,1.000000,0,REST,1.000000,0,REST,1.000000,0,REST,1.000000,0.99827004,0.00027191,0.00053495,0.00023968,0.00068343
extension_01,4,EXTENSION,1,countdown,17,1.907188,0,REST,0,REST,0.982912,0.000000,850,950,0,REST,1.000000,0,REST,1.000000,0,REST,1.000000,0,REST,1.000000,0.98291166,0.00951485,0.00160974,0.00294980,0.00301395
extension_01,4,EXTENSION,1,countdown,18,2.004422,0,REST,0,REST,0.993103,0.000000,900,1000,0,REST,1.000000,0,REST,1.000000,0,REST,1.000000,0,REST,1.000000,0.99310278,0.00245008,0.00069235,0.00192863,0.00182616
extension_01,4,EXTENSION,1,countdown,19,2.104524,0,REST,0,REST,0.998857,0.000000,950,1050,0,REST,1.000000,0,REST,1.000000,0,REST,1.000000,0,REST,1.000000,0.99885674,0.00038948,0.00030989,0.00015884,0.00028504
extension_01,4,EXTENSION,1,countdown,20,2.203878,0,REST,0,REST,0.999154,0.000000,1000,1100,0,REST,1.000000,0,REST,1.000000,0,REST,1.000000,0,REST,1.000000,0.99915354,0.00017623,0.00014925,0.00014293,0.00037804
extension_01,4,EXTENSION,1,countdown,21,2.304131,0,REST,0,REST,0.998562,0.000000,1050,1150,0,REST,1.000000,0,REST,1.000000,0,REST,1.000000,0,REST,1.000000,0.99856151,0.00028803,0.00034534,0.00027458,0.00053054
extension_01,4,EXTENSION,1,countdown,22,2.405286,0,REST,0,REST,0.997781,0.000000,1100,1200,0,REST,1.000000,0,REST,1.000000,0,REST,1.000000,0,REST,1.000000,0.99778145,0.00063242,0.00058979,0.00019837,0.00079797
extension_01,4,EXTENSION,1,countdown,23,2.511624,0,REST,0,REST,0.991603,0.000000,1150,1250,0,REST,1.000000,0,REST,1.000000,0,REST,1.000000,0,REST,1.000000,0.99160289,0.00418971,0.00061645,0.00200513,0.00158582
extension_01,4,EXTENSION,1,countdown,24,2.605510,0,REST,0,REST,0.992441,0.000000,1200,1300,0,REST,1.000000,0,REST,1.000000,0,REST,1.000000,0,REST,1.000000,0.99244136,0.00306363,0.00057508,0.00319335,0.00072658
extension_01,4,EXTENSION,1,countdown,25,2.705423,0,REST,0,REST,0.994651,0.000000,1250,1350,0,REST,1.000000,0,REST,1.000000,0,REST,1.000000,0,REST,1.000000,0.99465119,0.00162707,0.00083969,0.00215081,0.00073124
extension_01,4,EXTENSION,1,countdown,26,2.810414,0,REST,0,REST,0.993376,0.000000,1300,1400,0,REST,1.000000,0,REST,1.000000,0,REST,1.000000,0,REST,1.000000,0.99337586,0.00162839,0.00113108,0.00302496,0.00083972
extension_01,4,EXTENSION,1,countdown,27,2.907159,0,REST,0,REST,0.992135,0.000000,1350,1450,0,REST,1.000000,0,REST,1.000000,0,REST,1.000000,0,REST,1.000000,0.99213506,0.00250054,0.00316627,0.00109333,0.00110479
extension_01,4,EXTENSION,1,active,28,3.005488,0,REST,0,REST,0.964657,0.000000,1400,1500,0,REST,1.000000,0,REST,1.000000,0,REST,1.000000,0,REST,1.000000,0.96465663,0.01620490,0.01178650,0.00233520,0.00501677
extension_01,4,EXTENSION,1,active,29,3.105785,2,OPEN,0,REST,0.636410,0.000000,1450,1550,0,REST,0.000000,0,REST,0.666667,0,REST,0.750000,0,REST,0.800000,0.02419709,0.18285206,0.63640983,0.06268286,0.09385815
extension_01,4,EXTENSION,1,active,30,3.206153,4,EXTENSION,0,REST,0.938706,0.000000,1500,1600,0,REST,0.000000,0,REST,0.000000,0,REST,0.000000,0,REST,0.600000,0.00031051,0.00203484,0.03990517,0.01904322,0.93870627
extension_01,4,EXTENSION,1,active,31,3.306680,4,EXTENSION,0,REST,0.958584,0.000000,1550,1650,4,EXTENSION,1.000000,4,EXTENSION,0.666667,0,REST,0.000000,0,REST,0.000000,0.00000058,0.00003632,0.00021666,0.04116216,0.95858429
extension_01,4,EXTENSION,1,active,32,3.406801,4,EXTENSION,4,EXTENSION,0.937383,0.611396,1600,1700,4,EXTENSION,1.000000,4,EXTENSION,1.000000,4,EXTENSION,0.750000,4,EXTENSION,0.600000,0.00000254,0.00001894,0.00001365,0.06258225,0.93738262
extension_01,4,EXTENSION,1,active,33,3.507549,4,EXTENSION,4,EXTENSION,0.699443,0.506624,1650,1750,4,EXTENSION,1.000000,4,EXTENSION,1.000000,4,EXTENSION,1.000000,4,EXTENSION,0.800000,0.00013696,0.00018060,0.00029909,0.29994054,0.69944281
extension_01,4,EXTENSION,1,active,34,3.607648,0,REST,4,EXTENSION,0.516314,0.336796,1700,1800,0,REST,0.000000,4,EXTENSION,0.666667,4,EXTENSION,0.750000,4,EXTENSION,0.800000,0.00010681,0.00099463,0.00722348,0.47536134,0.51631374
extension_01,4,EXTENSION,1,active,35,3.707654,4,EXTENSION,4,EXTENSION,0.916524,0.229132,1750,1850,0,REST,0.000000,4,EXTENSION,0.666667,4,EXTENSION,0.750000,4,EXTENSION,0.800000,0.00019087,0.00498241,0.02010096,0.05820224,0.91652351
extension_01,4,EXTENSION,1,active,36,3.808211,4,EXTENSION,4,EXTENSION,0.813964,0.342444,1800,1900,4,EXTENSION,1.000000,4,EXTENSION,0.666667,4,EXTENSION,0.750000,4,EXTENSION,0.800000,0.00007973,0.00033401,0.00156746,0.18405489,0.81396391
extension_01,4,EXTENSION,1,active,37,3.908153,4,EXTENSION,4,EXTENSION,0.832508,0.382552,1850,1950,4,EXTENSION,1.000000,4,EXTENSION,1.000000,4,EXTENSION,0.750000,4,EXTENSION,0.800000,0.00005416,0.00020967,0.00034560,0.16688213,0.83250843
extension_01,4,EXTENSION,1,active,38,4.008492,4,EXTENSION,4,EXTENSION,0.890664,0.319810,1900,2000,4,EXTENSION,1.000000,4,EXTENSION,1.000000,4,EXTENSION,1.000000,4,EXTENSION,0.800000,0.00001864,0.00013425,0.00079511,0.10838827,0.89066374
extension_01,4,EXTENSION,1,active,39,4.108485,4,EXTENSION,4,EXTENSION,0.898097,0.321633,1950,2050,4,EXTENSION,1.000000,4,EXTENSION,1.000000,4,EXTENSION,1.000000,4,EXTENSION,1.000000,0.00001712,0.00057727,0.00140199,0.09990701,0.89809661
extension_01,4,EXTENSION,1,active,40,4.208463,4,EXTENSION,4,EXTENSION,0.976591,0.263925,2000,2100,4,EXTENSION,1.000000,4,EXTENSION,1.000000,4,EXTENSION,1.000000,4,EXTENSION,1.000000,0.00003686,0.00894983,0.00422906,0.01019313,0.97659112
extension_01,4,EXTENSION,1,active,41,4.308689,4,EXTENSION,4,EXTENSION,0.989879,0.333946,2050,2150,4,EXTENSION,1.000000,4,EXTENSION,1.000000,4,EXTENSION,1.000000,4,EXTENSION,1.000000,0.00001555,0.00222503,0.00490267,0.00297768,0.98987907
extension_01,4,EXTENSION,1,active,42,4.409184,4,EXTENSION,4,EXTENSION,0.924389,0.284777,2100,2200,4,EXTENSION,1.000000,4,EXTENSION,1.000000,4,EXTENSION,1.000000,4,EXTENSION,1.000000,0.00007779,0.02512756,0.00763154,0.04277367,0.92438944
extension_01,4,EXTENSION,1,active,43,4.508926,4,EXTENSION,4,EXTENSION,0.973409,0.197634,2150,2250,4,EXTENSION,1.000000,4,EXTENSION,1.000000,4,EXTENSION,1.000000,4,EXTENSION,1.000000,0.00005463,0.00529757,0.00620783,0.01503086,0.97340911
extension_01,4,EXTENSION,1,active,44,4.609545,4,EXTENSION,4,EXTENSION,0.968168,0.147439,2200,2300,4,EXTENSION,1.000000,4,EXTENSION,1.000000,4,EXTENSION,1.000000,4,EXTENSION,1.000000,0.00054926,0.00086149,0.02074260,0.00967906,0.96816759
extension_01,4,EXTENSION,1,active,45,4.709666,4,EXTENSION,4,EXTENSION,0.918261,0.151617,2250,2350,4,EXTENSION,1.000000,4,EXTENSION,1.000000,4,EXTENSION,1.000000,4,EXTENSION,1.000000,0.00071851,0.01733312,0.04134380,0.02234322,0.91826135
extension_02,4,EXTENSION,2,countdown,0,0.197969,0,REST,0,REST,0.475621,0.000000,0,100,0,REST,0.000000,0,REST,0.000000,0,REST,0.000000,0,REST,0.000000,0.47562063,0.11435032,0.18000285,0.15258527,0.07744094
extension_02,4,EXTENSION,2,countdown,1,0.300430,0,REST,0,REST,0.599792,0.000000,50,150,0,REST,1.000000,0,REST,0.666667,0,REST,0.000000,0,REST,0.000000,0.59979249,0.03464442,0.11375905,0.01654204,0.23526199
extension_02,4,EXTENSION,2,countdown,2,0.400372,0,REST,0,REST,0.966854,0.000000,100,200,0,REST,1.000000,0,REST,1.000000,0,REST,0.750000,0,REST,0.600000,0.96685418,0.00845856,0.01131823,0.00393062,0.00943841
extension_02,4,EXTENSION,2,countdown,3,0.498695,0,REST,0,REST,0.992501,0.000000,150,250,0,REST,1.000000,0,REST,1.000000,0,REST,1.000000,0,REST,0.800000,0.99250144,0.00073476,0.00488655,0.00069739,0.00117986
extension_02,4,EXTENSION,2,countdown,4,0.598982,0,REST,0,REST,0.991588,0.000000,200,300,0,REST,1.000000,0,REST,1.000000,0,REST,1.000000,0,REST,1.000000,0.99158803,0.00028104,0.00691791,0.00049234,0.00072068
extension_02,4,EXTENSION,2,countdown,5,0.699129,0,REST,0,REST,0.986122,0.000000,250,350,0,REST,1.000000,0,REST,1.000000,0,REST,1.000000,0,REST,1.000000,0.98612194,0.00177376,0.01067177,0.00073519,0.00069733
extension_02,4,EXTENSION,2,countdown,6,0.799146,0,REST,0,REST,0.967064,0.000000,300,400,0,REST,1.000000,0,REST,1.000000,0,REST,1.000000,0,REST,1.000000,0.96706362,0.00849354,0.02224582,0.00098340,0.00121361
extension_02,4,EXTENSION,2,countdown,7,0.900393,0,REST,0,REST,0.970378,0.000000,350,450,0,REST,1.000000,0,REST,1.000000,0,REST,1.000000,0,REST,1.000000,0.97037793,0.01653159,0.01058797,0.00131597,0.00118654
extension_02,4,EXTENSION,2,countdown,8,1.002408,0,REST,0,REST,0.952161,0.000000,400,500,0,REST,1.000000,0,REST,1.000000,0,REST,1.000000,0,REST,1.000000,0.95216078,0.01340777,0.03082235,0.00147400,0.00213510
extension_02,4,EXTENSION,2,countdown,9,1.107727,0,REST,0,REST,0.908031,0.000000,450,550,0,REST,1.000000,0,REST,1.000000,0,REST,1.000000,0,REST,1.000000,0.90803058,0.07846881,0.00324784,0.00833324,0.00191954
extension_02,4,EXTENSION,2,countdown,10,1.200746,0,REST,0,REST,0.963298,0.000000,500,600,0,REST,1.000000,0,REST,1.000000,0,REST,1.000000,0,REST,1.000000,0.96329778,0.02393909,0.00098940,0.00996141,0.00181232
extension_02,4,EXTENSION,2,countdown,11,1.303214,0,REST,0,REST,0.870958,0.000000,550,650,0,REST,1.000000,0,REST,1.000000,0,REST,1.000000,0,REST,1.000000,0.87095796,0.07678405,0.00499617,0.04383526,0.00342655
extension_02,4,EXTENSION,2,countdown,12,1.400923,0,REST,0,REST,0.942491,0.000000,600,700,0,REST,1.000000,0,REST,1.000000,0,REST,1.000000,0,REST,1.000000,0.94249068,0.02527996,0.01398226,0.01535690,0.00289019
extension_02,4,EXTENSION,2,countdown,13,1.501004,0,REST,0,REST,0.974289,0.000000,650,750,0,REST,1.000000,0,REST,1.000000,0,REST,1.000000,0,REST,1.000000,0.97428943,0.01828806,0.00131201,0.00465031,0.00146020
extension_02,4,EXTENSION,2,countdown,14,1.601352,0,REST,0,REST,0.990917,0.000000,700,800,0,REST,1.000000,0,REST,1.000000,0,REST,1.000000,0,REST,1.000000,0.99091676,0.00694855,0.00044711,0.00070898,0.00097861
extension_02,4,EXTENSION,2,countdown,15,1.701255,0,REST,0,REST,0.970244,0.000000,750,850,0,REST,1.000000,0,REST,1.000000,0,REST,1.000000,0,REST,1.000000,0.97024425,0.02648021,0.00057134,0.00173295,0.00097125
extension_02,4,EXTENSION,2,countdown,16,1.801272,0,REST,0,REST,0.988839,0.000000,800,900,0,REST,1.000000,0,REST,1.000000,0,REST,1.000000,0,REST,1.000000,0.98883934,0.00612462,0.00113660,0.00214927,0.00175017
extension_02,4,EXTENSION,2,countdown,17,1.901432,0,REST,0,REST,0.993447,0.000000,850,950,0,REST,1.000000,0,REST,1.000000,0,REST,1.000000,0,REST,1.000000,0.99344707,0.00098260,0.00306723,0.00129945,0.00120366
extension_02,4,EXTENSION,2,countdown,18,2.001946,0,REST,0,REST,0.989966,0.000000,900,1000,0,REST,1.000000,0,REST,1.000000,0,REST,1.000000,0,REST,1.000000,0.98996638,0.00237346,0.00312550,0.00324924,0.00128542
extension_02,4,EXTENSION,2,countdown,19,2.102753,0,REST,0,REST,0.933198,0.000000,950,1050,0,REST,1.000000,0,REST,1.000000,0,REST,1.000000,0,REST,1.000000,0.93319780,0.05560850,0.00206889,0.00728582,0.00183899
extension_02,4,EXTENSION,2,countdown,20,2.202756,0,REST,0,REST,0.970046,0.000000,1000,1100,0,REST,1.000000,0,REST,1.000000,0,REST,1.000000,0,REST,1.000000,0.97004602,0.02367976,0.00203031,0.00150969,0.00273422
extension_02,4,EXTENSION,2,countdown,21,2.303078,0,REST,0,REST,0.988265,0.000000,1050,1150,0,REST,1.000000,0,REST,1.000000,0,REST,1.000000,0,REST,1.000000,0.98826452,0.00795341,0.00131078,0.00133424,0.00113705
extension_02,4,EXTENSION,2,countdown,22,2.402903,0,REST,0,REST,0.976188,0.000000,1100,1200,0,REST,1.000000,0,REST,1.000000,0,REST,1.000000,0,REST,1.000000,0.97618755,0.01929229,0.00133559,0.00192239,0.00126218
extension_02,4,EXTENSION,2,countdown,23,2.503659,0,REST,0,REST,0.963062,0.000000,1150,1250,0,REST,1.000000,0,REST,1.000000,0,REST,1.000000,0,REST,1.000000,0.96306226,0.03049481,0.00311812,0.00123125,0.00209356
extension_02,4,EXTENSION,2,countdown,24,2.603632,0,REST,0,REST,0.993855,0.000000,1200,1300,0,REST,1.000000,0,REST,1.000000,0,REST,1.000000,0,REST,1.000000,0.99385533,0.00294863,0.00151809,0.00063817,0.00103977
extension_02,4,EXTENSION,2,countdown,25,2.704212,0,REST,0,REST,0.985780,0.000000,1250,1350,0,REST,1.000000,0,REST,1.000000,0,REST,1.000000,0,REST,1.000000,0.98578047,0.00851574,0.00196337,0.00194405,0.00179636
extension_02,4,EXTENSION,2,countdown,26,2.803621,0,REST,0,REST,0.860069,0.000000,1300,1400,0,REST,1.000000,0,REST,1.000000,0,REST,1.000000,0,REST,1.000000,0.86006950,0.12478907,0.00608898,0.00405042,0.00500204
extension_02,4,EXTENSION,2,countdown,27,2.903533,0,REST,0,REST,0.813361,0.000000,1350,1450,0,REST,1.000000,0,REST,1.000000,0,REST,1.000000,0,REST,1.000000,0.81336127,0.16886943,0.00389284,0.01038640,0.00349006
extension_02,4,EXTENSION,2,active,28,3.004520,1,POWER,0,REST,0.920625,0.000000,1400,1500,0,REST,0.000000,0,REST,0.666667,0,REST,0.750000,0,REST,0.800000,0.02442663,0.92062457,0.01524476,0.01241255,0.02729148
extension_02,4,EXTENSION,2,active,29,3.104629,4,EXTENSION,0,REST,0.968920,0.000000,1450,1550,0,REST,0.000000,0,REST,0.000000,0,REST,0.000000,0,REST,0.600000,0.00021518,0.00139473,0.01134382,0.01812609,0.96892019
extension_02,4,EXTENSION,2,active,30,3.204581,4,EXTENSION,0,REST,0.986035,0.000000,1500,1600,4,EXTENSION,1.000000,4,EXTENSION,0.666667,0,REST,0.000000,0,REST,0.000000,0.00004206,0.00053727,0.00013962,0.01324620,0.98603485
extension_02,4,EXTENSION,2,active,31,3.304492,4,EXTENSION,4,EXTENSION,0.963394,1.000000,1550,1650,4,EXTENSION,1.000000,4,EXTENSION,1.000000,4,EXTENSION,0.750000,4,EXTENSION,0.600000,0.00000034,0.00021417,0.00001092,0.03638020,0.96339437
extension_02,4,EXTENSION,2,active,32,3.405184,4,EXTENSION,4,EXTENSION,0.935716,1.000000,1600,1700,4,EXTENSION,1.000000,4,EXTENSION,1.000000,4,EXTENSION,1.000000,4,EXTENSION,0.800000,0.00000302,0.00012666,0.00001333,0.06414125,0.93571574
extension_02,4,EXTENSION,2,active,33,3.505510,4,EXTENSION,4,EXTENSION,0.915425,1.000000,1650,1750,4,EXTENSION,1.000000,4,EXTENSION,1.000000,4,EXTENSION,1.000000,4,EXTENSION,1.000000,0.00000698,0.00004376,0.00000776,0.08451679,0.91542471
extension_02,4,EXTENSION,2,active,34,3.605660,4,EXTENSION,4,EXTENSION,0.944405,0.811981,1700,1800,4,EXTENSION,1.000000,4,EXTENSION,1.000000,4,EXTENSION,1.000000,4,EXTENSION,1.000000,0.00000180,0.00000402,0.00000274,0.05558682,0.94440461
extension_02,4,EXTENSION,2,active,35,3.705503,4,EXTENSION,4,EXTENSION,0.749621,0.743465,1750,1850,4,EXTENSION,1.000000,4,EXTENSION,1.000000,4,EXTENSION,1.000000,4,EXTENSION,1.000000,0.00011026,0.00011985,0.00010130,0.25004724,0.74962135
extension_02,4,EXTENSION,2,active,36,3.806366,4,EXTENSION,4,EXTENSION,0.950942,0.926899,1800,1900,4,EXTENSION,1.000000,4,EXTENSION,1.000000,4,EXTENSION,1.000000,4,EXTENSION,1.000000,0.00000107,0.00000345,0.00000161,0.04905209,0.95094177
extension_02,4,EXTENSION,2,active,37,3.906746,4,EXTENSION,4,EXTENSION,0.722332,0.959220,1850,1950,4,EXTENSION,1.000000,4,EXTENSION,1.000000,4,EXTENSION,1.000000,4,EXTENSION,1.000000,0.00012615,0.00012772,0.00012623,0.27728797,0.72233192
extension_02,4,EXTENSION,2,active,38,4.006684,4,EXTENSION,4,EXTENSION,0.981254,0.713861,1900,2000,4,EXTENSION,1.000000,4,EXTENSION,1.000000,4,EXTENSION,1.000000,4,EXTENSION,1.000000,0.00007867,0.00010600,0.00016158,0.01840018,0.98125356
extension_02,4,EXTENSION,2,active,39,4.106985,4,EXTENSION,4,EXTENSION,0.991767,0.705937,1950,2050,4,EXTENSION,1.000000,4,EXTENSION,1.000000,4,EXTENSION,1.000000,4,EXTENSION,1.000000,0.00001611,0.00002416,0.00003973,0.00815333,0.99176667
extension_02,4,EXTENSION,2,active,40,4.206594,4,EXTENSION,4,EXTENSION,0.988981,0.614208,2000,2100,4,EXTENSION,1.000000,4,EXTENSION,1.000000,4,EXTENSION,1.000000,4,EXTENSION,1.000000,0.00002833,0.00004296,0.00007233,0.01087579,0.98898058
extension_02,4,EXTENSION,2,active,41,4.306681,4,EXTENSION,4,EXTENSION,0.988216,0.669985,2050,2150,4,EXTENSION,1.000000,4,EXTENSION,1.000000,4,EXTENSION,1.000000,4,EXTENSION,1.000000,0.00003532,0.00005248,0.00006849,0.01162766,0.98821605
extension_03,4,EXTENSION,3,countdown,0,0.200296,0,REST,0,REST,0.468641,0.000000,0,100,0,REST,0.000000,0,REST,0.000000,0,REST,0.000000,0,REST,0.000000,0.46864104,0.12831705,0.18262089,0.14379450,0.07662652
extension_03,4,EXTENSION,3,countdown,1,0.299591,0,REST,0,REST,0.762070,0.000000,50,150,0,REST,1.000000,0,REST,0.666667,0,REST,0.000000,0,REST,0.000000,0.76206950,0.03516077,0.07377949,0.01532787,0.11366235
extension_03,4,EXTENSION,3,countdown,2,0.401600,0,REST,0,REST,0.973643,0.000000,100,200,0,REST,1.000000,0,REST,1.000000,0,REST,0.750000,0,REST,0.600000,0.97364291,0.00826683,0.00852681,0.00360651,0.00595694
extension_03,4,EXTENSION,3,countdown,3,0.500577,0,REST,0,REST,0.992777,0.000000,150,250,0,REST,1.000000,0,REST,1.000000,0,REST,1.000000,0,REST,0.800000,0.99277744,0.00074657,0.00475598,0.00069769,0.00102232
extension_03,4,EXTENSION,3,countdown,4,0.600785,0,REST,0,REST,0.991383,0.000000,200,300,0,REST,1.000000,0,REST,1.000000,0,REST,1.000000,0,REST,1.000000,0.99138258,0.00034029,0.00717239,0.00040676,0.00069799
extension_03,4,EXTENSION,3,countdown,5,0.701689,0,REST,0,REST,0.982911,0.000000,250,350,0,REST,1.000000,0,REST,1.000000,0,REST,1.000000,0,REST,1.000000,0.98291139,0.00207355,0.01333336,0.00069538,0.00098632
extension_03,4,EXTENSION,3,countdown,6,0.800766,0,REST,0,REST,0.955886,0.000000,300,400,0,REST,1.000000,0,REST,1.000000,0,REST,1.000000,0,REST,1.000000,0.95588565,0.00730883,0.03424188,0.00138200,0.00118164
extension_03,4,EXTENSION,3,countdown,7,0.900495,0,REST,0,REST,0.925847,0.000000,350,450,0,REST,1.000000,0,REST,1.000000,0,REST,1.000000,0,REST,1.000000,0.92584693,0.00669666,0.06382660,0.00164982,0.00197999
extension_03,4,EXTENSION,3,countdown,8,1.002664,0,REST,0,REST,0.838358,0.000000,400,500,0,REST,1.000000,0,REST,1.000000,0,REST,1.000000,0,REST,1.000000,0.83835785,0.12390025,0.02427203,0.00783600,0.00563388
extension_03,4,EXTENSION,3,countdown,9,1.101538,0,REST,0,REST,0.948344,0.000000,450,550,0,REST,1.000000,0,REST,1.000000,0,REST,1.000000,0,REST,1.000000,0.94834438,0.04364238,0.00219743,0.00379507,0.00202073
extension_03,4,EXTENSION,3,countdown,10,1.201445,0,REST,0,REST,0.978249,0.000000,500,600,0,REST,1.000000,0,REST,1.000000,0,REST,1.000000,0,REST,1.000000,0.97824919,0.00597996,0.00965039,0.00422480,0.00189565
extension_03,4,EXTENSION,3,countdown,11,1.301605,0,REST,0,REST,0.955396,0.000000,550,650,0,REST,1.000000,0,REST,1.000000,0,REST,1.000000,0,REST,1.000000,0.95539587,0.01194231,0.02218820,0.00545828,0.00501534
extension_03,4,EXTENSION,3,countdown,12,1.404526,0,REST,0,REST,0.969927,0.000000,600,700,0,REST,1.000000,0,REST,1.000000,0,REST,1.000000,0,REST,1.000000,0.96992691,0.01597176,0.00842381,0.00172751,0.00395001
extension_03,4,EXTENSION,3,countdown,13,1.502439,0,REST,0,REST,0.950367,0.000000,650,750,0,REST,1.000000,0,REST,1.000000,0,REST,1.000000,0,REST,1.000000,0.95036657,0.03018866,0.00875424,0.00289644,0.00779409
extension_03,4,EXTENSION,3,countdown,14,1.601768,0,REST,0,REST,0.979415,0.000000,700,800,0,REST,1.000000,0,REST,1.000000,0,REST,1.000000,0,REST,1.000000,0.97941533,0.00638563,0.00479395,0.00555982,0.00384526
extension_03,4,EXTENSION,3,countdown,15,1.706025,0,REST,0,REST,0.941309,0.000000,750,850,0,REST,1.000000,0,REST,1.000000,0,REST,1.000000,0,REST,1.000000,0.94130937,0.05109640,0.00410556,0.00150034,0.00198833
extension_03,4,EXTENSION,3,countdown,16,1.802560,0,REST,0,REST,0.889900,0.000000,800,900,0,REST,1.000000,0,REST,1.000000,0,REST,1.000000,0,REST,1.000000,0.88989956,0.09801109,0.00480793,0.00540808,0.00187335
extension_03,4,EXTENSION,3,countdown,17,1.902652,0,REST,0,REST,0.798282,0.000000,850,950,0,REST,1.000000,0,REST,1.000000,0,REST,1.000000,0,REST,1.000000,0.79828185,0.18756617,0.00420415,0.00654787,0.00339995
extension_03,4,EXTENSION,3,countdown,18,2.002536,0,REST,0,REST,0.952757,0.000000,900,1000,0,REST,1.000000,0,REST,1.000000,0,REST,1.000000,0,REST,1.000000,0.95275715,0.03403467,0.00145510,0.00792090,0.00383218
extension_03,4,EXTENSION,3,countdown,19,2.103643,0,REST,0,REST,0.990245,0.000000,950,1050,0,REST,1.000000,0,REST,1.000000,0,REST,1.000000,0,REST,1.000000,0.99024488,0.00665254,0.00035516,0.00181584,0.00093157
extension_03,4,EXTENSION,3,countdown,20,2.203499,0,REST,0,REST,0.973204,0.000000,1000,1100,0,REST,1.000000,0,REST,1.000000,0,REST,1.000000,0,REST,1.000000,0.97320409,0.01604755,0.00393701,0.00562230,0.00118904
extension_03,4,EXTENSION,3,countdown,21,2.303588,0,REST,0,REST,0.965798,0.000000,1050,1150,0,REST,1.000000,0,REST,1.000000,0,REST,1.000000,0,REST,1.000000,0.96579787,0.02459385,0.00325302,0.00476724,0.00158802
extension_03,4,EXTENSION,3,countdown,22,2.403567,0,REST,0,REST,0.990527,0.000000,1100,1200,0,REST,1.000000,0,REST,1.000000,0,REST,1.000000,0,REST,1.000000,0.99052653,0.00176797,0.00196863,0.00436855,0.00136832
extension_03,4,EXTENSION,3,countdown,23,2.503892,0,REST,0,REST,0.986068,0.000000,1150,1250,0,REST,1.000000,0,REST,1.000000,0,REST,1.000000,0,REST,1.000000,0.98606780,0.00397480,0.00234655,0.00586026,0.00175058
extension_03,4,EXTENSION,3,countdown,24,2.604465,0,REST,0,REST,0.971324,0.000000,1200,1300,0,REST,1.000000,0,REST,1.000000,0,REST,1.000000,0,REST,1.000000,0.97132446,0.01977747,0.00260292,0.00311864,0.00317651
extension_03,4,EXTENSION,3,countdown,25,2.704647,0,REST,0,REST,0.992501,0.000000,1250,1350,0,REST,1.000000,0,REST,1.000000,0,REST,1.000000,0,REST,1.000000,0.99250141,0.00352136,0.00185779,0.00096204,0.00115740
extension_03,4,EXTENSION,3,countdown,26,2.804494,0,REST,0,REST,0.990617,0.000000,1300,1400,0,REST,1.000000,0,REST,1.000000,0,REST,1.000000,0,REST,1.000000,0.99061748,0.00580501,0.00123726,0.00162288,0.00071737
extension_03,4,EXTENSION,3,countdown,27,2.904541,0,REST,0,REST,0.972233,0.000000,1350,1450,0,REST,1.000000,0,REST,1.000000,0,REST,1.000000,0,REST,1.000000,0.97223256,0.01688792,0.00766305,0.00202309,0.00119338
extension_03,4,EXTENSION,3,active,28,3.010736,0,REST,0,REST,0.431065,0.000000,1400,1500,0,REST,1.000000,0,REST,1.000000,0,REST,1.000000,0,REST,1.000000,0.27209594,0.43106522,0.26197957,0.01723267,0.01762659
extension_03,4,EXTENSION,3,active,29,3.105530,4,EXTENSION,0,REST,0.927678,0.000000,1450,1550,0,REST,0.000000,0,REST,0.666667,0,REST,0.750000,0,REST,0.800000,0.00000730,0.00672388,0.00373945,0.06185118,0.92767819
extension_03,4,EXTENSION,3,active,30,3.205646,4,EXTENSION,0,REST,0.964026,0.000000,1500,1600,4,EXTENSION,1.000000,4,EXTENSION,0.666667,0,REST,0.000000,0,REST,0.600000,0.00000037,0.00026632,0.00000385,0.03570311,0.96402635
extension_03,4,EXTENSION,3,active,31,3.305873,4,EXTENSION,4,EXTENSION,0.958164,1.000000,1550,1650,4,EXTENSION,1.000000,4,EXTENSION,1.000000,4,EXTENSION,0.750000,4,EXTENSION,0.600000,0.00000059,0.00004398,0.00000087,0.04179033,0.95816423
extension_03,4,EXTENSION,3,active,32,3.405576,4,EXTENSION,4,EXTENSION,0.800330,0.776275,1600,1700,4,EXTENSION,1.000000,4,EXTENSION,1.000000,4,EXTENSION,1.000000,4,EXTENSION,0.800000,0.00007324,0.00025603,0.00008210,0.19925822,0.80033042
extension_03,4,EXTENSION,3,active,33,3.506489,4,EXTENSION,4,EXTENSION,0.910068,0.694658,1650,1750,4,EXTENSION,1.000000,4,EXTENSION,1.000000,4,EXTENSION,1.000000,4,EXTENSION,1.000000,0.00000957,0.00058810,0.00009378,0.08924062,0.91006792
extension_03,4,EXTENSION,3,active,34,3.605924,4,EXTENSION,4,EXTENSION,0.904294,0.633763,1700,1800,4,EXTENSION,1.000000,4,EXTENSION,1.000000,4,EXTENSION,1.000000,4,EXTENSION,1.000000,0.00048612,0.03638518,0.00374719,0.05508752,0.90429399
extension_03,4,EXTENSION,3,active,35,3.706539,4,EXTENSION,4,EXTENSION,0.940616,0.453294,1750,1850,4,EXTENSION,1.000000,4,EXTENSION,1.000000,4,EXTENSION,1.000000,4,EXTENSION,1.000000,0.00000188,0.00031626,0.00092277,0.05814308,0.94061600
extension_03,4,EXTENSION,3,active,36,3.807032,4,EXTENSION,4,EXTENSION,0.982462,0.437857,1800,1900,4,EXTENSION,1.000000,4,EXTENSION,1.000000,4,EXTENSION,1.000000,4,EXTENSION,1.000000,0.00006550,0.00009588,0.00069736,0.01667887,0.98246238
extension_03,4,EXTENSION,3,active,37,3.907483,4,EXTENSION,4,EXTENSION,0.862083,0.583577,1850,1950,4,EXTENSION,1.000000,4,EXTENSION,1.000000,4,EXTENSION,1.000000,4,EXTENSION,1.000000,0.00002909,0.00013662,0.00054099,0.13721055,0.86208275
extension_03,4,EXTENSION,3,active,38,4.007630,3,FLEXION,4,EXTENSION,0.607769,0.627077,1900,2000,0,REST,0.000000,4,EXTENSION,0.666667,4,EXTENSION,0.750000,4,EXTENSION,0.800000,0.00005876,0.00477587,0.00036085,0.60776928,0.38703524
extension_03,4,EXTENSION,3,active,39,4.107706,4,EXTENSION,4,EXTENSION,0.924972,0.521835,1950,2050,0,REST,0.000000,4,EXTENSION,0.666667,4,EXTENSION,0.750000,4,EXTENSION,0.800000,0.00004053,0.00766558,0.00075451,0.06656785,0.92497154
extension_03,4,EXTENSION,3,active,40,4.207666,4,EXTENSION,4,EXTENSION,0.981167,0.382537,2000,2100,4,EXTENSION,1.000000,4,EXTENSION,0.666667,4,EXTENSION,0.750000,4,EXTENSION,0.800000,0.00002359,0.00235659,0.00196330,0.01448908,0.98116743
extension_03,4,EXTENSION,3,active,41,4.307552,4,EXTENSION,4,EXTENSION,0.989091,0.331697,2050,2150,4,EXTENSION,1.000000,4,EXTENSION,1.000000,4,EXTENSION,0.750000,4,EXTENSION,0.800000,0.00002264,0.00023426,0.00192498,0.00872715,0.98909096
extension_03,4,EXTENSION,3,active,42,4.407884,4,EXTENSION,4,EXTENSION,0.991955,0.321463,2100,2200,4,EXTENSION,1.000000,4,EXTENSION,1.000000,4,EXTENSION,1.000000,4,EXTENSION,0.800000,0.00001312,0.00059221,0.00218350,0.00525613,0.99195504
extension_03,4,EXTENSION,3,active,43,4.508250,4,EXTENSION,4,EXTENSION,0.982373,0.385469,2150,2250,4,EXTENSION,1.000000,4,EXTENSION,1.000000,4,EXTENSION,1.000000,4,EXTENSION,1.000000,0.00006632,0.00016350,0.00071060,0.01668608,0.98237350
extension_03,4,EXTENSION,3,active,44,4.608660,4,EXTENSION,4,EXTENSION,0.992401,0.424427,2200,2300,4,EXTENSION,1.000000,4,EXTENSION,1.000000,4,EXTENSION,1.000000,4,EXTENSION,1.000000,0.00001391,0.00005301,0.00014374,0.00738784,0.99240150
extension_03,4,EXTENSION,3,active,45,4.708865,4,EXTENSION,4,EXTENSION,0.986365,0.297403,2250,2350,4,EXTENSION,1.000000,4,EXTENSION,1.000000,4,EXTENSION,1.000000,4,EXTENSION,1.000000,0.00006422,0.00031334,0.00935721,0.00389979,0.98636544
extension_03,4,EXTENSION,3,active,46,4.808782,4,EXTENSION,4,EXTENSION,0.994287,0.362790,2300,2400,4,EXTENSION,1.000000,4,EXTENSION,1.000000,4,EXTENSION,1.000000,4,EXTENSION,1.000000,0.00000776,0.00009518,0.00099074,0.00461946,0.99428686
extension_03,4,EXTENSION,3,active,47,4.908621,4,EXTENSION,4,EXTENSION,0.992857,0.467773,2350,2450,4,EXTENSION,1.000000,4,EXTENSION,1.000000,4,EXTENSION,1.000000,4,EXTENSION,1.000000,0.00001477,0.00008463,0.00007299,0.00697085,0.99285675
extension_03,4,EXTENSION,3,active,48,5.009665,4,EXTENSION,4,EXTENSION,0.985987,0.383710,2400,2500,4,EXTENSION,1.000000,4,EXTENSION,1.000000,4,EXTENSION,1.000000,4,EXTENSION,1.000000,0.00006528,0.00011344,0.00077328,0.01306142,0.98598657
extension_03,4,EXTENSION,3,active,49,5.109637,4,EXTENSION,4,EXTENSION,0.995182,0.409911,2450,2550,4,EXTENSION,1.000000,4,EXTENSION,1.000000,4,EXTENSION,1.000000,4,EXTENSION,1.000000,0.00000555,0.00002880,0.00030693,0.00447669,0.99518203
extension_04,4,EXTENSION,4,countdown,0,0.196809,0,REST,0,REST,0.437588,0.000000,0,100,0,REST,0.000000,0,REST,0.000000,0,REST,0.000000,0,REST,0.000000,0.43758768,0.13538160,0.20970195,0.14062276,0.07670601
extension_04,4,EXTENSION,4,countdown,1,0.297770,0,REST,0,REST,0.759285,0.000000,50,150,0,REST,1.000000,0,REST,0.666667,0,REST,0.000000,0,REST,0.000000,0.75928460,0.03711526,0.07826558,0.01563401,0.10970055
extension_04,4,EXTENSION,4,countdown,2,0.397564,0,REST,0,REST,0.970611,0.000000,100,200,0,REST,1.000000,0,REST,1.000000,0,REST,0.750000,0,REST,0.600000,0.97061122,0.00977824,0.00897641,0.00415017,0.00648397
extension_04,4,EXTENSION,4,countdown,3,0.497567,0,REST,0,REST,0.989241,0.000000,150,250,0,REST,1.000000,0,REST,1.000000,0,REST,1.000000,0,REST,0.800000,0.98924074,0.00144250,0.00688388,0.00109493,0.00133795
extension_04,4,EXTENSION,4,countdown,4,0.597759,0,REST,0,REST,0.988033,0.000000,200,300,0,REST,1.000000,0,REST,1.000000,0,REST,1.000000,0,REST,1.000000,0.98803318,0.00046592,0.00987028,0.00069179,0.00093883
extension_04,4,EXTENSION,4,countdown,5,0.698283,0,REST,0,REST,0.980622,0.000000,250,350,0,REST,1.000000,0,REST,1.000000,0,REST,1.000000,0,REST,1.000000,0.98062229,0.00132467,0.01641555,0.00056474,0.00107276
extension_04,4,EXTENSION,4,countdown,6,0.798792,0,REST,0,REST,0.982810,0.000000,300,400,0,REST,1.000000,0,REST,1.000000,0,REST,1.000000,0,REST,1.000000,0.98281027,0.00142854,0.01431053,0.00032174,0.00112892
extension_04,4,EXTENSION,4,countdown,7,0.898541,0,REST,0,REST,0.949169,0.000000,350,450,0,REST,1.000000,0,REST,1.000000,0,REST,1.000000,0,REST,1.000000,0.94916905,0.03611275,0.00917319,0.00248770,0.00305731
extension_04,4,EXTENSION,4,countdown,8,0.998610,0,REST,0,REST,0.804916,0.000000,400,500,0,REST,1.000000,0,REST,1.000000,0,REST,1.000000,0,REST,1.000000,0.80491624,0.17277237,0.00388084,0.01390236,0.00452819
extension_04,4,EXTENSION,4,countdown,9,1.098444,0,REST,0,REST,0.947058,0.000000,450,550,0,REST,1.000000,0,REST,1.000000,0,REST,1.000000,0,REST,1.000000,0.94705831,0.03862970,0.00303961,0.00952793,0.00174446
extension_04,4,EXTENSION,4,countdown,10,1.199391,0,REST,0,REST,0.973162,0.000000,500,600,0,REST,1.000000,0,REST,1.000000,0,REST,1.000000,0,REST,1.000000,0.97316190,0.01238396,0.00335923,0.00635784,0.00473707
extension_04,4,EXTENSION,4,countdown,11,1.299758,0,REST,0,REST,0.968109,0.000000,550,650,0,REST,1.000000,0,REST,1.000000,0,REST,1.000000,0,REST,1.000000,0.96810888,0.01732259,0.00441910,0.00187542,0.00827401
extension_04,4,EXTENSION,4,countdown,12,1.399260,0,REST,0,REST,0.941701,0.000000,600,700,0,REST,1.000000,0,REST,1.000000,0,REST,1.000000,0,REST,1.000000,0.94170106,0.05069891,0.00297747,0.00216282,0.00245973
extension_04,4,EXTENSION,4,countdown,13,1.500404,0,REST,0,REST,0.964014,0.000000,650,750,0,REST,1.000000,0,REST,1.000000,0,REST,1.000000,0,REST,1.000000,0.96401381,0.02432759,0.00780412,0.00188023,0.00197426
extension_04,4,EXTENSION,4,countdown,14,1.600046,0,REST,0,REST,0.980816,0.000000,700,800,0,REST,1.000000,0,REST,1.000000,0,REST,1.000000,0,REST,1.000000,0.98081591,0.00986181,0.00354224,0.00438561,0.00139442
extension_04,4,EXTENSION,4,countdown,15,1.700582,0,REST,0,REST,0.985606,0.000000,750,850,0,REST,1.000000,0,REST,1.000000,0,REST,1.000000,0,REST,1.000000,0.98560594,0.00555156,0.00229654,0.00353577,0.00301019
extension_04,4,EXTENSION,4,countdown,16,1.800169,0,REST,0,REST,0.953692,0.000000,800,900,0,REST,1.000000,0,REST,1.000000,0,REST,1.000000,0,REST,1.000000,0.95369230,0.03947804,0.00071211,0.00461406,0.00150348
extension_04,4,EXTENSION,4,countdown,17,1.900645,0,REST,0,REST,0.934085,0.000000,850,950,0,REST,1.000000,0,REST,1.000000,0,REST,1.000000,0,REST,1.000000,0.93408510,0.05712191,0.00183663,0.00514563,0.00181072
extension_04,4,EXTENSION,4,countdown,18,2.000561,0,REST,0,REST,0.941464,0.000000,900,1000,0,REST,1.000000,0,REST,1.000000,0,REST,1.000000,0,REST,1.000000,0.94146365,0.04541271,0.00585967,0.00469711,0.00256686
extension_04,4,EXTENSION,4,countdown,19,2.101519,0,REST,0,REST,0.982386,0.000000,950,1050,0,REST,1.000000,0,REST,1.000000,0,REST,1.000000,0,REST,1.000000,0.98238648,0.00842193,0.00394188,0.00278798,0.00246172
extension_04,4,EXTENSION,4,countdown,20,2.201452,0,REST,0,REST,0.981648,0.000000,1000,1100,0,REST,1.000000,0,REST,1.000000,0,REST,1.000000,0,REST,1.000000,0.98164827,0.01062651,0.00168658,0.00331082,0.00272783
extension_04,4,EXTENSION,4,countdown,21,2.301907,0,REST,0,REST,0.972388,0.000000,1050,1150,0,REST,1.000000,0,REST,1.000000,0,REST,1.000000,0,REST,1.000000,0.97238812,0.01678306,0.00103090,0.00831014,0.00148777
extension_04,4,EXTENSION,4,countdown,22,2.401431,0,REST,0,REST,0.973293,0.000000,1100,1200,0,REST,1.000000,0,REST,1.000000,0,REST,1.000000,0,REST,1.000000,0.97329296,0.01750788,0.00228883,0.00494749,0.00196284
extension_04,4,EXTENSION,4,countdown,23,2.501819,0,REST,0,REST,0.935767,0.000000,1150,1250,0,REST,1.000000,0,REST,1.000000,0,REST,1.000000,0,REST,1.000000,0.93576708,0.04612498,0.00417147,0.01077414,0.00316233
extension_04,4,EXTENSION,4,countdown,24,2.603989,0,REST,0,REST,0.958756,0.000000,1200,1300,0,REST,1.000000,0,REST,1.000000,0,REST,1.000000,0,REST,1.000000,0.95875614,0.02760610,0.00441240,0.00725764,0.00196772
extension_04,4,EXTENSION,4,countdown,25,2.702619,0,REST,0,REST,0.972894,0.000000,1250,1350,0,REST,1.000000,0,REST,1.000000,0,REST,1.000000,0,REST,1.000000,0.97289378,0.01585320,0.00306055,0.00657095,0.00162152
extension_04,4,EXTENSION,4,countdown,26,2.802104,0,REST,0,REST,0.946483,0.000000,1300,1400,0,REST,1.000000,0,REST,1.000000,0,REST,1.000000,0,REST,1.000000,0.94648288,0.04013073,0.00552574,0.00444193,0.00341872
extension_04,4,EXTENSION,4,countdown,27,2.902442,0,REST,0,REST,0.974754,0.000000,1350,1450,0,REST,1.000000,0,REST,1.000000,0,REST,1.000000,0,REST,1.000000,0.97475416,0.01134658,0.00874300,0.00228789,0.00286838
extension_04,4,EXTENSION,4,active,28,3.002589,0,REST,0,REST,0.709376,0.000000,1400,1500,0,REST,1.000000,0,REST,1.000000,0,REST,1.000000,0,REST,1.000000,0.70937555,0.20999789,0.05634742,0.00779453,0.01648461
extension_04,4,EXTENSION,4,active,29,3.103539,4,EXTENSION,0,REST,0.578796,0.000000,1450,1550,0,REST,0.000000,0,REST,0.666667,0,REST,0.750000,0,REST,0.800000,0.00007871,0.00515832,0.01771938,0.39824711,0.57879647
extension_04,4,EXTENSION,4,active,30,3.203567,4,EXTENSION,0,REST,0.869033,0.000000,1500,1600,4,EXTENSION,1.000000,4,EXTENSION,0.666667,0,REST,0.000000,0,REST,0.600000,0.00002593,0.00004425,0.00002508,0.13087224,0.86903250
extension_04,4,EXTENSION,4,active,31,3.303993,4,EXTENSION,4,EXTENSION,0.898338,1.000000,1550,1650,4,EXTENSION,1.000000,4,EXTENSION,1.000000,4,EXTENSION,0.750000,4,EXTENSION,0.600000,0.00001407,0.00031471,0.00004399,0.10128912,0.89833810
extension_04,4,EXTENSION,4,active,32,3.403463,4,EXTENSION,4,EXTENSION,0.919151,0.873423,1600,1700,4,EXTENSION,1.000000,4,EXTENSION,1.000000,4,EXTENSION,1.000000,4,EXTENSION,0.800000,0.00000634,0.00014712,0.00001623,0.08067951,0.91915079
extension_04,4,EXTENSION,4,active,33,3.504094,4,EXTENSION,4,EXTENSION,0.817502,0.947461,1650,1750,4,EXTENSION,1.000000,4,EXTENSION,1.000000,4,EXTENSION,1.000000,4,EXTENSION,1.000000,0.00006056,0.00010511,0.00006134,0.18227086,0.81750212
extension_04,4,EXTENSION,4,active,34,3.604575,4,EXTENSION,4,EXTENSION,0.953674,0.689352,1700,1800,4,EXTENSION,1.000000,4,EXTENSION,1.000000,4,EXTENSION,1.000000,4,EXTENSION,1.000000,0.00000114,0.00000455,0.00000891,0.04631090,0.95367449
extension_04,4,EXTENSION,4,active,35,3.704432,4,EXTENSION,4,EXTENSION,0.981411,0.491431,1750,1850,4,EXTENSION,1.000000,4,EXTENSION,1.000000,4,EXTENSION,1.000000,4,EXTENSION,1.000000,0.00007811,0.00011347,0.00016042,0.01823671,0.98141128
extension_04,4,EXTENSION,4,active,36,3.804598,4,EXTENSION,4,EXTENSION,0.943438,0.595690,1800,1900,4,EXTENSION,1.000000,4,EXTENSION,1.000000,4,EXTENSION,1.000000,4,EXTENSION,1.000000,0.00000168,0.00001923,0.00008299,0.05645791,0.94343819
extension_04,4,EXTENSION,4,active,37,3.905795,4,EXTENSION,4,EXTENSION,0.992385,0.670806,1850,1950,4,EXTENSION,1.000000,4,EXTENSION,1.000000,4,EXTENSION,1.000000,4,EXTENSION,1.000000,0.00001381,0.00003096,0.00003187,0.00753840,0.99238496
extension_04,4,EXTENSION,4,active,38,4.005602,4,EXTENSION,4,EXTENSION,0.972301,0.547629,1900,2000,4,EXTENSION,1.000000,4,EXTENSION,1.000000,4,EXTENSION,1.000000,4,EXTENSION,1.000000,0.00016208,0.00031394,0.00035499,0.02686791,0.97230108
extension_04,4,EXTENSION,4,active,39,4.105920,4,EXTENSION,4,EXTENSION,0.987738,0.396762,1950,2050,4,EXTENSION,1.000000,4,EXTENSION,1.000000,4,EXTENSION,1.000000,4,EXTENSION,1.000000,0.00003552,0.00005347,0.00020420,0.01196929,0.98773751
extension_04,4,EXTENSION,4,active,40,4.205392,4,EXTENSION,4,EXTENSION,0.952067,0.343298,2000,2100,4,EXTENSION,1.000000,4,EXTENSION,1.000000,4,EXTENSION,1.000000,4,EXTENSION,1.000000,0.00001590,0.00027906,0.00100656,0.04663170,0.95206678
extension_04,4,EXTENSION,4,active,41,4.305386,4,EXTENSION,4,EXTENSION,0.985406,0.330226,2050,2150,4,EXTENSION,1.000000,4,EXTENSION,1.000000,4,EXTENSION,1.000000,4,EXTENSION,1.000000,0.00004557,0.00031831,0.00129730,0.01293280,0.98540602
extension_05,4,EXTENSION,5,countdown,0,0.197772,0,REST,0,REST,0.421914,0.000000,0,100,0,REST,0.000000,0,REST,0.000000,0,REST,0.000000,0,REST,0.000000,0.42191394,0.11535154,0.21151041,0.17482248,0.07640163
extension_05,4,EXTENSION,5,countdown,1,0.301716,0,REST,0,REST,0.625580,0.000000,50,150,0,REST,1.000000,0,REST,0.666667,0,REST,0.000000,0,REST,0.000000,0.62557975,0.04115928,0.11636908,0.01777764,0.19911425
extension_05,4,EXTENSION,5,countdown,2,0.398757,0,REST,0,REST,0.940074,0.000000,100,200,0,REST,1.000000,0,REST,1.000000,0,REST,0.750000,0,REST,0.600000,0.94007352,0.01622283,0.02186903,0.00741018,0.01442444
extension_05,4,EXTENSION,5,countdown,3,0.499056,0,REST,0,REST,0.982961,0.000000,150,250,0,REST,1.000000,0,REST,1.000000,0,REST,1.000000,0,REST,0.800000,0.98296128,0.00252836,0.01059031,0.00173537,0.00218468
extension_05,4,EXTENSION,5,countdown,4,0.598927,0,REST,0,REST,0.989732,0.000000,200,300,0,REST,1.000000,0,REST,1.000000,0,REST,1.000000,0,REST,1.000000,0.98973230,0.00045302,0.00845256,0.00053347,0.00082866
extension_05,4,EXTENSION,5,countdown,5,0.699536,0,REST,0,REST,0.976169,0.000000,250,350,0,REST,1.000000,0,REST,1.000000,0,REST,1.000000,0,REST,1.000000,0.97616917,0.00515738,0.01627915,0.00088029,0.00151402
extension_05,4,EXTENSION,5,countdown,6,0.799370,0,REST,0,REST,0.852571,0.000000,300,400,0,REST,1.000000,0,REST,1.000000,0,REST,1.000000,0,REST,1.000000,0.85257113,0.11430430,0.02322208,0.00542878,0.00447371
extension_05,4,EXTENSION,5,countdown,7,0.899767,0,REST,0,REST,0.579528,0.000000,350,450,0,REST,1.000000,0,REST,1.000000,0,REST,1.000000,0,REST,1.000000,0.57952761,0.31549644,0.07060365,0.01753903,0.01683327
extension_05,4,EXTENSION,5,countdown,8,1.000370,1,POWER,0,REST,0.594019,0.000000,400,500,0,REST,0.000000,0,REST,0.666667,0,REST,0.750000,0,REST,0.800000,0.30754027,0.59401881,0.06360648,0.01631996,0.01851447
extension_05,4,EXTENSION,5,countdown,9,1.099974,1,POWER,0,REST,0.828508,0.000000,450,550,1,POWER,1.000000,1,POWER,0.666667,0,REST,0.000000,0,REST,0.600000,0.15662056,0.82850771,0.00358996,0.00747818,0.00380359
extension_05,4,EXTENSION,5,countdown,10,1.200612,0,REST,0,REST,0.645774,0.000000,500,600,0,REST,0.000000,1,POWER,0.666667,0,REST,0.000000,0,REST,0.600000,0.64577441,0.32864262,0.00386844,0.01786117,0.00385335
extension_05,4,EXTENSION,5,countdown,11,1.300681,0,REST,0,REST,0.775491,0.000000,550,650,0,REST,1.000000,0,REST,0.666667,0,REST,0.000000,0,REST,0.600000,0.77549064,0.19531129,0.00282494,0.02352693,0.00284621
extension_05,4,EXTENSION,5,countdown,12,1.400645,0,REST,0,REST,0.561315,0.000000,600,700,0,REST,1.000000,0,REST,1.000000,0,REST,0.750000,0,REST,0.600000,0.56131453,0.42378453,0.00126300,0.00806709,0.00557086
extension_05,4,EXTENSION,5,countdown,13,1.501449,0,REST,0,REST,0.848740,0.000000,650,750,0,REST,1.000000,0,REST,1.000000,0,REST,1.000000,0,REST,0.800000,0.84873988,0.13183969,0.00207339,0.00722986,0.01011719
extension_05,4,EXTENSION,5,countdown,14,1.601655,0,REST,0,REST,0.776379,0.000000,700,800,0,REST,1.000000,0,REST,1.000000,0,REST,1.000000,0,REST,1.000000,0.77637866,0.20606642,0.00623522,0.00867655,0.00264315
extension_05,4,EXTENSION,5,countdown,15,1.701869,0,REST,0,REST,0.604027,0.000000,750,850,0,REST,1.000000,0,REST,1.000000,0,REST,1.000000,0,REST,1.000000,0.60402724,0.35338625,0.00894936,0.03060326,0.00303389
extension_05,4,EXTENSION,5,countdown,16,1.801721,0,REST,0,REST,0.513828,0.000000,800,900,0,REST,1.000000,0,REST,1.000000,0,REST,1.000000,0,REST,1.000000,0.51382757,0.45794165,0.00608632,0.01615201,0.00599244
extension_05,4,EXTENSION,5,countdown,17,1.905652,0,REST,0,REST,0.469311,0.000000,850,950,0,REST,1.000000,0,REST,1.000000,0,REST,1.000000,0,REST,1.000000,0.46931062,0.46850043,0.00699781,0.02091179,0.03427935
extension_05,4,EXTENSION,5,countdown,18,2.001605,0,REST,0,REST,0.778376,0.000000,900,1000,0,REST,1.000000,0,REST,1.000000,0,REST,1.000000,0,REST,1.000000,0.77837598,0.20024929,0.00238231,0.01191986,0.00707256
extension_05,4,EXTENSION,5,countdown,19,2.102106,0,REST,0,REST,0.888497,0.000000,950,1050,0,REST,1.000000,0,REST,1.000000,0,REST,1.000000,0,REST,1.000000,0.88849740,0.08828429,0.00208174,0.01815870,0.00297787
extension_05,4,EXTENSION,5,countdown,20,2.204275,0,REST,0,REST,0.927947,0.000000,1000,1100,0,REST,1.000000,0,REST,1.000000,0,REST,1.000000,0,REST,1.000000,0.92794675,0.06112428,0.00213781,0.00645372,0.00233744
extension_05,4,EXTENSION,5,countdown,21,2.302776,0,REST,0,REST,0.959947,0.000000,1050,1150,0,REST,1.000000,0,REST,1.000000,0,REST,1.000000,0,REST,1.000000,0.95994729,0.03273534,0.00239508,0.00122934,0.00369295
extension_05,4,EXTENSION,5,countdown,22,2.402656,0,REST,0,REST,0.974342,0.000000,1100,1200,0,REST,1.000000,0,REST,1.000000,0,REST,1.000000,0,REST,1.000000,0.97434162,0.01732672,0.00295683,0.00231106,0.00306377
extension_05,4,EXTENSION,5,countdown,23,2.503714,0,REST,0,REST,0.935523,0.000000,1150,1250,0,REST,1.000000,0,REST,1.000000,0,REST,1.000000,0,REST,1.000000,0.93552332,0.05501926,0.00325254,0.00382923,0.00237566
extension_05,4,EXTENSION,5,countdown,24,2.603660,0,REST,0,REST,0.796351,0.000000,1200,1300,0,REST,1.000000,0,REST,1.000000,0,REST,1.000000,0,REST,1.000000,0.79635072,0.18282342,0.00281007,0.01253395,0.00548185
extension_05,4,EXTENSION,5,countdown,25,2.703603,0,REST,0,REST,0.956103,0.000000,1250,1350,0,REST,1.000000,0,REST,1.000000,0,REST,1.000000,0,REST,1.000000,0.95610348,0.02553439,0.00476246,0.00789644,0.00570323
extension_05,4,EXTENSION,5,countdown,26,2.803864,0,REST,0,REST,0.929578,0.000000,1300,1400,0,REST,1.000000,0,REST,1.000000,0,REST,1.000000,0,REST,1.000000,0.92957792,0.04664755,0.01227477,0.00640110,0.00509866
extension_05,4,EXTENSION,5,countdown,27,2.904360,0,REST,0,REST,0.807709,0.000000,1350,1450,0,REST,1.000000,0,REST,1.000000,0,REST,1.000000,0,REST,1.000000,0.80770919,0.14684676,0.03355373,0.00544092,0.00644940
extension_05,4,EXTENSION,5,active,28,3.004774,0,REST,0,REST,0.479694,0.000000,1400,1500,0,REST,1.000000,0,REST,1.000000,0,REST,1.000000,0,REST,1.000000,0.10439943,0.47969371,0.33706424,0.02175641,0.05708620
extension_05,4,EXTENSION,5,active,29,3.104659,4,EXTENSION,0,REST,0.971090,0.000000,1450,1550,0,REST,0.000000,0,REST,0.666667,0,REST,0.750000,0,REST,0.800000,0.00002023,0.00120805,0.00331433,0.02436713,0.97109026
extension_05,4,EXTENSION,5,active,30,3.204484,4,EXTENSION,0,REST,0.908807,0.000000,1500,1600,4,EXTENSION,1.000000,4,EXTENSION,0.666667,0,REST,0.000000,0,REST,0.600000,0.00001014,0.00040758,0.00005419,0.09072096,0.90880713
extension_05,4,EXTENSION,5,active,31,3.306454,4,EXTENSION,4,EXTENSION,0.987460,1.000000,1550,1650,4,EXTENSION,1.000000,4,EXTENSION,1.000000,4,EXTENSION,0.750000,4,EXTENSION,0.600000,0.00003633,0.00007474,0.00007484,0.01235440,0.98745969
extension_05,4,EXTENSION,5,active,32,3.404640,4,EXTENSION,4,EXTENSION,0.996136,0.805301,1600,1700,4,EXTENSION,1.000000,4,EXTENSION,1.000000,4,EXTENSION,1.000000,4,EXTENSION,0.800000,0.00000366,0.00000765,0.00000833,0.00384481,0.99613554
extension_05,4,EXTENSION,5,active,33,3.505554,4,EXTENSION,4,EXTENSION,0.992344,0.803087,1650,1750,4,EXTENSION,1.000000,4,EXTENSION,1.000000,4,EXTENSION,1.000000,4,EXTENSION,1.000000,0.00001401,0.00001963,0.00002816,0.00759449,0.99234371
extension_05,4,EXTENSION,5,active,34,3.608649,4,EXTENSION,4,EXTENSION,0.989952,0.585095,1700,1800,4,EXTENSION,1.000000,4,EXTENSION,1.000000,4,EXTENSION,1.000000,4,EXTENSION,1.000000,0.00002397,0.00003483,0.00004822,0.00994093,0.98995207
extension_05,4,EXTENSION,5,active,35,3.706057,4,EXTENSION,4,EXTENSION,0.994007,0.490440,1750,1850,4,EXTENSION,1.000000,4,EXTENSION,1.000000,4,EXTENSION,1.000000,4,EXTENSION,1.000000,0.00003025,0.00005521,0.00002237,0.00588555,0.99400661
extension_05,4,EXTENSION,5,active,36,3.806026,4,EXTENSION,4,EXTENSION,0.985632,0.580131,1800,1900,4,EXTENSION,1.000000,4,EXTENSION,1.000000,4,EXTENSION,1.000000,4,EXTENSION,1.000000,0.00005081,0.00008647,0.00011269,0.01411816,0.98563188
extension_05,4,EXTENSION,5,active,37,3.911826,4,EXTENSION,4,EXTENSION,0.993160,0.458800,1850,1950,4,EXTENSION,1.000000,4,EXTENSION,1.000000,4,EXTENSION,1.000000,4,EXTENSION,1.000000,0.00019781,0.00019588,0.00040409,0.00604226,0.99315997
extension_05,4,EXTENSION,5,active,38,4.006186,4,EXTENSION,4,EXTENSION,0.979095,0.378314,1900,2000,4,EXTENSION,1.000000,4,EXTENSION,1.000000,4,EXTENSION,1.000000,4,EXTENSION,1.000000,0.00009898,0.00017545,0.00060122,0.02002965,0.97909470
extension_05,4,EXTENSION,5,active,39,4.106035,4,EXTENSION,4,EXTENSION,0.949517,0.427491,1950,2050,4,EXTENSION,1.000000,4,EXTENSION,1.000000,4,EXTENSION,1.000000,4,EXTENSION,1.000000,0.00000122,0.00003841,0.00048359,0.04995929,0.94951749
extension_05,4,EXTENSION,5,active,40,4.207773,4,EXTENSION,4,EXTENSION,0.982299,0.358746,2000,2100,4,EXTENSION,1.000000,4,EXTENSION,1.000000,4,EXTENSION,1.000000,4,EXTENSION,1.000000,0.00006945,0.00018039,0.00028486,0.01716630,0.98229900
extension_05,4,EXTENSION,5,active,41,4.307490,4,EXTENSION,4,EXTENSION,0.983902,0.259453,2050,2150,4,EXTENSION,1.000000,4,EXTENSION,1.000000,4,EXTENSION,1.000000,4,EXTENSION,1.000000,0.00004894,0.00128452,0.00226811,0.01249617,0.98390226
