trial_id,gesture_label,gesture_name,repeat_index,stage,sample_index,sample_time_s,raw_ch0,raw_ch1,raw_ch2,raw_ch3,raw_ch4,raw_ch5,raw_ch6,raw_ch7,filtered_ch0,filtered_ch1,filtered_ch2,filtered_ch3,filtered_ch4,filtered_ch5,filtered_ch6,filtered_ch7,activity
power_01,1,POWER,1,active,0,16.070657,-15697.66500000,43700.35500000,23500.93500000,40579.47000000,35228.83500000,23052.01500000,16905.19500000,25253.91000000,-4837.16263803,13466.06163876,7241.70408406,12504.37540584,10855.60205568,7103.37146890,5209.25740501,7781.87519712,8624.92623667
power_01,1,POWER,1,active,1,16.072657,-15691.59000000,43699.68000000,23499.58500000,40580.41500000,35219.83500000,23042.74500000,16915.86000000,25259.58000000,-9468.25639040,26363.45639502,14177.28949986,24481.17992999,21250.17035551,13904.02335757,10201.89659850,15236.99202041,16885.40806841
power_01,1,POWER,1,active,2,16.074657,-15665.53500000,43693.47000000,23491.71000000,40567.68000000,35207.01000000,23039.68500000,16930.89000000,25269.79500000,-1226.79640161,3445.48215570,1850.89931045,3198.22207192,2770.04857659,1812.18683690,1344.82533720,1999.01221166,2205.93411276
power_01,1,POWER,1,active,3,16.076657,-15691.27500000,43655.40000000,23441.22000000,40516.42500000,35160.52500000,23000.53500000,16905.28500000,25242.39000000,4685.15352923,-13035.40586861,-7022.17199585,-12113.45579481,-10518.68221517,-6882.64860001,-5034.63438318,-7525.86422708,8352.25207674
power_01,1,POWER,1,active,4,16.078657,-15697.44000000,43639.69500000,23409.22500000,40484.88000000,35138.47500000,22984.20000000,16907.26500000,25238.92500000,3075.55105391,-8637.88242738,-4670.66164338,-8036.84247551,-6973.90795251,-4567.80969334,-3347.46815557,-4993.97660374,5538.01250067
power_01,1,POWER,1,active,5,16.080657,-15694.06500000,43635.60000000,23395.05000000,40468.41000000,35136.58500000,22987.30500000,16911.63000000,25243.78500000,5808.82894579,-16220.87168050,-8741.88930931,-15076.07347491,-13078.85954962,-8559.58549807,-6276.44926426,-9373.96813316,10392.06573195
power_01,1,POWER,1,active,6,16.082657,-15694.06500000,43635.60000000,23395.05000000,40468.41000000,35136.58500000,22987.30500000,16911.63000000,25243.78500000,4941.67492259,-13742.80436229,-7389.40744043,-12764.80643359,-11069.20360193,-7237.86772580,-5316.33521317,-7940.35630670,8800.30700081
power_01,1,POWER,1,active,7,16.084657,-15694.06500000,43635.60000000,23395.05000000,40468.41000000,35136.58500000,22987.30500000,16911.63000000,25243.78500000,3679.00161742,-10239.76603591,-5492.70640798,-9499.21001139,-8243.15729604,-5392.19903617,-3970.87783744,-5924.50140094,6555.17745541
power_01,1,POWER,1,active,8,16.086657,-15694.06500000,43635.60000000,23395.05000000,40468.41000000,35136.58500000,22987.30500000,16911.63000000,25243.78500000,3993.01632926,-11095.14839881,-5945.68816176,-10287.94339065,-8932.56882545,-5843.59673769,-4299.45944026,-6418.77244650,7102.02421630
power_01,1,POWER,1,active,9,16.088657,-15694.06500000,43635.60000000,23395.05000000,40468.41000000,35136.58500000,22987.30500000,16911.63000000,25243.78500000,1863.08222032,-5160.60652698,-2753.38757538,-4777.03189643,-4148.03793102,-2712.06319339,-2003.95314777,-2988.83696499,3300.87493203
power_01,1,POWER,1,active,10,16.090657,-15694.06500000,43635.60000000,23395.05000000,40468.41000000,35136.58500000,22987.30500000,16911.63000000,25243.78500000,1541.89728616,-4277.12230242,-2279.96160920,-3956.31517967,-3438.85310018,-2250.13298779,-1662.49516494,-2479.10495466,2735.73532313
power_01,1,POWER,1,active,11,16.092657,-15694.06500000,43635.60000000,23395.05000000,40468.41000000,35136.58500000,22987.30500000,16911.63000000,25243.78500000,209.54132299,-558.84097908,-282.96713977,-506.24778505,-442.97236624,-288.85692248,-220.31963212,-327.39528457,354.64267904
power_01,1,POWER,1,active,12,16.094657,-15694.06500000,43635.60000000,23395.05000000,40468.41000000,35136.58500000,22987.30500000,16911.63000000,25243.78500000,-1054.51513759,2949.03394054,1598.73181827,2748.26335399,2382.15899909,1558.78949524,1136.80252562,1700.29317212,1891.07355531
power_01,1,POWER,1,active,13,16.096657,-15694.06500000,43635.60000000,23395.05000000,40468.41000000,35136.58500000,22987.30500000,16911.63000000,25243.78500000,-1652.42747510,4613.70431756,2489.91246014,4291.20710568,3721.15634674,2434.62380089,1783.88757290,2664.45822170,2956.42216259
power_01,1,POWER,1,active,14,16.098657,-15694.06500000,43635.60000000,23395.05000000,40468.41000000,35136.58500000,22987.30500000,16911.63000000,25243.78500000,-2814.94976056,7846.68696171,4223.46675338,7289.38602728,6325.11532262,4138.63357920,3036.40959271,4534.73627144,5026.17303361
power_01,1,POWER,1,active,15,16.100657,-15694.06500000,43635.60000000,23395.05000000,40468.41000000,35136.58500000,22987.30500000,16911.63000000,25243.78500000,-2969.10761505,8268.06631382,4445.16689041,7677.54339817,6661.84293016,4358.14835835,3200.82419457,4779.41191275,5295.01395166
power_01,1,POWER,1,active,16,16.102657,-15694.06500000,43635.60000000,23395.05000000,40468.41000000,35136.58500000,22987.30500000,16911.63000000,25243.78500000,-3166.75925103,8816.99652664,4735.96375896,8183.72155792,7102.46105344,4646.71220333,3415.31107954,5098.57374891,5645.81239747
power_01,1,POWER,1,active,17,16.104657,-15694.06500000,43635.60000000,23395.05000000,40468.41000000,35136.58500000,22987.30500000,16911.63000000,25243.78500000,-2898.50145561,8062.09430567,4325.85461941,7479.83892690,6492.30188358,4247.09265046,3123.57008600,4662.93075079,5161.52308480
power_01,1,POWER,1,active,18,16.106657,-15694.06500000,43635.60000000,23395.05000000,40468.41000000,35136.58500000,22987.30500000,16911.63000000,25243.78500000,-2258.77793497,6278.43992242,3364.11605110,5821.55485230,5053.66800481,3305.78631162,2434.32551064,3632.88748416,4018.69450900
power_01,1,POWER,1,active,19,16.108657,-15694.06500000,43635.60000000,23395.05000000,40468.41000000,35136.58500000,22987.30500000,16911.63000000,25243.78500000,-1716.26742530,4765.04089309,2548.87074964,4414.98677906,3833.94099639,2507.89590362,1848.51370561,2758.34979551,3049.23328103
power_01,1,POWER,1,active,20,16.110657,-15694.06500000,43635.60000000,23395.05000000,40468.41000000,35136.58500000,22987.30500000,16911.63000000,25243.78500000,-977.10456741,2705.55873022,1441.65436998,2502.74879536,2174.47719534,1422.09242935,1051.07438890,1567.66148963,1730.29649577
power_01,1,POWER,1,active,21,16.112657,-15694.06500000,43635.60000000,23395.05000000,40468.41000000,35136.58500000,22987.30500000,16911.63000000,25243.78500000,-520.55774266,1436.63385499,760.93982301,1325.39185248,1153.03192933,754.12749549,559.46097870,833.81688376,917.99507005
power_01,1,POWER,1,active,22,16.114657,-15694.06500000,43635.60000000,23395.05000000,40468.41000000,35136.58500000,22987.30500000,16911.63000000,25243.78500000,-180.79454581,492.22330732,255.50744537,450.16951751,393.21966750,257.09609543,192.92819357,287.06047623,313.62490609
power_01,1,POWER,1,active,23,16.116657,-15694.06500000,43635.60000000,23395.05000000,40468.41000000,35136.58500000,22987.30500000,16911.63000000,25243.78500000,19.81143314,-62.42517470,-39.89666078,-62.84645947,-52.48491475,-34.33223034,-22.38620009,-34.23102419,41.05176218
power_01,1,POWER,1,active,24,16.118657,-15694.06500000,43635.60000000,23395.05000000,40468.41000000,35136.58500000,22987.30500000,16911.63000000,25243.78500000,79.70057733,-226.23588454,-125.48144503,-213.12700200,-183.40973344,-119.88181262,-86.54162083,-129.62905348,145.50089116
power_01,1,POWER,1,active,25,16.120657,-15694.06500000,43635.60000000,23395.05000000,40468.41000000,35136.58500000,22987.30500000,16911.63000000,25243.78500000,211.57152196,-591.17260609,-319.77387548,-550.48363024,-476.92117749,-311.95646320,-228.25788241,-341.10742428,378.90557264
power_01,1,POWER,1,active,26,16.122657,-15694.06500000,43635.60000000,23395.05000000,40468.41000000,35136.58500000,22987.30500000,16911.63000000,25243.78500000,358.12712693,-997.59593000,-537.07123659,-926.93001847,-804.09299032,-526.00707438,-385.84670110,-576.34060836,639.00146077
power_01,1,POWER,1,active,27,16.124657,-15694.06500000,43635.60000000,23395.05000000,40468.41000000,35136.58500000,22987.30500000,16911.63000000,25243.78500000,610.96571791,-1701.45382550,-914.86708777,-1579.92657255,-1371.21115083,-897.15105942,-658.56787130,-983.47148079,1089.70184576
power_01,1,POWER,1,active,28,16.126657,-15694.06500000,43635.60000000,23395.05000000,40468.41000000,35136.58500000,22987.30500000,16911.63000000,25243.78500000,900.70500146,-2507.95468252,-1348.03060408,-2328.43175068,-2021.00870924,-1322.31670195,-970.91127786,-1449.83313738,1606.14898315
power_01,1,POWER,1,active,29,16.128657,-15694.06500000,43635.60000000,23395.05000000,40468.41000000,35136.58500000,22987.30500000,16911.63000000,25243.78500000,1135.98649055,-3163.03959136,-1699.70441920,-2936.31150471,-2548.59950837,-1667.48873888,-1224.79804348,-1828.75733624,2025.58570410
power_01,1,POWER,1,active,30,16.130657,-15694.06500000,43635.60000000,23395.05000000,40468.41000000,35136.58500000,22987.30500000,16911.63000000,25243.78500000,1268.45014101,-3531.23989384,-1896.81082337,-3277.59078513,-2844.82090255,-1861.24706110,-1367.66942904,-2041.90750039,2261.21706705
power_01,1,POWER,1,active,31,16.132657,-15694.06500000,43635.60000000,23395.05000000,40468.41000000,35136.58500000,22987.30500000,16911.63000000,25243.78500000,1207.22161278,-3359.41292699,-1803.28478994,-3117.25848927,-2705.68479968,-1770.10317995,-1301.53756407,-1942.92705686,2150.92880244
power_01,1,POWER,1,active,32,16.134657,-15694.06500000,43635.60000000,23395.05000000,40468.41000000,35136.58500000,22987.30500000,16911.63000000,25243.78500000,979.69695868,-2724.34133167,-1460.64681181,-2526.71985986,-2193.30417922,-1434.78852158,-1056.05027520,-1576.15872107,1743.96333238
power_01,1,POWER,1,active,33,16.136657,-15694.06500000,43635.60000000,23395.05000000,40468.41000000,35136.58500000,22987.30500000,16911.63000000,25243.78500000,628.27192356,-1744.20074407,-932.75629067,-1615.95821455,-1403.07347237,-917.70649162,-676.80153421,-1009.77737441,1116.06825568
power_01,1,POWER,1,active,34,16.138657,-15694.06500000,43635.60000000,23395.05000000,40468.41000000,35136.58500000,22987.30500000,16911.63000000,25243.78500000,245.10099112,-676.40461998,-358.34945199,-624.21402125,-542.58122875,-354.72430846,-263.43357509,-392.55163427,432.16997886
power_01,1,POWER,1,active,35,16.140657,-15694.06500000,43635.60000000,23395.05000000,40468.41000000,35136.58500000,22987.30500000,16911.63000000,25243.78500000,-62.99162327,181.40514376,102.40653195,172.02695839,148.27838948,97.20628176,68.88560868,103.50626969,117.08835087
power_01,1,POWER,1,active,36,16.142657,-15694.06500000,43635.60000000,23395.05000000,40468.41000000,35136.58500000,22987.30500000,16911.63000000,25243.78500000,-238.18352170,668.14163912,362.96946624,623.21140960,539.81675944,353.26714442,257.71335091,385.23030008,428.56669894
power_01,1,POWER,1,active,37,16.144657,-15694.06500000,43635.60000000,23395.05000000,40468.41000000,35136.58500000,22987.30500000,16911.63000000,25243.78500000,-253.40886573,708.67035175,383.22957618,659.77376835,571.66479915,373.98081088,273.85717887,409.08876747,454.20926480
power_01,1,POWER,1,active,38,16.146657,-15694.06500000,43635.60000000,23395.05000000,40468.41000000,35136.58500000,22987.30500000,16911.63000000,25243.78500000,-151.31986784,422.38341546,227.78664290,392.84500598,340.27237567,222.50446643,163.43060708,243.99985635,270.56777971
power_01,1,POWER,1,active,39,16.148657,-15694.06500000,43635.60000000,23395.05000000,40468.41000000,35136.58500000,22987.30500000,16911.63000000,25243.78500000,-6.63151445,17.80530260,9.12652727,16.32274813,13.84490274,8.90469569,7.04988004,10.39923131,11.26060028
power_01,1,POWER,1,active,40,16.150657,-15694.06500000,43635.60000000,23395.05000000,40468.41000000,35136.58500000,22987.30500000,16911.63000000,25243.78500000,99.10819074,-277.51183685,-150.17583418,-258.32679154,-224.18681057,-146.79946001,-107.20986753,-160.20757209,177.94079544
power_01,1,POWER,1,active,41,16.152657,-15694.06500000,43635.60000000,23395.05000000,40468.41000000,35136.58500000,22987.30500000,16911.63000000,25243.78500000,103.20563233,-288.89780999,-156.21092916,-268.89990191,-233.12648428,-152.57197588,-111.70417049,-166.83450111,185.18142564
power_01,1,POWER,1,active,42,16.154657,-15694.06500000,43635.60000000,23395.05000000,40468.41000000,35136.58500000,22987.30500000,16911.63000000,25243.78500000,-4.55727403,11.88181835,5.99095444,10.69139128,9.60915825,6.32445914,4.58352013,6.90790258,7.56830977
power_01,1,POWER,1,active,43,16.156657,-15694.06500000,43635.60000000,23395.05000000,40468.41000000,35136.58500000,22987.30500000,16911.63000000,25243.78500000,-189.77121446,528.59838684,284.36068461,490.86571871,426.28595543,279.00085045,204.50259359,305.48769418,338.60913728
power_01,1,POWER,1,active,44,16.158657,-15694.06500000,43635.60000000,23395.05000000,40468.41000000,35136.58500000,22987.30500000,16911.63000000,25243.78500000,-381.26854627,1062.55298490,571.74262235,986.89413455,856.63187505,560.56981313,411.20183192,614.11687779,680.62233575
power_01,1,POWER,1,active,45,16.160657,-15694.06500000,43635.60000000,23395.05000000,40468.41000000,35136.58500000,22987.30500000,16911.63000000,25243.78500000,-502.34941610,1399.82802756,752.93573816,1300.00013250,1128.21332263,738.21221991,541.89682948,809.17375703,896.57618042
power_01,1,POWER,1,active,46,16.162657,-15694.06500000,43635.60000000,23395.05000000,40468.41000000,35136.58500000,22987.30500000,16911.63000000,25243.78500000,-501.85515114,1397.86409852,751.30329604,1297.80240077,1126.21776882,736.82802217,541.35971080,808.22704445,895.18218659
power_01,1,POWER,1,active,47,16.164657,-15694.06500000,43635.60000000,23395.05000000,40468.41000000,35136.58500000,22987.30500000,16911.63000000,25243.78500000,-371.26363788,1033.13303228,554.39805386,958.58320791,831.83720766,544.14180225,400.40339171,597.60971185,661.42125567
power_01,1,POWER,1,active,48,16.166657,-15694.06500000,43635.60000000,23395.05000000,40468.41000000,35136.58500000,22987.30500000,16911.63000000,25243.78500000,-151.25489187,419.33213684,223.65895084,388.12464138,336.87513369,220.25153625,162.95167135,242.96281905,268.17647266
power_01,1,POWER,1,active,49,16.168657,-15694.06500000,43635.60000000,23395.05000000,40468.41000000,35136.58500000,22987.30500000,16911.63000000,25243.78500000,86.10222063,-242.40679690,-132.48299020,-226.60514802,-196.45360796,-128.69092409,-93.20098632,-139.51639489,155.68238363
power_01,1,POWER,1,active,50,16.099282,-15694.06500000,43635.60000000,23395.05000000,40468.41000000,35136.58500000,22987.30500000,16911.63000000,25243.78500000,263.24160713,-735.76157970,-397.55975077,-684.61760090,-593.78873735,-388.60477408,-284.32578037,-424.80498683,471.58810214
power_01,1,POWER,1,active,51,16.101282,-15694.06500000,43635.60000000,23395.05000000,40468.41000000,35136.58500000,22987.30500000,16911.63000000,25243.78500000,325.86617347,-909.47474607,-490.28067442,-845.47234615,-733.31304353,-479.80684304,-351.82757314,-525.44030173,582.68521269
power_01,1,POWER,1,active,52,16.103282,-15694.06500000,43635.60000000,23395.05000000,40468.41000000,35136.58500000,22987.30500000,16911.63000000,25243.78500000,263.18355104,-733.70988146,-394.81896616,-681.60303864,-591.13977353,-386.69959719,-284.07257642,-424.10515423,469.91656733
power_01,1,POWER,1,active,53,16.105282,-15694.06500000,43635.60000000,23395.05000000,40468.41000000,35136.58500000,22987.30500000,16911.63000000,25243.78500000,109.78761151,-305.21146490,-163.50560102,-283.05770554,-245.40960265,-160.43901575,-118.41920900,-176.63722866,195.30842988
power_01,1,POWER,1,active,54,16.107282,-15694.06500000,43635.60000000,23395.05000000,40468.41000000,35136.58500000,22987.30500000,16911.63000000,25243.78500000,-67.74259250,190.16414845,103.43412793,177.37480797,153.96884029,100.87348762,73.25263983,109.59771493,122.05104494
power_01,1,POWER,1,active,55,16.109282,-15694.06500000,43635.60000000,23395.05000000,40468.41000000,35136.58500000,22987.30500000,16911.63000000,25243.78500000,-197.18011858,550.96759342,297.51862017,512.50807539,444.61486200,290.99544459,212.97857450,318.17977503,353.11788296
power_01,1,POWER,1,active,56,16.111282,-15694.06500000,43635.60000000,23395.05000000,40468.41000000,35136.58500000,22987.30500000,16911.63000000,25243.78500000,-227.89299900,636.12711550,342.91547025,591.34696533,512.90959406,335.60619139,246.11168152,367.53954421,407.55619516
power_01,1,POWER,1,active,57,16.113282,-15694.06500000,43635.60000000,23395.05000000,40468.41000000,35136.58500000,22987.30500000,16911.63000000,25243.78500000,-149.20691874,416.11096026,223.93857752,386.59205258,335.19828139,219.25786214,161.14469888,240.54334494,266.49908706
power_01,1,POWER,1,active,58,16.115282,-15694.06500000,43635.60000000,23395.05000000,40468.41000000,35136.58500000,22987.30500000,16911.63000000,25243.78500000,6.35384970,-18.12910215,-10.22042751,-17.10553617,-15.05817131,-9.95651170,-6.79925174,-10.31248020,11.74191631
power_01,1,POWER,1,active,59,16.117282,-15694.06500000,43635.60000000,23395.05000000,40468.41000000,35136.58500000,22987.30500000,16911.63000000,25243.78500000,176.79951995,-493.54928037,-266.24564389,-458.86868503,-398.28525819,-260.69834148,-190.79576561,-285.06391846,316.28830162
power_01,1,POWER,1,active,60,16.119282,-15694.06500000,43635.60000000,23395.05000000,40468.41000000,35136.58500000,22987.30500000,16911.63000000,25243.78500000,294.84833102,-822.48718705,-443.07867007,-764.32127550,-663.21491472,-433.99546195,-318.21552438,-475.25826343,526.92745352
power_01,1,POWER,1,active,61,16.121282,-15694.06500000,43635.60000000,23395.05000000,40468.41000000,35136.58500000,22987.30500000,16911.63000000,25243.78500000,313.83133969,-874.91269691,-470.82237563,-812.72070145,-705.12212801,-461.34525258,-338.68866078,-505.71044256,560.39419970
power_01,1,POWER,1,active,62,16.123282,-15694.06500000,43635.60000000,23395.05000000,40468.41000000,35136.58500000,22987.30500000,16911.63000000,25243.78500000,225.21581991,-627.24448471,-336.97715850,-582.28441086,-505.13857387,-330.42983776,-243.01589124,-362.73044959,401.62957831
power_01,1,POWER,1,active,63,16.125282,-15694.06500000,43635.60000000,23395.05000000,40468.41000000,35136.58500000,22987.30500000,16911.63000000,25243.78500000,61.21621872,-169.54725686,-90.23838342,-156.82661400,-135.99937896,-88.86548290,-65.98279496,-98.30721325,108.37291788
power_01,1,POWER,1,active,64,16.127282,-15694.06500000,43635.60000000,23395.05000000,40468.41000000,35136.58500000,22987.30500000,16911.63000000,25243.78500000,-117.93531519,330.05606254,178.74348660,307.35907604,266.69532531,174.61060075,127.38613305,190.43468036,211.65258498
power_01,1,POWER,1,active,65,16.129282,-15694.06500000,43635.60000000,23395.05000000,40468.41000000,35136.58500000,22987.30500000,16911.63000000,25243.78500000,-247.23311007,690.26419331,372.34451731,641.81385815,556.80843157,364.38372493,266.92147176,398.71652688,442.31072925
power_01,1,POWER,1,active,66,16.131282,-15694.06500000,43635.60000000,23395.05000000,40468.41000000,35136.58500000,22987.30500000,16911.63000000,25243.78500000,-281.42286476,784.99596811,422.79621984,729.46671542,632.79686562,414.03246938,303.78170669,453.63503866,502.86598106
power_01,1,POWER,1,active,67,16.133282,-15694.06500000,43635.60000000,23395.05000000,40468.41000000,35136.58500000,22987.30500000,16911.63000000,25243.78500000,-211.62492951,589.70168366,317.07527279,547.63461181,475.00759800,310.72434490,228.39459109,340.94166727,377.63808738
power_01,1,POWER,1,active,68,16.135282,-15694.06500000,43635.60000000,23395.05000000,40468.41000000,35136.58500000,22987.30500000,16911.63000000,25243.78500000,-67.92510057,188.50624963,100.67513903,174.61102420,151.38357530,98.93900960,73.24870793,109.19390533,120.56033895
power_01,1,POWER,1,active,69,16.137282,-15694.06500000,43635.60000000,23395.05000000,40468.41000000,35136.58500000,22987.30500000,16911.63000000,25243.78500000,92.82506249,-259.89631047,-140.83158379,-242.07134768,-210.07744757,-137.56118334,-100.27996766,-149.93249816,166.68442514
power_01,1,POWER,1,active,70,16.139282,-15694.06500000,43635.60000000,23395.05000000,40468.41000000,35136.58500000,22987.30500000,16911.63000000,25243.78500000,208.99776924,-583.62060308,-314.88696169,-542.69956396,-470.82634599,-308.12609147,-225.66737867,-337.10167080,373.99079811
power_01,1,POWER,1,active,71,16.141282,-15694.06500000,43635.60000000,23395.05000000,40468.41000000,35136.58500000,22987.30500000,16911.63000000,25243.78500000,237.53762990,-662.70865979,-357.01070306,-615.88596265,-534.25024737,-349.55917744,-256.44500658,-382.95186750,424.54365679
power_01,1,POWER,1,active,72,16.143282,-15694.06500000,43635.60000000,23395.05000000,40468.41000000,35136.58500000,22987.30500000,16911.63000000,25243.78500000,169.77689152,-473.18923486,-254.47951758,-439.47736251,-381.15492310,-249.32679730,-183.26854470,-273.57240315,303.03070934
power_01,1,POWER,1,active,73,16.145282,-15694.06500000,43635.60000000,23395.05000000,40468.41000000,35136.58500000,22987.30500000,16911.63000000,25243.78500000,33.91337123,-93.91085106,-49.93554198,-86.85790989,-75.22333806,-49.12008590,-36.58823398,-54.47465410,60.00299827
power_01,1,POWER,1,active,74,16.147282,-15694.06500000,43635.60000000,23395.05000000,40468.41000000,35136.58500000,22987.30500000,16911.63000000,25243.78500000,-116.48917613,325.60769902,175.99463940,302.96857242,262.94634343,172.14075163,125.76891612,187.96642077,208.73531486
power_01,1,POWER,1,active,75,16.149282,-15694.06500000,43635.60000000,23395.05000000,40468.41000000,35136.58500000,22987.30500000,16911.63000000,25243.78500000,-223.36183667,623.40483748,336.09540239,579.50905923,502.80354509,329.03881206,241.11993785,360.15046546,399.43548703
power_01,1,POWER,1,active,76,16.151282,-15694.06500000,43635.60000000,23395.05000000,40468.41000000,35136.58500000,22987.30500000,16911.63000000,25243.78500000,-246.24388490,686.74990151,369.77032266,638.08603783,553.55611953,362.18506979,265.79603161,396.89483843,439.91027578
power_01,1,POWER,1,active,77,16.153282,-15694.06500000,43635.60000000,23395.05000000,40468.41000000,35136.58500000,22987.30500000,16911.63000000,25243.78500000,-177.27746932,493.91701105,265.49344693,458.62480939,397.81229177,260.22384892,191.32586990,285.59000576,316.28309413
power_01,1,POWER,1,active,78,16.155282,-15694.06500000,43635.60000000,23395.05000000,40468.41000000,35136.58500000,22987.30500000,16911.63000000,25243.78500000,-43.55478135,120.65741313,64.22727873,111.62367226,96.75105652,63.20665792,46.96491873,69.96088297,77.11833270
power_01,1,POWER,1,active,79,16.157282,-15694.06500000,43635.60000000,23395.05000000,40468.41000000,35136.58500000,22987.30500000,16911.63000000,25243.78500000,103.81044274,-290.35287886,-157.09445945,-270.27725958,-234.54995298,-153.55911532,-112.10549118,-167.56975080,186.16491886
power_01,1,POWER,1,active,80,16.159282,-15694.06500000,43635.60000000,23395.05000000,40468.41000000,35136.58500000,22987.30500000,16911.63000000,25243.78500000,209.47396768,-584.75457623,-315.35215177,-543.65058672,-471.66888561,-308.66653208,-226.14410385,-337.79444248,374.68815580
power_01,1,POWER,1,active,81,16.161282,-15694.06500000,43635.60000000,23395.05000000,40468.41000000,35136.58500000,22987.30500000,16911.63000000,25243.78500000,234.85680113,-655.06179646,-352.77008166,-608.69005190,-528.03809322,-345.48988053,-253.51348500,-378.56279046,419.62287254
power_01,1,POWER,1,active,82,16.163282,-15694.06500000,43635.60000000,23395.05000000,40468.41000000,35136.58500000,22987.30500000,16911.63000000,25243.78500000,172.37694947,-480.31034682,-258.22526872,-446.02419547,-386.87425213,-253.07042247,-186.03986405,-277.70773594,307.57862938
power_01,1,POWER,1,active,83,16.165282,-15694.06500000,43635.60000000,23395.05000000,40468.41000000,35136.58500000,22987.30500000,16911.63000000,25243.78500000,47.67883189,-132.20546481,-70.49406905,-122.38713483,-106.08948355,-69.32105606,-51.41560833,-76.61826578,84.52623929
power_01,1,POWER,1,active,84,16.167282,-15694.06500000,43635.60000000,23395.05000000,40468.41000000,35136.58500000,22987.30500000,16911.63000000,25243.78500000,-90.73557613,253.86604634,137.41930456,236.35676981,205.11740670,134.29794108,97.99741210,146.49404820,162.78556311
power_01,1,POWER,1,active,85,16.169282,-15694.06500000,43635.60000000,23395.05000000,40468.41000000,35136.58500000,22987.30500000,16911.63000000,25243.78500000,-190.29697070,531.28375125,286.56184838,493.97043510,428.56223686,280.46081098,205.45328634,306.89439298,340.43546657
power_01,1,POWER,1,active,86,16.171282,-15687.04500000,43694.73000000,23470.47000000,40536.36000000,35219.61000000,23047.38000000,16917.48000000,25275.87000000,-212.13936642,616.00920976,345.20716212,576.43908104,507.47043080,333.80703095,233.14216444,355.34162699,397.44450906
power_01,1,POWER,1,active,87,16.173282,-15692.08500000,43709.08500000,23496.88500000,40565.07000000,35238.37500000,23057.73000000,16911.94500000,25275.51000000,-152.75636626,473.25033352,286.53978109,452.09642759,404.76664988,267.65838141,169.59484101,269.68296952,309.54321878
power_01,1,POWER,1,active,88,16.175282,-15694.83000000,43716.06000000,23514.07500000,40585.41000000,35244.94500000,23057.73000000,16909.47000000,25275.33000000,-41.24453291,120.54608706,83.15172535,126.18425788,104.15721773,66.02951620,37.24910052,63.17201275,80.21680630
power_01,1,POWER,1,active,89,16.177282,-15697.39500000,43713.85500000,23508.09000000,40584.06000000,35233.42500000,23044.63500000,16912.93500000,25277.53500000,87.43749071,-271.28258809,-151.59451908,-246.56494583,-231.51044835,-157.73220788,-102.35417317,-158.11305972,175.82367910
power_01,1,POWER,1,active,90,16.179282,-15698.65500000,43705.80000000,23490.81000000,40568.08500000,35215.11000000,23031.13500000,16917.39000000,25279.69500000,183.60389863,-537.38921028,-309.75347864,-507.83597734,-452.00530017,-300.51339595,-196.64581828,-303.58582517,348.91661306
power_01,1,POWER,1,active,91,16.181282,-15701.13000000,43696.89000000,23468.80500000,40546.26000000,35198.05500000,23019.88500000,16921.71000000,25280.05500000,204.62232319,-612.37302258,-367.11141020,-590.24152327,-519.38383619,-341.68270715,-219.64792556,-344.07799014,399.89259228
power_01,1,POWER,1,active,92,16.183282,-15700.14000000,43688.38500000,23443.96500000,40521.42000000,35182.08000000,23010.79500000,16928.05500000,25283.07000000,149.68917629,-451.27396764,-282.14603428,-445.87163270,-384.28046181,-249.72721895,-157.32598585,-250.94778265,296.40778252
power_01,1,POWER,1,active,93,16.185282,-15697.30500000,43683.16500000,23428.03500000,40503.42000000,35176.99500000,23013.04500000,16931.11500000,25285.09500000,40.39224222,-128.89304920,-102.70899687,-145.34535172,-115.49658356,-70.55496002,-35.81362998,-65.84643960,88.13140665
power_01,1,POWER,1,active,94,16.187282,-15690.78000000,43681.32000000,23432.67000000,40502.02500000,35187.25500000,23026.18500000,16925.58000000,25281.81000000,-81.45086960,224.64556012,103.56697531,194.14092255,181.77945793,127.19954638,92.21469336,132.23133660,142.15367023
power_01,1,POWER,1,active,95,16.189282,-15692.22000000,43692.48000000,23452.83000000,40520.83500000,35208.85500000,23041.53000000,16924.45500000,25281.81000000,-170.61158157,491.37839000,274.38066132,460.53299913,413.12258597,277.78341253,183.33305559,277.29288719,318.55444666
power_01,1,POWER,1,active,96,16.191282,-15690.64500000,43702.33500000,23474.74500000,40542.21000000,35226.18000000,23052.33000000,16919.32500000,25281.27000000,-196.42825588,562.30924905,326.48636109,539.54720692,471.85111753,310.44299097,205.81241171,313.20716573,365.76059486
power_01,1,POWER,1,active,97,16.193282,-15695.73000000,43712.05500000,23499.04500000,40568.58000000,35242.11000000,23059.75500000,16912.48500000,25277.44500000,-145.50958813,419.05664874,256.41356063,414.06374996,353.82380459,229.20629674,146.68635140,228.99352210,274.21919029
power_01,1,POWER,1,active,98,16.195282,-15697.62000000,43717.68000000,23515.92000000,40587.97500000,35247.46500000,23059.98000000,16911.94500000,25277.17500000,-41.43446344,122.04167118,97.39480221,141.00472241,109.64276408,66.57475882,32.40690171,58.37855832,83.60983027
power_01,1,POWER,1,active,99,16.197282,-15703.78500000,43710.57000000,23504.76000000,40580.05500000,35230.72500000,23041.98000000,16912.53000000,25274.97000000,74.84787111,-213.61923199,-96.91284512,-180.07200206,-173.00750057,-120.91630388,-88.01512393,-128.34688108,134.46721997
power_01,1,POWER,1,active,100,16.201561,-15704.10000000,43705.08000000,23488.24500000,40565.25000000,35213.76000000,23029.83000000,16917.43500000,25277.44500000,161.29813855,-458.09307945,-248.24103368,-424.66077859,-380.43031660,-256.14882466,-174.67321543,-261.01744065,295.57035345
power_01,1,POWER,1,active,101,16.203561,-15700.45500000,43701.70500000,23471.95500000,40549.18500000,35201.34000000,23024.29500000,16923.33000000,25283.20500000,185.51686741,-515.77742155,-290.51462281,-490.59389629,-429.37460340,-283.08614708,-192.59057715,-289.37311482,334.60340631
power_01,1,POWER,1,active,102,16.205561,-15702.07500000,43690.36500000,23444.46000000,40521.24000000,35182.57500000,23012.14500000,16929.18000000,25283.20500000,138.31327565,-373.69275427,-217.75609731,-364.76437619,-311.60603137,-201.66526708,-135.05171792,-204.71677759,243.44578717
power_01,1,POWER,1,active,103,16.207561,-15699.33000000,43681.59000000,23425.87500000,40499.68500000,35173.93500000,23011.69500000,16929.94500000,25282.62000000,35.96776054,-97.92215939,-71.78439033,-110.93853844,-84.64563405,-52.37788916,-29.31463518,-47.04408673,66.24938673
power_01,1,POWER,1,active,104,16.209561,-15697.84500000,43687.48500000,23433.93000000,40504.36500000,35189.37000000,23026.86000000,16926.93000000,25283.34000000,-74.84937168,218.95114841,110.52766374,191.40905055,181.71142630,125.10898553,86.22563574,130.71657399,139.93748199
power_01,1,POWER,1,active,105,16.211561,-15690.87000000,43702.47000000,23459.58000000,40528.98000000,35215.60500000,23047.83000000,16928.37000000,25289.46000000,-152.55627836,455.48704748,258.33582206,426.57474551,384.29541365,258.22593360,169.45467731,261.44366290,295.79669761
power_01,1,POWER,1,active,106,16.213561,-15683.04000000,43717.23000000,23486.98500000,40556.88000000,35238.33000000,23065.15500000,16931.74500000,25295.22000000,-170.22357869,513.36006198,300.83858198,492.31990230,432.89674649,286.80896496,191.60226440,292.26005446,335.03876941
power_01,1,POWER,1,active,107,16.215561,-15683.44500000,43725.87000000,23511.73500000,40582.48500000,35254.62000000,23074.15500000,16925.49000000,25292.70000000,-122.70715615,375.34967101,229.08374195,369.59143875,317.68264742,208.93621416,137.97728489,211.04956555,246.54721498
power_01,1,POWER,1,active,108,16.217561,-15697.35000000,43720.11000000,23515.87500000,40589.01000000,35247.96000000,23061.78000000,16910.91000000,25279.47000000,-38.38910302,95.54920790,72.03365232,109.01974372,84.56176303,50.20297056,24.47544163,45.00052713,64.90405116
power_01,1,POWER,1,active,109,16.219561,-15702.93000000,43712.95500000,23505.66000000,40581.85500000,35231.08500000,23045.89500000,16910.86500000,25277.58000000,59.49815617,-214.91744833,-111.46862275,-188.96886337,-178.80131573,-126.48749924,-92.30666381,-132.18293863,138.07893850
power_01,1,POWER,1,active,110,16.221561,-15701.26500000,43709.13000000,23490.94500000,40569.30000000,35216.91000000,23035.41000000,16918.15500000,25282.48500000,142.12642305,-431.42152493,-244.40159286,-405.04687169,-362.88608671,-244.00710230,-163.12042537,-246.93011471,279.99251770
power_01,1,POWER,1,active,111,16.223561,-15700.09500000,43701.93000000,23471.77500000,40549.81500000,35201.43000000,23025.60000000,16923.19500000,25285.45500000,167.14069675,-480.12117711,-278.69224888,-460.65802980,-402.59441788,-265.84640289,-174.69820622,-269.21040165,312.37019765
power_01,1,POWER,1,active,112,16.225561,-15702.21000000,43690.63500000,23443.38000000,40521.24000000,35181.63000000,23013.27000000,16928.68500000,25285.77000000,121.87353794,-354.71932967,-215.89441175,-349.92497340,-300.10250900,-196.33399111,-125.36226789,-196.29709802,232.56351485
power_01,1,POWER,1,active,113,16.227561,-15699.64500000,43686.09000000,23427.49500000,40503.10500000,35176.99500000,23014.84500000,16931.25000000,25287.79500000,31.60095815,-100.47087134,-79.85254710,-115.81077023,-91.26768354,-57.02376730,-27.08514348,-50.02225916,69.14175004
power_01,1,POWER,1,active,114,16.229561,-15695.19000000,43692.79500000,23437.84500000,40510.17000000,35193.87000000,23032.30500000,16928.82000000,25289.86500000,-65.61704708,189.72570682,89.73318091,162.34796671,154.41120973,107.23821378,78.08162423,113.16403927,120.03987357
power_01,1,POWER,1,active,115,16.231561,-15695.01000000,43699.90500000,23455.48500000,40525.24500000,35211.87000000,23045.85000000,16925.67000000,25286.98500000,-137.20600612,400.68565185,222.64765062,373.46423477,335.29398264,225.96751119,151.00248847,227.97018380,259.27971368
power_01,1,POWER,1,active,116,16.233561,-15691.68000000,43710.93000000,23478.57000000,40548.19500000,35231.08500000,23058.85500000,16922.83500000,25288.02000000,-156.12066060,451.97447304,259.76473632,431.07042060,378.02277519,250.22014713,168.75690666,253.64191421,293.69650422
power_01,1,POWER,1,active,117,16.235561,-15695.73000000,43716.96000000,23501.25000000,40570.56000000,35243.28000000,23064.07500000,16914.42000000,25282.08000000,-113.64012957,331.47741183,198.63096723,324.58614030,278.00249226,181.71423925,120.00279420,183.18201892,216.40452420
power_01,1,POWER,1,active,118,16.237561,-15694.60500000,43725.42000000,23520.19500000,40591.84500000,35251.02000000,23065.96500000,16913.11500000,25284.51000000,-29.58975840,89.38480179,68.78719437,102.07257386,78.14378138,48.60012740,25.69802001,43.94642685,60.77783550
power_01,1,POWER,1,active,119,16.239561,-15695.50500000,43722.18000000,23513.89500000,40589.10000000,35239.18500000,23052.69000000,16916.67000000,25287.07500000,66.43249964,-181.42000233,-87.62820205,-156.43383024,-148.99316404,-102.14229286,-71.94043138,-106.25951558,115.15624226
power_01,1,POWER,1,active,120,16.241561,-15696.18000000,43714.39500000,23496.25500000,40573.98000000,35222.31000000,23038.87500000,16921.44000000,25289.64000000,135.87460349,-380.40822365,-211.44837417,-354.11992249,-317.30917071,-212.36977446,-140.74791424,-213.51173504,245.72371478
power_01,1,POWER,1,active,121,16.243561,-15698.43000000,43704.49500000,23473.84500000,40550.94000000,35204.80500000,23026.90500000,16925.44500000,25288.69500000,149.46934243,-431.98332921,-249.36528469,-411.66314035,-360.48871352,-238.59343282,-158.06530263,-242.26668235,280.23690350
power_01,1,POWER,1,active,122,16.245561,-15696.22500000,43698.15000000,23450.53500000,40526.91000000,35190.18000000,23019.70500000,16931.43000000,25293.96000000,108.85240915,-316.45875027,-190.84240362,-310.56657228,-265.96960438,-173.43067387,-113.41426592,-175.67206270,206.90084277
power_01,1,POWER,1,active,123,16.247561,-15697.35000000,43690.45500000,23430.78000000,40506.21000000,35182.62000000,23018.17500000,16932.78000000,25291.80000000,27.60195669,-86.55843512,-67.85519858,-99.03344395,-77.71154909,-47.79192733,-26.09741855,-43.29150253,59.49267898
power_01,1,POWER,1,active,124,16.249561,-15692.94000000,43697.52000000,23440.68000000,40513.00500000,35199.27000000,23034.37500000,16930.75500000,25294.18500000,-63.53972297,171.24181857,81.08596271,148.12738848,139.52163968,96.05382812,67.45519991,100.08690944,108.38905873
power_01,1,POWER,1,active,125,16.251561,-15691.86000000,43705.71000000,23460.21000000,40529.20500000,35217.04500000,23048.23500000,16926.79500000,25292.74500000,-126.80263073,362.80041577,202.67486366,339.21388289,303.42442284,203.59309521,134.07279602,205.10234335,234.71055631
power_01,1,POWER,1,active,126,16.253561,-15693.12000000,43712.82000000,23480.28000000,40548.37500000,35231.40000000,23057.19000000,16922.56500000,25290.81000000,-143.66310593,408.73193413,236.91403631,390.64778517,340.78005215,225.27059916,149.43451128,229.13723443,265.57240732
power_01,1,POWER,1,active,127,16.255561,-15696.76500000,43718.98500000,23502.51000000,40571.05500000,35244.49500000,23064.16500000,16915.54500000,25285.45500000,-107.58055477,297.49357502,178.70860044,291.97563776,248.75811790,162.25594624,106.31542381,163.36492899,194.55659811
power_01,1,POWER,1,active,128,16.257561,-15695.01000000,43727.22000000,23521.14000000,40592.16000000,35252.68500000,23066.50500000,16915.45500000,25288.20000000,-28.50716429,81.78626156,63.35473042,93.61796832,72.58903729,45.62810488,23.44766841,40.00664610,56.11719766
power_01,1,POWER,1,active,129,16.259561,-15698.56500000,43720.87500000,23511.96000000,40586.62500000,35237.88000000,23051.52000000,16917.79500000,25287.03000000,59.60248552,-161.83964800,-77.04569107,-138.97198069,-131.56707442,-89.82736350,-64.37954258,-95.09991461,102.29171255
power_01,1,POWER,1,active,130,16.261561,-15696.99000000,43717.18500000,23497.56000000,40575.10500000,35223.70500000,23042.02500000,16923.10500000,25292.43000000,121.35923922,-341.83275293,-189.72834703,-318.32522937,-284.75340814,-190.17703330,-127.06736559,-193.04954320,220.78661485
power_01,1,POWER,1,active,131,16.263561,-15696.99000000,43710.34500000,23476.72500000,40554.72000000,35207.59500000,23031.94500000,16926.97500000,25293.96000000,137.64258433,-383.87274297,-220.14131148,-366.24629476,-320.08879028,-210.24374033,-142.10204969,-214.84116894,249.39733535
power_01,1,POWER,1,active,132,16.265561,-15694.74000000,43699.23000000,23449.99500000,40526.73000000,35189.86500000,23020.60500000,16932.55500000,25295.53500000,101.51613964,-282.06652720,-169.12491103,-277.17137631,-236.64382467,-154.65334578,-101.92353779,-155.94757729,184.88090496
power_01,1,POWER,1,active,133,16.267561,-15686.23500000,43676.73000000,23425.20000000,40492.39500000,35170.96500000,23012.01000000,16928.37000000,25286.58000000,29.02673714,-84.98582974,-64.24927359,-95.99224750,-74.52834412,-48.47763621,-25.33019693,-42.73631512,58.16582254
power_01,1,POWER,1,active,134,16.269561,-15691.99500000,43682.13000000,23430.96000000,40497.03000000,35184.37500000,23023.93500000,16924.59000000,25284.46500000,-53.14496085,144.49285558,69.00493614,123.83976793,118.65468124,80.09875223,57.38396312,85.04688425,91.45835017
power_01,1,POWER,1,active,135,16.271561,-15694.24500000,43705.35000000,23458.32000000,40527.49500000,35215.29000000,23047.11000000,16925.85000000,25292.38500000,-119.97454313,329.78733297,182.94691641,307.65155232,275.66496868,182.82545662,121.36292413,185.28891889,213.18782664
power_01,1,POWER,1,active,136,16.273561,-15693.61500000,43714.39500000,23479.11000000,40548.33000000,35231.76000000,23057.32500000,16922.25000000,25290.81000000,-134.32889913,381.56464463,219.40749026,363.90373026,318.74087664,209.60346318,140.09351502,214.05958150,247.71277508
power_01,1,POWER,1,active,137,16.275561,-15698.20500000,43719.57000000,23500.53000000,40569.70500000,35244.22500000,23062.72500000,16913.43000000,25284.28500000,-95.36646399,273.55524024,163.90665923,267.47821774,229.50106266,149.40265773,98.38135357,151.19286936,178.59806557
power_01,1,POWER,1,active,138,16.277561,-15697.53000000,43726.23000000,23519.25000000,40590.27000000,35251.33500000,23063.31000000,16911.81000000,25285.05000000,-27.57313668,73.85503082,56.69587767,84.11928605,65.66515481,39.96901779,20.91506801,35.54490654,50.54218479
power_01,1,POWER,1,active,139,16.279561,-15699.91500000,43721.64000000,23510.56500000,40585.68000000,35237.11500000,23049.45000000,16915.50000000,25285.27500000,53.87467650,-144.65008092,-68.11119041,-123.90066709,-117.61791538,-80.31064379,-56.79490201,-84.34502245,91.20063732
power_01,1,POWER,1,active,140,16.281561,-15697.84500000,43718.04000000,23495.76000000,40573.12500000,35222.89500000,23039.19000000,16921.26000000,25290.72000000,111.63177674,-308.93890645,-171.86053637,-288.59024292,-258.44371619,-171.57700373,-112.76546789,-173.18579820,199.62418106
power_01,1,POWER,1,active,141,16.283561,-15699.24000000,43709.13000000,23474.07000000,40551.57000000,35205.43500000,23027.58000000,16925.62500000,25291.30500000,124.34552670,-347.43875099,-199.85715687,-332.21658364,-290.37553695,-190.12403156,-126.51001381,-193.39858942,225.53327374
power_01,1,POWER,1,active,142,16.285561,-15696.63000000,43702.60500000,23450.58000000,40528.48500000,35192.20500000,23020.20000000,16932.46500000,25296.48000000,92.39419795,-256.17237546,-152.72239923,-250.80308554,-214.75585629,-139.15821905,-90.75669153,-140.16432697,167.11589400
power_01,1,POWER,1,active,143,16.287561,-15697.62000000,43694.95500000,23431.86000000,40507.47000000,35185.54500000,23019.43500000,16933.32000000,25296.34500000,24.24858904,-73.24624969,-56.76254223,-82.98392340,-64.72560897,-40.33361927,-20.68230988,-35.17578531,49.76982848
power_01,1,POWER,1,active,144,16.289561,-15695.01000000,43700.04000000,23440.59000000,40513.54500000,35201.02500000,23035.99500000,16929.58500000,25296.66000000,-49.63047899,136.17232303,64.98178074,117.52497974,112.19557172,77.95905559,53.96317696,81.68608390,86.76418133
power_01,1,POWER,1,active,145,16.291561,-15694.92000000,43706.65500000,23457.96000000,40528.48500000,35218.08000000,23048.37000000,16924.95000000,25293.87000000,-102.62842562,289.19670939,161.77763721,271.18020298,242.68184008,163.37808909,106.54185551,163.35623911,187.59262487
power_01,1,POWER,1,active,146,16.293561,-15690.46500000,43717.86000000,23482.44000000,40552.33500000,35237.83500000,23061.51000000,16922.20500000,25296.39000000,-114.79634342,328.65785783,189.95305746,314.38604004,274.61265675,180.98509122,120.64432674,184.21883027,213.53177547
power_01,1,POWER,1,active,147,16.295561,-15692.04000000,43725.55500000,23506.96500000,40577.22000000,35253.40500000,23070.19500000,16914.64500000,25293.51000000,-82.58944042,241.37074253,145.73318099,236.64402194,202.47638899,131.93299122,86.53250649,134.21301119,157.68653547
power_01,1,POWER,1,active,148,16.297561,-15694.69500000,43729.96500000,23522.98500000,40594.45500000,35258.08500000,23068.84500000,16912.84500000,25292.07000000,-22.95135434,64.56236499,50.72455170,74.28566987,57.30232990,35.49766517,17.76264619,30.85489495,44.24268464
power_01,1,POWER,1,active,149,16.299561,-15696.04500000,43725.82500000,23515.33500000,40590.58500000,35244.81000000,23054.40000000,16916.89500000,25293.33000000,45.18536043,-134.13605528,-65.23996836,-116.42043566,-110.69099429,-77.08981882,-52.93482881,-80.81537814,85.31410497
power_01,1,POWER,1,active,150,16.300410,-15694.92000000,43720.33500000,23499.85500000,40576.68000000,35229.01500000,23041.98000000,16922.52000000,25295.76000000,97.26490022,-278.28479428,-156.08591743,-260.84753300,-234.17091320,-157.79788603,-101.91643257,-158.68208835,180.63130814
power_01,1,POWER,1,active,151,16.302410,-15690.82500000,43712.91000000,23480.50500000,40557.28500000,35214.48000000,23033.88000000,16928.37000000,25298.68500000,111.19061283,-312.22235606,-179.90428415,-298.63500006,-261.53463318,-172.47592058,-114.14191687,-176.77155644,203.35953502
power_01,1,POWER,1,active,152,16.304410,-15686.64000000,43692.75000000,23448.69000000,40521.19500000,35189.01000000,23018.58000000,16930.57500000,25294.99500000,82.88465587,-232.65003014,-139.52052250,-228.11992017,-195.62286468,-127.09714691,-82.81126260,-129.84673814,152.31914263
power_01,1,POWER,1,active,153,16.306410,-15693.61500000,43690.27500000,23431.63500000,40504.68000000,35185.18500000,23018.13000000,16933.18500000,25296.03000000,19.50183617,-69.01984364,-54.64551311,-78.37876758,-62.53104182,-39.84043614,-20.47376470,-35.57149999,47.49533789
power_01,1,POWER,1,active,154,16.308410,-15693.84000000,43696.98000000,23440.59000000,40510.71000000,35201.02500000,23032.39500000,16929.63000000,25295.85000000,-52.90285370,127.29062740,58.46113123,108.68612474,102.54276568,68.75169174,48.89769177,72.99579589,80.06608527
power_01,1,POWER,1,active,155,16.310410,-15689.65500000,43710.93000000,23463.99000000,40533.34500000,35225.77500000,23050.98000000,16927.74000000,25299.13500000,-96.50617934,271.57580599,151.40318840,253.63923259,227.46846956,151.56450974,98.55350429,152.71718384,175.42850922
power_01,1,POWER,1,active,156,16.312410,-15688.71000000,43719.43500000,23485.41000000,40555.08000000,35242.29000000,23061.91500000,16925.13000000,25298.37000000,-103.04695641,303.78250180,175.84832968,290.77357756,254.50417783,168.32628658,110.97985988,171.45250612,197.33927448
power_01,1,POWER,1,active,157,16.314410,-15692.62500000,43724.92500000,23507.73000000,40576.99500000,35254.75500000,23068.53000000,16917.97500000,25292.97000000,-77.63169363,221.55425668,132.45114111,217.27032296,185.57840530,121.80148704,80.02910898,123.34122937,144.95720563
power_01,1,POWER,1,active,158,16.316410,-15691.63500000,43731.49500000,23525.37000000,40596.70500000,35260.74000000,23070.42000000,16916.13000000,25295.17500000,-21.00667825,59.61643435,46.35620127,68.34309563,52.83259198,34.43242501,16.55834226,29.98167653,41.14093066
power_01,1,POWER,1,active,159,16.318410,-15694.06500000,43725.78000000,23517.36000000,40592.70000000,35247.69000000,23056.11000000,16919.37000000,25296.16500000,44.14547175,-118.58326843,-56.13881763,-101.51904082,-96.40037016,-64.68903397,-47.74821326,-67.83541040,74.63245330
power_01,1,POWER,1,active,160,16.320410,-15697.62000000,43717.45500000,23497.78500000,40575.19500000,35229.06000000,23040.13500000,16924.14000000,25296.52500000,87.83934718,-251.06099314,-140.39576906,-234.11550225,-209.14465407,-140.38190834,-92.32209715,-140.34003537,161.95003832
power_01,1,POWER,1,active,161,16.322410,-15697.26000000,43710.70500000,23477.80500000,40555.39500000,35212.99500000,23030.50500000,16928.82000000,25298.95500000,98.43933691,-283.98922880,-163.97792282,-271.81904821,-236.89048844,-157.14335549,-104.26680309,-159.69653191,184.52783946
power_01,1,POWER,1,active,162,16.324410,-15697.48500000,43701.66000000,23452.92000000,40529.16000000,35196.21000000,23021.37000000,16934.08500000,25301.74500000,73.96617522,-206.12215001,-122.76582761,-202.59250378,-173.36506802,-112.47857051,-74.54634265,-113.92505488,134.97021159
power_01,1,POWER,1,active,163,16.326410,-15696.99000000,43696.39500000,23437.17000000,40510.93500000,35192.43000000,23023.53000000,16936.06500000,25302.55500000,20.26210189,-58.19382134,-44.21988985,-66.61054119,-51.63667525,-31.74753898,-17.19114419,-28.35770973,39.77742780
power_01,1,POWER,1,active,164,16.328410,-15695.50500000,43699.72500000,23444.23500000,40514.31000000,35204.80500000,23036.44500000,16932.19500000,25301.07000000,-39.27589773,111.35299761,54.03500728,95.70096467,92.07897823,63.59993803,44.06046700,65.58919739,70.71168099
power_01,1,POWER,1,active,165,16.330410,-15692.89500000,43707.42000000,23463.04500000,40531.41000000,35223.79500000,23050.71000000,16928.46000000,25301.02500000,-80.48035236,236.94989372,133.78341726,222.51920605,199.47452136,133.69354206,87.51305677,134.06832026,153.56028873
power_01,1,POWER,1,active,166,16.332410,-15690.01500000,43716.87000000,23485.68000000,40554.09000000,35242.92000000,23062.45500000,16924.95000000,25301.88000000,-90.21344484,267.18124593,155.03381255,256.49040133,224.57932614,147.21558668,98.84682266,151.09157349,173.83152670
power_01,1,POWER,1,active,167,16.334410,-15692.44500000,43720.33500000,23506.83000000,40573.71000000,35253.27000000,23066.68500000,16916.89500000,25294.18500000,-65.74134649,195.60018779,117.48876976,192.00086679,165.18914658,106.68993852,71.06831852,108.71765752,127.81202900
power_01,1,POWER,1,active,168,16.336410,-15691.59000000,43729.96500000,23525.50500000,40595.22000000,35259.57000000,23068.39500000,16916.80500000,25296.88500000,-17.21127964,52.45161568,40.86199327,59.78700972,45.70771909,27.96923723,15.05229232,24.11340585,35.39431910
power_01,1,POWER,1,active,169,16.338410,-15696.45000000,43725.69000000,23516.50500000,40590.09000000,35244.63000000,23053.59000000,16920.54000000,25296.43500000,38.14642269,-104.89490184,-50.99902861,-91.27296135,-88.23819081,-60.16399741,-41.13815962,-62.95097183,67.22557927
power_01,1,POWER,1,active,170,16.340410,-15697.03500000,43717.90500000,23499.18000000,40574.38500000,35226.58500000,23039.77500000,16924.54500000,25298.05500000,77.30225607,-223.71454458,-126.39129743,-210.06715620,-188.94643688,-126.36393076,-81.84934490,-127.10902211,145.21799862
power_01,1,POWER,1,active,171,16.342410,-15696.49500000,43711.15500000,23479.60500000,40554.90000000,35211.42000000,23030.73000000,16929.58500000,25300.62000000,87.49442902,-254.66769990,-146.69990955,-243.19193906,-212.79510760,-140.34665384,-93.61562415,-143.86442555,165.33447358
power_01,1,POWER,1,active,172,16.344410,-15694.47000000,43703.46000000,23455.48500000,40530.87000000,35196.43500000,23022.67500000,16936.56000000,25304.40000000,65.77119706,-184.26136580,-109.38990374,-179.83118658,-153.82135682,-99.64021248,-65.98013211,-101.59915570,120.03681379
power_01,1,POWER,1,active,173,16.346410,-15687.45000000,43696.48500000,23441.17500000,40512.60000000,35192.07000000,23025.15000000,16938.58500000,25306.69500000,18.40896951,-51.79638809,-39.62779175,-58.23712950,-45.00316087,-27.78480650,-14.01199826,-24.28037850,34.89382787
power_01,1,POWER,1,active,174,16.348410,-15683.22000000,43691.76000000,23445.27000000,40509.31500000,35200.53000000,23035.18500000,16931.83500000,25300.75500000,-33.08919410,96.67990175,47.96914914,84.60435222,81.87764362,56.76299236,38.85585359,58.98932728,62.35355176
power_01,1,POWER,1,active,175,16.350410,-15686.64000000,43698.78000000,23461.47000000,40524.39000000,35218.53000000,23046.48000000,16927.60500000,25298.14500000,-75.46831940,208.06259001,117.45893095,195.80191605,177.31988184,117.77504447,76.36389726,117.59097048,135.73019381
power_01,1,POWER,1,active,176,16.352410,-15686.28000000,43715.88000000,23488.56000000,40553.55000000,35241.25500000,23062.23000000,16927.15500000,25302.96000000,-90.29980515,242.14849450,137.85539880,230.96104848,202.45376188,131.26622128,88.94652327,135.19784883,157.39113777
power_01,1,POWER,1,active,177,16.354410,-15690.19500000,43725.73500000,23513.62500000,40578.97500000,35256.24000000,23070.87000000,16920.81000000,25298.95500000,-66.17043976,184.86461310,109.18710574,179.65903716,153.11881691,99.98459153,66.34501766,102.51848702,120.23101361
power_01,1,POWER,1,active,178,16.356410,-15689.11500000,43732.75500000,23532.12000000,40599.45000000,35262.94500000,23071.99500000,16920.04500000,25301.88000000,-19.98844599,52.93193945,39.64715551,58.70811936,45.15227727,28.93738417,14.33825547,25.22868620,35.61653293
power_01,1,POWER,1,active,179,16.358410,-15693.25500000,43726.81500000,23522.44500000,40593.78000000,35248.32000000,23056.24500000,16923.55500000,25301.43000000,32.19912829,-94.76517938,-46.35324194,-81.93906115,-78.48374903,-54.30083974,-37.87697282,-55.58409881,60.18778389
power_01,1,POWER,1,active,180,16.360410,-15690.91500000,43722.90000000,23508.13500000,40581.72000000,35234.95500000,23046.93000000,16929.67500000,25306.33500000,70.84369562,-201.96976120,-114.37785250,-189.43984007,-169.59908174,-113.60734048,-73.88669490,-113.23242104,130.86958594
power_01,1,POWER,1,active,181,16.362410,-15690.78000000,43715.16000000,23487.57000000,40561.33500000,35218.62000000,23037.43500000,16933.63500000,25307.50500000,81.14063989,-228.58318363,-132.10872706,-218.81993872,-190.77648156,-124.78100564,-84.53089898,-129.01449798,148.71942168
power_01,1,POWER,1,active,182,16.364410,-15693.97500000,43701.84000000,23457.96000000,40531.77000000,35198.23500000,23023.98000000,16938.36000000,25306.47000000,59.34239386,-169.28858677,-101.62293986,-165.67195254,-142.51071771,-92.30104773,-61.62968734,-94.61051432,110.87223002
power_01,1,POWER,1,active,183,16.366410,-15693.48000000,43696.84500000,23441.17500000,40513.54500000,35193.37500000,23025.55500000,16938.81000000,25307.59500000,12.96426110,-52.07157540,-42.06816737,-59.02056885,-47.85761071,-31.03488474,-15.82490770,-27.40607678,36.03100658
power_01,1,POWER,1,active,184,16.368410,-15690.37500000,43703.55000000,23451.12000000,40519.71000000,35208.63000000,23041.62000000,16934.62500000,25308.58500000,-32.29892546,89.31144088,41.63332767,76.07029487,72.16988100,50.30899220,33.77143794,52.52467345,56.01112168
power_01,1,POWER,1,active,185,16.370410,-15691.32000000,43709.89500000,23467.95000000,40535.23500000,35225.55000000,23053.23000000,16930.30500000,25306.29000000,-65.15436154,193.10540682,109.49695961,180.89903075,161.62540522,109.03947547,69.53704076,109.13907068,124.74959386
power_01,1,POWER,1,active,186,16.372410,-15688.71000000,43721.01000000,23490.99000000,40558.23000000,35244.94500000,23066.01000000,16927.38000000,25307.73000000,-75.00933682,215.76360259,124.63871885,206.38815442,180.08810727,117.50614891,80.02152279,121.31462367,140.09127692
power_01,1,POWER,1,active,187,16.374410,-15690.42000000,43729.83000000,23515.78500000,40582.62000000,35260.02000000,23074.20000000,16920.09000000,25303.54500000,-52.35568969,160.24130602,96.50297337,156.18472495,134.62910722,87.68723032,58.46037006,89.70108788,104.47031119
power_01,1,POWER,1,active,188,16.376410,-15691.59000000,43735.00500000,23530.81500000,40598.73000000,35263.08000000,23071.54500000,16917.84000000,25302.42000000,-12.51859385,44.26646939,35.66799815,49.55544167,39.27851083,24.53325502,12.31816688,20.78421622,29.86533150
power_01,1,POWER,1,active,189,16.378410,-15695.82000000,43729.15500000,23520.73500000,40592.20500000,35247.46500000,23054.49000000,16919.82000000,25300.62000000,31.38254314,-88.29520636,-42.38816625,-77.12802421,-73.07093723,-51.62175451,-34.41605588,-53.09553316,56.42477759
power_01,1,POWER,1,active,190,16.380410,-15693.12000000,43723.75500000,23505.84000000,40578.88500000,35232.21000000,23044.32000000,16924.32000000,25304.53500000,65.61865953,-183.49918092,-102.59711510,-172.02482992,-153.72823143,-103.48575232,-66.67328155,-103.34329967,118.87129381
power_01,1,POWER,1,active,191,16.382410,-15689.47500000,43706.47500000,23481.67500000,40550.35500000,35208.49500000,23030.37000000,16925.58000000,25300.89000000,75.98056277,-208.50439809,-117.25039742,-197.50629763,-172.44190511,-112.02141007,-75.95734843,-116.36287049,134.50314875
power_01,1,POWER,1,active,192,16.384410,-15695.46000000,43701.75000000,23456.16000000,40528.21500000,35195.40000000,23021.68500000,16933.54500000,25305.34500000,54.78153156,-154.68706611,-89.92742935,-149.18592081,-128.19033951,-82.26394435,-54.10770187,-84.77911426,99.74038098
power_01,1,POWER,1,active,193,16.386410,-15692.89500000,43702.15500000,23444.14500000,40515.21000000,35195.58000000,23026.09500000,16936.87500000,25309.17000000,10.16714344,-38.78862644,-31.86074844,-44.24394763,-34.47769981,-22.08889785,-9.00664956,-18.24783792,26.11019388
power_01,1,POWER,1,active,194,16.388410,-15694.51500000,43704.18000000,23450.35500000,40516.47000000,35207.37000000,23037.03000000,16933.41000000,25305.34500000,-31.63821435,88.02338666,42.90184972,76.81074887,73.11599762,50.00305928,35.76914349,52.15123092,56.30170386
power_01,1,POWER,1,active,195,16.390410,-15691.00500000,43714.48500000,23470.78500000,40536.00000000,35228.43000000,23052.64500000,16929.45000000,25306.56000000,-61.50740890,174.72804928,99.48668442,164.70537769,147.99200646,98.81800654,64.95001276,98.51266060,113.83752583
power_01,1,POWER,1,active,196,16.392410,-15689.88000000,43723.17000000,23492.16000000,40557.19500000,35245.93500000,23063.08500000,16926.12000000,25306.15500000,-68.89757195,198.30546610,114.19192643,190.61361772,166.58603538,109.12198063,73.50322420,112.72334832,129.24289634
power_01,1,POWER,1,active,197,16.394410,-15692.62500000,43730.28000000,23516.19000000,40581.63000000,35259.93000000,23070.91500000,16919.19000000,25301.65500000,-49.07618395,144.70064946,86.16989257,142.19833147,121.75356294,79.86496918,52.53935533,81.88952166,94.77405832
power_01,1,POWER,1,active,198,16.396410,-15696.99000000,43732.66500000,23528.61000000,40595.67000000,35261.23500000,23067.09000000,16916.80500000,25297.29000000,-16.09502601,36.95116749,28.60384655,43.08320860,32.82231797,20.89606996,9.89302709,16.75061896,25.63691033
power_01,1,POWER,1,active,199,16.398410,-15697.75500000,43729.60500000,23522.35500000,40591.98000000,35249.13000000,23054.80500000,16920.63000000,25300.30500000,25.78803472,-79.04489752,-39.41194360,-68.86988903,-65.70381896,-44.64509842,-31.84423666,-47.25714170,50.32063258
power_01,1,POWER,1,active,200,16.400093,-15695.50500000,43724.83500000,23506.87500000,40579.11000000,35235.04500000,23044.86000000,16926.93000000,25305.43500000,59.44404122,-164.38348231,-92.94772799,-155.23778427,-138.21162238,-91.41481568,-60.44001184,-90.91017792,106.62370795
power_01,1,POWER,1,active,201,16.402093,-15696.94500000,43710.34500000,23481.72000000,40552.92000000,35213.26500000,23030.32500000,16928.95500000,25301.34000000,66.86899528,-185.80777693,-106.92562223,-177.48986521,-154.68520946,-100.58699080,-68.98545535,-103.49925935,120.60614683
power_01,1,POWER,1,active,202,16.404093,-15698.11500000,43702.78500000,23456.07000000,40528.39500000,35197.78500000,23020.78500000,16934.44500000,25304.44500000,47.59756948,-139.03416064,-83.52540795,-135.73292195,-117.13458791,-76.41088748,-51.59588125,-78.57667574,91.20101155
power_01,1,POWER,1,active,203,16.406093,-15693.70500000,43702.56000000,23444.68500000,40515.30000000,35197.47000000,23026.36500000,16937.86500000,25309.26000000,12.20028424,-37.31025997,-30.41615812,-43.63011084,-35.13814575,-22.42474858,-12.09214630,-18.53527288,26.46839083
power_01,1,POWER,1,active,204,16.408093,-15693.39000000,43706.16000000,23451.57000000,40517.91000000,35209.26000000,23038.33500000,16934.80500000,25307.37000000,-24.73159085,78.10220382,38.12710659,66.75083877,62.78132007,44.04912821,29.63478992,46.47763725,48.83182694
power_01,1,POWER,1,active,205,16.410093,-15689.20500000,43712.50500000,23470.56000000,40533.39000000,35227.80000000,23053.00500000,16930.39500000,25306.83000000,-53.93374158,155.88978032,88.64885204,145.53696425,130.17857614,87.16381374,56.59228736,87.12955538,100.63419635
power_01,1,POWER,1,active,206,16.412093,-15687.67500000,43715.20500000,23488.20000000,40549.63500000,35240.08500000,23061.28500000,16923.64500000,25301.97000000,-60.32606176,173.52775556,100.45517016,165.85196787,145.07862486,95.17669249,63.50111289,97.81050394,112.71598619
power_01,1,POWER,1,active,207,16.414093,-15692.22000000,43729.11000000,23515.69500000,40580.01000000,35258.22000000,23072.58000000,16919.10000000,25301.11500000,-45.03043083,127.35674901,75.53306853,124.69155878,106.32074841,69.65472414,45.38010431,70.15570325,83.01538591
power_01,1,POWER,1,active,208,16.416093,-15694.20000000,43735.00500000,23530.99500000,40598.23500000,35261.82000000,23070.73500000,16918.47000000,25301.07000000,-16.18547497,38.38038325,28.64419219,43.31228628,32.48549664,20.05040752,10.45042302,16.91731816,25.80324776
power_01,1,POWER,1,active,209,16.418093,-15697.17000000,43729.51500000,23521.68000000,40592.20500000,35247.06000000,23055.79500000,16922.38500000,25301.52000000,22.63001779,-67.53858627,-33.03567112,-58.36600625,-56.37050768,-39.98326880,-26.08852039,-40.33267487,43.04315665
power_01,1,POWER,1,active,210,16.420093,-15694.33500000,43727.44500000,23508.63000000,40580.37000000,35234.95500000,23046.43500000,16929.13500000,25307.68500000,51.56926598,-148.25190980,-84.45211891,-140.39117169,-124.27438527,-84.74174520,-53.05387184,-83.21243655,96.24336315
power_01,1,POWER,1,active,211,16.422093,-15694.60500000,43718.85000000,23488.42500000,40559.89500000,35219.29500000,23035.63500000,16932.42000000,25309.66500000,59.58390032,-163.38258801,-92.82635097,-156.91467033,-134.46833066,-89.62305760,-60.18570998,-91.24613600,106.02884299
power_01,1,POWER,1,active,212,16.424093,-15697.80000000,43706.29500000,23458.50000000,40529.38500000,35198.68500000,23022.18000000,16936.56000000,25308.72000000,42.70596885,-123.35496617,-72.59713861,-120.34951852,-101.63363626,-67.95980094,-45.30284510,-68.69153732,80.32442647
power_01,1,POWER,1,active,213,16.426093,-15695.77500000,43702.15500000,23442.93000000,40512.51000000,35194.81500000,23024.20500000,16937.05500000,25310.38500000,8.28347930,-38.97618083,-31.81553340,-44.44847317,-35.17243538,-24.08643351,-12.01246009,-20.66132802,26.93204046
power_01,1,POWER,1,active,214,16.428093,-15690.64500000,43710.03000000,23454.76500000,40520.52000000,35212.05000000,23041.75500000,16933.68000000,25312.68000000,-22.49794758,66.87900377,32.05249814,57.66022681,55.30831477,38.64545371,25.18459386,39.48094899,42.21362345
power_01,1,POWER,1,active,215,16.430093,-15691.77000000,43714.98000000,23470.83000000,40534.56000000,35227.53000000,23053.23000000,16929.09000000,25308.27000000,-46.84138624,140.88445202,81.59010291,133.85282520,119.88456196,81.47965200,50.81645983,79.14166748,91.81138845
power_01,1,POWER,1,active,216,16.432093,-15688.21500000,43726.32000000,23494.54500000,40558.00500000,35246.38500000,23065.92000000,16925.89500000,25308.81000000,-55.42476707,157.00686011,90.76100267,150.94329392,131.11645173,86.54837391,59.11597679,87.19386810,102.26382429
power_01,1,POWER,1,active,217,16.434093,-15688.75500000,43735.45500000,23520.19500000,40583.65500000,35262.94500000,23074.56000000,16920.40500000,25306.78500000,-38.28023619,116.72669293,69.93096088,114.40302095,98.00030354,64.48353100,43.66739301,65.08416448,76.32203787
power_01,1,POWER,1,active,218,16.436093,-15691.36500000,43739.23500000,23534.41500000,40599.81000000,35266.14000000,23071.18500000,16918.47000000,25305.43500000,-10.07980865,32.26198119,26.28710390,37.66877892,29.93044199,18.81418715,10.05518637,16.08098755,22.64730947
power_01,1,POWER,1,active,219,16.438093,-15695.10000000,43733.20500000,23524.15500000,40592.83500000,35249.67000000,23054.80500000,16921.93500000,25304.22000000,20.29414898,-65.62631270,-32.56065742,-56.59921228,-54.16334816,-38.20598352,-24.21976746,-38.91433999,41.32297131
power_01,1,POWER,1,active,220,16.440093,-15694.83000000,43727.08500000,23507.77500000,40577.98500000,35232.79500000,23043.28500000,16926.70500000,25307.19000000,45.69636803,-135.35952049,-77.78338730,-127.70880556,-115.06454477,-76.68431001,-48.02256734,-75.99080862,87.78878901
power_01,1,POWER,1,active,221,16.442093,-15692.76000000,43722.40500000,23489.95500000,40560.57000000,35221.00500000,23036.35500000,16931.70000000,25312.27500000,53.41786293,-149.26685071,-85.29970133,-142.56173548,-124.24724051,-79.88104026,-54.70643342,-82.93167182,96.53906706
power_01,1,POWER,1,active,222,16.444093,-15692.89500000,43712.73000000,23463.72000000,40534.38000000,35204.31000000,23026.27500000,16938.36000000,25314.66000000,39.87491976,-108.25587744,-63.21855831,-104.96600358,-89.33739888,-57.02002287,-39.16384691,-58.67978204,70.06455122
power_01,1,POWER,1,active,223,16.446093,-15694.29000000,43705.62000000,23445.40500000,40514.22000000,35196.84000000,23026.68000000,16939.57500000,25312.99500000,8.95295269,-31.96005149,-26.07683367,-36.42857809,-29.43488287,-18.03447817,-8.09291046,-15.18857171,21.77115739
power_01,1,POWER,1,active,224,16.448093,-15691.59000000,43711.83000000,23455.21500000,40520.83500000,35213.13000000,23042.74500000,16936.60500000,25313.35500000,-23.48237751,58.26096064,26.63820495,49.97589604,46.80379643,33.78378046,23.21146113,33.81734616,36.99672791
power_01,1,POWER,1,active,225,16.450093,-15692.94000000,43713.49500000,23469.57000000,40532.58000000,35226.49500000,23051.97000000,16930.08000000,25307.55000000,-44.68009827,126.42626439,72.40191694,119.92281985,107.16373994,72.34363406,45.09451700,70.58038254,82.32667163
power_01,1,POWER,1,active,226,16.452093,-15690.91500000,43723.08000000,23492.97000000,40555.03500000,35244.13500000,23063.49000000,16926.07500000,25307.68500000,-50.69243771,139.98934424,81.05795179,134.90170515,116.79145508,75.69883742,51.08678412,78.50490254,91.09042726
power_01,1,POWER,1,active,227,16.454093,-15693.43500000,43734.78000000,23519.16000000,40582.08000000,35261.41500000,23072.98500000,16921.03500000,25306.15500000,-36.25728905,105.69422077,63.01525409,102.74577318,87.53624233,56.68991490,37.43962321,59.19024566,68.57107040
power_01,1,POWER,1,active,228,16.456093,-15696.72000000,43737.12000000,23531.58000000,40596.25500000,35262.18000000,23067.85500000,16919.14500000,25303.41000000,-9.76582402,33.17883958,25.41603829,36.11564541,28.82201209,17.53480805,8.49944074,16.25114392,21.94796901
power_01,1,POWER,1,active,229,16.458093,-15696.76500000,43735.59000000,23525.46000000,40594.00500000,35250.43500000,23055.70500000,16923.51000000,25306.96500000,19.83125167,-56.18048245,-27.92514739,-49.45843881,-47.46445562,-34.16913940,-22.44285183,-33.27933965,36.34388835
power_01,1,POWER,1,active,230,16.460093,-15695.05500000,43731.40500000,23509.98000000,40581.36000000,35235.85500000,23045.17500000,16928.32500000,25311.64500000,45.36363662,-116.71242652,-66.38749180,-110.79982455,-98.91350770,-66.19005267,-43.11868453,-63.96476581,76.43129877
power_01,1,POWER,1,active,231,16.462093,-15698.29500000,43721.01000000,23486.35500000,40558.23000000,35217.63000000,23031.99000000,16931.61000000,25309.75500000,49.90398064,-132.00167767,-75.69647843,-126.47723516,-109.38478827,-71.60492864,-49.95929766,-73.88188715,86.11378420
power_01,1,POWER,1,active,232,16.464093,-15697.44000000,43712.28000000,23460.34500000,40531.95000000,35201.92500000,23022.40500000,16937.46000000,25312.72500000,34.13964093,-100.48493918,-60.07672070,-98.12471034,-83.37202076,-55.44508266,-37.13008843,-57.35405071,65.76590671
power_01,1,POWER,1,active,233,16.466093,-15695.64000000,43708.27500000,23445.04500000,40515.03000000,35198.73000000,23024.52000000,16938.94500000,25313.62500000,9.87249258,-28.05031204,-22.95957376,-33.02404731,-25.01590099,-16.43075122,-7.80760046,-13.74166495,19.61279292
power_01,1,POWER,1,active,234,16.468093,-15693.30000000,43713.72000000,23453.68500000,40520.65500000,35213.22000000,23039.55000000,16935.84000000,25312.68000000,-18.09287831,54.10876207,25.88532610,46.39431956,44.94068806,31.68989378,21.16887445,31.68041570,34.24514475
power_01,1,POWER,1,active,235,16.470093,-15692.04000000,43721.82000000,23472.81000000,40537.62000000,35231.98500000,23053.90500000,16931.43000000,25311.96000000,-39.39848922,114.32616126,66.27233639,108.48397263,97.10471287,66.16376987,41.56745499,63.45720500,74.59676278
power_01,1,POWER,1,active,236,16.472093,-15688.17000000,43730.32500000,23495.31000000,40558.72500000,35249.04000000,23065.33500000,16927.24500000,25313.22000000,-43.57804540,128.41107347,75.49574207,123.45595122,107.57979733,71.60828280,47.98084959,73.72411348,83.97923192
power_01,1,POWER,1,active,237,16.474093,-15682.81500000,43724.61000000,23513.71500000,40570.92000000,35253.45000000,23067.31500000,16915.99500000,25302.87000000,-29.39325965,88.29463146,53.96860956,86.77079876,74.34717186,49.42144657,32.78089783,51.39340303,58.29627734
power_01,1,POWER,1,active,238,16.476093,-15689.56500000,43738.92000000,23532.97500000,40595.98500000,35264.65500000,23069.61000000,16918.02000000,25307.23500000,-7.13892933,19.54722972,18.43061487,24.43299746,18.73592293,12.35610851,5.27597144,9.30250030,14.40253432
power_01,1,POWER,1,active,239,16.478093,-15692.89500000,43741.08000000,23527.26000000,40597.24500000,35255.74500000,23058.85500000,16923.96000000,25312.41000000,13.16922926,-45.91716353,-22.54621631,-39.32057370,-38.28259307,-27.16367260,-17.46646286,-27.53222310,28.92476680
power_01,1,POWER,1,active,240,16.480093,-15694.56000000,43733.43000000,23508.81000000,40580.64000000,35237.34000000,23045.76000000,16928.32500000,25313.53500000,32.70418246,-101.46544803,-59.99431601,-96.16856887,-86.95918662,-58.72459721,-35.88389600,-57.07151804,66.12146416
power_01,1,POWER,1,active,241,16.482093,-15691.36500000,43729.15500000,23491.39500000,40563.58500000,35225.37000000,23039.28000000,16934.31000000,25318.39500000,41.56754792,-121.47694835,-70.07519498,-115.97112145,-101.35413436,-65.84549448,-44.47311585,-69.16000104,78.74044480
power_01,1,POWER,1,active,242,16.484093,-15693.52500000,43717.72500000,23463.36000000,40535.82000000,35208.13500000,23026.68000000,16940.47500000,25318.89000000,29.86044444,-87.09431554,-51.11840087,-84.38523201,-71.98150879,-47.53249059,-31.00754097,-49.36328217,56.54290192
power_01,1,POWER,1,active,243,16.486093,-15692.58000000,43712.28000000,23448.64500000,40518.40500000,35205.97500000,23028.21000000,16942.00500000,25319.83500000,5.79595053,-27.63481098,-22.36294738,-30.81970645,-24.02675441,-17.96220278,-6.59106491,-14.33145162,18.69061113
power_01,1,POWER,1,active,244,16.488093,-15689.92500000,43718.13000000,23458.54500000,40524.43500000,35221.41000000,23044.36500000,16938.13500000,25320.28500000,-18.91535845,44.95842694,21.38551151,38.82989037,38.10654821,25.05377754,17.60127037,25.82025350,28.83387961
power_01,1,POWER,1,active,245,16.490093,-15693.03000000,43722.22500000,23473.53000000,40536.76500000,35235.13500000,23054.80500000,16932.33000000,25315.20000000,-36.77037124,102.84551512,59.57288361,97.27009363,86.74049259,58.77091326,35.87937302,56.65795371,66.81344952
power_01,1,POWER,1,active,246,16.492093,-15692.08500000,43731.13500000,23495.40000000,40558.41000000,35251.29000000,23065.47000000,16926.25500000,25314.12000000,-42.66746083,111.69962921,63.25952239,106.51743952,90.78465940,59.54494951,40.03834212,61.17202610,71.96050363
power_01,1,POWER,1,active,247,16.494093,-15692.49000000,43739.91000000,23521.54500000,40583.92500000,35267.26500000,23074.15500000,16919.68500000,25311.87000000,-29.31278578,83.59787149,48.97735613,81.04133516,67.96981693,44.57357847,28.56672429,46.14942752,53.77361197
power_01,1,POWER,1,active,248,16.496093,-15693.79500000,43745.08500000,23536.75500000,40600.75500000,35270.28000000,23072.31000000,16918.56000000,25311.78000000,-5.22537746,24.59679304,20.30508691,28.06754151,21.39218607,14.41855559,5.47075755,12.27762576,16.46924049
power_01,1,POWER,1,active,249,16.498093,-15693.88500000,43741.53000000,23528.38500000,40597.56000000,35257.63500000,23060.29500000,16922.92500000,25313.67000000,18.42634224,-46.59474033,-22.94430897,-40.48838906,-39.48991950,-26.55884824,-17.72361327,-27.05328963,29.90993140
power_01,1,POWER,1,active,250,16.499108,-15692.22000000,43733.65500000,23511.51000000,40581.94500000,35241.21000000,23048.82000000,16928.82000000,25315.92000000,38.51489606,-97.00087397,-56.18038398,-91.42177172,-81.76657051,-53.30170968,-33.66182403,-52.89205763,63.09251095
power_01,1,POWER,1,active,251,16.501108,-15687.09000000,43715.56500000,23487.21000000,40552.78500000,35218.48500000,23032.98000000,16929.81000000,25312.09500000,44.18566546,-113.23578445,-63.69975203,-107.32625902,-92.17593201,-59.68749232,-40.27600258,-62.71106463,72.91224406
power_01,1,POWER,1,active,252,16.503108,-15692.17500000,43713.27000000,23464.30500000,40532.22000000,35207.46000000,23024.61000000,16938.27000000,25317.81000000,31.14151241,-84.06919713,-48.00552966,-81.44598443,-68.64465523,-46.26755104,-29.83468695,-46.71636892,54.51568572
power_01,1,POWER,1,active,253,16.505108,-15694.92000000,43710.34500000,23448.87000000,40516.47000000,35204.98500000,23026.90500000,16940.61000000,25318.93500000,3.84770655,-18.28965625,-17.39166939,-23.23450628,-17.44263680,-13.27568658,-4.14404057,-8.54407025,13.27124658
power_01,1,POWER,1,active,254,16.507108,-15690.96000000,43715.97000000,23459.85000000,40523.04000000,35220.06000000,23043.28500000,16936.83000000,25319.61000000,-19.79592906,49.12579366,22.68054546,41.81426363,40.02874664,27.43136017,19.07401200,28.64832098,31.07487145
power_01,1,POWER,1,active,255,16.509108,-15691.50000000,43717.32000000,23474.79000000,40534.24500000,35232.39000000,23053.45500000,16929.54000000,25313.58000000,-31.98298669,93.77463835,55.11797144,89.23956172,79.40474895,54.69938114,32.57374256,52.55565087,61.16858522
power_01,1,POWER,1,active,256,16.511108,-15690.51000000,43727.58000000,23497.83000000,40557.91500000,35250.57000000,23065.33500000,16925.53500000,25313.94000000,-37.95670763,104.34468547,60.03012925,100.23870862,86.23345372,57.05723189,37.76188169,58.67386245,67.78708259
power_01,1,POWER,1,active,257,16.513108,-15693.39000000,43738.69500000,23523.57000000,40585.00500000,35267.62500000,23075.23500000,16919.19000000,25312.68000000,-28.05614910,78.69004390,45.31575287,76.25388851,65.07573415,42.78265463,27.93655424,44.39378689,51.06307053
power_01,1,POWER,1,active,258,16.515108,-15694.60500000,43742.38500000,23538.10500000,40601.34000000,35270.28000000,23073.30000000,16917.52500000,25311.87000000,-7.60225871,25.14291721,18.96555457,27.86070782,22.56641273,15.07612634,5.84298930,12.83702392,16.98674882
power_01,1,POWER,1,active,259,16.517108,-15695.05500000,43732.17000000,23527.35000000,40591.84500000,35251.56000000,23056.20000000,16918.47000000,25309.75500000,14.31221800,-42.88100353,-21.21518383,-37.28102759,-35.54536910,-24.50493075,-16.82569789,-25.01820280,27.19795419
power_01,1,POWER,1,active,260,16.519108,-15690.51000000,43706.07000000,23499.18000000,40558.41000000,35218.53000000,23033.16000000,16915.00500000,25299.63000000,34.30499699,-98.07854221,-56.40101902,-92.87055511,-82.77264299,-55.47514339,-35.33673516,-54.67298891,63.73907797
power_01,1,POWER,1,active,261,16.521108,-15697.80000000,43703.46000000,23478.66000000,40541.31000000,35206.51500000,23023.03500000,16921.03500000,25302.78000000,36.58753002,-108.94045012,-63.20395957,-104.85441234,-90.16501374,-59.83680165,-40.96446020,-62.74300347,70.91195389
power_01,1,POWER,1,active,262,16.523108,-15699.96000000,43712.68500000,23462.82000000,40531.09500000,35205.03000000,23023.53000000,16933.45500000,25317.58500000,21.37515461,-64.46635770,-39.62375794,-64.52181128,-53.52317263,-36.62812996,-23.27525935,-36.74930843,42.52036899
power_01,1,POWER,1,active,263,16.525108,-15698.79000000,43708.77000000,23448.87000000,40515.34500000,35202.06000000,23026.41000000,16935.16500000,25319.61000000,3.89488717,-3.26091231,-7.54400661,-8.92056838,-4.67400695,-3.34540337,1.89585404,1.71599094,4.40645372
power_01,1,POWER,1,active,264,16.527108,-15699.73500000,43709.98500000,23453.77500000,40518.04500000,35213.49000000,23036.58000000,16930.62000000,25315.60500000,-14.00454639,43.33850177,21.42068337,38.04678287,36.24139134,25.02929508,17.90729550,26.12458575,27.76413526
power_01,1,POWER,1,active,265,16.529108,-15695.59500000,43720.24500000,23474.56500000,40536.72000000,35234.19000000,23053.54500000,16926.66000000,25317.27000000,-29.02475619,84.49352458,49.47435766,81.57077349,72.91136306,48.26592336,31.29344377,46.79028566,55.47805347
power_01,1,POWER,1,active,266,16.531108,-15694.65000000,43728.43500000,23495.58000000,40558.45500000,35250.39000000,23065.15500000,16922.74500000,25315.87500000,-29.66263808,96.29129986,56.80466910,93.02005749,80.89134719,54.28475576,36.70932905,55.37310075,62.87964966
power_01,1,POWER,1,active,267,16.533108,-15697.44000000,43735.36500000,23519.83500000,40582.21500000,35264.25000000,23073.12000000,16915.63500000,25310.70000000,-21.77205351,65.65635123,39.77548219,64.93059686,54.96895637,37.67401861,25.09476943,36.61651009,43.31109229
power_01,1,POWER,1,active,268,16.535108,-15701.17500000,43738.38000000,23532.21000000,40597.60500000,35265.51000000,23068.39500000,16914.28500000,25308.85500000,-8.03184179,15.67581580,14.28637515,19.92569781,14.70579627,9.38004040,4.21627966,5.35224518,11.44676151
power_01,1,POWER,1,active,269,16.537108,-15700.77000000,43736.31000000,23525.59500000,40595.85000000,35254.53000000,23056.60500000,16918.42500000,25313.49000000,13.49905461,-40.78034473,-19.33251672,-34.74323461,-33.82763512,-23.71531683,-15.38099694,-23.72203959,25.62514239
power_01,1,POWER,1,active,270,16.539108,-15703.38000000,43727.44500000,23505.93000000,40578.52500000,35236.30500000,23041.84500000,16921.66500000,25313.35500000,28.78419014,-82.72769315,-47.66801015,-77.77183086,-69.70711625,-47.21197067,-29.60444941,-45.08401946,53.56991001
power_01,1,POWER,1,active,271,16.541108,-15702.25500000,43720.60500000,23487.75000000,40559.80500000,35221.63500000,23033.61000000,16925.98500000,25315.51500000,31.80833490,-92.23967810,-51.65313635,-87.69983976,-75.81408491,-49.60054583,-35.48174283,-52.71289088,59.62628169
power_01,1,POWER,1,active,272,16.543108,-15702.21000000,43705.12500000,23457.60000000,40527.76500000,35199.63000000,23019.97500000,16930.53000000,25314.48000000,24.22527966,-70.25406110,-38.97021372,-67.55065752,-58.42976636,-37.51381911,-26.40414876,-40.12093812,45.43361054
power_01,1,POWER,1,active,273,16.545108,-15697.98000000,43694.82000000,23440.18500000,40505.94000000,35192.25000000,23019.39000000,16930.26000000,25312.81500000,7.75062234,-26.84202604,-19.54725689,-29.62683593,-24.68364951,-16.01020280,-7.44186928,-13.18322056,18.13571042
power_01,1,POWER,1,active,274,16.547108,-15697.53000000,43710.52500000,23456.07000000,40520.65500000,35216.46000000,23040.76500000,16930.30500000,25318.66500000,-11.15429051,32.16781358,15.55385352,26.48392990,26.60994836,18.76084400,12.34099969,19.19920565,20.28386065
power_01,1,POWER,1,active,275,16.549108,-15698.65500000,43718.31000000,23474.38500000,40537.84500000,35234.95500000,23053.18500000,16926.79500000,25316.68500000,-27.17413379,83.06734195,49.39211873,78.27717864,70.94522215,47.72903785,29.01627961,46.04441315,53.95571573
power_01,1,POWER,1,active,276,16.551108,-15695.37000000,43729.11000000,23498.28000000,40561.96500000,35253.90000000,23065.56000000,16924.18500000,25317.94500000,-31.50107641,89.32655688,50.94759444,85.02951919,73.80003494,47.17380288,33.53351370,50.20021497,57.68903918
power_01,1,POWER,1,active,277,16.553108,-15699.46500000,43734.51000000,23520.10500000,40583.56500000,35265.87000000,23071.32000000,16915.99500000,25311.51000000,-22.32998034,62.97366447,35.57262433,60.49733847,51.36787228,32.83931673,23.13729687,35.13526979,40.48167041
power_01,1,POWER,1,active,278,16.555108,-15699.64500000,43739.73000000,23535.04500000,40600.75500000,35269.11000000,23070.19500000,16914.78000000,25311.78000000,-8.46891699,19.86053904,13.94986961,21.50556947,16.65474445,10.96075893,3.98085175,8.48168046,12.98286634
power_01,1,POWER,1,active,279,16.557108,-15697.75500000,43739.50500000,23531.53500000,40599.76500000,35258.89500000,23059.80000000,16919.32500000,25316.77500000,11.22625676,-32.16998026,-16.54850235,-28.39298075,-28.14102511,-18.92834028,-13.46535361,-18.87549839,20.96849219
power_01,1,POWER,1,active,280,16.559108,-15698.11500000,43733.25000000,23514.16500000,40584.10500000,35242.24500000,23046.03000000,16924.18500000,25319.25000000,27.18454598,-67.59837331,-39.26112854,-65.06846746,-58.36209980,-38.37934359,-24.61849448,-35.90520872,44.54720773
power_01,1,POWER,1,active,281,16.561108,-15700.00500000,43723.39500000,23492.29500000,40561.69500000,35225.14500000,23033.79000000,16928.23500000,25319.16000000,26.94349158,-79.45602220,-46.45415000,-76.65643844,-66.06559452,-43.88304550,-30.27144973,-45.07920448,51.85117456
power_01,1,POWER,1,active,282,16.563108,-15696.31500000,43717.18500000,23469.25500000,40538.34000000,35212.18500000,23027.26500000,16935.70500000,25325.37000000,19.65729923,-60.52206173,-35.84810240,-58.22952610,-49.74701600,-33.12664842,-22.09263490,-34.05419564,39.15968555
power_01,1,POWER,1,active,283,16.565108,-15694.69500000,43711.47000000,23454.04500000,40520.83500000,35208.18000000,23028.93000000,16936.38000000,25325.28000000,6.56243590,-17.26191397,-14.49797993,-19.63308627,-15.46796480,-9.54013512,-4.08774981,-6.95946608,11.75134148
power_01,1,POWER,1,active,284,16.567108,-15693.16500000,43716.42000000,23462.37000000,40525.92000000,35223.12000000,23042.83500000,16933.09500000,25323.12000000,-12.00171615,28.81217831,12.19314585,25.02722070,24.27427785,16.96190945,11.23858019,16.26647024,18.34693734
power_01,1,POWER,1,active,285,16.569108,-15693.93000000,43724.47500000,23479.42500000,40541.26500000,35240.08500000,23055.25500000,16928.64000000,25320.19500000,-25.41605046,66.28398792,37.64018262,63.62130395,56.88589343,37.87866426,23.45150164,34.51489139,43.21155946
power_01,1,POWER,1,active,286,16.571108,-15695.10000000,43731.40500000,23499.36000000,40561.02000000,35254.80000000,23064.48000000,16924.00500000,25317.99000000,-29.34636227,74.97412728,41.19457171,71.39052812,61.30848712,39.62759946,28.27302411,40.87216774,48.37335848
power_01,1,POWER,1,active,287,16.573108,-15697.75500000,43737.57000000,23522.13000000,40584.10500000,35267.67000000,23070.28500000,16916.04000000,25312.99500000,-22.63393300,52.44954967,28.84023760,51.20297933,42.69132347,27.31667482,19.55870637,28.93366171,34.20338324
power_01,1,POWER,1,active,288,16.575108,-15695.77500000,43745.04000000,23539.50000000,40603.18500000,35273.52000000,23071.27500000,16915.09500000,25315.78500000,-6.11239836,15.33860516,12.96854130,18.90798147,14.53069010,9.43906182,3.25838524,7.42772609,10.99792369
power_01,1,POWER,1,active,289,16.577108,-15699.78000000,43739.14500000,23528.61000000,40596.48000000,35257.45500000,23056.38000000,16918.65000000,25315.24500000,11.83065433,-28.59698587,-12.98588395,-24.08871382,-23.61323040,-15.35359263,-11.09284315,-15.43643553,17.87479246
power_01,1,POWER,1,active,290,16.579108,-15700.14000000,43733.02500000,23511.42000000,40581.85500000,35240.71500000,23044.99500000,16923.78000000,25317.58500000,22.45587270,-64.04170922,-37.52297679,-60.63425138,-54.69864146,-35.25984755,-21.54393812,-34.48413968,41.33017211
power_01,1,POWER,1,active,291,16.581108,-15699.82500000,43725.73500000,23491.62000000,40561.78500000,35225.91000000,23035.81500000,16928.01000000,25319.43000000,26.35554726,-70.69540176,-39.20651159,-66.78671115,-57.75821586,-36.32139508,-25.93869732,-39.60506470,45.33344309
power_01,1,POWER,1,active,292,16.583108,-15698.61000000,43717.23000000,23466.64500000,40536.04500000,35210.38500000,23027.80500000,16933.99500000,25322.98500000,21.39380973,-50.62189345,-26.58589987,-48.23064047,-40.50421819,-25.35166288,-18.70075025,-27.47926929,32.35851802
power_01,1,POWER,1,active,293,16.585108,-15694.96500000,43714.98000000,23453.82000000,40521.24000000,35209.08000000,23032.12500000,16935.70500000,25326.40500000,7.48230431,-14.42972916,-10.53232562,-16.98861654,-12.81481526,-7.93368853,-3.16763664,-5.12248297,9.80894988
power_01,1,POWER,1,active,294,16.587108,-15696.72000000,43716.51000000,23458.90500000,40523.31000000,35220.28500000,23042.47500000,16930.57500000,25321.99500000,-7.98631498,29.24489206,15.12324936,25.15026931,24.75678257,16.84294285,11.16975170,18.13268631,18.55086114
power_01,1,POWER,1,active,295,16.589108,-15695.05500000,43724.16000000,23478.12000000,40540.54500000,35240.08500000,23056.15500000,16926.48000000,25321.09500000,-21.32254656,60.40140725,36.52686906,58.31922971,52.89827950,33.33502297,21.17053734,32.82267212,39.59957056
power_01,1,POWER,1,active,296,16.591108,-15693.12000000,43734.78000000,23501.20500000,40563.72000000,35259.34500000,23068.39500000,16923.55500000,25322.13000000,-23.34936085,68.51253024,40.30677001,66.04844803,58.37335907,35.64016458,26.50521826,39.01446665,44.71878971
power_01,1,POWER,1,active,297,16.593108,-15696.04500000,43741.08000000,23524.02000000,40586.53500000,35271.54000000,23074.11000000,16915.54500000,25316.55000000,-16.08025183,51.67441652,30.47789947,49.53290134,43.30024214,26.90497733,19.73311001,29.71326920,33.42713348
power_01,1,POWER,1,active,298,16.595108,-15695.01000000,43748.14500000,23541.07500000,40606.02000000,35277.34500000,23074.78500000,16914.91500000,25318.71000000,-5.72986404,14.40088082,11.80752002,16.39997817,12.56078256,7.19533395,3.06334772,5.49947284,9.58214751
power_01,1,POWER,1,active,299,16.597108,-15695.91000000,43744.90500000,23533.33500000,40602.19500000,35264.34000000,23061.87000000,16919.73000000,25321.45500000,10.68450901,-25.19519179,-11.42409180,-21.63239584,-21.47683312,-14.65783321,-9.57445275,-14.43883654,16.13551801
power_01,1,POWER,1,active,300,16.599029,-15696.94500000,43738.51500000,23515.24500000,40585.41000000,35247.28500000,23048.14500000,16924.14000000,25323.52500000,20.79826315,-56.45881512,-34.00244935,-55.24692519,-49.26725997,-32.78134327,-19.03194752,-30.57155982,37.26982043
power_01,1,POWER,1,active,301,16.601029,-15699.33000000,43728.03000000,23491.93500000,40562.28000000,35228.38500000,23035.32000000,16927.33500000,25322.80500000,20.61175441,-66.28896581,-39.54124508,-65.05883845,-56.39107752,-37.21510748,-25.22957131,-39.07299077,43.67619385
power_01,1,POWER,1,active,302,16.603029,-15699.24000000,43718.80500000,23466.78000000,40536.49500000,35212.18500000,23025.87000000,16933.50000000,25326.13500000,14.88853041,-49.46243852,-29.06481199,-48.03505412,-42.05957326,-27.28984293,-18.77812478,-29.01490316,32.32415990
power_01,1,POWER,1,active,303,16.605029,-15697.53000000,43714.62000000,23453.68500000,40520.74500000,35210.11500000,23031.22500000,16935.93000000,25327.93500000,2.95307199,-16.37429519,-13.40577596,-18.50312830,-16.04089106,-9.35234523,-3.76024324,-7.93386230,11.04045166
power_01,1,POWER,1,active,304,16.607029,-15695.10000000,43719.66000000,23462.23500000,40526.23500000,35225.37000000,23046.25500000,16932.37500000,25326.76500000,-8.98304731,24.72581005,12.00436719,21.31313269,20.77804336,16.97321469,9.81799188,14.38344649,16.12238171
power_01,1,POWER,1,active,305,16.609029,-15693.12000000,43728.25500000,23481.18000000,40543.02000000,35243.91000000,23059.30500000,16927.69500000,25326.18000000,-18.07842451,55.64772506,33.08440987,53.60697666,48.24378976,33.63704207,18.86529970,29.87578772,36.37993192
power_01,1,POWER,1,active,306,16.611029,-15689.38500000,43738.78500000,23505.43500000,40567.05000000,35261.41500000,23070.87000000,16924.59000000,25327.17000000,-19.96745289,62.67240236,35.86061519,59.91208449,51.28761581,32.93343336,22.87528452,35.43689483,40.11822293
power_01,1,POWER,1,active,307,16.613029,-15691.36500000,43746.03000000,23530.23000000,40591.53000000,35276.08500000,23078.83500000,16917.21000000,25323.97500000,-13.93829746,46.28465385,27.20421636,45.04044028,37.75904488,24.78768600,16.89302136,26.85571509,29.84538441
power_01,1,POWER,1,active,308,16.615029,-15694.20000000,43748.41500000,23542.56000000,40605.88500000,35277.39000000,23074.56000000,16915.05000000,25322.13000000,-5.75862112,12.02298980,10.02448710,14.85401134,11.67905409,7.07659287,1.85178915,5.08330899,8.54385681
power_01,1,POWER,1,active,309,16.617029,-15697.08000000,43742.07000000,23532.12000000,40599.31500000,35262.31500000,23059.08000000,16918.56000000,25322.67000000,5.80432649,-26.60226557,-14.60918382,-23.18444130,-21.79483118,-16.61304921,-10.51230332,-15.85212080,16.87156521
power_01,1,POWER,1,active,310,16.619029,-15694.56000000,43738.56000000,23517.94500000,40586.31000000,35247.96000000,23050.17000000,16924.18500000,25327.93500000,17.43121410,-52.87654817,-32.73323169,-51.03412429,-45.09449821,-30.51308330,-17.95772475,-28.63028656,34.53383888
power_01,1,POWER,1,active,311,16.621029,-15696.54000000,43729.83000000,23496.48000000,40564.39500000,35231.98500000,23039.86500000,16928.19000000,25328.52000000,20.95610167,-56.54913334,-32.17582352,-54.70951216,-46.06197836,-28.81473971,-21.70071321,-31.94234893,36.61379386
power_01,1,POWER,1,active,312,16.623029,-15699.19500000,43718.35500000,23467.50000000,40535.64000000,35212.90500000,23027.44500000,16932.96000000,25328.61000000,13.24267655,-42.77399840,-25.03790991,-41.73610202,-35.04606849,-22.84369009,-16.38638406,-25.34003239,27.80085774
power_01,1,POWER,1,active,313,16.625029,-15694.87500000,43716.96000000,23457.01500000,40522.63500000,35213.62500000,23033.38500000,16935.84000000,25332.70500000,2.10205708,-14.05383384,-12.86304735,-16.43954848,-13.52567582,-9.72549142,-3.33874574,-7.37284848,9.92765602
power_01,1,POWER,1,active,314,16.627029,-15694.42500000,43719.61500000,23464.84500000,40526.68500000,35226.94500000,23045.89500000,16930.93500000,25329.78000000,-6.64766593,24.39151941,12.84871712,21.52207723,20.96767582,15.04042300,9.31470242,14.68184738,15.67682854
power_01,1,POWER,1,active,315,16.629029,-15694.47000000,43721.77500000,23479.38000000,40538.29500000,35239.68000000,23055.34500000,16924.68000000,25323.48000000,-17.03824694,48.25945569,29.85594888,47.58883652,42.28560464,27.96666644,16.53826750,25.37796368,31.86387379
power_01,1,POWER,1,active,316,16.631029,-15691.81500000,43734.06000000,23503.63500000,40563.36000000,35259.57000000,23069.43000000,16922.70000000,25325.86500000,-19.50418976,53.12248441,29.95477208,51.36023329,43.18804180,27.47765607,20.57445170,29.24394686,34.30322200
power_01,1,POWER,1,active,317,16.633029,-15694.20000000,43745.22000000,23529.55500000,40590.63000000,35276.08500000,23078.65500000,16917.03000000,25323.93000000,-12.06786439,44.67567655,25.81551775,42.74166639,36.27144523,24.67814348,17.63117246,26.51378199,28.79940853
power_01,1,POWER,1,active,318,16.635029,-15697.35000000,43748.50500000,23542.33500000,40605.66000000,35278.47000000,23075.01000000,16916.40000000,25322.85000000,-4.71794617,15.56538094,11.81756942,17.10575714,13.83358415,8.87907136,4.39186581,7.76261130,10.50922329
power_01,1,POWER,1,active,319,16.637029,-15695.23500000,43747.74000000,23536.57500000,40604.53500000,35268.43500000,23065.47000000,16921.30500000,25328.38500000,7.90638450,-20.36942055,-10.02004872,-17.66305148,-16.99971921,-12.20633521,-7.12274213,-10.84025022,12.89099400
power_01,1,POWER,1,active,320,16.639029,-15695.95500000,43740.63000000,23519.43000000,40588.83000000,35251.78500000,23052.33000000,16926.66000000,25330.36500000,19.65895953,-44.18403374,-25.85617914,-42.54839294,-37.23393565,-24.18041962,-14.48050097,-21.49156839,28.70424875
power_01,1,POWER,1,active,321,16.641029,-15699.33000000,43729.15500000,23495.53500000,40564.75500000,35232.43500000,23039.01000000,16929.72000000,25328.38500000,18.61317186,-53.17343750,-29.74939463,-50.73481499,-43.47561440,-28.55428196,-20.18536782,-30.07812332,34.32052581
power_01,1,POWER,1,active,322,16.643029,-15697.93500000,43720.87500000,23470.29000000,40539.33000000,35216.55000000,23029.83000000,16936.15500000,25331.94000000,12.12873590,-41.71492973,-23.49380996,-39.93544789,-34.69865485,-23.49982710,-15.84559817,-24.56237858,26.98492277
power_01,1,POWER,1,active,323,16.645029,-15695.64000000,43718.80500000,23457.87000000,40524.34500000,35215.38000000,23034.24000000,16938.94500000,25334.50500000,4.53671089,-12.19809248,-10.07748226,-14.72559799,-12.40197738,-8.05989987,-3.16896023,-5.04601006,8.77684139
power_01,1,POWER,1,active,324,16.647029,-15690.96000000,43726.77000000,23468.94000000,40532.13000000,35232.52500000,23050.08000000,16935.34500000,25336.12500000,-5.47404356,21.71283167,11.27079497,17.81705423,17.69228395,12.92785819,7.65956671,13.21848941,13.47161534
power_01,1,POWER,1,active,325,16.649029,-15691.86000000,43732.48500000,23486.31000000,40547.61000000,35250.21000000,23061.06000000,16930.71000000,25332.88500000,-14.14674662,45.56794331,28.56855805,44.00281655,39.99659474,26.44693874,14.36755585,24.86277730,29.74499139
power_01,1,POWER,1,active,326,16.651029,-15690.10500000,43741.21500000,23509.71000000,40570.33500000,35267.98500000,23072.08500000,16926.34500000,25332.57000000,-17.99521713,48.13607576,28.37763153,47.09037600,40.75624170,24.79859107,17.63304502,27.15437584,31.49269426
power_01,1,POWER,1,active,327,16.653029,-15693.61500000,43748.14500000,23533.24500000,40593.69000000,35279.59500000,23079.24000000,16918.06500000,25326.76500000,-14.39322639,33.78850848,19.85477170,33.23673970,27.81809013,17.97636349,12.19673704,18.57088995,22.22941586
power_01,1,POWER,1,active,328,16.655029,-15693.34500000,43754.80500000,23548.09500000,40611.60000000,35282.43000000,23078.83500000,16917.43500000,25328.38500000,-5.24315305,9.59801570,8.10613959,11.56325369,7.29350977,6.71554674,0.39232412,2.82322822,6.46689636
power_01,1,POWER,1,active,329,16.657029,-15696.85500000,43748.01000000,23536.80000000,40603.77000000,35264.79000000,23061.82500000,16919.91000000,25328.11500000,5.36680566,-20.84806477,-11.75033501,-18.48551865,-19.71667717,-12.28251865,-8.10086580,-12.54924051,13.63750328
power_01,1,POWER,1,active,330,16.659029,-15698.07000000,43741.39500000,23519.07000000,40587.93000000,35247.10500000,23049.27000000,16923.78000000,25329.28500000,13.22195196,-44.46750988,-28.63316990,-43.55499705,-39.67109201,-26.23643143,-15.01492779,-24.29214864,29.38652858
power_01,1,POWER,1,active,331,16.661029,-15697.17000000,43734.64500000,23499.49500000,40567.95000000,35232.12000000,23040.45000000,16928.73000000,25331.76000000,15.75482360,-47.70922453,-27.80210342,-45.98446548,-39.32384550,-24.76032476,-18.24371214,-28.09460300,30.95913780
power_01,1,POWER,1,active,332,16.663029,-15696.40500000,43725.19500000,23474.65500000,40542.79500000,35217.18000000,23032.03500000,16934.80500000,25335.18000000,13.20807336,-33.54509468,-18.01607572,-31.58717283,-25.78128097,-16.15223794,-11.63282596,-18.67276887,21.07444129
power_01,1,POWER,1,active,333,16.665029,-15691.36500000,43724.11500000,23464.93500000,40529.56500000,35218.21500000,23038.83000000,16937.95500000,25338.82500000,4.98385891,-10.01990515,-7.54559012,-11.07485927,-7.18685442,-4.72751182,-0.55757623,-2.85203473,6.11852383
power_01,1,POWER,1,active,334,16.667029,-15691.18500000,43727.89500000,23473.21500000,40533.88500000,35232.66000000,23052.37500000,16933.86000000,25335.94500000,-4.72490543,20.22186268,11.37012735,17.83611428,19.55827007,13.99812051,9.09164280,12.36234467,13.64542347
power_01,1,POWER,1,active,335,16.669029,-15691.81500000,43727.40000000,23486.49000000,40543.38000000,35243.46000000,23060.20500000,16926.25500000,25328.43000000,-14.25398045,39.00419379,24.27653921,38.24875176,35.85502399,23.12429519,14.06994606,20.26392092,26.13708142
power_01,1,POWER,1,active,336,16.671029,-15689.07000000,43738.56000000,23510.65500000,40567.18500000,35263.21500000,23072.80500000,16923.55500000,25331.13000000,-17.19154418,40.37180024,22.22757062,39.19125073,33.95487904,19.75756140,16.13113533,22.68078163,26.43831540
power_01,1,POWER,1,active,337,16.673029,-15691.68000000,43753.54500000,23539.18500000,40598.46000000,35283.96000000,23084.14500000,16920.04500000,25332.30000000,-10.85257862,36.37687493,20.19616194,34.42942752,30.49585904,18.60947035,14.83944850,22.54212695,23.54274348
power_01,1,POWER,1,active,338,16.675029,-15691.95000000,43758.63000000,23553.85500000,40615.38000000,35288.41500000,23082.39000000,16919.91000000,25332.70500000,-4.17609674,16.61543582,11.61362382,17.69444353,15.51682344,8.70198772,5.20452097,8.96189969,11.06060397
power_01,1,POWER,1,active,339,16.677029,-15693.21000000,43753.23000000,23544.31500000,40610.20500000,35273.38500000,23068.39500000,16923.69000000,25334.37000000,5.85767092,-16.12969768,-8.78892545,-13.63073357,-13.84284213,-10.77169188,-5.55912645,-9.20155132,10.47277992
power_01,1,POWER,1,active,340,16.679029,-15696.13500000,43743.10500000,23523.61500000,40592.02500000,35254.17000000,23053.68000000,16926.97500000,25334.41500000,13.40023878,-39.21254500,-25.48154574,-37.93184636,-34.89051403,-23.42128957,-13.16791571,-20.54150265,26.00592473
power_01,1,POWER,1,active,341,16.681029,-15693.48000000,43738.78500000,23507.23500000,40573.71000000,35242.11000000,23047.38000000,16933.18500000,25339.54500000,13.84313803,-43.38531843,-25.51493513,-41.58448409,-36.46491727,-23.23362581,-17.48784363,-25.18353622,28.33722483
power_01,1,POWER,1,active,342,16.683029,-15695.28000000,43728.07500000,23479.38000000,40544.59500000,35224.02000000,23035.63500000,16938.72000000,25339.99500000,11.96866646,-30.48158684,-16.15689732,-30.40558995,-26.01866060,-16.08349067,-12.45301009,-18.00572486,20.19670335
power_01,1,POWER,1,active,343,16.685029,-15694.60500000,43724.34000000,23465.38500000,40528.26000000,35221.23000000,23037.88500000,16939.53000000,25340.80500000,1.95639736,-10.41950106,-9.78158841,-14.12744987,-12.59917139,-8.40973770,-3.45708040,-6.08616493,8.35463639
power_01,1,POWER,1,active,344,16.687029,-15692.22000000,43728.43500000,23475.06000000,40534.29000000,35235.49500000,23052.28500000,16935.39000000,25339.45500000,-7.14261597,14.96016176,6.32465747,12.14164941,10.38489506,7.84533127,3.82404222,7.03206350,8.70692708
power_01,1,POWER,1,active,345,16.689029,-15690.46500000,43736.31000000,23494.23000000,40551.66000000,35253.81000000,23065.24500000,16930.75500000,25337.61000000,-10.67538923,36.81308740,24.48025550,36.94245131,31.23816961,22.26273262,10.84885066,19.05675585,24.03971152
power_01,1,POWER,1,active,346,16.691029,-15688.75500000,43747.15500000,23516.73000000,40574.88000000,35272.30500000,23077.12500000,16926.88500000,25338.64500000,-13.20166430,40.43920419,23.46483316,39.46729180,32.22713293,20.91600839,14.38555685,22.26346846,25.79564501
power_01,1,POWER,1,active,347,16.693029,-15690.19500000,43755.12000000,23540.71500000,40598.86500000,35287.15500000,23085.04500000,16920.36000000,25334.59500000,-9.15868931,30.36726008,16.59626890,28.62645850,24.29880131,16.32000834,10.83828398,17.39131027,19.19963509
power_01,1,POWER,1,active,348,16.695029,-15693.84000000,43756.74000000,23551.56000000,40612.45500000,35287.33500000,23079.78000000,16919.19000000,25332.25500000,-3.23041623,8.04141648,6.94494379,9.67725626,7.97614431,5.70175605,1.58261088,2.85298633,5.75094129
power_01,1,POWER,1,active,349,16.697029,-15696.13500000,43752.73500000,23542.29000000,40606.83000000,35272.75500000,23065.06500000,16922.38500000,25333.92000000,3.55385555,-18.59936259,-10.34163130,-16.17411216,-15.89052590,-11.77793704,-6.20052467,-11.23882007,11.72209616
power_01,1,POWER,1,active,350,16.699086,-15695.50500000,43747.87500000,23526.18000000,40592.07000000,35257.77000000,23053.81500000,16927.29000000,25337.20500000,12.14508726,-34.26403031,-21.42873649,-34.00722253,-29.88313902,-19.98410318,-11.21017694,-17.54470931,22.55840063
power_01,1,POWER,1,active,351,16.701086,-15693.34500000,43742.47500000,23509.08000000,40573.66500000,35244.85500000,23047.96500000,16933.05000000,25342.15500000,15.41980004,-36.10788339,-18.63557563,-34.66916783,-28.23229152,-16.69824442,-13.79186515,-19.62699701,22.89772812
power_01,1,POWER,1,active,352,16.703086,-15695.64000000,43730.14500000,23480.23500000,40544.41500000,35225.64000000,23035.99500000,16938.72000000,25341.93000000,11.14965990,-27.06915242,-12.63609407,-24.93327206,-20.56303644,-11.62088167,-9.26748114,-14.11894892,16.41981583
power_01,1,POWER,1,active,353,16.705086,-15693.03000000,43726.90500000,23467.50000000,40529.07000000,35224.24500000,23040.40500000,16941.64500000,25343.14500000,1.87179582,-10.45059741,-8.42869060,-11.46981618,-9.56502168,-5.84357290,-0.67727657,-4.27669021,6.57293267
power_01,1,POWER,1,active,354,16.707086,-15689.07000000,43733.47500000,23479.24500000,40536.94500000,35240.76000000,23057.14500000,16938.22500000,25344.40500000,-4.56796142,14.92641888,8.03093249,13.56253246,13.54723695,10.35918851,6.86427649,9.00706449,10.10820146
power_01,1,POWER,1,active,355,16.709086,-15691.09500000,43737.34500000,23494.32000000,40550.67000000,35254.84500000,23065.87500000,16931.70000000,25338.96000000,-10.16333354,33.84542110,22.84626416,34.75656272,30.65077478,21.08381769,11.11184362,18.92221770,22.92252941
power_01,1,POWER,1,active,356,16.711086,-15690.33000000,43745.80500000,23516.82000000,40573.48500000,35272.12500000,23076.81000000,16926.25500000,25339.45500000,-15.07509762,33.67981317,18.65484958,33.81113767,27.61984551,15.57706619,12.04189704,18.82290198,21.91032610
power_01,1,POWER,1,active,357,16.713086,-15691.72500000,43754.04000000,23542.38000000,40598.37000000,35286.34500000,23084.59500000,16920.27000000,25336.71000000,-10.26315160,25.67556647,14.23793337,25.34944977,21.27660263,12.54169364,9.23112433,15.63905059,16.77682155
power_01,1,POWER,1,active,358,16.715086,-15694.92000000,43756.69500000,23554.53000000,40612.41000000,35286.70500000,23078.61000000,16919.59500000,25335.13500000,-3.35268864,8.36294283,7.67475425,9.84308532,7.95560054,4.31222647,1.73939988,4.14493299,5.92320386
power_01,1,POWER,1,active,359,16.717086,-15692.89500000,43754.44500000,23549.08500000,40609.98000000,35275.99500000,23066.82000000,16924.99500000,25339.36500000,4.12393571,-14.78890103,-8.05970094,-13.50801517,-12.78600355,-11.47501111,-4.39388453,-8.97625786,9.76396374
power_01,1,POWER,1,active,360,16.719086,-15696.04500000,43744.99500000,23528.88000000,40591.93500000,35256.28500000,23051.92500000,16928.59500000,25339.41000000,12.53787021,-29.84845485,-18.92969150,-29.79185784,-25.27670462,-17.89952679,-9.04394313,-15.08400144,19.80150630
power_01,1,POWER,1,active,361,16.721086,-15696.27000000,43737.79500000,23507.59500000,40570.78500000,35240.71500000,23042.16000000,16932.28500000,25341.25500000,11.63301995,-34.16601514,-20.79693870,-33.71471899,-27.84062664,-17.91305150,-13.79725573,-20.48107460,22.54283766
power_01,1,POWER,1,active,362,16.723086,-15693.07500000,43730.91000000,23483.34000000,40546.93500000,35226.09000000,23035.09500000,16939.21500000,25345.84500000,8.97100177,-23.60457770,-14.79936440,-23.88454746,-19.73038576,-12.40661777,-10.16826645,-14.79624824,16.04512620
power_01,1,POWER,1,active,363,16.725086,-15694.47000000,43724.52000000,23467.23000000,40528.84500000,35221.18500000,23035.81500000,16940.29500000,25343.95500000,4.11709455,-5.71512900,-7.15085587,-8.52071673,-6.67357428,-3.22469681,-0.88611548,-2.37180174,4.83249806
power_01,1,POWER,1,active,364,16.727086,-15693.34500000,43729.15500000,23476.36500000,40534.15500000,35236.12500000,23049.49500000,16936.78500000,25342.78500000,-6.80263466,12.60905401,4.23287237,9.81101236,10.00714060,7.55115854,4.92819290,5.65425691,7.69954029
power_01,1,POWER,1,active,365,16.729086,-15691.95000000,43736.71500000,23495.58000000,40550.80500000,35255.07000000,23062.90500000,16932.24000000,25340.80500000,-10.79222676,30.52612491,19.41466754,29.48955761,27.60143785,18.64588421,9.76395227,15.33561485,20.19618325
power_01,1,POWER,1,active,366,16.731086,-15689.43000000,43746.61500000,23518.39500000,40573.75500000,35272.93500000,23075.23500000,16927.60500000,25341.57000000,-9.90839802,34.21665999,20.39438091,32.53135971,28.76876769,19.04467017,12.79249342,19.74931107,22.17575512
power_01,1,POWER,1,active,367,16.733086,-15694.83000000,43752.19500000,23540.49000000,40595.80500000,35284.54500000,23080.32000000,16918.92000000,25334.46000000,-8.82641305,23.53719966,12.75808697,21.87452001,18.73833220,12.94730660,8.11123031,13.32129419,15.01429787
power_01,1,POWER,1,active,368,16.735086,-15693.66000000,43759.03500000,23556.51000000,40614.07500000,35289.27000000,23079.55500000,16918.24500000,25337.11500000,-3.46787986,7.19342953,6.87329108,8.47330736,6.56803160,4.93621298,-0.10240872,2.41079597,5.00316964
power_01,1,POWER,1,active,369,16.737086,-15695.32500000,43754.04000000,23547.42000000,40608.27000000,35275.05000000,23065.11000000,16922.79000000,25339.18500000,5.33540261,-12.34162648,-5.11355573,-10.41969428,-10.73608005,-7.46506659,-4.45094737,-6.05236681,7.73934249
power_01,1,POWER,1,active,370,16.739086,-15700.00500000,43744.32000000,23526.00000000,40588.83000000,35255.16000000,23049.49500000,16926.75000000,25338.60000000,9.72466569,-29.17374994,-18.55129581,-28.74618650,-25.66149233,-17.49006267,-8.23949855,-13.88618683,18.93414229
power_01,1,POWER,1,active,371,16.741086,-15699.42000000,43737.07500000,23506.15500000,40569.07500000,35240.44500000,23040.58500000,16931.38500000,25340.98500000,8.70022246,-33.31624923,-19.33141207,-31.62611382,-27.16815896,-17.92373227,-12.05501649,-19.35065325,21.18394482
power_01,1,POWER,1,active,372,16.743086,-15696.67500000,43731.27000000,23482.98000000,40546.17000000,35227.30500000,23034.51000000,16938.72000000,25345.53000000,9.36561321,-21.60319534,-10.47935654,-19.29678237,-17.09608714,-10.54628688,-7.91910295,-12.02058487,13.54087616
power_01,1,POWER,1,active,373,16.745086,-15697.62000000,43725.33000000,23467.09500000,40528.03500000,35222.13000000,23035.45500000,16939.44000000,25343.95500000,4.02373583,-6.00801656,-5.23511085,-6.88238143,-6.73949941,-3.80385474,-0.05534462,-1.85220518,4.32501858
power_01,1,POWER,1,active,374,16.747086,-15693.93000000,43732.39500000,23478.70500000,40536.45000000,35238.73500000,23053.05000000,16936.96500000,25345.35000000,-4.73817164,11.42600687,5.30667095,10.09812256,8.63690962,7.01014142,4.78585096,6.22041329,7.27778591
power_01,1,POWER,1,active,375,16.749086,-15694.15500000,43738.47000000,23496.07500000,40552.06500000,35254.71000000,23065.56000000,16933.18500000,25342.92000000,-7.56002677,27.81767025,19.29809115,28.86806696,24.44572192,17.99395077,9.70593433,15.71138324,18.92510567
power_01,1,POWER,1,active,376,16.751086,-15691.14000000,43750.03500000,23519.97000000,40575.78000000,35272.53000000,23078.11500000,16929.76500000,25344.40500000,-9.30404204,29.70668804,17.55024724,29.10512229,23.44801701,15.50433744,12.47419522,17.83001459,19.36533298
power_01,1,POWER,1,active,377,16.753086,-15692.67000000,43757.91000000,23544.49500000,40599.85500000,35285.76000000,23085.36000000,16923.10500000,25340.58000000,-6.68963076,21.59338418,11.68194594,19.74721108,16.11470954,10.31973055,8.28530707,12.85661505,13.41106677
power_01,1,POWER,1,active,378,16.755086,-15697.30500000,43758.85500000,23554.21500000,40612.27500000,35285.58000000,23078.11500000,16920.49500000,25337.38500000,-2.59139396,5.61622025,5.42816531,6.74067334,5.60240038,2.40094164,-0.16833207,1.62291538,3.77138029
power_01,1,POWER,1,active,379,16.757086,-15692.67000000,43750.39500000,23544.54000000,40603.72500000,35269.33500000,23063.80500000,16922.88000000,25338.28500000,2.80652482,-16.67889473,-9.68929107,-14.79280754,-13.06434283,-12.29916666,-6.74763792,-10.28177432,10.79505499
power_01,1,POWER,1,active,380,16.759086,-15694.24500000,43737.48000000,23522.35500000,40581.99000000,35247.19500000,23047.24500000,16925.31000000,25336.53000000,11.64523555,-31.12584673,-19.67367085,-30.46032813,-25.38419578,-18.51706517,-10.85228516,-15.84008675,20.43733926
power_01,1,POWER,1,active,381,16.761086,-15697.08000000,43741.39500000,23507.01000000,40571.10000000,35240.67000000,23043.73500000,16934.08500000,25345.75500000,9.21229207,-28.24139196,-16.33790369,-27.15624975,-21.56640997,-14.46508533,-11.79863275,-16.36727788,18.14315543
power_01,1,POWER,1,active,382,16.763086,-15694.92000000,43734.82500000,23482.30500000,40547.88000000,35227.66500000,23036.76000000,16940.97000000,25350.12000000,3.73913580,-12.08462703,-7.41842254,-11.72030472,-8.60658857,-6.57606558,-5.68171855,-7.45098014,7.90973037
power_01,1,POWER,1,active,383,16.765086,-15695.55000000,43721.50500000,23463.04500000,40524.03000000,35217.49500000,23033.34000000,16937.37000000,25343.19000000,1.56826228,-4.07540634,-5.12741812,-5.27414635,-3.64331515,-3.00686242,-0.99366635,-1.68005281,3.17114123
power_01,1,POWER,1,active,384,16.767086,-15685.74000000,43709.35500000,23464.62000000,40515.43500000,35218.44000000,23039.95500000,16925.67000000,25332.70500000,-3.93318217,-0.30999258,-0.87383338,-0.14050722,0.44547972,0.39726701,-1.81901552,-2.26438532,1.27295787
power_01,1,POWER,1,active,385,16.769086,-15687.63000000,43717.81500000,23482.53000000,40532.76000000,35236.57500000,23052.91500000,16922.16000000,25330.77000000,-5.69518678,15.31134358,12.26888039,16.94527998,14.43952401,10.75022864,3.14558790,6.66474022,10.65259644
power_01,1,POWER,1,active,386,16.771086,-15693.25500000,43744.09500000,23513.67000000,40570.51500000,35267.44500000,23072.98500000,16925.89500000,25340.08500000,-11.91329632,32.99989419,18.77836932,31.38516144,26.39542564,17.56370015,14.08916884,18.77265919,21.48720939
power_01,1,POWER,1,active,387,16.773086,-15694.69500000,43753.32000000,23539.09500000,40595.98500000,35283.42000000,23081.89500000,16919.19000000,25336.62000000,-13.98901080,35.63291134,18.78616194,32.13510137,28.16040689,18.73900050,15.46890841,20.19193871,22.88793000
power_01,1,POWER,1,active,388,16.775086,-15699.91500000,43755.16500000,23549.13000000,40608.81000000,35282.74500000,23075.59500000,16916.58000000,25334.32500000,-3.97585590,13.33273413,9.94528856,13.13813914,11.65637772,8.70969603,3.95094236,6.44754911,8.89457287
power_01,1,POWER,1,active,389,16.777086,-15699.37500000,43756.29000000,23543.46000000,40608.04500000,35272.71000000,23064.66000000,16922.56500000,25340.44500000,1.79611453,-8.21205021,-4.99993134,-8.22836378,-8.48271616,-6.41698713,-2.42570010,-4.40305712,5.62061505
power_01,1,POWER,1,active,390,16.779086,-15702.43500000,43746.70500000,23523.75000000,40589.59500000,35254.30500000,23049.72000000,16927.11000000,25340.44500000,8.55055110,-18.28101113,-12.63547815,-19.70375053,-17.41835137,-11.59400513,-4.16545213,-7.59031781,12.49236467
power_01,1,POWER,1,active,391,16.781086,-15702.57000000,43739.68500000,23503.99500000,40569.66000000,35238.87000000,23041.08000000,16931.61000000,25342.78500000,11.33206708,-27.13944240,-14.11151315,-25.96805163,-21.47623101,-12.88934876,-9.70559612,-14.85234736,17.18432469
power_01,1,POWER,1,active,392,16.783086,-15701.17500000,43730.86500000,23479.15500000,40544.64000000,35223.93000000,23032.53000000,16938.00000000,25347.15000000,8.02113064,-20.77375315,-9.89462020,-18.85826374,-16.68401599,-10.00752964,-7.76202406,-11.26449038,12.90822848
power_01,1,POWER,1,active,393,16.785086,-15698.56500000,43727.13000000,23466.69000000,40529.79000000,35223.34500000,23037.07500000,16939.80000000,25348.86000000,6.38561195,-7.98672241,-5.44203815,-8.38387247,-7.33747606,-3.87496083,-1.07867794,-1.13632538,5.20321065
power_01,1,POWER,1,active,394,16.787086,-15694.47000000,43734.06000000,23478.66000000,40538.20500000,35240.94000000,23054.17500000,16937.10000000,25350.34500000,0.59531787,5.72625516,3.57545514,5.46441864,6.45668422,5.71404227,2.47278642,4.63744343,4.33030039
power_01,1,POWER,1,active,395,16.789086,-15694.06500000,43740.76500000,23497.11000000,40555.03500000,35258.76000000,23067.31500000,16931.97000000,25347.87000000,-3.76681913,20.36767532,15.12214310,21.69006546,19.35337923,14.37168941,5.88062541,11.06678252,13.95239745
power_01,1,POWER,1,active,396,16.791086,-15695.23500000,43748.28000000,23518.17000000,40575.55500000,35274.01500000,23075.46000000,16927.56000000,25344.49500000,-6.86332373,19.41912249,11.05850685,19.42522391,15.52288923,9.40336860,7.28976219,10.27913391,12.40766636
power_01,1,POWER,1,active,397,16.793086,-15697.17000000,43756.38000000,23542.06500000,40599.49500000,35287.87500000,23082.34500000,16920.40500000,25339.95000000,-7.51355262,12.11298917,4.60919046,10.61097747,8.16418409,3.88320051,4.36911638,4.43619651,6.96242590
power_01,1,POWER,1,active,398,16.795086,-15700.77000000,43757.68500000,23552.05500000,40611.55500000,35287.38000000,23075.95500000,16918.20000000,25337.20500000,-2.76933935,1.88767303,1.27294036,2.06677348,0.96054568,-0.10708180,-1.81815642,-2.41743253,1.66249283
power_01,1,POWER,1,active,399,16.797086,-15697.17000000,43752.87000000,23544.40500000,40605.88500000,35273.56500000,23063.13000000,16922.43000000,25339.86000000,2.84222693,-14.08335170,-9.36127652,-13.54051537,-13.10145270,-10.19390134,-5.66960351,-9.27192241,9.75803131
power_01,1,POWER,1,active,400,16.799516,-15699.91500000,43747.33500000,23526.54000000,40591.17000000,35258.22000000,23051.20500000,16927.92000000,25342.51500000,8.75879365,-21.98795913,-15.32612735,-22.64766389,-19.99255998,-13.30849798,-6.64481693,-11.13900181,14.97567759
power_01,1,POWER,1,active,401,16.801516,-15697.39500000,43744.23000000,23510.47500000,40575.96000000,35247.19500000,23045.89500000,16934.76000000,25348.90500000,8.12860188,-19.27601807,-10.75278353,-18.17890018,-15.02860229,-8.44714821,-7.85712767,-10.62330197,12.28656047
power_01,1,POWER,1,active,402,16.803516,-15699.42000000,43733.74500000,23482.03500000,40546.57500000,35229.15000000,23034.42000000,16939.71000000,25349.35500000,4.15807057,-12.23257752,-6.16153806,-11.06208752,-9.64969327,-5.76559627,-5.23609869,-6.80850068,7.63427032
power_01,1,POWER,1,active,403,16.805516,-15697.84500000,43729.33500000,23468.67000000,40530.33000000,35228.07000000,23037.79500000,16940.61000000,25349.80500000,-0.49184259,-4.04199949,-5.67916895,-6.59366929,-5.16096551,-4.01237096,-0.64660150,-1.37216563,3.49984799
power_01,1,POWER,1,active,404,16.807516,-15696.13500000,43734.06000000,23477.62500000,40536.31500000,35242.38000000,23051.34000000,16936.38000000,25348.14000000,-6.13413198,9.41868041,3.45603392,7.63821991,8.44370642,5.30556550,2.65753020,4.85956221,5.98917882
power_01,1,POWER,1,active,405,16.809516,-15694.83000000,43742.34000000,23496.84000000,40553.46000000,35260.33500000,23064.93000000,16932.78000000,25347.87000000,-7.50859851,22.30742380,15.39345458,23.33231814,20.13496666,13.60856356,6.64716493,12.01789180,15.11879775
power_01,1,POWER,1,active,406,16.811516,-15691.77000000,43753.32000000,23521.63500000,40577.89500000,35279.50500000,23078.65500000,16930.03500000,25350.03000000,-7.66634657,23.54454862,13.95026055,23.01024513,18.54738938,12.22797702,9.84817719,14.99775317,15.47408721
power_01,1,POWER,1,active,407,16.813516,-15690.55500000,43758.72000000,23546.47500000,40600.71000000,35293.09500000,23085.63000000,16922.74500000,25345.39500000,-4.08325029,16.81122577,10.66872377,16.64851707,14.31258148,10.39164122,7.53606482,11.74009518,11.52401245
power_01,1,POWER,1,active,408,16.815516,-15693.43500000,43763.22000000,23558.85000000,40616.19000000,35295.03000000,23081.08500000,16922.38500000,25345.71000000,-0.40785927,4.18165303,6.18150298,6.60465455,5.48977227,3.80536283,0.57320239,1.87610282,3.64001377
power_01,1,POWER,1,active,409,16.817516,-15698.20500000,43759.21500000,23548.68000000,40610.16000000,35280.13500000,23066.95500000,16926.84000000,25346.47500000,0.00546433,-9.13547042,-5.53334535,-7.99994366,-8.42401917,-7.21679174,-2.67028830,-5.75104754,5.84204631
power_01,1,POWER,1,active,410,16.819516,-15697.12500000,43754.53500000,23532.70500000,40596.25500000,35265.06000000,23056.69500000,16932.46500000,25350.03000000,3.98644218,-17.43385460,-12.98193042,-18.12447874,-16.49503473,-10.89834387,-4.61967619,-9.54796858,11.76096616
power_01,1,POWER,1,active,411,16.821516,-15700.05000000,43743.55500000,23508.90000000,40572.58500000,35246.61000000,23044.45500000,16935.70500000,25348.63500000,6.33892476,-20.15278528,-11.32770979,-19.06776766,-15.94455474,-9.54064371,-8.45816984,-13.28651614,13.01463399
power_01,1,POWER,1,active,412,16.823516,-15697.75500000,43736.31000000,23484.55500000,40548.33000000,35233.33500000,23036.71500000,16941.46500000,25352.91000000,3.86293408,-15.37609058,-8.26655567,-13.69827228,-11.59330927,-8.35712917,-6.96386753,-10.40396697,9.81526570
power_01,1,POWER,1,active,413,16.825516,-15698.83500000,43730.50500000,23470.47000000,40530.87000000,35229.73500000,23037.88500000,16941.51000000,25351.33500000,0.88772975,-5.45947828,-5.54350090,-6.71103963,-5.13705522,-4.86818748,-1.75492852,-2.80464671,4.14582081
power_01,1,POWER,1,active,414,16.827516,-15694.60500000,43735.32000000,23481.04500000,40537.17000000,35245.17000000,23052.19500000,16937.05500000,25350.25500000,-2.44349506,7.28197442,4.16047801,6.09677708,7.03951485,4.04988347,1.58993071,3.49515374,4.51965092
power_01,1,POWER,1,active,415,16.829516,-15693.84000000,43739.01000000,23495.98500000,40550.40000000,35259.30000000,23062.32000000,16931.92500000,25345.39500000,-4.34205529,16.80011612,12.43362780,17.73351291,15.98234086,10.12858174,4.56188706,8.01670336,11.24985314
power_01,1,POWER,1,active,416,16.831516,-15694.24500000,43752.64500000,23520.10500000,40576.68000000,35279.95500000,23076.04500000,16929.13500000,25348.41000000,-4.98821880,19.14440424,10.12857100,18.36524863,15.18624806,9.33571446,8.21015165,11.64795838,12.12581440
power_01,1,POWER,1,active,417,16.833516,-15697.53000000,43759.26000000,23543.37000000,40600.08000000,35293.05000000,23082.21000000,16921.84500000,25343.01000000,-5.23311822,16.20643224,7.62219734,14.51911322,12.44536692,8.62836857,6.91579683,10.63332072,10.27546426
power_01,1,POWER,1,active,418,16.835516,-15695.23500000,43764.66000000,23557.99500000,40617.94500000,35297.46000000,23080.99500000,16922.07000000,25345.39500000,-0.25257559,5.66369456,5.63776180,6.92158900,6.03110686,4.85787391,1.08721989,3.09678587,4.19357594
power_01,1,POWER,1,active,419,16.837516,-15697.17000000,43758.81000000,23547.73500000,40611.51000000,35282.29500000,23066.95500000,16926.30000000,25346.83500000,6.06735827,-7.90941757,-3.27627904,-6.23474805,-6.28200656,-3.66762670,-1.32612644,-2.49346377,4.65712830
power_01,1,POWER,1,active,420,16.839516,-15701.94000000,43747.92000000,23525.91000000,40592.07000000,35261.95500000,23051.29500000,16929.09000000,25345.30500000,6.12990990,-18.28090894,-12.70744363,-18.58985601,-16.43596160,-10.08219099,-4.23911999,-7.83266531,11.78725704
power_01,1,POWER,1,active,421,16.841516,-15701.04000000,43742.65500000,23506.87500000,40573.03500000,35247.28500000,23043.33000000,16934.98500000,25348.18500000,4.94390520,-20.20159631,-11.47418535,-19.75400185,-16.61422189,-9.79325254,-7.98652205,-12.60202040,12.92121320
power_01,1,POWER,1,active,422,16.843516,-15700.50000000,43735.09500000,23481.27000000,40547.79000000,35231.04000000,23034.73500000,16941.15000000,25351.38000000,5.55739346,-10.95534217,-4.66698911,-10.93948264,-9.96435907,-5.26365570,-4.38090310,-6.99648563,7.34057636
power_01,1,POWER,1,active,423,16.845516,-15698.43000000,43731.27000000,23469.48000000,40532.85000000,35230.32000000,23038.15500000,16941.73500000,25352.55000000,2.10159588,-2.32797182,-2.98180102,-4.96690832,-4.60853917,-2.74969686,0.15772676,-0.18044334,2.50933539
power_01,1,POWER,1,active,424,16.847516,-15694.24500000,43738.65000000,23481.67500000,40541.58000000,35246.97000000,23054.31000000,16937.95500000,25354.53000000,-1.61316788,7.97591550,5.23048497,6.46315401,7.21033299,4.80922258,1.79918983,5.02434822,5.01572700
power_01,1,POWER,1,active,425,16.849516,-15693.25500000,43746.43500000,23499.67500000,40558.68000000,35264.11500000,23068.03500000,16933.45500000,25352.37000000,-3.14399917,19.27794107,14.95329785,19.72752375,17.69709651,12.43455590,4.91470924,10.83594074,12.87313303
power_01,1,POWER,1,active,426,16.851516,-15693.88500000,43754.13000000,23519.61000000,40579.38000000,35279.14500000,23077.71000000,16928.77500000,25350.16500000,-6.44073815,17.19471865,8.86311195,16.19834615,12.88101183,8.14817291,6.75716989,9.43257497,10.73948056
power_01,1,POWER,1,active,427,16.853516,-15696.49500000,43761.19500000,23543.59500000,40603.32000000,35292.69000000,23084.46000000,16921.48500000,25346.02500000,-6.37957853,10.07020428,3.57216560,8.81051361,7.72779578,4.32454259,4.24881944,5.06563177,6.27490645
power_01,1,POWER,1,active,428,16.855516,-15700.14000000,43762.41000000,23553.72000000,40615.42500000,35291.97000000,23077.98000000,16920.58500000,25342.96500000,-3.57415908,1.41678230,2.16119171,2.47331316,2.59347290,0.60003250,-0.64493746,-1.24092955,1.83810233
power_01,1,POWER,1,active,429,16.857516,-15701.04000000,43758.40500000,23544.67500000,40609.71000000,35277.52500000,23063.89500000,16924.09500000,25344.40500000,0.07816573,-10.55430653,-6.67833061,-9.83905068,-8.80426417,-8.28205769,-2.91947179,-7.47701135,6.82908232
power_01,1,POWER,1,active,430,16.859516,-15701.62500000,43751.52000000,23527.30500000,40593.55500000,35260.47000000,23051.47500000,16927.56000000,25347.01500000,5.28162083,-16.55176793,-11.82764035,-17.43535405,-14.57311306,-10.77849242,-4.82117004,-8.56303824,11.22902462
power_01,1,POWER,1,active,431,16.861516,-15700.23000000,43739.82000000,23505.07500000,40569.84000000,35242.65000000,23040.63000000,16929.81000000,25346.25000000,6.83395371,-17.38017877,-8.52171094,-15.99878559,-12.40731532,-7.56095841,-8.23274463,-9.98296645,10.86482673
power_01,1,POWER,1,active,432,16.863516,-15699.91500000,43733.07000000,23479.87500000,40546.26000000,35229.87000000,23033.38500000,16937.14500000,25351.33500000,5.09788704,-13.27942628,-5.83505414,-10.78151127,-8.29087192,-5.54221681,-5.57412004,-7.66525793,7.75829318
power_01,1,POWER,1,active,433,16.865516,-15697.93500000,43732.84500000,23470.24500000,40535.10000000,35232.25500000,23039.46000000,16939.39500000,25355.65500000,1.54168076,-1.42101586,-2.96111844,-1.76834009,-0.68328799,-0.97430130,1.43642189,1.78990319,1.57200869
power_01,1,POWER,1,active,434,16.867516,-15700.00500000,43734.51000000,23476.59000000,40537.53000000,35243.91000000,23049.81000000,16934.31000000,25350.88500000,-3.65217892,9.60972361,4.95655169,9.16151309,9.28350349,6.08388837,3.85244099,6.41871072,6.62731386
power_01,1,POWER,1,active,435,16.869516,-15698.65500000,43741.66500000,23494.54500000,40554.81000000,35261.59500000,23062.63500000,16929.67500000,25349.53500000,-7.00063574,14.44724509,9.93349219,15.65688927,13.38006033,8.27121919,4.40379776,6.29005295,9.92292406
power_01,1,POWER,1,active,436,16.871516,-15695.91000000,43752.10500000,23519.25000000,40579.06500000,35280.00000000,23075.19000000,16926.34500000,25350.66000000,-5.25811513,16.61245257,8.88594214,16.62706525,12.41500025,7.91052453,7.48480457,10.11841130,10.66403947
power_01,1,POWER,1,active,437,16.873516,-15698.79000000,43757.91000000,23542.78500000,40602.51000000,35292.15000000,23081.53500000,16919.73000000,25345.84500000,-2.25180548,12.67425167,7.38809958,12.27815496,9.00731273,7.45905230,6.03128389,8.53630488,8.20328319
power_01,1,POWER,1,active,438,16.875516,-15697.93500000,43763.53500000,23557.14000000,40618.98000000,35296.06500000,23079.87000000,16920.22500000,25347.91500000,-0.79158980,3.23551900,4.15867574,4.41167330,2.40740317,3.16727748,0.68018367,0.65198327,2.43803818
power_01,1,POWER,1,active,439,16.877516,-15700.99500000,43758.04500000,23546.38500000,40611.19500000,35280.40500000,23063.98500000,16924.23000000,25347.82500000,3.37634243,-5.48322547,-3.18583031,-5.67280205,-6.07453065,-3.71902735,-1.05197240,-2.89256995,3.93203758
power_01,1,POWER,1,active,440,16.879516,-15701.85000000,43751.74500000,23529.19500000,40594.99500000,35263.62000000,23051.83500000,16929.04500000,25350.43500000,5.17327889,-13.67342050,-10.72363870,-16.23075783,-14.14937530,-9.18598973,-3.58884122,-7.38122731,10.01331619
power_01,1,POWER,1,active,441,16.881516,-15701.08500000,43744.41000000,23509.21500000,40574.74500000,35248.77000000,23042.70000000,16933.90500000,25353.13500000,4.86664944,-14.65541356,-8.38773069,-15.22141293,-12.62454395,-7.11508933,-6.81146536,-9.67605541,9.91979508
power_01,1,POWER,1,active,442,16.883516,-15699.87000000,43735.77000000,23483.52000000,40548.87000000,35233.20000000,23034.73500000,16940.29500000,25355.83500000,5.09724144,-9.40144264,-4.07314296,-8.69739372,-7.51400710,-3.94104778,-4.78186005,-5.86243687,6.17107157
power_01,1,POWER,1,active,443,16.885516,-15697.98000000,43732.26000000,23471.46000000,40534.15500000,35231.26500000,23039.73000000,16941.28500000,25355.88000000,0.96046174,-4.43810349,-5.36636136,-5.99350488,-5.82327040,-3.20722305,-1.09916449,-2.67967989,3.69597116
power_01,1,POWER,1,active,444,16.887516,-15696.18000000,43738.33500000,23481.94500000,40541.04000000,35247.06000000,23054.40000000,16937.05500000,25355.07000000,-2.44527712,5.77682179,2.49085985,4.86488203,4.51593725,4.57701586,0.56402943,2.04106757,3.40948636
power_01,1,POWER,1,active,445,16.889516,-15692.04000000,43748.50500000,23503.77000000,40561.15500000,35268.48000000,23070.10500000,16933.72500000,25356.19500000,-3.64118842,14.89978332,11.47420806,16.10584436,14.54343654,9.66533969,2.63644124,7.15443392,10.01508444
power_01,1,POWER,1,active,446,16.891516,-15693.70500000,43754.53500000,23523.48000000,40581.40500000,35283.28500000,23077.71000000,16929.27000000,25353.63000000,-4.77698061,13.92310696,7.84731926,14.37703518,12.06891944,5.89197982,5.41322023,8.85642319,9.14437309
power_01,1,POWER,1,active,447,16.893516,-15698.65500000,43761.24000000,23545.84500000,40604.08500000,35295.93000000,23082.88500000,16921.75500000,25348.77000000,-6.28023135,7.20209763,2.06577304,7.11231458,5.96668784,1.71157834,3.14496502,4.83266988,4.78953971
power_01,1,POWER,1,active,448,16.895516,-15696.27000000,43768.48500000,23561.28000000,40621.99500000,35301.06000000,23083.11000000,16921.75500000,25352.68500000,-4.01680240,1.50859540,1.29317987,2.39548250,2.32888958,0.09025831,-1.51416037,0.05749789,1.65060829
power_01,1,POWER,1,active,449,16.897516,-15697.62000000,43763.17500000,23551.33500000,40615.74000000,35286.39000000,23068.17000000,16925.49000000,25354.30500000,3.50087452,-4.90590953,-2.49984766,-4.27089700,-3.88553671,-3.07423964,-1.89558722,-0.81709582,3.10624851
power_01,1,POWER,1,active,450,16.907213,-15701.04000000,43752.64500000,23530.41000000,40596.07500000,35266.54500000,23052.78000000,16928.73000000,25352.68500000,4.09058635,-14.98416965,-11.20604776,-15.35538209,-13.27347675,-9.79951753,-3.84657487,-6.81376970,9.92119059
power_01,1,POWER,1,active,451,16.909213,-15700.32000000,43745.71500000,23510.56500000,40576.27500000,35251.83000000,23043.96000000,16933.18500000,25354.84500000,2.55402028,-16.29429746,-9.33291947,-15.38605592,-12.50708513,-8.47060631,-6.72331638,-11.06474985,10.29163135
power_01,1,POWER,1,active,452,16.911213,-15698.65500000,43737.48000000,23485.00500000,40551.39000000,35236.98000000,23036.67000000,16939.93500000,25359.03000000,4.47736513,-8.85144955,-3.06276145,-7.25603237,-6.33194523,-3.23866796,-3.46038360,-5.46297960,5.26769811
power_01,1,POWER,1,active,453,16.913213,-15696.04500000,43734.60000000,23474.02500000,40538.29500000,35237.20500000,23043.15000000,16941.42000000,25361.32500000,1.83189723,-2.94530863,-3.24032276,-3.49651526,-3.51411650,-1.39319802,1.22325817,0.18910580,2.22921530
power_01,1,POWER,1,active,454,16.915213,-15692.40000000,43741.93500000,23486.76000000,40547.07000000,35254.30500000,23058.81000000,16938.36000000,25361.95500000,-0.59675675,6.84374589,5.05869579,6.59839275,6.55359692,6.39929150,3.07820216,4.52816751,4.95710616
power_01,1,POWER,1,active,455,16.917213,-15692.13000000,43743.46500000,23501.65500000,40558.05000000,35266.99500000,23066.68500000,16931.74500000,25355.88000000,-2.29586252,13.33877511,12.02871989,14.34936719,12.65843327,8.62486620,4.01931200,6.34701692,9.20779414
power_01,1,POWER,1,active,456,16.919213,-15690.46500000,43754.31000000,23524.60500000,40581.40500000,35285.53500000,23077.80000000,16928.05500000,25356.51000000,-4.57344672,10.42459626,5.66843018,9.16068316,7.26687236,2.58882122,5.10034956,5.39898041,6.27277248
power_01,1,POWER,1,active,457,16.921213,-15693.75000000,43763.22000000,23550.84000000,40607.59500000,35301.42000000,23085.94500000,16920.81000000,25353.49500000,-3.48083549,10.09695618,4.81142883,8.11909359,7.50301260,4.28529433,4.19858257,5.90384984,6.04988168
power_01,1,POWER,1,active,458,16.923213,-15698.07000000,43764.25500000,23562.00000000,40619.74500000,35300.43000000,23080.05000000,16918.69500000,25351.51500000,-3.20621835,4.84360912,5.23356195,5.39678207,4.83416695,3.10915125,-0.16847635,1.29418549,3.51076894
power_01,1,POWER,1,active,459,16.925213,-15703.24500000,43756.38000000,23549.08500000,40610.65500000,35282.16000000,23062.41000000,16921.35000000,25349.98500000,-2.19499940,-7.76850645,-5.01472511,-7.51970338,-7.94237638,-6.32423794,-2.58063489,-5.20842770,5.56920141
power_01,1,POWER,1,active,460,16.927213,-15703.15500000,43751.38500000,23532.43500000,40595.80500000,35266.23000000,23051.29500000,16926.57000000,25352.82000000,2.01591753,-11.93689656,-10.71020287,-13.58846540,-12.69342992,-8.46041110,-2.66453526,-6.34642898,8.55203595
power_01,1,POWER,1,active,461,16.929213,-15700.72500000,43745.85000000,23513.89500000,40576.99500000,35252.86500000,23044.18500000,16932.73500000,25357.09500000,5.83841700,-8.68955804,-4.73017143,-8.82546038,-6.91584938,-2.56000933,-3.57561061,-5.43469310,5.82122116
power_01,1,POWER,1,active,462,16.931213,-15699.01500000,43736.80500000,23488.60500000,40550.98500000,35237.43000000,23036.13000000,16937.64000000,25360.38000000,6.70254625,-5.20924741,-1.19249623,-4.45262315,-3.25488420,-0.26213147,-1.95413074,-2.20809218,3.15451895
power_01,1,POWER,1,active,463,16.933213,-15700.68000000,43730.91000000,23474.02500000,40533.88500000,35233.92000000,23038.78500000,16937.82000000,25358.76000000,2.14897179,-2.58681650,-4.02556604,-3.76503113,-3.08813308,-1.37942700,0.20042924,0.19809364,2.17405855
power_01,1,POWER,1,active,464,16.935213,-15696.18000000,43739.32500000,23487.12000000,40543.42500000,35251.96500000,23056.60500000,16935.21000000,25360.51500000,-1.55372857,4.99832186,2.01441251,4.36458620,4.95168060,4.83273542,1.51986498,2.71983614,3.36939579
power_01,1,POWER,1,active,465,16.937213,-15695.01000000,43747.15500000,23506.38000000,40560.25500000,35270.46000000,23070.42000000,16931.65500000,25358.71500000,-0.98818513,14.02165381,11.13278715,15.14178356,14.05184466,10.68980315,4.36749470,7.51600607,9.73869478
power_01,1,POWER,1,active,466,16.939213,-15696.04500000,43753.99500000,23525.95500000,40580.10000000,35285.80500000,23078.52000000,16927.60500000,25354.98000000,-2.77625662,11.73435741,6.16861079,11.39319997,9.89663631,5.42006308,5.89383281,6.82989782,7.51410685
power_01,1,POWER,1,active,467,16.941213,-15698.61000000,43761.42000000,23549.89500000,40604.40000000,35299.30500000,23085.09000000,16921.08000000,25350.03000000,-3.95881751,5.77969743,0.87740059,5.02796754,4.60424999,1.31499449,3.55617110,2.39247483,3.43897169
power_01,1,POWER,1,active,468,16.943213,-15696.36000000,43768.84500000,23566.09500000,40622.35500000,35304.25500000,23084.95500000,16921.75500000,25353.90000000,0.06627005,3.00014272,3.56493684,4.50825488,3.73371496,1.96675341,-0.22117010,0.72927787,2.22381510
power_01,1,POWER,1,active,469,16.945213,-15696.99000000,43764.93000000,23557.09500000,40617.31500000,35290.62000000,23072.35500000,16925.89500000,25356.28500000,4.28249292,-3.31495018,-0.65361449,-2.34183775,-2.82304667,-2.08126898,-1.33261665,0.02934311,2.10739634
power_01,1,POWER,1,active,470,16.947213,-15698.74500000,43756.56000000,23537.74500000,40600.03500000,35272.03500000,23058.27000000,16928.77500000,25356.60000000,4.36299449,-11.23313132,-8.70744686,-11.51202946,-10.50485942,-7.39113569,-3.65994881,-4.21432527,7.69823391
power_01,1,POWER,1,active,471,16.949213,-15701.62500000,43746.61500000,23514.25500000,40576.86000000,35253.63000000,23046.70500000,16932.15000000,25356.51000000,1.66519016,-13.60666542,-7.95404663,-12.18341516,-10.97845216,-7.64185402,-7.67657794,-8.73284177,8.80488041
power_01,1,POWER,1,active,472,16.951213,-15697.89000000,43740.81000000,23490.63000000,40553.37000000,35241.48000000,23040.72000000,16940.52000000,25363.35000000,0.63109892,-9.55731506,-4.88067378,-8.27685145,-7.72247308,-5.93781138,-4.88320118,-5.51247554,5.92523755
power_01,1,POWER,1,active,473,16.953213,-15695.64000000,43737.34500000,23479.56000000,40538.52000000,35241.03000000,23045.67000000,16942.09500000,25365.33000000,0.72681873,-3.19400006,-3.66710950,-4.56059082,-3.49648829,-3.18278692,0.60295380,0.95723855,2.54849834
power_01,1,POWER,1,active,474,16.955213,-15694.96500000,43742.20500000,23489.28000000,40544.55000000,35256.06000000,23059.84500000,16937.95500000,25364.47500000,-2.40889610,3.47336677,2.70242992,2.70203261,3.85077195,2.64177264,0.99998819,2.89635811,2.70945204
power_01,1,POWER,1,active,475,16.957213,-15695.37000000,43749.72000000,23507.95500000,40561.56000000,35274.28500000,23072.44500000,16933.41000000,25363.30500000,-5.91982158,9.04902053,8.12137324,10.21134959,9.16868395,5.59817689,1.48887245,3.90131064,6.68232611
power_01,1,POWER,1,active,476,16.959213,-15696.76500000,43756.42500000,23528.29500000,40580.59500000,35289.00000000,23080.77000000,16928.01000000,25359.43500000,-6.08889102,9.10529877,4.84295510,8.56518069,6.71379400,2.75103368,3.75421216,4.68949957,5.81385812
power_01,1,POWER,1,active,477,16.961213,-15701.49000000,43761.64500000,23549.53500000,40602.51000000,35299.84500000,23084.41500000,16919.28000000,25351.87500000,-5.60267243,4.43808200,0.83270641,2.91446589,2.10722278,0.35795177,1.42094494,0.19343417,2.23343505
power_01,1,POWER,1,active,478,16.963213,-15703.02000000,43765.74000000,23561.10000000,40617.49500000,35300.52000000,23079.87000000,16918.56000000,25352.10000000,-3.25551382,0.59613576,0.72562526,1.46655549,-0.14013443,-0.51098615,-2.01068926,-3.67125593,1.54711201
power_01,1,POWER,1,active,479,16.965213,-15704.82000000,43761.10500000,23551.24500000,40612.00500000,35285.58000000,23065.78500000,16921.57500000,25353.04500000,2.00178511,-3.55668388,-2.51297302,-2.70184272,-4.68464683,-3.19488393,-1.15843924,-2.74569733,2.81961901
power_01,1,POWER,1,active,480,16.967213,-15701.49000000,43757.28000000,23536.35000000,40599.18000000,35271.40500000,23057.19000000,16927.60500000,25358.31000000,6.29353660,-7.29661393,-5.77806266,-7.89441622,-7.76831926,-3.35291537,-1.12070681,-2.89308020,5.29970638
power_01,1,POWER,1,active,481,16.969213,-15703.38000000,43748.23500000,23513.94000000,40576.41000000,35254.39500000,23045.80500000,16932.28500000,25358.67000000,7.50896081,-6.25849334,-1.63781019,-5.46988214,-3.91154979,0.32976791,-2.31784120,-3.44749743,3.86022535
power_01,1,POWER,1,active,482,16.971213,-15698.74500000,43738.83000000,23488.74000000,40549.86000000,35240.04000000,23037.70500000,16938.04500000,25362.45000000,5.43171724,-5.18635198,-0.66769876,-4.41829943,-2.63377488,-0.85453802,-1.10204927,-2.62389626,2.86479073
power_01,1,POWER,1,active,483,16.973213,-15693.70500000,43733.16000000,23476.09500000,40533.70500000,35238.51000000,23041.21500000,16938.13500000,25362.99000000,4.59920703,-3.39749071,-2.90218747,-4.56928557,-2.13814596,-1.61883331,0.84308695,0.29543827,2.54545941
power_01,1,POWER,1,active,484,16.975213,-15690.33000000,43728.93000000,23480.59500000,40531.50000000,35245.57500000,23050.71000000,16930.03500000,25355.34000000,2.98912611,0.98286779,1.54588915,0.95455493,2.95062737,3.18846257,0.42572973,1.64517582,1.83530419
power_01,1,POWER,1,active,485,16.977213,-15696.00000000,43744.45500000,23502.55500000,40555.71000000,35269.24500000,23066.64000000,16928.01000000,25357.18500000,-4.40102991,6.94600606,6.29647751,8.19534341,7.23554613,5.33606601,1.09292855,2.01455447,5.18974400
power_01,1,POWER,1,active,486,16.979213,-15697.21500000,43753.54500000,23523.48000000,40577.31000000,35285.04000000,23075.14500000,16924.00500000,25356.06000000,-8.92979983,14.71699447,6.74082396,13.49561042,10.45657975,5.66793511,6.24426059,8.16540306,9.30217590
power_01,1,POWER,1,active,487,16.981213,-15701.89500000,43762.95000000,23548.09500000,40603.23000000,35299.75500000,23082.48000000,16917.57000000,25353.18000000,-6.96951290,11.57376077,4.16415527,9.49825992,7.63566114,4.31559307,5.35428829,7.37052931,7.11022008
power_01,1,POWER,1,active,488,16.983213,-15699.19500000,43770.96000000,23563.93500000,40621.32000000,35304.88500000,23082.97500000,16919.23500000,25357.23000000,-2.70972947,4.91472021,4.14662263,5.08431215,4.18827876,3.60102022,0.91269787,2.40680540,3.49552334
power_01,1,POWER,1,active,489,16.985213,-15699.64500000,43767.81000000,23555.43000000,40616.59500000,35291.25000000,23070.19500000,16923.78000000,25360.11000000,3.00939698,1.80304041,1.93591701,1.44436864,0.95715687,1.84448820,1.94934102,3.12301035,2.00833993
power_01,1,POWER,1,active,490,16.987213,-15699.37500000,43761.51000000,23537.83500000,40601.25000000,35274.64500000,23058.58500000,16929.18000000,25362.49500000,5.08169778,-7.70968958,-6.29130688,-9.01842367,-7.83395023,-4.30564327,-0.63609878,-2.18429454,5.38263809
power_01,1,POWER,1,active,491,16.989213,-15700.63500000,43752.87000000,23516.50500000,40579.65000000,35258.44500000,23048.82000000,16933.77000000,25363.66500000,3.08439753,-10.22052296,-5.11454219,-9.16562694,-7.36421772,-3.86499033,-4.36671394,-6.70035010,6.23517021
power_01,1,POWER,1,active,492,16.991213,-15700.32000000,43737.57000000,23486.40000000,40547.52000000,35237.70000000,23035.23000000,16938.40500000,25362.18000000,1.47617272,-10.06661717,-4.51116114,-8.38988186,-7.10404209,-5.36016039,-3.86280808,-6.86992680,5.95509628
power_01,1,POWER,1,active,493,16.993213,-15692.71500000,43720.56000000,23468.53500000,40521.33000000,35226.13500000,23033.92500000,16934.31000000,25356.10500000,1.25825187,-15.10779358,-10.88634471,-14.98824619,-13.31496849,-10.66795328,-4.26568898,-8.55737688,9.88082800
power_01,1,POWER,1,active,494,16.995213,-15695.10000000,43740.63000000,23487.12000000,40541.44500000,35253.67500000,23057.23500000,16936.24500000,25364.38500000,0.64265135,-3.42388769,-1.36546189,-2.74297499,-1.62715880,-0.51353460,-2.22686271,-2.00280193,1.81816674
power_01,1,POWER,1,active,495,16.997213,-15698.16000000,43749.67500000,23506.29000000,40560.79500000,35272.17000000,23069.29500000,16932.15000000,25362.63000000,-5.53028040,15.89268727,11.76619237,17.08069380,14.95617829,9.78550124,3.49731052,7.85231575,10.79514495
power_01,1,POWER,1,active,496,16.999213,-15692.67000000,43763.08500000,23532.84000000,40587.12000000,35292.28500000,23084.73000000,16930.66500000,25366.68000000,-5.53392356,14.30994561,7.37084834,14.05220373,10.59702679,5.30455102,5.31582656,8.29025744,8.84682288
power_01,1,POWER,1,active,497,17.001213,-15691.14000000,43772.26500000,23559.79500000,40613.80500000,35308.93500000,23094.58500000,16925.89500000,25365.01500000,2.50268027,7.69896508,4.55949773,6.92409170,5.90683284,5.12716117,3.41919139,6.33987408,5.30978678
power_01,1,POWER,1,active,498,17.003213,-15687.81000000,43761.06000000,23564.65500000,40616.05500000,35299.44000000,23083.02000000,16920.45000000,25356.69000000,3.33106309,0.41161746,2.91804905,1.92630496,2.64025033,2.20681120,-0.95639368,-0.00546763,1.79949468
power_01,1,POWER,1,active,499,17.005213,-15688.08000000,43745.31000000,23547.28500000,40597.65000000,35275.32000000,23062.18500000,16919.59500000,25351.51500000,4.03145932,-18.12741474,-11.09383838,-16.73628741,-14.59337018,-12.02175375,-6.93529632,-10.97825651,11.81470958
power_01,1,POWER,1,active,500,17.000018,-15691.77000000,43752.15000000,23537.07000000,40593.64500000,35269.56000000,23057.32500000,16929.18000000,25362.40500000,2.63272590,-13.70995861,-12.27131469,-16.60993340,-13.26202264,-10.08699852,-5.13171516,-7.29861932,10.12541103
power_01,1,POWER,1,active,501,17.002018,-15698.56500000,43753.68000000,23520.73500000,40581.04500000,35261.32500000,23051.83500000,16937.50500000,25368.48000000,-4.33093397,5.84158718,1.66882483,3.52774207,4.75241199,2.40806359,-0.00486968,1.54686276,3.01016201
power_01,1,POWER,1,active,502,17.004018,-15693.61500000,43736.94000000,23491.71000000,40548.06000000,35239.90500000,23039.01000000,16940.70000000,25368.03000000,-4.04705429,2.61050339,1.43588362,2.56310161,1.99554150,-0.15539051,-0.39682770,-0.53862425,1.71786586
power_01,1,POWER,1,active,503,17.006018,-15682.77000000,43724.07000000,23476.59000000,40525.69500000,35231.76000000,23039.46000000,16937.82000000,25363.84500000,2.45415415,-6.88277308,-6.08763718,-8.01375324,-7.60023972,-5.91727596,-2.02563434,-3.44789255,5.30367003
power_01,1,POWER,1,active,504,17.008018,-15684.03000000,43723.44000000,23482.44000000,40526.68500000,35242.02000000,23049.04500000,16929.72000000,25357.41000000,3.04058936,-3.31914242,-1.52662303,-2.80803719,-2.61373378,-1.19847907,-2.86201307,-2.98499749,2.54420192
power_01,1,POWER,1,active,505,17.010018,-15693.07500000,43735.09500000,23500.93500000,40547.65500000,35261.50500000,23061.55500000,16926.61500000,25356.42000000,-7.18625663,6.35174722,4.62586464,7.94469569,5.55856542,3.05739302,-0.53897198,-0.03288688,4.41204768
power_01,1,POWER,1,active,506,17.012018,-15692.62500000,43762.50000000,23534.82000000,40587.34500000,35294.94000000,23084.46000000,16931.92500000,25368.34500000,-10.66079350,17.44644088,7.55294457,16.63278659,12.36069891,7.24629281,8.08173936,9.68599507,11.20846146
power_01,1,POWER,1,active,507,17.014018,-15685.02000000,43780.90500000,23569.29000000,40621.41000000,35319.73500000,23101.92000000,16933.81500000,25374.64500000,0.09165017,23.82611008,14.26209602,22.05946548,19.96077153,16.16619643,13.54020260,17.15020105,15.88208667
power_01,1,POWER,1,active,508,17.016018,-15683.22000000,43787.88000000,23584.09500000,40638.78000000,35323.87500000,23100.84000000,16937.10000000,25377.93000000,6.93333822,13.83274392,12.85064498,13.75794241,13.94793889,13.25139374,8.75929558,10.78246311,11.76447011
power_01,1,POWER,1,active,509,17.018018,-15703.29000000,43766.01000000,23556.15000000,40614.79500000,35291.52000000,23068.48500000,16923.91500000,25361.41500000,-0.34516545,-7.55899829,-5.64601572,-7.38473368,-7.72555103,-5.74015520,-2.81555460,-4.55193450,5.22101356
power_01,1,POWER,1,active,510,17.020018,-15698.29500000,43764.66000000,23544.13500000,40604.44500000,35281.30500000,23062.41000000,16932.28500000,25369.11000000,-5.96820543,-20.08551632,-18.04456097,-21.01189468,-19.57201873,-15.87083182,-12.03213241,-14.21340600,15.84982080
power_01,1,POWER,1,active,511,17.022018,-15698.88000000,43755.70500000,23522.58000000,40582.93500000,35264.97000000,23052.78000000,16937.50500000,25370.91000000,4.33929481,-13.29631396,-6.08088178,-11.74453623,-9.16031738,-4.70947902,-6.69573013,-7.73291088,7.96993302
power_01,1,POWER,1,active,512,17.024018,-15695.82000000,43749.54000000,23499.49500000,40559.31000000,35252.37000000,23046.93000000,16943.98500000,25377.48000000,7.04581429,-7.97704439,-0.75391055,-5.43306811,-4.81145539,-1.14531301,-1.53250739,-2.43782089,3.89211675
power_01,1,POWER,1,active,513,17.026018,-15693.75000000,43746.25500000,23488.56000000,40545.18000000,35250.84000000,23051.97000000,16945.11000000,25377.93000000,2.38294210,-8.13468256,-5.64843847,-8.51626102,-8.10553344,-5.01734501,-2.48414250,-2.69904076,5.37354823
power_01,1,POWER,1,active,514,17.028018,-15690.78000000,43750.93500000,23499.18000000,40552.56000000,35266.05000000,23066.77500000,16941.51000000,25376.67000000,4.63921192,-0.12270202,2.64771236,0.66922374,0.65300951,2.95527236,1.17372511,1.12005453,1.74761394
power_01,1,POWER,1,active,515,17.030018,-15689.20500000,43759.30500000,23518.26000000,40569.88500000,35284.95000000,23079.64500000,16937.55000000,25374.64500000,1.13267098,3.04725970,5.72511333,5.75373008,4.39896247,3.44453112,0.97785999,0.34549551,3.10320290
power_01,1,POWER,1,active,516,17.032018,-15692.67000000,43764.12000000,23536.03500000,40588.11000000,35297.91000000,23085.81000000,16930.75500000,25369.56000000,-1.38448253,2.03816876,0.44868635,1.96437987,1.20637987,-1.41443167,1.64083534,0.55659839,1.33174535
power_01,1,POWER,1,active,517,17.034018,-15696.36000000,43770.28500000,23558.76000000,40611.24000000,35310.24000000,23090.89500000,16923.10500000,25363.71000000,-2.73154124,0.09839173,-2.04648826,-0.74986243,-0.76592609,-2.12639214,0.95781315,-0.81012341,1.28581731
power_01,1,POWER,1,active,518,17.036018,-15693.79500000,43777.62000000,23574.28500000,40629.19500000,35314.69500000,23090.13000000,16924.45500000,25367.62500000,-1.73119077,-0.52002052,0.76244358,0.49391122,0.27809508,-0.76504034,-1.68472233,-1.98802971,1.02793169
power_01,1,POWER,1,active,519,17.038018,-15694.29000000,43773.43500000,23565.28500000,40623.88500000,35300.88000000,23076.18000000,16929.22500000,25370.41500000,4.60850615,1.33350919,2.14541006,1.20072179,1.04048034,0.54705209,2.30832611,3.09478248,2.03484853
power_01,1,POWER,1,active,520,17.040018,-15697.21500000,43764.84000000,23545.03500000,40606.11000000,35281.98000000,23063.35500000,16933.99500000,25370.73000000,2.38647837,-3.68591601,-4.38800016,-5.20188699,-4.24272816,-2.77728239,1.37015090,0.32175980,3.04677535
power_01,1,POWER,1,active,521,17.042018,-15694.47000000,43759.35000000,23526.58500000,40586.80500000,35268.03000000,23055.93000000,16940.11500000,25374.46500000,0.73421726,-2.84359961,-1.38260253,-3.11135551,-1.60123815,0.36972912,-1.01383144,-2.17456589,1.65389244
power_01,1,POWER,1,active,522,17.044018,-15689.79000000,43751.07000000,23502.82500000,40561.38000000,35253.94500000,23048.28000000,16946.28000000,25379.28000000,3.43434987,2.17368097,3.73740674,1.94911554,2.65719109,2.89795069,0.94145766,1.80477757,2.44949127
power_01,1,POWER,1,active,523,17.046018,-15687.09000000,43735.50000000,23484.28500000,40536.40500000,35243.46000000,23045.53500000,16942.23000000,25372.17000000,1.29523168,-2.07128842,-2.44741697,-3.54602563,-2.31537997,-2.47992672,-0.22797472,0.46912270,1.85654585
power_01,1,POWER,1,active,524,17.048018,-15686.55000000,43754.04000000,23502.64500000,40554.85500000,35270.14500000,23068.03500000,16944.16500000,25378.65000000,-2.59964863,2.05708730,0.87987451,1.45972754,2.78447555,1.85143978,-0.45707154,0.28092983,1.54628184
power_01,1,POWER,1,active,525,17.050018,-15685.20000000,43765.24500000,23523.93000000,40575.73500000,35290.93500000,23083.51500000,16941.24000000,25378.92000000,-5.09144465,16.79329853,11.90160343,16.94155516,15.64148851,10.64888679,4.16592022,7.57740962,11.09520086
power_01,1,POWER,1,active,526,17.052018,-15685.47000000,43772.94000000,23544.49500000,40596.21000000,35305.87500000,23092.74000000,16936.11000000,25376.31000000,-5.17921953,12.76414912,5.86480262,11.75208088,9.38897702,5.45660603,4.41037468,6.91936232,7.71694652
power_01,1,POWER,1,active,527,17.054018,-15686.86500000,43780.50000000,23569.15500000,40620.69000000,35320.50000000,23100.12000000,16929.04500000,25372.84500000,-4.37673737,1.74279403,-1.80336366,0.68361825,0.11357093,-0.25003067,-0.38861790,0.31436774,1.20913757
power_01,1,POWER,1,active,528,17.056018,-15688.44000000,43783.38000000,23580.27000000,40633.87500000,35320.18500000,23094.76500000,16928.68500000,25372.17000000,-3.18463937,1.25774287,1.28396970,1.93799191,1.81906806,0.80707280,-2.02994658,-0.73634753,1.63209735
power_01,1,POWER,1,active,529,17.058018,-15692.13000000,43776.85500000,23568.21000000,40625.05500000,35302.95000000,23078.47500000,16932.73500000,25372.89000000,-1.52536744,-5.86003192,-4.83145999,-5.62203205,-6.31932355,-5.52393253,-1.86466081,-3.21431506,4.34514042
power_01,1,POWER,1,active,530,17.060018,-15687.72000000,43770.96000000,23552.19000000,40609.98000000,35287.11000000,23068.62000000,16937.37000000,25377.79500000,0.82465596,-9.51110431,-9.09600854,-10.90476658,-10.31061058,-7.16591009,-2.04714772,-3.68482760,6.69312892
power_01,1,POWER,1,active,531,17.062018,-15681.91500000,43748.28000000,23523.84000000,40575.60000000,35260.42500000,23051.83500000,16936.78500000,25371.00000000,5.88247544,-10.00023705,-4.24452410,-8.63992212,-6.71817732,-2.92379807,-4.90212702,-4.95270950,6.03299633
power_01,1,POWER,1,active,532,17.064018,-15689.65500000,43747.11000000,23500.48500000,40555.84500000,35250.75000000,23045.31000000,16945.92000000,25376.35500000,2.95931493,-11.58104748,-5.09473443,-9.32157554,-8.15063186,-5.77812693,-4.81606522,-7.82092727,6.94030296
power_01,1,POWER,1,active,533,17.066018,-15688.30500000,43752.42000000,23494.77000000,40549.77000000,35256.19500000,23055.30000000,16949.43000000,25382.74500000,-5.69727475,3.19841001,-1.39350644,1.63111845,0.91543862,-0.98447106,2.50320436,1.20900966,2.19155417
power_01,1,POWER,1,active,534,17.068018,-15688.53000000,43755.12000000,23502.51000000,40554.31500000,35268.25500000,23067.31500000,16944.34500000,25379.01000000,-3.53453371,10.81425663,6.19332620,10.39541864,8.58469410,6.78880586,3.02666612,5.65948680,6.87464851
power_01,1,POWER,1,active,535,17.070018,-15686.77500000,43762.77000000,23522.58000000,40572.54000000,35286.52500000,23081.31000000,16940.88000000,25378.78500000,-1.19316634,4.51611048,5.58988935,7.10610928,4.91054062,3.89932988,0.25518001,1.07288924,3.56790190
power_01,1,POWER,1,active,536,17.072018,-15683.67000000,43774.24500000,23547.51000000,40596.97500000,35306.28000000,23095.03500000,16938.13500000,25380.90000000,-0.47228409,6.25569019,4.23359801,6.94184360,5.12512929,3.28619448,4.04312261,5.17181038,4.44120908
power_01,1,POWER,1,active,537,17.074018,-15687.45000000,43781.13000000,23570.77500000,40621.00500000,35319.60000000,23100.66000000,16930.71000000,25376.13000000,2.98209690,4.28142578,3.08396644,3.86750258,4.17042399,3.86914532,2.62483712,4.61539739,3.68684944
power_01,1,POWER,1,active,538,17.076018,-15685.47000000,43788.10500000,23585.98500000,40638.33000000,35323.92000000,23099.76000000,16931.74500000,25379.23500000,1.72591177,-0.16098567,2.07756457,0.97470697,1.74617981,1.08244708,-1.33695522,-1.09676403,1.27518939
power_01,1,POWER,1,active,539,17.078018,-15685.15500000,43780.95000000,23575.41000000,40630.50000000,35308.62000000,23084.73000000,16935.70500000,25379.68500000,4.80011768,-1.87960330,0.09465040,-1.50471434,-0.91355695,-1.07101897,0.47339383,-0.10347130,1.35506585
power_01,1,POWER,1,active,540,17.080018,-15682.90500000,43756.42500000,23547.42000000,40598.64000000,35278.02000000,23062.68000000,16934.35500000,25371.18000000,6.80230122,-13.12514328,-9.00482659,-13.63031846,-10.67216105,-7.56497269,-2.34713962,-6.21271887,8.66994772
power_01,1,POWER,1,active,541,17.082018,-15687.99000000,43760.29500000,23532.25500000,40587.66000000,35271.63000000,23059.17000000,16942.90500000,25379.91000000,1.79407338,-13.45696530,-7.84135048,-12.60756994,-9.70694015,-6.98689638,-5.52566714,-9.57123251,8.43633691
power_01,1,POWER,1,active,542,17.084018,-15685.87500000,43759.75500000,23512.32000000,40569.61500000,35263.30500000,23056.60500000,16952.35500000,25388.46000000,-0.95710012,5.16069165,3.68817966,4.51695006,4.28054257,3.07474376,1.20380556,2.24751822,3.14119145
power_01,1,POWER,1,active,543,17.086018,-15684.12000000,43756.38000000,23501.38500000,40555.71000000,35262.00000000,23060.88000000,16952.80500000,25388.77500000,-1.23704282,7.53941490,1.98236554,4.90121750,3.86875719,2.64012891,3.86326164,5.02614821,3.88229209
power_01,1,POWER,1,active,544,17.088018,-15684.12000000,43760.65500000,23510.07000000,40561.87500000,35276.62500000,23074.02000000,16948.39500000,25385.76000000,-1.65557201,1.50614178,0.21328658,0.80093504,0.41956109,0.70276339,-0.46658453,-0.51102929,0.78448421
power_01,1,POWER,1,active,545,17.090018,-15686.95500000,43765.02000000,23525.46000000,40575.64500000,35291.92500000,23082.88500000,16942.77000000,25380.99000000,-4.77255514,4.67969115,3.47130778,5.37637602,4.34201794,1.85946145,-0.39542748,-0.18261982,3.13493210
power_01,1,POWER,1,active,546,17.092018,-15685.42500000,43776.36000000,23549.22000000,40599.13500000,35309.43000000,23094.54000000,16938.45000000,25381.62000000,-4.34449335,1.60749182,-1.40584290,0.52735141,-0.63511550,-2.58041172,0.81537573,0.27674072,1.52410289
power_01,1,POWER,1,active,547,17.094018,-15685.65000000,43786.44000000,23575.86000000,40624.69500000,35324.82000000,23103.63000000,16932.46500000,25379.73000000,-0.10930904,2.13100973,0.08747259,-0.22919927,-0.62969738,0.46295055,0.40861615,2.15109426,0.77616862
power_01,1,POWER,1,active,548,17.096018,-15687.27000000,43790.53500000,23587.51500000,40639.23000000,35326.30500000,23099.71500000,16932.55500000,25380.27000000,0.89861457,3.03993144,3.93728773,2.70781996,2.55833370,3.47977795,-0.40951952,1.66148340,2.33659603
power_01,1,POWER,1,active,549,17.098018,-15687.99000000,43785.94500000,23577.34500000,40633.02000000,35312.40000000,23086.03500000,16937.46000000,25382.83500000,1.66322109,-3.45413572,-2.00031813,-3.13185412,-3.17642658,-2.04422395,0.15423642,-0.41359439,2.00475130
power_01,1,POWER,1,active,550,17.099976,-15688.21500000,43779.33000000,23559.34500000,40617.13500000,35295.52500000,23073.21000000,16942.90500000,25385.85000000,2.97094228,-4.67449573,-4.89227432,-5.44583532,-4.62798983,-2.67369685,0.95237695,0.29622671,3.31672975
power_01,1,POWER,1,active,551,17.101976,-15690.51000000,43769.65500000,23536.17000000,40594.23000000,35278.06500000,23060.88000000,16947.72000000,25385.94000000,1.83381864,-4.84186741,-1.83717176,-3.49020553,-2.47944233,-1.22316832,-1.38046842,-2.42655635,2.43908735
power_01,1,POWER,1,active,552,17.103976,-15686.59500000,43763.49000000,23513.13000000,40570.96500000,35265.96000000,23054.98500000,16954.78500000,25391.52000000,0.86591251,-3.87701743,-0.56588947,-1.74831965,-1.77717322,-1.80738069,-1.04551931,-2.40985616,1.76213355
power_01,1,POWER,1,active,553,17.105976,-15684.48000000,43761.82500000,23503.14000000,40557.91500000,35266.99500000,23061.28500000,16955.77500000,25392.28500000,2.08328467,-0.55204803,-0.97800307,-0.83557722,-0.33337040,0.02006074,1.09343305,1.15232602,0.88101290
power_01,1,POWER,1,active,554,17.107976,-15682.95000000,43767.49500000,23513.67000000,40564.48500000,35281.93500000,23075.28000000,16951.95000000,25390.35000000,0.49028530,2.04681720,2.51055391,2.19106831,3.03015681,3.51853687,-0.29078515,0.36183405,1.80500470
power_01,1,POWER,1,active,555,17.109976,-15682.68000000,43774.20000000,23531.98500000,40580.28000000,35298.09000000,23086.21500000,16948.03500000,25387.24500000,-2.08136709,3.70729194,5.24034803,5.41062123,4.28467883,3.12706210,-0.42353858,-0.48597798,3.09511072
power_01,1,POWER,1,active,556,17.111976,-15679.89000000,43785.40500000,23556.55500000,40604.94000000,35317.30500000,23099.89500000,16945.06500000,25388.55000000,-1.09645695,2.88166180,1.91506559,3.23448195,1.42432218,0.57735917,2.02139261,1.81462568,1.87067074
power_01,1,POWER,1,active,557,17.113976,-15683.44500000,43791.97500000,23579.28000000,40628.43000000,35329.18500000,23105.29500000,16938.00000000,25383.55500000,-1.04340754,2.07703422,0.48121010,2.02973283,1.13559217,1.88148536,1.08273921,1.92956318,1.45759558
power_01,1,POWER,1,active,558,17.115976,-15682.99500000,43796.74500000,23592.60000000,40643.73000000,35331.21000000,23103.27000000,16938.18000000,25386.03000000,-1.85519286,0.50054199,1.57259092,2.14863985,1.02734027,1.64535993,-1.73576852,-0.38332391,1.35859478
power_01,1,POWER,1,active,559,17.117976,-15685.60500000,43790.58000000,23581.30500000,40636.17000000,35315.64000000,23088.19500000,16941.91500000,25386.48000000,-0.33477151,-2.33678341,-1.64646870,-1.67222431,-2.43670017,-1.75973481,-0.74207787,-0.10037486,1.37864195
power_01,1,POWER,1,active,560,17.119976,-15682.90500000,43786.84500000,23566.59000000,40623.39000000,35302.45500000,23079.82500000,16947.09000000,25392.19500000,1.02343116,-3.38196969,-4.45236644,-4.35328435,-3.19275343,-2.02041587,-0.40101223,0.05685911,2.36026154
power_01,1,POWER,1,active,561,17.121976,-15683.71500000,43778.20500000,23545.53000000,40601.29500000,35287.15500000,23069.43000000,16951.54500000,25393.86000000,1.40026792,-1.61302835,0.00410005,-1.12728607,0.82347524,0.80626792,-2.42921088,-0.89531779,1.13736928
power_01,1,POWER,1,active,562,17.123976,-15685.56000000,43766.50500000,23516.82000000,40571.59500000,35269.24500000,23057.05500000,16956.63000000,25393.68000000,-0.74064516,-2.20236755,-0.36396086,-1.92054254,-0.30049475,-2.14191813,-1.73480594,-2.01773782,1.42780909
power_01,1,POWER,1,active,563,17.125976,-15680.34000000,43765.92000000,23508.49500000,40561.15500000,35271.72000000,23064.57000000,16958.38500000,25397.28000000,-2.14386741,-3.13380866,-5.27023454,-5.00155039,-3.81833648,-5.55566627,0.09275787,-2.07720245,3.38667801
power_01,1,POWER,1,active,564,17.127976,-15679.62000000,43770.87000000,23518.44000000,40568.26500000,35286.79500000,23079.28500000,16953.70500000,25395.30000000,0.43679580,2.79047461,1.40057515,2.65296782,2.82116068,2.00823758,0.28615819,1.26600091,1.70779634
power_01,1,POWER,1,active,565,17.129976,-15679.75500000,43777.98000000,23537.16000000,40585.09500000,35304.75000000,23091.70500000,16949.83500000,25392.82500000,-1.56923734,4.80111290,4.95868567,6.43589679,5.34912867,3.64047078,0.30883057,0.81519114,3.48481924
power_01,1,POWER,1,active,566,17.131976,-15679.98000000,43785.99000000,23557.90500000,40606.47000000,35320.00500000,23101.24500000,16945.29000000,25390.71000000,-3.11357211,2.04712726,-0.72956889,1.41994479,-0.04756640,-1.63242726,2.24292596,0.12335330,1.41956075
power_01,1,POWER,1,active,567,17.133976,-15683.13000000,43793.05500000,23581.93500000,40630.68000000,35332.78500000,23107.63500000,16938.54000000,25386.66000000,-1.05858433,2.00406262,-0.81554399,0.72582745,-0.37686560,0.04155816,1.84797677,1.13882522,1.00115552
power_01,1,POWER,1,active,568,17.135976,-15680.52000000,43800.39000000,23596.87500000,40648.18500000,35337.06000000,23106.19500000,16940.29500000,25390.71000000,-0.37385328,1.86676616,2.36942366,2.15795627,1.06768674,1.35426447,-0.07428455,0.00805434,1.15903618
power_01,1,POWER,1,active,569,17.137976,-15681.42000000,43796.52000000,23586.79500000,40641.30000000,35322.93000000,23092.69500000,16944.12000000,25392.42000000,3.46043760,1.75090748,1.27799186,0.49879989,0.10093064,0.12927769,1.94801754,2.21176911,1.42226648
power_01,1,POWER,1,active,570,17.139976,-15681.69000000,43790.40000000,23568.70500000,40625.14500000,35306.23500000,23080.90500000,16948.44000000,25394.80500000,3.46366355,-1.17440573,-3.35383186,-4.38809040,-3.04232247,-1.29494824,0.86519525,0.61257997,2.27437968
power_01,1,POWER,1,active,571,17.141976,-15682.09500000,43782.57000000,23547.91500000,40603.63500000,35290.17000000,23071.00500000,16952.89500000,25396.11000000,1.02006955,-2.23255357,-0.89366046,-3.08372499,-1.71455929,-0.00093269,-2.26155912,-2.70725717,1.73928960
power_01,1,POWER,1,active,572,17.143976,-15683.89500000,43772.13000000,23519.83500000,40575.51000000,35272.53000000,23060.38500000,16957.93500000,25396.65000000,0.55840529,-1.63355378,0.61394012,-1.20502210,-1.23268131,-0.67500212,-1.20400237,-1.95471421,1.13466516
power_01,1,POWER,1,active,573,17.145976,-15679.84500000,43771.68000000,23511.19500000,40564.53000000,35275.68000000,23067.27000000,16959.01500000,25399.53000000,-1.23667592,-2.93142005,-4.02485762,-4.10186828,-3.74371989,-3.35119536,-0.17983823,-1.43825273,2.62597851
power_01,1,POWER,1,active,574,17.147976,-15678.00000000,43776.18000000,23522.40000000,40571.37000000,35290.26000000,23081.58000000,16954.83000000,25398.22500000,0.70050475,1.31168736,2.14868655,2.08016882,2.95148715,2.48771722,-0.22092712,1.40289397,1.66300912
power_01,1,POWER,1,active,575,17.149976,-15676.06500000,43779.51000000,23539.18500000,40584.64500000,35304.03000000,23092.02000000,16949.29500000,25393.86000000,0.64868407,1.64806921,5.61861612,4.79018174,3.94173436,3.28528305,-0.38154994,0.97605725,2.66127197
power_01,1,POWER,1,active,576,17.151976,-15677.37000000,43788.73500000,23560.65000000,40607.37000000,35320.18500000,23101.47000000,16944.93000000,25391.88000000,-1.43194439,-1.92055947,-1.27891523,-0.72753261,-2.34289398,-2.29611350,0.79269209,-0.48916199,1.40997666
power_01,1,POWER,1,active,577,17.153976,-15679.89000000,43798.68000000,23587.83000000,40634.82000000,35335.84500000,23110.56000000,16939.08000000,25390.17000000,-1.35038269,1.41120918,0.07104585,1.81825668,0.98194335,0.72316453,1.39279704,1.72980557,1.18482561
power_01,1,POWER,1,active,578,17.155976,-15681.10500000,43802.23500000,23598.90000000,40648.63500000,35336.52000000,23106.42000000,16939.17000000,25390.89000000,-1.82430570,2.10684664,3.55391409,4.04342341,3.23887395,2.96385703,-0.15650238,1.10148801,2.37365140
power_01,1,POWER,1,active,579,17.157976,-15682.68000000,43797.96000000,23589.04500000,40641.48000000,35322.57000000,23092.60500000,16943.53500000,25393.27500000,0.25638777,-1.18924114,-1.11400249,-1.16021328,-0.84114917,-0.86807037,0.82514498,0.81367530,0.88348556
power_01,1,POWER,1,active,580,17.159976,-15683.40000000,43791.34500000,23569.96500000,40624.20000000,35304.48000000,23080.23000000,16947.36000000,25394.89500000,1.17472886,-2.23098732,-4.67003531,-4.83756285,-2.70476972,-1.97391646,0.70264101,0.36995362,2.33307440
power_01,1,POWER,1,active,581,17.161976,-15685.15500000,43780.50000000,23547.06000000,40601.25000000,35285.98500000,23068.53000000,16951.09500000,25394.67000000,0.29988571,-2.48165429,-1.66837784,-2.76396095,-1.48705188,0.01129981,-2.33245503,-2.55589531,1.70007260
power_01,1,POWER,1,active,582,17.163976,-15683.58000000,43771.90500000,23521.90500000,40575.87000000,35270.82000000,23060.29500000,16957.03500000,25398.40500000,0.48688126,-2.61909295,-0.68896603,-1.03799599,-1.52843835,-1.18314821,-1.55664637,-2.19356127,1.41184130
power_01,1,POWER,1,active,583,17.165976,-15679.21500000,43772.44500000,23513.89500000,40565.16000000,35274.06000000,23067.81000000,16958.34000000,25401.73500000,1.44434974,-0.15578461,-1.70170000,-1.00397399,-0.75697648,-1.19161945,0.90578687,1.37441970,1.06682636
power_01,1,POWER,1,active,584,17.167976,-15681.64500000,43775.01000000,23521.41000000,40568.89500000,35287.60500000,23078.65500000,16953.21000000,25396.56000000,1.11796278,3.53807143,2.27430586,2.66698345,4.36086080,2.84933361,0.05131241,1.45104497,2.28873441
power_01,1,POWER,1,active,585,17.169976,-15681.19500000,43782.70500000,23541.07500000,40586.44500000,35306.59500000,23091.30000000,16948.93500000,25395.16500000,-2.43623761,2.99658985,3.83743772,4.23990144,5.24640690,1.58280158,-0.55444147,-1.01855937,2.73904699
power_01,1,POWER,1,active,586,17.171976,-15678.22500000,43792.51500000,23564.43000000,40610.74500000,35324.68500000,23103.67500000,16944.75000000,25396.02000000,-0.63491024,2.40754401,1.16833956,2.64166236,2.27867096,-0.08737420,1.75174525,1.95210877,1.61529442
power_01,1,POWER,1,active,587,17.173976,-15681.51000000,43797.96000000,23587.11000000,40633.78500000,35335.98000000,23108.89500000,16937.05500000,25390.03500000,1.76435608,1.97044102,0.49220084,2.04875579,1.19476288,1.79182710,1.02862228,2.36584862,1.58210183
power_01,1,POWER,1,active,588,17.175976,-15680.34000000,43804.30500000,23600.65500000,40649.80500000,35338.32000000,23105.83500000,16938.36000000,25392.96000000,-0.33929081,-0.08734015,1.33743325,1.22341925,-0.23948275,0.58698061,-1.21018391,-1.54295043,0.82088514
power_01,1,POWER,1,active,589,17.177976,-15682.77000000,43798.23000000,23589.18000000,40641.97500000,35323.06500000,23091.03000000,16942.90500000,25393.90500000,1.62449969,-0.25730405,-0.35939670,-0.83596147,-2.09867723,-1.35910881,1.34261340,0.62776903,1.06316630
power_01,1,POWER,1,active,590,17.179976,-15679.80000000,43791.57000000,23573.11500000,40625.82000000,35307.04500000,23081.17500000,16947.94500000,25397.50500000,2.37216107,-2.93452465,-3.85935846,-4.86397758,-4.13804616,-1.67686317,1.40170593,0.15398998,2.67507837
power_01,1,POWER,1,active,591,17.181976,-15675.07500000,43765.11000000,23542.87500000,40588.33500000,35276.22000000,23061.64500000,16946.50500000,25388.28000000,3.24385493,-8.50013844,-2.81177121,-7.81221471,-6.36813237,-1.94151529,-3.47734079,-5.57472825,4.96621200
power_01,1,POWER,1,active,592,17.183976,-15671.74500000,43750.30500000,23513.80500000,40556.52000000,35255.38500000,23049.63000000,16950.28500000,25388.50500000,4.59709411,-13.40935738,-5.08323473,-11.58729357,-11.34668566,-6.56801591,-5.12519048,-8.18915184,8.23825296
power_01,1,POWER,1,active,593,17.185976,-15667.74000000,43751.65500000,23507.23500000,40547.16000000,35259.34500000,23058.99000000,16952.13000000,25392.33000000,0.60417648,-5.71746736,-5.28512526,-6.88355087,-7.05388511,-4.63281776,-1.24079918,-2.39809206,4.22698926
power_01,1,POWER,1,active,594,17.187976,-15667.15500000,43755.12000000,23516.41500000,40552.96500000,35273.07000000,23073.34500000,16948.84500000,25389.63000000,-1.82540770,8.12584235,5.03150943,7.04681853,6.71422845,6.40259260,1.83945754,4.42140209,5.17590734
power_01,1,POWER,1,active,595,17.189976,-15665.98500000,43767.45000000,23538.33000000,40574.25000000,35295.03000000,23088.42000000,16945.56000000,25390.66500000,-4.30961484,9.65033956,7.34408271,10.61778514,9.10773736,6.41047524,1.96531838,3.56156136,6.62086432
power_01,1,POWER,1,active,596,17.191976,-15674.89500000,43790.98500000,23566.68000000,40609.26000000,35324.10000000,23104.71000000,16946.10000000,25396.65000000,-8.40072499,15.50958286,5.93595299,13.44226113,11.66369976,4.85063996,5.42214344,8.19203455,9.17712996
power_01,1,POWER,1,active,597,17.193976,-15680.70000000,43801.51500000,23591.83500000,40636.93500000,35340.48000000,23112.00000000,16940.56500000,25393.63500000,-10.99999066,18.92528649,6.94704011,15.94233593,15.14478052,7.01802003,5.98786609,9.76575387,11.34138421
power_01,1,POWER,1,active,598,17.195976,-15678.49500000,43807.50000000,23605.15500000,40653.00000000,35343.40500000,23109.12000000,16942.09500000,25397.05500000,-6.66296571,7.42762768,3.74823031,7.89656081,7.18384025,2.50883866,1.11824725,2.24741453,4.84921565
power_01,1,POWER,1,active,599,17.197976,-15682.36500000,43800.03000000,23592.01500000,40643.05500000,35325.72000000,23091.88500000,16945.06500000,25396.60500000,1.18245016,-0.53351014,-1.20844164,-0.81859478,-1.19501815,-2.60027615,0.36255520,0.87278010,1.09670329
power_01,1,POWER,1,active,600,17.199552,-15683.13000000,43793.55000000,23573.74500000,40626.36000000,35308.62000000,23080.32000000,16949.74500000,25399.03500000,0.78464957,-6.44751475,-7.13489618,-8.31986527,-7.13537171,-5.53392212,-1.14226401,-2.45389505,4.86904733
power_01,1,POWER,1,active,601,17.201552,-15681.78000000,43786.21500000,23553.94500000,40606.38000000,35293.90500000,23072.31000000,16954.92000000,25401.51000000,2.71603697,-8.03823756,-3.59396262,-7.13658134,-5.86036198,-2.25358314,-4.04067582,-5.31156046,4.86887499
power_01,1,POWER,1,active,602,17.203552,-15680.29500000,43778.20500000,23529.01500000,40581.63000000,35280.18000000,23064.66000000,16960.77000000,25406.01000000,6.01732600,-5.80907001,0.04646359,-3.45367036,-3.30925259,-0.54300568,-2.58229346,-2.54737094,3.03855658
power_01,1,POWER,1,active,603,17.205552,-15675.21000000,43779.46500000,23522.85000000,40573.03500000,35285.04000000,23075.19000000,16963.56000000,25410.96000000,4.84595299,-6.98323810,-3.95631095,-6.26165968,-5.67434488,-2.80218463,-1.18271948,-1.40224720,4.13858224
power_01,1,POWER,1,active,604,17.207552,-15672.82500000,43785.90000000,23534.91000000,40581.85500000,35301.37500000,23090.49000000,16961.22000000,25410.55500000,6.39712705,-3.09283624,1.42580181,-1.48581043,-0.63725379,2.66272986,-0.86469416,-0.04476136,2.07637684
power_01,1,POWER,1,active,605,17.209552,-15672.06000000,43792.92000000,23553.63000000,40599.04500000,35318.83500000,23102.95500000,16956.81000000,25408.53000000,4.06710040,-2.56306771,3.34273908,0.64073388,-0.09657621,1.45262818,-1.10031343,-1.98855611,1.90646437
power_01,1,POWER,1,active,606,17.211552,-15667.15500000,43804.98000000,23578.83000000,40623.70500000,35338.59000000,23116.77000000,16956.13500000,25410.28500000,2.68692368,-5.24140923,-2.81710687,-4.64181901,-5.22334425,-3.88135275,0.09654434,-2.48574018,3.38428004
power_01,1,POWER,1,active,607,17.213552,-15671.70000000,43809.97500000,23600.47500000,40645.71000000,35349.43500000,23120.23500000,16946.28000000,25402.95000000,3.26861545,-3.73380220,-2.67398075,-4.76247902,-3.84857996,-1.90782350,-0.12817453,-2.02895286,2.79405103
power_01,1,POWER,1,active,608,17.215552,-15677.55000000,43808.67000000,23606.55000000,40654.66500000,35344.62000000,23110.78500000,16942.77000000,25398.40500000,-3.37581953,-6.97021052,-4.26935093,-6.21530513,-6.16653911,-5.61903854,-5.64469693,-7.86845294,5.76617670
power_01,1,POWER,1,active,609,17.217552,-15676.65000000,43806.46500000,23599.08000000,40650.25500000,35332.74000000,23100.66000000,16948.48500000,25402.90500000,-4.22176459,-6.91561318,-6.56508322,-7.29683113,-7.65430851,-7.08366937,-3.88459375,-5.78348214,6.17566824
power_01,1,POWER,1,active,610,17.219552,-15682.72500000,43795.03500000,23576.31000000,40629.06000000,35310.33000000,23083.56000000,16950.64500000,25400.29500000,-1.45607829,-2.50400507,-4.66125890,-4.92663723,-3.82215517,-2.36802402,0.54057403,-0.71164451,2.62379715
power_01,1,POWER,1,active,611,17.221552,-15680.38500000,43790.13000000,23557.54500000,40609.26000000,35296.15500000,23075.82000000,16957.48500000,25404.21000000,-4.00290763,-0.76964311,-1.11627472,-1.65778463,-0.91737391,-0.94226757,-1.63759461,-2.55441893,1.69978314
power_01,1,POWER,1,active,612,17.223552,-15678.27000000,43782.88500000,23532.48000000,40583.74500000,35282.61000000,23068.12500000,16964.01000000,25407.04500000,-0.66460068,4.55562514,3.37937947,3.60560860,3.71851255,1.83550674,1.72305485,1.74969882,2.65399836
power_01,1,POWER,1,active,613,17.225552,-15677.82000000,43780.05000000,23521.45500000,40570.11000000,35282.56500000,23072.22000000,16961.35500000,25406.77500000,0.86913971,5.93952510,1.64055132,3.46836066,4.51709042,2.02928601,3.21850476,4.72793634,3.30129929
power_01,1,POWER,1,active,614,17.227552,-15678.99000000,43784.32500000,23530.90500000,40576.68000000,35295.84000000,23084.68500000,16957.03500000,25403.71500000,-2.99002945,4.50643271,2.21394303,4.42207280,4.64738145,2.22257823,-0.97982598,2.03669066,3.00236929
power_01,1,POWER,1,active,615,17.229552,-15677.91000000,43793.10000000,23550.43500000,40594.95000000,35313.43500000,23097.33000000,16952.89500000,25402.32000000,-1.45175901,7.05056988,7.09764195,9.33187254,7.22061939,4.84256020,1.45803832,3.75967543,5.27659209
power_01,1,POWER,1,active,616,17.231552,-15675.57000000,43802.95500000,23573.88000000,40618.98000000,35330.58000000,23107.99500000,16948.53000000,25402.68000000,0.99911420,5.50799167,3.45165602,6.41726416,3.97098018,2.24441452,3.91002811,5.52113892,4.00282347
power_01,1,POWER,1,active,617,17.233552,-15676.74000000,43810.60500000,23598.72000000,40643.91000000,35344.48500000,23116.05000000,16942.05000000,25399.62000000,2.46511576,3.66907473,2.38948082,4.35204776,3.43506003,3.31420411,2.47080595,5.29031181,3.42326262
power_01,1,POWER,1,active,618,17.235552,-15677.23500000,43813.62000000,23608.93500000,40657.18500000,35345.29500000,23111.68500000,16942.32000000,25400.43000000,2.44200201,2.80723282,4.56673930,4.98446412,5.12422110,5.35179896,1.63771653,3.38491272,3.78738594
power_01,1,POWER,1,active,619,17.237552,-15678.49500000,43808.67000000,23598.72000000,40650.75000000,35330.80500000,23098.00500000,16946.37000000,25403.22000000,1.72992603,0.02389944,-0.06404539,0.73429818,1.37230734,1.20058755,2.33133035,2.58461734,1.25512645
power_01,1,POWER,1,active,620,17.239552,-15679.57500000,43801.56000000,23580.13500000,40633.69500000,35312.89500000,23085.31500000,16950.42000000,25404.66000000,1.55351303,-0.92105044,-2.58456133,-2.04247676,-0.70742935,0.10671136,2.16228987,2.22689977,1.53811649
power_01,1,POWER,1,active,621,17.241552,-15678.76500000,43793.82000000,23559.93000000,40612.50000000,35297.41500000,23076.36000000,16955.28000000,25406.37000000,-0.00759162,-0.16015804,1.05352451,-0.08651388,1.23886524,2.15616345,-0.45971348,-1.23747087,0.80000014
power_01,1,POWER,1,active,622,17.243552,-15678.31500000,43784.95500000,23533.92000000,40586.53500000,35282.02500000,23067.72000000,16961.67000000,25409.02500000,-0.34852917,0.10668545,1.51823177,0.48959509,0.85467303,0.63293621,0.03872453,-1.56087627,0.69378144
power_01,1,POWER,1,active,623,17.245552,-15677.64000000,43781.98500000,23522.67000000,40573.26000000,35282.47500000,23072.71500000,16961.67000000,25408.75500000,-1.59614530,-1.37576903,-3.23100038,-2.77606367,-2.33553775,-2.37072655,1.09659111,-1.10026277,1.98526207
power_01,1,POWER,1,active,624,17.247552,-15679.30500000,43784.01000000,23530.23000000,40577.13000000,35295.97500000,23084.37000000,16956.04500000,25403.98500000,-3.42322103,-1.37922985,-2.04146457,-2.02866846,-0.51931928,-0.87830233,-1.76305394,-3.43177149,1.93312887
power_01,1,POWER,1,active,625,17.249552,-15678.85500000,43792.15500000,23550.34500000,40595.89500000,35314.74000000,23098.14000000,16952.04000000,25402.54500000,-3.26953305,-0.62568562,1.42383575,0.71609923,1.22956221,-0.16249513,-2.35403043,-3.63517615,1.67705219
power_01,1,POWER,1,active,626,17.251552,-15675.88500000,43802.05500000,23574.91500000,40621.09500000,35334.04500000,23111.01000000,16949.02500000,25404.03000000,-0.60515836,-0.42570428,-0.30295734,0.02564561,-1.13823584,-1.46187465,0.67506457,-0.04655414,0.58514935
power_01,1,POWER,1,active,627,17.253552,-15679.44000000,43808.26500000,23598.00000000,40644.36000000,35346.78000000,23116.45500000,16942.09500000,25398.94500000,1.58383708,-0.27330634,-0.27994614,-0.35045996,-0.74848572,0.02227924,0.39369589,0.98817474,0.58002314
power_01,1,POWER,1,active,628,17.255552,-15679.53000000,43813.57500000,23609.43000000,40658.80500000,35349.21000000,23113.26000000,16942.90500000,25401.28500000,0.18365389,-0.75810990,0.78780796,-0.53962214,-0.44898771,-0.35507475,-1.88884913,-1.52998701,0.81151156
power_01,1,POWER,1,active,629,17.257552,-15682.09500000,43807.00500000,23596.92000000,40649.98500000,35332.42500000,23096.92500000,16947.18000000,25401.42000000,1.08057858,-0.70798880,-2.00980249,-2.49338831,-2.96041426,-2.80328663,0.03102869,-0.12044951,1.52586716
power_01,1,POWER,1,active,630,17.259552,-15681.78000000,43800.75000000,23579.73000000,40634.68500000,35316.36000000,23086.03500000,16952.53500000,25405.11000000,1.80437857,-2.04923532,-4.42603813,-4.61993086,-4.70824467,-3.28348863,0.59601653,0.12723783,2.70182132
power_01,1,POWER,1,active,631,17.261552,-15677.55000000,43796.97000000,23562.81000000,40617.09000000,35305.51500000,23080.54500000,16957.93500000,25410.73500000,2.13297297,0.66351431,1.64522918,0.38750867,0.34641640,1.53825303,-1.52904181,0.01037164,1.03166350
power_01,1,POWER,1,active,632,17.263552,-15677.32500000,43787.61000000,23536.03500000,40589.91000000,35289.72000000,23070.60000000,16963.65000000,25412.17500000,3.46464515,3.39919061,4.25821814,3.30434632,2.86200952,2.52034722,-0.72009956,1.91970360,2.80607001
power_01,1,POWER,1,active,633,17.265552,-15679.03500000,43782.03000000,23522.89500000,40574.52000000,35287.92000000,23072.31000000,16963.56000000,25408.48500000,-1.28685756,-2.07984946,-4.00046540,-3.76016889,-4.13616463,-4.49364698,-0.45081067,-2.16115383,2.79613968
power_01,1,POWER,1,active,634,17.267552,-15677.77500000,43787.52000000,23534.14500000,40582.71000000,35304.07500000,23086.71000000,16958.88000000,25407.72000000,-3.66651428,-2.10457073,-2.01895149,-1.69513061,-2.11533005,-2.30982300,-2.09788993,-3.79371320,2.47524041
power_01,1,POWER,1,active,635,17.269552,-15676.24500000,43796.29500000,23553.45000000,40600.71000000,35321.67000000,23100.34500000,16953.93000000,25406.91000000,-0.98112004,1.77699494,3.80621907,4.00466014,2.30914466,2.00325115,-2.09120110,-0.15418761,2.14084734
power_01,1,POWER,1,active,636,17.271552,-15673.27500000,43808.17500000,23577.34500000,40625.19000000,35341.06500000,23113.57500000,16951.00500000,25409.02500000,0.22391384,0.96742930,-0.43165954,0.56164621,-1.49834538,-0.21648293,0.35852554,1.93792955,0.77449154
power_01,1,POWER,1,active,637,17.273552,-15674.71500000,43816.00500000,23602.18500000,40650.57000000,35354.92500000,23120.37000000,16944.48000000,25405.83000000,1.41119170,1.08256821,-0.38764397,0.22916875,-0.04666104,1.70777513,1.02248712,2.46837104,1.04448337
power_01,1,POWER,1,active,638,17.275552,-15679.89000000,43816.32000000,23610.42000000,40660.38000000,35351.91000000,23111.77500000,16943.85000000,25403.58000000,-0.99502557,-1.09893020,1.32740389,0.44573537,0.14377584,0.55002427,-1.12058482,-0.89946074,0.82261759
power_01,1,POWER,1,active,639,17.277552,-15678.40500000,43815.73500000,23602.54500000,40656.51000000,35339.67000000,23101.33500000,16948.75500000,25409.16000000,-2.11465439,-2.88783458,-2.36348352,-3.02190339,-3.56303076,-3.05987949,0.32841297,-1.18117318,2.31504653
power_01,1,POWER,1,active,640,17.279552,-15677.86500000,43809.34500000,23585.22000000,40640.89500000,35323.60500000,23091.21000000,16953.93000000,25412.53500000,1.82393950,-0.03366817,-2.03608348,-1.76089709,-0.79903695,1.03663532,1.99630999,2.46810365,1.49433427
power_01,1,POWER,1,active,641,17.281552,-15678.31500000,43800.57000000,23563.84500000,40619.52000000,35308.30500000,23081.53500000,16959.64500000,25414.33500000,1.06737530,-0.16314441,1.71578839,1.42135663,2.63616290,3.69043652,0.14247168,0.14238343,1.37238991
power_01,1,POWER,1,active,642,17.283552,-15680.34000000,43788.64500000,23535.94500000,40590.04500000,35289.58500000,23070.15000000,16965.27000000,25414.47000000,-2.05045156,-2.58971903,0.16177408,-0.35452351,0.29997223,-0.67940978,0.64609236,-2.29198998,1.13424157
power_01,1,POWER,1,active,643,17.285552,-15678.67500000,43787.25000000,23526.63000000,40577.98500000,35291.29500000,23076.67500000,16965.72000000,25415.95500000,-2.10750744,-2.75769069,-3.48685759,-3.37774051,-2.53814396,-3.07896065,1.28793186,-1.24082049,2.48445665
power_01,1,POWER,1,active,644,17.287552,-15673.45500000,43796.07000000,23540.67000000,40588.69500000,35311.32000000,23094.63000000,16962.88500000,25417.71000000,0.12549020,1.46558714,1.68820932,1.74501342,3.47184888,2.42980275,-0.11816553,0.31201470,1.41951649
power_01,1,POWER,1,active,645,17.289552,-15674.04000000,43802.46000000,23558.49000000,40605.12000000,35326.93500000,23105.20500000,16958.43000000,25414.65000000,1.98691391,4.26943249,5.89422971,6.32685939,6.95496812,4.09340219,0.16328365,1.46873211,3.89472769
power_01,1,POWER,1,active,646,17.291552,-15671.97000000,43813.98000000,23581.71000000,40629.60000000,35344.98000000,23117.13000000,16954.60500000,25415.50500000,0.47751935,0.88963379,-0.57291781,0.95284356,-0.40711327,-1.93606864,1.08543873,0.52013444,0.85520870
power_01,1,POWER,1,active,647,17.293552,-15673.00500000,43822.30500000,23607.36000000,40655.11500000,35359.24500000,23124.87000000,16948.08000000,25411.32000000,0.95457526,1.03596280,-1.02819068,0.19672088,-0.16455924,-0.31287313,0.13253896,0.32598941,0.51892630
power_01,1,POWER,1,active,648,17.295552,-15675.61500000,43823.38500000,23615.91000000,40665.60000000,35355.96000000,23117.98500000,16948.53000000,25409.61000000,0.77075006,0.49483519,1.88960105,1.29821756,1.18041141,1.00394081,-1.40991368,-1.79485178,1.23031519
power_01,1,POWER,1,active,649,17.297552,-15672.42000000,43822.30500000,23608.48500000,40661.19000000,35343.85500000,23107.09500000,16953.70500000,25414.87500000,0.09418479,-2.24355789,-2.36157373,-3.04925600,-3.74089853,-3.23034209,0.19097060,-1.67105248,2.07272951
power_01,1,POWER,1,active,650,17.302839,-15673.45500000,43814.61000000,23590.26000000,40644.45000000,35327.20500000,23095.17000000,16958.65500000,25417.39500000,2.78786245,0.01249986,-2.44179391,-2.42492726,-1.18461257,-0.51834518,1.14747637,2.26347316,1.59762385
power_01,1,POWER,1,active,651,17.304839,-15672.19500000,43795.35000000,23562.13500000,40612.68000000,35301.64500000,23078.29500000,16959.64500000,25411.81500000,0.48978363,-3.74837967,-1.12180637,-2.85805324,-1.15770754,-0.59134062,-2.54910354,-2.40519544,1.86517126
power_01,1,POWER,1,active,652,17.306839,-15671.25000000,43781.71500000,23532.34500000,40581.58500000,35281.89000000,23067.13500000,16963.02000000,25411.41000000,-1.30337178,-9.37768984,-5.34093254,-7.77091239,-7.36896300,-6.14921723,-4.08268134,-6.49158311,5.98566890
power_01,1,POWER,1,active,653,17.308839,-15675.03000000,43791.66000000,23529.78000000,40580.59500000,35292.78000000,23079.15000000,16967.34000000,25418.34000000,-2.40868309,-0.51646605,-3.31711705,-1.96309232,-1.88591603,-2.11463078,-0.28087312,0.42622583,1.61412553
power_01,1,POWER,1,active,654,17.310839,-15671.43000000,43800.12000000,23544.67500000,40591.48500000,35312.13000000,23096.65500000,16964.19000000,25420.59000000,-5.12826972,11.28361533,7.37433703,10.89689306,10.56953148,7.35179258,2.45033835,6.52753295,7.69778881
power_01,1,POWER,1,active,655,17.312839,-15671.43000000,43807.86000000,23563.53000000,40609.12500000,35329.86000000,23108.85000000,16959.55500000,25418.88000000,-1.11179732,8.29465626,8.91896891,10.01222452,9.20395450,6.32354862,1.20541846,5.11224683,6.27285193
power_01,1,POWER,1,active,656,17.314839,-15673.54500000,43814.97000000,23583.78000000,40629.46500000,35344.66500000,23116.68000000,16953.93000000,25415.14500000,-0.81829934,1.32594080,0.02813408,1.04922475,0.22021277,-0.96180646,1.03121949,1.80996057,0.90559978
power_01,1,POWER,1,active,657,17.316839,-15675.07500000,43823.11500000,23607.72000000,40653.99000000,35359.02000000,23122.98000000,16947.63000000,25411.32000000,-2.38418092,0.29735331,-2.06195850,-1.02016930,-0.78082974,-1.47127796,0.56578175,-0.40745733,1.12362610
power_01,1,POWER,1,active,658,17.318839,-15677.73000000,43825.27500000,23616.31500000,40664.43000000,35357.13000000,23116.86000000,16947.99000000,25410.51000000,0.78711136,-0.94285608,0.14742601,-1.06707256,-0.21464197,-0.10261784,-0.92401840,-1.81992063,0.75070811
power_01,1,POWER,1,active,659,17.320839,-15675.03000000,43823.43000000,23609.16000000,40660.15500000,35345.52000000,23107.32000000,16953.12000000,25415.50500000,1.99252197,-1.09612595,-1.68425325,-2.52553552,-2.37668256,-0.82452268,1.50112253,0.21963983,1.52755054
power_01,1,POWER,1,active,660,17.322839,-15674.58000000,43816.77000000,23591.52000000,40643.05500000,35328.87000000,23095.39500000,16957.62000000,25417.93500000,4.72137159,-0.32333568,-1.53232103,-2.51075230,-1.61462812,1.26618277,1.95414103,2.16278311,2.01068945
power_01,1,POWER,1,active,661,17.324839,-15676.92000000,43806.91500000,23568.57000000,40619.65500000,35310.96000000,23082.93000000,16961.98500000,25417.71000000,3.30456965,-0.88724490,1.32620426,-0.55062708,0.16757472,1.80996128,-0.88062015,-0.68236941,1.20114643
power_01,1,POWER,1,active,662,17.326839,-15675.39000000,43799.13000000,23543.95500000,40595.26500000,35297.14500000,23075.59500000,16969.14000000,25422.03000000,-0.46243689,-1.71066764,0.18581772,-0.27871836,-1.70035457,-1.54935696,-0.03057903,-1.75517540,0.95913832
power_01,1,POWER,1,active,663,17.328839,-15671.29500000,43799.44500000,23537.74500000,40585.41000000,35300.25000000,23084.14500000,16969.63500000,25425.81000000,2.14016160,-0.99405366,-1.17712104,-0.71358688,-2.12334603,-0.82481706,1.47298766,1.67534952,1.39017793
power_01,1,POWER,1,active,664,17.330839,-15670.26000000,43804.35000000,23549.26500000,40592.52000000,35314.92000000,23098.86000000,16964.91000000,25423.56000000,2.05627177,1.02392517,2.81151712,2.03019572,1.20559408,3.07786347,-0.74117805,1.37033699,1.78961030
power_01,1,POWER,1,active,665,17.332839,-15669.31500000,43807.23000000,23566.27500000,40606.56000000,35328.96000000,23109.30000000,16958.88000000,25419.10500000,-0.31507995,-1.43617153,2.81724154,1.45964713,-0.35179433,0.95397252,-2.33309499,-2.43811459,1.51313957
power_01,1,POWER,1,active,666,17.334839,-15670.21500000,43816.68000000,23588.01000000,40628.97000000,35345.92500000,23119.38000000,16955.32500000,25418.07000000,-0.62370601,-4.55176279,-3.46975464,-3.31459926,-4.73750719,-3.79057703,-0.42700835,-2.47725462,2.92402124
power_01,1,POWER,1,active,667,17.336839,-15674.71500000,43824.78000000,23612.31000000,40653.94500000,35358.84000000,23125.72500000,16949.25000000,25414.02000000,-2.52573838,-1.74042294,-3.47066275,-2.45558767,-2.51940087,-2.30616698,0.16630422,-1.43162456,2.07698855
power_01,1,POWER,1,active,668,17.338839,-15672.01500000,43831.93500000,23626.71000000,40670.59500000,35361.31500000,23124.28500000,16951.63500000,25419.15000000,-2.14898525,1.52509377,1.51955817,2.09511942,1.32277976,0.86696367,-0.34814222,-0.67085807,1.31218754
power_01,1,POWER,1,active,669,17.340839,-15672.96000000,43827.61500000,23616.27000000,40663.44000000,35347.32000000,23110.83000000,16955.55000000,25421.76000000,1.47203389,1.97526703,0.50159995,1.24929854,0.75935869,0.08419888,1.62110042,2.57944446,1.28028773
power_01,1,POWER,1,active,670,17.342839,-15673.95000000,43819.51500000,23597.46000000,40645.89000000,35330.62500000,23097.24000000,16959.33000000,25422.66000000,0.50831013,0.35071346,-3.26160694,-2.23173031,0.13642888,-1.33635404,0.76040488,1.22351037,1.22613238
power_01,1,POWER,1,active,671,17.344839,-15674.22000000,43811.10000000,23576.08500000,40624.33500000,35314.96500000,23086.84500000,16963.51500000,25424.50500000,-1.52707549,-0.38335642,-0.44185801,-0.25985947,2.39593763,-0.27137644,-2.30894082,-2.41822305,1.25082842
power_01,1,POWER,1,active,672,17.346839,-15674.67000000,43801.33500000,23548.54500000,40597.38000000,35298.27000000,23077.30500000,16969.14000000,25426.75500000,-1.03316745,0.29429548,0.35223577,0.99643507,1.53084623,-0.83840550,-1.08233387,-0.98781697,0.88944204
power_01,1,POWER,1,active,673,17.348839,-15675.57000000,43796.38500000,23536.75500000,40583.38500000,35296.60500000,23080.77000000,16968.73500000,25424.32500000,-2.67734275,-1.95924327,-5.01173460,-3.18962657,-3.14624424,-3.57618732,0.07845450,-1.51556505,2.64429979
power_01,1,POWER,1,active,674,17.350839,-15674.04000000,43802.37000000,23548.09500000,40591.48500000,35312.08500000,23096.43000000,16964.55000000,25422.88500000,-2.29175649,-0.87710575,-1.04516724,-0.53318090,-0.41556198,0.19759126,-1.21581234,-2.65409798,1.15378424
power_01,1,POWER,1,active,675,17.352839,-15672.82500000,43809.70500000,23567.89500000,40609.39500000,35330.31000000,23109.21000000,16959.87000000,25421.44500000,0.22040173,2.43636309,4.57817271,4.03961408,3.42853264,3.50627740,-0.76117681,-0.20158575,2.39651553
power_01,1,POWER,1,active,676,17.354839,-15670.30500000,43818.12000000,23590.75500000,40631.67000000,35348.40000000,23119.78500000,16955.05500000,25421.58000000,1.65301703,0.51620609,0.73990101,0.32501873,0.43399655,-0.01039526,0.98716463,1.81689611,0.81032443
power_01,1,POWER,1,active,677,17.356839,-15673.95000000,43824.10500000,23612.89500000,40654.26000000,35360.41500000,23124.28500000,16947.76500000,25415.50500000,1.97504291,-0.51588549,-0.26114065,-1.44218351,0.35768859,0.00079877,0.24725556,1.15261455,0.74407625
power_01,1,POWER,1,active,678,17.358839,-15673.59000000,43829.37000000,23625.13500000,40669.83000000,35361.40500000,23121.09000000,16949.07000000,25419.33000000,0.48347724,0.99048741,2.39152356,1.21530835,1.56404079,1.58689176,-0.70417943,0.06443320,1.12504272
power_01,1,POWER,1,active,679,17.360839,-15676.78500000,43823.34000000,23612.76000000,40661.05500000,35344.75500000,23106.33000000,16953.30000000,25420.68000000,0.77885110,1.14408691,0.63043137,0.55196810,-0.88073532,0.10938595,1.94969206,2.67973630,1.09061089
power_01,1,POWER,1,active,680,17.362839,-15675.52500000,43820.28000000,23598.40500000,40647.42000000,35330.98500000,23098.09500000,16958.92500000,25425.94500000,1.07295410,1.23215843,-0.97818680,-1.36978797,-1.09478364,1.08793685,2.44906693,3.27310023,1.56974687
power_01,1,POWER,1,active,681,17.364839,-15674.26500000,43813.66500000,23577.43500000,40626.45000000,35316.40500000,23088.91500000,16964.82000000,25428.42000000,1.27762619,3.86794604,4.19352955,2.75351680,3.61162372,4.76221339,0.60946269,1.61240313,2.83604019
power_01,1,POWER,1,active,682,17.366839,-15675.93000000,43801.15500000,23548.86000000,40597.38000000,35299.08000000,23077.26000000,16969.68000000,25428.28500000,0.99588325,2.01245472,2.92146502,2.29138661,2.21366244,1.29219137,1.00198753,0.56441043,1.66168017
power_01,1,POWER,1,active,683,17.368839,-15671.97000000,43800.66000000,23540.89500000,40587.34500000,35302.81500000,23084.64000000,16969.99500000,25429.86000000,-1.09733777,-2.82279065,-3.98345271,-3.48698451,-2.91971347,-3.81980249,0.43738904,-1.65763176,2.52813780
power_01,1,POWER,1,active,684,17.370839,-15672.24000000,43804.84500000,23551.11000000,40594.45500000,35317.57500000,23098.18500000,16965.85500000,25426.48500000,0.22272772,0.34054908,1.22618681,1.38955265,1.77891169,1.26532565,-0.96975049,-1.08577765,1.03484772
power_01,1,POWER,1,active,685,17.372839,-15668.73000000,43816.14000000,23574.10500000,40615.38000000,35338.63500000,23113.03500000,16962.88500000,25427.92500000,0.27803837,1.83095342,4.54067421,4.41105338,3.12555115,2.07877273,-0.56821131,-0.58123879,2.17681167
power_01,1,POWER,1,active,686,17.374839,-15668.73000000,43824.96000000,23595.66000000,40637.29500000,35354.79000000,23121.85500000,16959.37500000,25426.89000000,0.03302470,-0.16386521,-0.23890517,-0.00496058,-1.55607155,-2.37302416,1.25236995,0.74832807,0.79631867
power_01,1,POWER,1,active,687,17.376839,-15673.00500000,43831.21500000,23618.52000000,40659.43500000,35366.44500000,23126.58000000,16951.99500000,25421.35500000,-0.47541746,-1.23429824,-2.09829947,-2.18667264,-2.48815106,-2.16908628,0.08127127,-0.00767443,1.34260886
power_01,1,POWER,1,active,688,17.378839,-15672.01500000,43836.34500000,23630.17500000,40674.33000000,35367.61500000,23122.89000000,16952.76000000,25424.01000000,-2.80199187,-2.82598989,-1.31829296,-2.12612798,-2.63968711,-1.87453898,-2.66241163,-3.20109415,2.43126682
power_01,1,POWER,1,active,689,17.380839,-15674.80500000,43829.28000000,23617.53000000,40665.10500000,35350.38000000,23106.55500000,16956.94500000,25423.92000000,-0.11722708,-2.02452784,-2.19695788,-1.79515415,-3.16349947,-2.29771389,-0.41691818,-0.17621243,1.52352637
power_01,1,POWER,1,active,690,17.382839,-15672.64500000,43824.87000000,23602.41000000,40650.88500000,35336.43000000,23098.05000000,16962.25500000,25428.64500000,0.30594614,-2.85480891,-4.53878875,-3.77145296,-3.69504158,-1.82896131,0.37199616,-0.00993227,2.17211601
power_01,1,POWER,1,active,691,17.384839,-15672.01500000,43816.50000000,23581.03500000,40629.19500000,35321.89500000,23088.42000000,16967.07000000,25431.25500000,0.37971993,-0.55333383,1.07431540,0.36895633,1.66345465,2.94847162,-1.72386567,-0.38187280,1.13674878
power_01,1,POWER,1,active,692,17.386839,-15675.88500000,43804.71000000,23551.29000000,40599.90000000,35303.67000000,23076.99000000,16971.88500000,25431.25500000,-0.21459761,-0.16782838,0.73907125,1.16347553,1.62392817,1.19926607,-0.91807953,0.45991200,0.81076982
power_01,1,POWER,1,active,693,17.388839,-15676.02000000,43801.87500000,23541.66000000,40587.21000000,35303.67000000,23081.80500000,16971.12000000,25430.13000000,-4.65588052,-4.22503384,-6.55746464,-5.10389141,-5.11550762,-4.61050560,-0.74903458,-2.59185566,4.20114673
power_01,1,POWER,1,active,694,17.390839,-15673.90500000,43807.99500000,23553.76500000,40596.34500000,35319.15000000,23096.83500000,16966.53000000,25429.45500000,-1.57005788,0.40182916,0.63011599,0.84489518,0.34571844,1.42757296,-1.75449601,-0.97187324,0.99331986
power_01,1,POWER,1,active,695,17.392839,-15668.73000000,43819.56000000,23577.12000000,40617.94500000,35340.48000000,23113.62000000,16963.92000000,25431.66000000,2.57472736,4.01018360,6.22339979,6.39594212,4.56876655,4.53700984,-0.41397240,1.99644437,3.84005575
power_01,1,POWER,1,active,696,17.394839,-15669.49500000,43827.52500000,23599.53000000,40640.22000000,35356.36500000,23123.20500000,16959.60000000,25430.67000000,2.91666169,2.37835153,1.95049218,2.54850482,1.11772253,1.29990898,2.35062805,3.29451815,2.23209849
power_01,1,POWER,1,active,697,17.396839,-15671.56500000,43836.25500000,23624.19000000,40665.51000000,35370.63000000,23130.04500000,16952.80500000,25427.74500000,1.48598509,1.09709615,0.48950173,0.49370763,0.79589808,0.78689454,1.21431180,1.87820725,1.03020028
power_01,1,POWER,1,active,698,17.398839,-15672.91500000,43839.22500000,23632.38000000,40677.30000000,35368.83000000,23123.83500000,16953.34500000,25427.38500000,-0.55207700,0.33369795,0.62825822,0.61180086,1.01701553,-0.04314564,-0.93624409,-1.35516686,0.68467577
power_01,1,POWER,1,active,699,17.400839,-15676.74000000,43830.40500000,23618.52000000,40666.54500000,35350.24500000,23106.87000000,16956.54000000,25425.94500000,-0.06640469,-1.22274546,-3.10730064,-2.52732582,-2.29926900,-2.93232835,1.07272808,-1.47327902,1.83767263
power_01,1,POWER,1,active,700,17.399415,-15676.20000000,43824.33000000,23601.19500000,40650.25500000,35334.67500000,23096.47500000,16962.21000000,25429.09500000,-0.75771805,-3.53780432,-5.52365247,-5.60333731,-3.79184547,-3.55569231,1.20010274,-2.07365427,3.25547587
power_01,1,POWER,1,active,701,17.401415,-15674.80500000,43817.94000000,23580.85500000,40629.82500000,35319.69000000,23088.28500000,16967.83500000,25431.88500000,0.90241676,0.99170096,1.66193035,0.51528756,2.79006227,2.48228895,0.16685760,-0.60144520,1.26399871
power_01,1,POWER,1,active,702,17.403415,-15674.49000000,43808.26500000,23555.29500000,40603.77000000,35305.02000000,23079.87000000,16973.86500000,25434.31500000,1.87235709,2.71312917,3.38932331,2.85378225,3.48848365,2.26440699,1.30225812,1.10096510,2.37308821
power_01,1,POWER,1,active,703,17.405415,-15673.45500000,43804.26000000,23545.26000000,40590.00000000,35305.33500000,23084.91000000,16971.97500000,25432.60500000,-0.56769159,-1.54004753,-2.10071940,-2.29636379,-1.23968131,-2.30584259,0.50342808,-0.34785631,1.36270383
power_01,1,POWER,1,active,704,17.407415,-15666.25500000,43797.33000000,23551.33500000,40588.47000000,35312.49000000,23093.59500000,16963.47000000,25425.31500000,1.78497878,-3.34438533,0.05220576,-2.33646663,-0.36335340,-0.35267070,-2.98729293,-2.35130845,1.69658275
power_01,1,POWER,1,active,705,17.409415,-15667.69500000,43812.54000000,23574.82500000,40612.45500000,35337.10500000,23109.88500000,16962.88500000,25428.55500000,2.83397802,-3.04309224,2.45930255,0.00597649,0.25347157,-0.43648737,-2.58323615,-1.86709380,1.68532977
power_01,1,POWER,1,active,706,17.411415,-15667.38000000,43829.37000000,23601.55500000,40641.75000000,35360.28000000,23124.69000000,16961.22000000,25433.23500000,-1.16071907,6.29688864,3.10594802,5.40322048,4.68910600,1.44681673,3.84026481,5.68479703,3.95347010
power_01,1,POWER,1,active,707,17.413415,-15671.20500000,43835.58000000,23624.28000000,40664.25000000,35371.35000000,23130.22500000,16954.02000000,25427.97000000,-2.46089761,8.83623840,3.15332466,6.17941809,5.58681783,3.94174640,3.24227672,6.14216982,4.94286119
power_01,1,POWER,1,active,708,17.415415,-15672.01500000,43839.40500000,23634.18000000,40676.98500000,35369.68500000,23125.14000000,16955.01000000,25429.00500000,-2.29833202,0.66973238,0.79218148,0.79800769,-0.94560265,0.39877416,-1.39641478,-0.97006451,1.03363871
power_01,1,POWER,1,active,709,17.417415,-15669.94500000,43837.20000000,23625.04500000,40672.30500000,35357.08500000,23113.84500000,16960.05000000,25434.40500000,-0.70491895,1.82864987,-0.66840858,0.67494183,-1.69656690,-0.55186212,1.42545677,1.71533047,1.15826694
power_01,1,POWER,1,active,710,17.419415,-15672.69000000,43827.75000000,23604.57000000,40652.91000000,35337.19500000,23099.58000000,16963.92000000,25434.00000000,1.20028324,0.30767849,-2.98665501,-1.49150108,-2.32012763,-0.49231732,1.01920625,1.94536098,1.47039125
power_01,1,POWER,1,active,711,17.421415,-15672.42000000,43821.27000000,23583.28500000,40631.94000000,35321.44500000,23089.72500000,16968.46500000,25435.30500000,-1.48741733,-2.36268426,-1.21886825,-1.84239375,-2.12193783,-0.68100677,-2.46290976,-3.59701027,1.97177853
power_01,1,POWER,1,active,712,17.423415,-15668.86500000,43815.82500000,23559.75000000,40608.36000000,35308.57500000,23083.69500000,16974.76500000,25440.79500000,-0.48157690,1.18696085,1.22804198,1.38550021,0.08710742,-0.15196732,-0.83122549,-1.40146021,0.84423005
power_01,1,POWER,1,active,713,17.425415,-15671.02500000,43810.38000000,23547.64500000,40592.83500000,35306.55000000,23085.45000000,16973.46000000,25437.51000000,0.61542221,-1.51207532,-2.81796787,-2.60317614,-2.75531834,-2.55051690,-0.22030796,-0.36906865,1.68048167
power_01,1,POWER,1,active,714,17.427415,-15669.76500000,43815.37500000,23558.67000000,40601.16000000,35322.34500000,23099.53500000,16969.32000000,25435.89000000,-3.03037872,-3.85791432,-1.82642422,-2.87735705,-1.92268094,-2.14219386,-2.15852520,-3.98471567,2.72502375
power_01,1,POWER,1,active,715,17.429415,-15665.22000000,43826.67000000,23581.03500000,40622.17500000,35344.48500000,23115.96000000,16966.48500000,25437.51000000,0.13593574,-0.73923676,3.12339071,2.52481656,2.68203958,1.49796324,-1.08532470,-1.46097965,1.65621087
power_01,1,POWER,1,active,716,17.431415,-15664.72500000,43834.41000000,23603.44500000,40644.40500000,35360.55000000,23125.68000000,16962.12000000,25436.74500000,3.13155441,-0.91628192,0.58698586,0.40784919,0.93054484,0.67220891,1.60188595,1.99258945,1.27998757
power_01,1,POWER,1,active,717,17.433415,-15664.81500000,43838.59500000,23626.21500000,40665.19500000,35369.91000000,23129.46000000,16953.66000000,25430.31000000,0.80785500,-4.62999592,-2.28418867,-4.00433351,-2.98980818,-1.81781379,-0.54860279,-1.49137675,2.32174683
power_01,1,POWER,1,active,718,17.435415,-15668.82000000,43840.17000000,23634.31500000,40676.04000000,35367.57000000,23120.86500000,16954.29000000,25429.32000000,-0.01034034,-5.18379562,-0.71120712,-3.37444795,-3.12224669,-2.32900240,-2.78060299,-4.12636544,2.70475107
power_01,1,POWER,1,active,719,17.437415,-15668.01000000,43838.82000000,23626.84500000,40673.38500000,35358.21000000,23109.12000000,16959.42000000,25435.53000000,-0.74236149,-1.94679118,-1.52066321,-1.71824900,-1.25533546,-2.78971584,0.80041258,-0.13441614,1.36349311
power_01,1,POWER,1,active,720,17.439415,-15667.69500000,43831.30500000,23608.26000000,40656.82500000,35342.91000000,23096.79000000,16963.92000000,25437.46500000,0.66051397,0.66406777,-1.40119892,0.22769358,2.22985426,0.15982235,1.88680762,3.19615769,1.30326452
power_01,1,POWER,1,active,721,17.441415,-15668.59500000,43823.16000000,23585.80500000,40635.13500000,35325.45000000,23085.49500000,16968.73500000,25438.54500000,0.93161395,1.65328435,1.91194314,2.50273401,3.86036392,3.25705279,-0.50748521,0.58697403,1.90143143
power_01,1,POWER,1,active,722,17.443415,-15670.84500000,43811.95500000,23556.10500000,40605.57000000,35306.41500000,23072.67000000,16973.05500000,25438.45500000,-2.43762657,1.06674836,-0.30465378,0.79866136,-0.75052920,-0.46087787,0.11386182,-1.05791314,0.87385901
power_01,1,POWER,1,active,723,17.445415,-15668.59500000,43810.20000000,23547.55500000,40593.96000000,35308.89000000,23078.43000000,16973.10000000,25438.63500000,-2.18875598,0.01945315,-4.10096998,-2.73244248,-3.65947773,-2.57403949,0.64307833,-0.14218699,2.00755052
power_01,1,POWER,1,active,724,17.447415,-15666.75000000,43815.24000000,23558.94000000,40602.55500000,35325.63000000,23092.65000000,16968.55500000,25437.78000000,0.02660087,2.17710758,1.31296098,1.15601519,1.94710306,2.92727246,-0.39998464,0.26518613,1.27652886
power_01,1,POWER,1,active,725,17.449415,-15666.07500000,43822.75500000,23579.10000000,40621.23000000,35343.90000000,23104.21500000,16964.28000000,25436.61000000,0.51308459,3.51563907,5.33452096,5.31392756,4.27240396,4.31908847,-0.08579764,1.52734083,3.11022539
power_01,1,POWER,1,active,726,17.451415,-15663.87000000,43833.96000000,23603.35500000,40645.48500000,35362.03500000,23115.91500000,16961.13000000,25437.69000000,1.17626986,1.89339913,1.16218098,1.44759861,-0.12293835,0.70259257,1.82752340,2.65010827,1.37282640
power_01,1,POWER,1,active,727,17.453415,-15665.67000000,43842.82500000,23628.55500000,40670.23500000,35375.58000000,23122.93500000,16954.74000000,25434.49500000,1.86521765,2.72865836,1.35830525,0.56734192,0.32270490,2.83375925,1.67367018,2.36554949,1.71440088
power_01,1,POWER,1,active,728,17.455415,-15668.14500000,43844.31000000,23636.65500000,40681.80000000,35372.88000000,23115.51000000,16955.19000000,25433.82000000,0.27896616,1.76514891,2.62808999,1.41152572,0.61641572,2.87920522,-0.64087718,-0.21200083,1.30402872
power_01,1,POWER,1,active,729,17.457415,-15670.93500000,43837.47000000,23623.69500000,40671.72000000,35355.33000000,23099.53500000,16959.87000000,25433.59500000,-0.99204381,-1.92153435,-2.55516416,-2.75738879,-3.91537329,-2.25648042,0.74008558,-1.53158288,2.08370666
power_01,1,POWER,1,active,730,17.459415,-15669.13500000,43833.60000000,23608.30500000,40657.27500000,35341.92000000,23090.22000000,16965.22500000,25438.23000000,0.57596583,-1.16246999,-3.38951569,-3.68062745,-2.66683618,-0.77097766,1.60834763,-0.04439873,1.73739240
power_01,1,POWER,1,active,731,17.461415,-15670.03500000,43824.51000000,23585.44500000,40634.23500000,35325.36000000,23078.07000000,16969.18500000,25438.32000000,1.48140124,1.84490324,2.57673433,1.36526715,3.41071639,3.22938928,-1.04022537,0.09364690,1.88028549
power_01,1,POWER,1,active,732,17.463415,-15665.94000000,43819.06500000,23562.90000000,40611.33000000,35313.21000000,23073.12000000,16977.06000000,25445.20500000,1.30208642,1.52644186,2.34473766,2.27667445,2.59006034,0.86496021,-0.24150210,0.69383219,1.48003690
power_01,1,POWER,1,active,733,17.465415,-15665.31000000,43816.41000000,23553.94500000,40598.82000000,35314.47000000,23078.07000000,16976.97000000,25444.84500000,1.49897153,0.38881844,-1.12840611,-0.53234548,-0.33218823,-0.68561914,1.45281368,2.37181872,1.04887267
power_01,1,POWER,1,active,734,17.467415,-15667.92000000,43818.21000000,23561.46000000,40603.54500000,35326.71000000,23088.28500000,16971.34500000,25439.13000000,-1.22341035,-0.64949958,0.25625322,0.21108870,0.99509864,-0.01201279,-1.46821726,-1.05371604,0.73366207
power_01,1,POWER,1,active,735,17.469415,-15667.06500000,43825.54500000,23580.49500000,40621.50000000,35344.17000000,23100.66000000,16966.57500000,25436.79000000,-3.68492701,-2.78179523,-0.41704872,0.37121877,-0.56910959,-2.64720495,-3.01413219,-4.56360519,2.25613021
power_01,1,POWER,1,active,736,17.471415,-15665.35500000,43835.53500000,23604.25500000,40645.26000000,35362.53000000,23112.00000000,16962.48000000,25437.51000000,-0.41548668,-2.01221253,-2.35058507,-0.80568390,-2.03159863,-2.95894410,-0.27527738,-0.48144290,1.41640390
power_01,1,POWER,1,active,737,17.473415,-15666.70500000,43844.53500000,23630.22000000,40671.04500000,35377.69500000,23120.28000000,16956.58500000,25435.53000000,1.00356880,-0.56459190,-0.69374470,-0.24344291,0.37123302,-0.18837355,-0.35171694,1.28116332,0.58722939
power_01,1,POWER,1,active,738,17.475415,-15666.61500000,43848.36000000,23640.48000000,40683.64500000,35377.38000000,23115.10500000,16958.29500000,25437.28500000,0.09001858,-0.10604423,1.76784402,1.25980261,1.59178243,0.82127745,-1.22497910,-0.11636883,0.87226466
power_01,1,POWER,1,active,739,17.477415,-15667.38000000,43843.05000000,23628.33000000,40675.41000000,35361.76500000,23100.25500000,16962.43500000,25438.77000000,1.47985146,-0.39680836,-0.98315614,-0.69128165,-1.06827944,-1.63566647,1.19384298,1.18098981,1.07873454
power_01,1,POWER,1,active,740,17.479415,-15669.54000000,43834.50000000,23609.25000000,40656.82500000,35342.77500000,23086.75500000,16966.71000000,25439.98500000,0.34445644,-2.21632486,-4.40369737,-3.88916491,-3.33102962,-3.10319326,0.69360785,-0.03097524,2.25155619
power_01,1,POWER,1,active,741,17.481415,-15666.39000000,43829.82000000,23591.16000000,40638.28500000,35330.22000000,23079.87000000,16972.60500000,25444.80000000,-0.20411288,0.21407701,1.57017305,0.64385243,0.87861557,1.22366065,-1.04882369,-0.51458770,0.78723787
power_01,1,POWER,1,active,742,17.483415,-15667.56000000,43819.87500000,23563.89000000,40610.74500000,35314.24500000,23069.88000000,16978.54500000,25445.25000000,0.92317005,2.29814648,3.29271152,2.91673672,2.30514600,1.31147124,0.65952426,0.92655693,1.82918290
power_01,1,POWER,1,active,743,17.485415,-15662.34000000,43820.82000000,23558.89500000,40602.01500000,35319.73500000,23080.18500000,16979.62500000,25448.44500000,-0.15862027,0.10289756,-1.86238940,-1.24315638,-0.90528938,-1.33763682,1.43266339,0.10020863,0.89285773
power_01,1,POWER,1,active,744,17.487415,-15661.30500000,43825.45500000,23570.01000000,40610.43000000,35335.53000000,23094.27000000,16975.30500000,25446.42000000,0.71565306,1.75942740,2.63424552,2.25234674,2.95479723,3.30320466,-0.09965689,0.46003543,1.77242087
power_01,1,POWER,1,active,745,17.489415,-15663.78000000,43830.54000000,23586.93000000,40626.36000000,35350.20000000,23103.45000000,16970.31000000,25441.92000000,-0.99875753,0.82101708,3.13560806,3.55976105,2.19314164,1.28480766,-0.94352548,-1.12824110,1.75810745
power_01,1,POWER,1,active,746,17.491415,-15661.53000000,43841.65500000,23611.18500000,40650.88500000,35368.38000000,23114.74500000,16966.03500000,25442.82000000,-3.37989511,-2.74040976,-3.87498422,-2.43017349,-4.56303640,-5.10003043,0.01851026,-2.28313087,3.04877132
power_01,1,POWER,1,active,747,17.493415,-15661.62000000,43850.74500000,23637.42000000,40676.80500000,35382.87000000,23122.71000000,16959.87000000,25440.25500000,0.48475421,0.33508507,-0.85463473,-0.79648559,-1.15778135,-0.55588977,-0.11535525,0.69334599,0.62416650
power_01,1,POWER,1,active,748,17.495415,-15660.18000000,43848.99000000,23643.54000000,40684.09500000,35378.37000000,23115.51000000,16959.33000000,25437.87000000,1.14109151,-0.80964074,0.80918007,-0.45945117,-0.17529327,0.72089642,-1.78979732,-1.53454652,0.92998713
power_01,1,POWER,1,active,749,17.497415,-15657.25500000,43829.59500000,23623.92000000,40662.94500000,35351.95500000,23093.68500000,16958.70000000,25430.58000000,1.73851393,-9.05199374,-7.21707486,-9.76612031,-8.46195692,-5.83625176,-1.85617156,-5.42771248,6.16947444
power_01,1,POWER,1,active,750,17.500255,-15661.98000000,43839.31500000,23615.01000000,40660.60500000,35348.71500000,23091.34500000,16969.00500000,25442.86500000,1.67867496,-5.06470665,-6.10889768,-7.47092203,-4.94266631,-2.92439301,-0.34199814,-1.78462961,3.78961105
power_01,1,POWER,1,active,751,17.502255,-15663.60000000,43834.81500000,23595.70500000,40642.02000000,35335.21500000,23084.46000000,16975.12500000,25447.14000000,-4.17287092,11.25774645,7.17896719,9.89923712,10.21689120,8.23025918,2.79696332,6.15964340,7.48907235
power_01,1,POWER,1,active,752,17.504255,-15666.39000000,43823.20500000,23566.54500000,40613.31000000,35316.04500000,23073.75000000,16979.89500000,25447.09500000,-4.58614736,8.24283203,5.30373556,7.88074966,6.12819971,5.04093483,2.74755633,4.87159546,5.60021887
power_01,1,POWER,1,active,753,17.506255,-15662.83500000,43823.65500000,23559.93000000,40603.99500000,35320.50000000,23081.31000000,16980.43500000,25448.98500000,-2.35416448,-1.64785030,-3.67492458,-2.70467914,-3.64007506,-2.83809993,0.57520585,-0.12618768,2.19514838
power_01,1,POWER,1,active,754,17.508255,-15664.23000000,43826.49000000,23569.47000000,40609.75500000,35333.46000000,23093.01000000,16975.93500000,25444.62000000,-1.20183668,3.61570197,3.07185560,3.68444183,3.85002047,2.31583703,0.56762622,1.55403812,2.48266974
power_01,1,POWER,1,active,755,17.510255,-15662.38500000,43829.82000000,23586.70500000,40623.88500000,35348.08500000,23103.00000000,16969.68000000,25440.48000000,0.18125929,-1.23376037,2.83078147,1.20888653,0.88108453,-0.32744068,-1.30304530,-1.91441006,1.23508353
power_01,1,POWER,1,active,756,17.512255,-15661.75500000,43841.88000000,23611.27500000,40649.67000000,35367.93000000,23115.06000000,16965.13500000,25442.95500000,1.14244245,-4.30330260,-2.57574745,-3.46637017,-3.79797897,-4.30644948,-0.75544107,-1.08744672,2.67939736
power_01,1,POWER,1,active,757,17.514255,-15665.17500000,43851.51000000,23637.19500000,40675.63500000,35383.36500000,23123.38500000,16959.10500000,25440.97500000,2.05692740,2.27586591,1.64716882,1.81711991,2.94071487,1.73956771,0.28335679,3.76673370,2.06593189
power_01,1,POWER,1,active,758,17.516255,-15668.95500000,43851.15000000,23643.04500000,40684.63500000,35378.73000000,23114.38500000,16959.19500000,25438.99500000,-0.38333313,-0.54206091,1.64174211,0.56790880,1.12754343,0.78376573,-1.35017663,-0.72808580,0.89057707
power_01,1,POWER,1,active,759,17.518255,-15665.94000000,43842.87000000,23630.22000000,40673.56500000,35360.68500000,23098.90500000,16963.56000000,25439.26500000,1.44292709,-4.04725898,-3.48831766,-4.06052801,-4.27625920,-3.69849237,0.58304942,-2.01552827,2.95154512
power_01,1,POWER,1,active,760,17.520255,-15664.99500000,43835.98500000,23612.17500000,40656.06000000,35344.39500000,23087.61000000,16968.42000000,25441.78500000,5.83473079,-3.64719367,-3.97053223,-5.16752887,-3.66965571,-1.84333437,1.25343455,-0.56528051,3.24396134
power_01,1,POWER,1,active,761,17.522255,-15666.34500000,43834.95000000,23595.03000000,40640.13000000,35334.00000000,23082.21000000,16976.11500000,25448.26500000,3.33516707,1.94145747,3.24303144,1.84365444,3.36387767,4.12658792,0.23181978,0.46947149,2.31938341
power_01,1,POWER,1,active,762,17.524255,-15666.34500000,43825.99500000,23569.38000000,40614.52500000,35319.60000000,23074.78500000,16982.50500000,25451.46000000,0.55191324,5.70300787,5.17480193,6.04563813,5.42494665,4.56355991,2.12437991,3.21444730,4.10033687
power_01,1,POWER,1,active,763,17.526255,-15664.00500000,43825.32000000,23561.23500000,40603.50000000,35322.25500000,23081.44500000,16982.91000000,25452.63000000,0.71622898,0.87569854,-1.04831758,-0.01064597,-0.28414431,0.30779079,1.76555137,1.56490770,0.82166066
power_01,1,POWER,1,active,764,17.528255,-15659.14500000,43834.23000000,23575.90500000,40614.70500000,35340.93000000,23098.63500000,16978.32000000,25453.66500000,1.71733154,2.10477729,2.18241611,2.08051216,2.47242076,2.92047445,-1.03575405,0.34486000,1.85731830
power_01,1,POWER,1,active,765,17.530255,-15659.37000000,43840.30500000,23594.31000000,40631.22000000,35357.89500000,23109.48000000,16973.10000000,25451.32500000,1.65056194,3.44067479,5.16186596,5.13462580,3.93609733,3.10795880,-1.79203743,0.50554994,3.09117150
power_01,1,POWER,1,active,766,17.532255,-15662.52000000,43845.16500000,23612.94000000,40650.61500000,35371.17000000,23115.96000000,16966.17000000,25447.14000000,-2.16436677,-3.88129062,-3.80272141,-3.12630141,-4.30575433,-4.62200189,-1.56173325,-2.50187521,3.24575561
power_01,1,POWER,1,active,767,17.534255,-15666.88500000,43851.33000000,23634.85500000,40673.20500000,35382.42000000,23121.18000000,16958.97000000,25441.20000000,-5.17804900,-5.64646366,-6.52418039,-5.55929350,-5.90768362,-5.26471488,-2.74514698,-4.90654078,5.21650910
power_01,1,POWER,1,active,768,17.536255,-15664.36500000,43856.28000000,23645.88000000,40687.38000000,35383.72500000,23117.26500000,16960.45500000,25443.94500000,-2.95334458,-2.12266624,-1.27975427,-0.96492829,-1.82712452,-1.11338503,-2.48370569,-4.01927531,2.09552299
power_01,1,POWER,1,active,769,17.538255,-15665.53500000,43850.74500000,23634.27000000,40679.86500000,35368.11000000,23103.63000000,16964.86500000,25446.37500000,0.49325054,-1.19284455,-1.77532244,-1.03150929,-1.94710467,-1.64199744,0.98870796,-0.13309865,1.15047944
power_01,1,POWER,1,active,770,17.540255,-15669.31500000,43840.71000000,23613.21000000,40660.42500000,35348.94000000,23089.23000000,16969.00500000,25446.19500000,-0.86044697,-2.48713280,-4.14829848,-3.24472851,-3.23653047,-1.97380737,1.18113146,0.11507195,2.15589350
power_01,1,POWER,1,active,771,17.542255,-15668.95500000,43833.55500000,23592.87000000,40639.77000000,35334.49500000,23079.33000000,16973.91000000,25448.89500000,-2.62519411,-1.72057820,0.04765546,-0.76327054,-0.11714302,0.16131109,-0.90653454,-2.02909663,1.04634795
power_01,1,POWER,1,active,772,17.544255,-15668.68500000,43825.27500000,23567.71500000,40613.62500000,35320.32000000,23071.23000000,16979.31000000,25451.59500000,-0.20338118,1.26548609,2.81016028,1.71072977,1.95293624,0.23653359,0.50119969,0.69111994,1.17144335
power_01,1,POWER,1,active,773,17.546255,-15666.66000000,43823.38500000,23559.70500000,40603.09500000,35321.85000000,23078.16000000,16978.99500000,25451.23500000,0.42182024,0.73766751,-0.54284520,-1.05105289,-0.79831891,-0.58627655,1.35953131,1.49161711,0.87364121
power_01,1,POWER,1,active,774,17.548255,-15663.06000000,43825.41000000,23570.28000000,40608.76500000,35334.27000000,23090.89500000,16972.78500000,25447.90500000,1.33639744,0.70833349,2.09519246,0.76202960,0.69355786,2.39273005,-0.49935991,-0.21856410,1.08827061
power_01,1,POWER,1,active,775,17.550255,-15662.70000000,43836.52500000,23592.24000000,40629.51000000,35355.28500000,23105.02500000,16969.90500000,25449.25500000,2.72064747,2.56923576,5.50422602,3.99919547,2.93149599,3.13527283,-0.27579031,1.37583231,2.81396202
power_01,1,POWER,1,active,776,17.552255,-15661.80000000,43846.47000000,23615.95500000,40654.84500000,35373.28500000,23117.35500000,16965.72000000,25449.79500000,0.82803461,3.52444105,1.78273052,2.48627013,1.85964583,1.22511913,2.89060432,4.30629719,2.36289285
power_01,1,POWER,1,active,777,17.554255,-15666.07500000,43852.68000000,23638.68000000,40678.15500000,35384.71500000,23122.62000000,16959.28500000,25444.75500000,-0.28936377,2.72320244,0.40868604,1.99163613,1.79497561,2.32294748,2.02535777,2.97037270,1.81581774
power_01,1,POWER,1,active,778,17.556255,-15665.89500000,43855.92000000,23648.44500000,40689.72000000,35384.17500000,23117.44500000,16960.90500000,25446.28500000,-1.16094806,0.60878466,1.00464987,0.78751553,0.95640304,1.23987885,-0.28482378,-0.53298324,0.82199838
power_01,1,POWER,1,active,779,17.558255,-15665.62500000,43850.83500000,23638.54500000,40682.16000000,35369.64000000,23104.35000000,16966.57500000,25449.61500000,0.33626378,0.49965513,-0.99937342,-1.47572517,-0.17621640,-1.01610862,2.33458282,1.50558037,1.04293821
power_01,1,POWER,1,active,780,17.560255,-15664.99500000,43844.80500000,23621.22000000,40665.64500000,35353.44000000,23092.51500000,16971.97500000,25451.95500000,2.17552410,-0.23365501,-2.22616824,-2.55469169,-0.55980507,-0.54304599,2.07429524,1.88834442,1.53194122
power_01,1,POWER,1,active,781,17.562255,-15664.27500000,43838.46000000,23600.34000000,40644.58500000,35339.53500000,23082.88500000,16977.51000000,25454.29500000,0.59091578,0.76978208,1.01199064,0.11279307,2.15718079,0.86684666,-0.98478515,-1.12914502,0.95292990
power_01,1,POWER,1,active,782,17.564255,-15664.32000000,43829.91000000,23573.88000000,40618.30500000,35325.36000000,23075.05500000,16983.54000000,25456.32000000,-0.06891418,1.32289700,0.41901115,0.81676374,2.12942998,-0.48816563,-0.54030349,-0.88547978,0.83387062
power_01,1,POWER,1,active,783,17.566255,-15661.75500000,43828.38000000,23566.54500000,40607.68500000,35328.55500000,23083.15500000,16982.95500000,25456.99500000,-0.88123129,-1.91432109,-4.43047535,-3.15196759,-2.09212589,-2.36877198,-0.64432740,-1.18330783,2.08331605
power_01,1,POWER,1,active,784,17.568255,-15657.16500000,43836.07500000,23581.08000000,40618.21500000,35346.91500000,23099.62500000,16979.67000000,25457.17500000,0.22533177,-0.02690707,0.61826583,0.63822832,1.43643417,1.86231266,-2.26198235,-1.09424671,1.02046361
power_01,1,POWER,1,active,785,17.570255,-15656.80500000,43838.19000000,23596.92000000,40631.35500000,35359.51500000,23107.50000000,16973.86500000,25452.04500000,1.23798311,-0.24061164,3.02978760,2.53449782,1.30692041,0.84992166,-2.19879630,-1.28528546,1.58547550
power_01,1,POWER,1,active,786,17.572255,-15656.44500000,43849.98000000,23622.03000000,40656.69000000,35377.92000000,23120.68500000,16970.62500000,25453.17000000,-1.39164088,-4.38890830,-3.83338766,-3.37390321,-5.79210917,-4.87640226,-0.76932418,-2.03977946,3.30818189
power_01,1,POWER,1,active,787,17.574255,-15659.95500000,43860.10500000,23647.05000000,40683.33000000,35392.90500000,23128.69500000,16966.48500000,25450.78500000,-2.36421863,-0.16241479,-1.34505722,-0.16837235,-1.91449436,-0.11635666,0.07653495,0.33273564,0.81002307
power_01,1,POWER,1,active,788,17.576255,-15658.56000000,43865.37000000,23657.58000000,40696.78500000,35394.03000000,23124.19500000,16968.73500000,25454.65500000,-2.08463040,2.63647496,2.45893226,3.73173544,2.27868244,2.24176451,0.06989273,0.93459138,2.05458801
power_01,1,POWER,1,active,789,17.578255,-15661.39500000,43858.57500000,23644.03500000,40686.79500000,35376.97500000,23108.89500000,16973.28000000,25454.88000000,-1.00530359,-1.07136491,-2.55686691,-1.35683765,-2.27036347,-2.73484219,0.77639809,0.62287675,1.54935670
power_01,1,POWER,1,active,790,17.580255,-15660.85500000,43852.72500000,23626.39500000,40671.18000000,35361.00000000,23099.17500000,16978.18500000,25457.62500000,-0.64690773,-2.18109461,-4.27088418,-3.31685851,-3.18044456,-1.69310279,0.12752180,-0.08667885,1.93793663
power_01,1,POWER,1,active,791,17.582255,-15657.21000000,43847.46000000,23608.26000000,40651.96500000,35347.77000000,23091.79500000,16984.08000000,25462.08000000,0.43249002,0.01173303,1.71652015,1.40536055,1.29163552,2.47529599,-1.85135776,-0.98839364,1.27159833
power_01,1,POWER,1,active,792,17.584255,-15658.60500000,43836.57000000,23580.18000000,40623.79500000,35330.98500000,23081.40000000,16989.88500000,25463.34000000,1.81382280,0.18449583,2.61639485,1.63412401,0.97853294,0.37546582,-0.81191584,0.42312544,1.10473469
power_01,1,POWER,1,active,793,17.586255,-15653.65500000,43833.19500000,23572.26000000,40612.54500000,35333.37000000,23088.87000000,16988.44500000,25463.88000000,-0.30097851,-3.81082532,-3.73142220,-3.96903681,-3.67997999,-3.68234186,-0.42976839,-1.06326485,2.58345224
power_01,1,POWER,1,active,794,17.588255,-15653.25000000,43839.90000000,23585.04000000,40622.22000000,35351.32500000,23103.63000000,16984.35000000,25462.93500000,0.82503002,-1.88730397,0.64961794,-0.27374812,0.92228356,0.73429187,-2.32014268,-1.33024593,1.11783301
power_01,1,POWER,1,active,795,17.590255,-15654.19500000,43848.58500000,23605.02000000,40641.21000000,35369.32500000,23116.32000000,16979.98500000,25461.22500000,-0.14721092,2.28064736,5.26321316,4.36529742,4.39593705,2.19228799,-1.08058105,0.01330423,2.46730990
power_01,1,POWER,1,active,796,17.592255,-15655.90500000,43855.15500000,23624.82000000,40661.32500000,35382.96000000,23124.06000000,16974.04500000,25457.58000000,-3.16659567,-0.51268655,-1.75972807,-1.22895592,-2.20288259,-3.14456070,0.76026703,-1.14795849,1.74045438
power_01,1,POWER,1,active,797,17.594255,-15657.61500000,43856.23500000,23644.84500000,40680.58500000,35390.74500000,23127.34500000,16965.00000000,25449.84000000,-1.05294766,-3.29865590,-3.59647224,-4.21813847,-4.10887137,-2.68579421,-1.26924383,-2.82897691,2.88238757
power_01,1,POWER,1,active,798,17.596255,-15655.81500000,43858.44000000,23654.74500000,40692.37500000,35390.16000000,23122.26000000,16965.90000000,25452.63000000,0.36336643,-3.40679047,-0.46535237,-2.40938247,-1.99906607,-0.96589515,-2.12540330,-3.09048137,1.85321720
power_01,1,POWER,1,active,799,17.598255,-15659.05500000,43860.28500000,23646.82500000,40689.58500000,35379.81000000,23111.37000000,16972.56000000,25458.66000000,1.76778882,1.72056195,0.81884024,0.55783209,0.72080709,0.30827222,2.43213236,3.02141485,1.41845620
power_01,1,POWER,1,active,800,17.600269,-15659.64000000,43854.66000000,23629.09500000,40673.38500000,35364.33000000,23100.70500000,16977.28500000,25461.04500000,0.78581677,6.65111037,1.65686650,2.82581175,4.07375592,3.14538127,4.24883268,5.58552240,3.62163721
power_01,1,POWER,1,active,801,17.602269,-15660.13500000,43846.02000000,23606.91000000,40650.75000000,35347.77000000,23090.58000000,16981.47000000,25461.63000000,-0.10785910,4.36403081,3.53462820,3.31066700,4.55133388,4.28363801,0.91336836,0.88442965,2.74374438
power_01,1,POWER,1,active,802,17.604269,-15662.38500000,43834.68000000,23579.10000000,40622.17500000,35330.31000000,23079.96000000,16986.78000000,25461.72000000,0.40744172,1.19888570,1.89443809,1.27105712,1.16535898,0.96350789,0.99600055,-0.26589865,1.02032359
power_01,1,POWER,1,active,803,17.606269,-15657.16500000,43836.03000000,23574.96000000,40614.16500000,35336.92500000,23089.68000000,16988.35500000,25465.59000000,-0.22106191,0.12959075,-1.71327032,-1.62592850,-1.21305776,-1.38479864,2.75465871,0.85503837,1.23717562
power_01,1,POWER,1,active,804,17.608269,-15655.81500000,43841.43000000,23586.21000000,40622.76000000,35353.48500000,23103.49500000,16984.30500000,25464.24000000,3.23751396,2.57842977,3.54398364,2.84339309,4.36229585,3.73978304,1.69306547,2.36842909,3.04586174
power_01,1,POWER,1,active,805,17.610269,-15655.95000000,43848.13500000,23604.97500000,40639.86000000,35370.63000000,23115.69000000,16980.03000000,25461.36000000,2.24758787,2.46222398,4.36983422,4.46928005,4.32039614,2.94392334,0.84736364,1.20152752,2.85776709
power_01,1,POWER,1,active,806,17.612269,-15656.76000000,43856.37000000,23625.31500000,40661.41500000,35385.75000000,23124.28500000,16974.76500000,25459.20000000,-0.61385124,-1.55170633,-3.05317401,-1.65714386,-2.85365602,-2.63655144,1.23467047,-0.72930234,1.79125696
power_01,1,POWER,1,active,807,17.614269,-15658.60500000,43865.59500000,23649.79500000,40686.21000000,35398.48500000,23130.63000000,16966.93500000,25455.64500000,0.66742505,-0.51394456,-2.49688697,-1.55338057,-2.11925701,-0.86717169,-0.73832749,-0.27170443,1.15351222
power_01,1,POWER,1,active,808,17.616269,-15660.04500000,43867.17000000,23657.08500000,40696.83000000,35395.69500000,23122.93500000,16967.61000000,25455.87000000,-0.51173450,0.06609076,0.15114611,0.51611133,-0.98016765,-0.38002695,-2.88614674,-1.58486106,0.88453563
power_01,1,POWER,1,active,809,17.618269,-15662.79000000,43859.70000000,23643.54000000,40686.88500000,35378.68500000,23107.14000000,16971.34500000,25456.77000000,-0.44560963,-3.10788787,-3.37211094,-2.77229013,-4.11327174,-3.48970939,-0.59108094,-0.91549986,2.35093256
power_01,1,POWER,1,active,810,17.620269,-15659.19000000,43856.73000000,23628.78000000,40673.38500000,35365.54500000,23099.67000000,16977.19500000,25462.84500000,0.98916580,-2.62510593,-3.68692780,-3.14813449,-2.69667892,-1.24241598,0.17918950,0.99673991,1.94554479
power_01,1,POWER,1,active,811,17.622269,-15658.51500000,43848.67500000,23607.45000000,40651.78500000,35349.70500000,23089.90500000,16983.18000000,25465.32000000,2.29365711,1.33175990,3.43629883,2.55025438,2.91714056,4.34965560,-0.94734101,1.40500452,2.40388899
power_01,1,POWER,1,active,812,17.624269,-15660.22500000,43837.74000000,23579.50500000,40623.84000000,35333.37000000,23079.96000000,16989.12000000,25466.35500000,0.44382921,-0.52281126,1.80921607,1.26784686,0.71262152,0.80912909,0.45950804,0.27038583,0.78691848
power_01,1,POWER,1,active,813,17.626269,-15654.33000000,43835.98500000,23574.55500000,40613.31000000,35337.69000000,23087.83500000,16989.34500000,25467.88500000,-1.51950928,-3.78769654,-3.49056164,-3.90273862,-3.17057098,-3.16055947,0.59331368,-1.15864146,2.59794896
power_01,1,POWER,1,active,814,17.628269,-15655.77000000,43839.18000000,23584.09500000,40619.65500000,35351.95500000,23099.67000000,16984.84500000,25463.38500000,0.83325304,-0.57006016,2.57828983,0.32190941,2.21689351,1.83209630,-0.90080399,-0.93676425,1.27375881
power_01,1,POWER,1,active,815,17.630269,-15655.00500000,43850.88000000,23605.69500000,40641.03000000,35371.98000000,23114.29500000,16982.23500000,25463.88000000,-1.97909108,1.27115262,3.56529452,3.14686365,2.80661907,1.19583692,-0.57196832,-1.70706461,2.03048635
power_01,1,POWER,1,active,816,17.632269,-15651.31500000,43862.76000000,23630.53500000,40666.54500000,35390.97000000,23127.88500000,16978.45500000,25466.13000000,-1.52297385,2.94007561,0.04984658,2.01153832,0.37694740,0.12071837,1.65514861,1.59617478,1.28417794
power_01,1,POWER,1,active,817,17.634269,-15653.47500000,43870.36500000,23654.61000000,40691.38500000,35404.15500000,23134.72500000,16971.61500000,25462.75500000,1.79968821,3.37813868,1.39257750,2.22168803,2.00389343,3.10661893,0.25441752,3.00278003,2.14497529
power_01,1,POWER,1,active,818,17.636269,-15656.67000000,43871.22000000,23661.18000000,40701.73500000,35400.82500000,23126.76000000,16972.02000000,25461.63000000,-2.74496030,-0.52806263,-0.05884612,0.48075014,-0.05861793,-0.01423844,-2.70175864,-2.21972785,1.10087026
power_01,1,POWER,1,active,819,17.638269,-15658.24500000,43864.83000000,23647.90500000,40691.52000000,35384.62500000,23111.50500000,16976.43000000,25462.12500000,-3.08092302,-2.47510964,-4.13653708,-3.12604498,-3.59578948,-4.10735458,-0.69018897,-2.36494745,2.94711190
power_01,1,POWER,1,active,820,17.640269,-15655.99500000,43860.87000000,23632.78500000,40677.48000000,35371.35000000,23102.95500000,16983.13500000,25467.84000000,-0.17767151,-2.10157710,-4.46423085,-4.46650614,-2.61455538,-2.52263602,0.30078773,-0.50947972,2.14468056
power_01,1,POWER,1,active,821,17.642269,-15658.51500000,43851.15000000,23609.65500000,40654.26000000,35353.93500000,23091.39000000,16987.54500000,25468.74000000,-0.58480938,0.26272949,1.35026364,0.38098904,1.73771717,1.41235213,-1.21001336,-0.34918337,0.91100720
power_01,1,POWER,1,active,822,17.644269,-15654.10500000,43844.98500000,23587.02000000,40630.90500000,35342.23500000,23086.39500000,16994.11500000,25474.36500000,-0.47064382,0.00960124,1.28214272,0.75819715,0.26795471,-0.53329973,-0.68643719,0.20807759,0.52704427
power_01,1,POWER,1,active,823,17.646269,-15652.75500000,43843.09500000,23579.59500000,40620.10500000,35343.72000000,23093.50500000,16993.39500000,25473.46500000,0.94997123,-0.98835188,-2.15409331,-2.33880186,-2.35081735,-1.78149100,0.07474158,0.50504232,1.39291382
power_01,1,POWER,1,active,824,17.648269,-15655.00500000,43845.70500000,23587.11000000,40625.32500000,35356.54500000,23104.57500000,16988.44500000,25468.20000000,-0.30717134,0.08179107,0.63526957,0.09004888,0.01071660,0.98204442,-1.30328536,-1.59578013,0.62576342
power_01,1,POWER,1,active,825,17.650269,-15652.39500000,43854.34500000,23607.13500000,40644.81000000,35375.80500000,23117.58000000,16984.39500000,25468.02000000,-2.21286149,-0.98976403,0.08362851,0.48051992,-0.33458104,-1.39603507,-1.44927615,-3.18993171,1.26707474
power_01,1,POWER,1,active,826,17.652269,-15647.13000000,43867.48500000,23634.18000000,40671.63000000,35395.83000000,23131.84500000,16981.65000000,25470.90000000,2.76940296,1.27116501,-0.12529721,0.86926925,0.22305581,-0.89802286,1.95895905,2.35184792,1.30837751
power_01,1,POWER,1,active,827,17.654269,-15647.89500000,43877.29500000,23660.73000000,40697.14500000,35410.50000000,23139.63000000,16975.26000000,25468.69500000,4.64600190,3.72013469,3.35590660,2.56337545,2.64088802,3.03485617,1.80808029,3.97382882,3.21788399
power_01,1,POWER,1,active,828,17.656269,-15645.64500000,43877.79000000,23669.10000000,40706.68500000,35407.48500000,23132.70000000,16977.64500000,25470.13500000,1.69044732,1.07009974,3.30636875,1.07920586,1.66939387,1.39066323,-0.21615806,0.33460453,1.34461767
power_01,1,POWER,1,active,829,17.658269,-15646.27500000,43857.54000000,23648.26500000,40684.99500000,35379.13500000,23109.70500000,16976.83500000,25462.80000000,2.25340906,-6.60823567,-3.98675885,-6.45944538,-6.01758688,-5.00400048,0.29176771,-1.92951113,4.06883939
power_01,1,POWER,1,active,830,17.660269,-15655.00500000,43858.75500000,23632.02000000,40675.27500000,35368.56000000,23100.16500000,16981.74000000,25467.03000000,-2.51173138,-8.98354478,-8.80271128,-9.49175854,-8.73890855,-6.77092650,-1.99188577,-5.03180584,6.54040908
power_01,1,POWER,1,active,831,17.662269,-15651.72000000,43856.77500000,23615.28000000,40659.34500000,35358.84000000,23095.62000000,16988.40000000,25473.33000000,-6.43736514,5.09101286,2.22270692,5.45689538,5.59148726,3.20348668,-1.47598002,-0.03354439,3.68905983
power_01,1,POWER,1,active,832,17.664269,-15650.91000000,43848.22500000,23589.67500000,40634.10000000,35344.53000000,23088.37500000,16994.43000000,25476.70500000,-0.82961569,8.16456031,5.85844363,9.04453964,8.08414247,5.70983657,2.21780156,4.70172847,5.57633354
power_01,1,POWER,1,active,833,17.666269,-15651.04500000,43845.12000000,23580.99000000,40622.26500000,35346.01500000,23094.72000000,16993.98000000,25474.90500000,-0.66672104,-0.92292455,-2.71081752,-1.33743930,-1.51494026,-0.53280977,1.43649053,0.60314120,1.21566052
power_01,1,POWER,1,active,834,17.668269,-15653.20500000,43847.46000000,23589.58500000,40627.08000000,35359.02000000,23106.10500000,16988.62500000,25469.73000000,-3.62951267,0.78595756,0.34053896,1.10095641,1.69387649,1.79574453,-0.07303762,-1.34714059,1.34584560
power_01,1,POWER,1,active,835,17.670269,-15650.05500000,43852.77000000,23608.71000000,40643.05500000,35374.41000000,23117.31000000,16983.63000000,25467.88500000,-0.60987441,-0.87863662,1.94306840,0.64871147,0.53693725,0.51303377,-0.39350444,-1.88899338,0.92659497
power_01,1,POWER,1,active,836,17.672269,-15648.07500000,43864.47000000,23634.13500000,40668.66000000,35394.03000000,23129.05500000,16979.44500000,25468.78500000,2.37178085,-1.60974436,-0.97579708,-1.87253777,-2.50885262,-2.25899273,1.22336353,1.04540811,1.73330963
power_01,1,POWER,1,active,837,17.674269,-15653.11500000,43872.39000000,23657.76000000,40693.36500000,35406.49500000,23134.99500000,16973.50500000,25464.10500000,2.11321613,2.91384545,2.09037018,2.15794134,2.21600637,1.84854964,1.67115024,2.87621140,2.23591134
power_01,1,POWER,1,active,838,17.676269,-15654.37500000,43875.31500000,23665.54500000,40704.21000000,35405.14500000,23129.01000000,16973.95500000,25464.96000000,-0.41503501,1.40414118,2.12819208,1.82069878,1.67054255,1.54713545,-0.32379790,-0.45131730,1.22010753
power_01,1,POWER,1,active,839,17.678269,-15654.69000000,43871.71500000,23654.79000000,40696.78500000,35391.06000000,23116.09500000,16978.99500000,25468.56000000,1.42054773,0.85705200,-0.87308545,-0.44290278,-0.45634830,-0.47272256,1.35082638,1.86314746,0.96707908
power_01,1,POWER,1,active,840,17.680269,-15653.20500000,43868.07000000,23639.80500000,40683.10500000,35378.10000000,23107.18500000,16984.53000000,25474.72500000,4.06601844,1.74840645,-0.50024941,-0.43438817,1.00599371,1.43285886,1.86649635,4.12423638,1.89733097
power_01,1,POWER,1,active,841,17.682269,-15654.46500000,43859.70000000,23617.98000000,40661.23500000,35362.75500000,23098.09500000,16989.16500000,25476.52500000,2.36295638,1.90760411,3.53209202,2.73290183,3.58587804,3.85991130,-0.66196249,2.09363892,2.59211814
power_01,1,POWER,1,active,842,17.684269,-15656.31000000,43847.14500000,23588.95500000,40631.80500000,35344.71000000,23086.75500000,16994.29500000,25475.22000000,0.37449370,-1.39120966,0.42062466,0.07201446,-0.34398656,-0.24102681,-0.73020761,-0.90279432,0.55954472
power_01,1,POWER,1,active,843,17.686269,-15654.33000000,43846.78500000,23582.43000000,40621.99500000,35348.44500000,23093.73000000,16993.71000000,25474.54500000,-0.99078841,-5.00912869,-5.64850422,-5.61023154,-5.79504884,-5.02363457,-0.39688731,-3.76761528,4.03022986
power_01,1,POWER,1,active,844,17.688269,-15649.38000000,43855.11000000,23597.46000000,40634.01000000,35368.47000000,23111.46000000,16989.48000000,25476.52500000,1.59698752,0.15744591,1.45585082,0.86007428,1.11764011,1.13532429,-1.54218042,-1.35777878,1.15291027
power_01,1,POWER,1,active,845,17.690269,-15650.14500000,43859.97000000,23614.83000000,40650.34500000,35384.08500000,23122.26000000,16985.16000000,25473.51000000,2.48699162,1.44459986,4.32885027,4.13054463,3.32836785,2.78111986,-1.19833314,0.62704060,2.54073098
power_01,1,POWER,1,active,846,17.692269,-15647.98500000,43869.51000000,23638.54500000,40674.19500000,35401.50000000,23134.00500000,16981.38000000,25474.32000000,-0.21334070,-3.02173553,-2.99667422,-2.15389743,-3.79263209,-2.94202522,0.95148833,-0.31554103,2.04841682
power_01,1,POWER,1,active,847,17.694269,-15649.42500000,43877.52000000,23663.02500000,40698.27000000,35414.50500000,23140.62000000,16975.03500000,25471.48500000,0.33602854,-0.91917611,-1.36009267,-1.52093782,-1.89197849,-0.36659329,0.37336797,0.37704436,0.89315241
power_01,1,POWER,1,active,848,17.696269,-15651.31500000,43879.54500000,23669.91000000,40708.48500000,35411.13000000,23133.46500000,16975.98000000,25471.62000000,-0.91691961,0.13122384,0.98530075,0.11624623,-0.33666953,0.39893414,-1.35499426,-1.11314503,0.66917917
power_01,1,POWER,1,active,849,17.698269,-15654.64500000,43872.03000000,23656.32000000,40697.95500000,35394.03000000,23118.21000000,16980.61500000,25472.16000000,-3.11959106,-2.59867423,-4.19176713,-3.90257603,-4.83546738,-4.22715450,0.40805306,-2.24910011,3.19154794
power_01,1,POWER,1,active,850,17.701070,-15650.77500000,43867.93500000,23641.92000000,40684.27500000,35381.07000000,23109.88500000,16986.60000000,25478.19000000,-1.03133222,-1.57581720,-3.48887445,-3.49328321,-2.53062353,-1.68921478,1.00749559,-0.20593740,1.87782230
power_01,1,POWER,1,active,851,17.703070,-15649.74000000,43860.73500000,23621.08500000,40662.85500000,35365.95000000,23100.25500000,16992.36000000,25481.07000000,1.26273569,2.08505271,3.70445334,2.47147255,3.54169776,3.01827043,-0.59294045,0.78031591,2.18211736
power_01,1,POWER,1,active,852,17.705070,-15650.37000000,43850.92500000,23594.17500000,40636.44000000,35351.10000000,23091.16500000,16997.62500000,25483.32000000,-0.36521878,1.48810577,1.93064714,1.89470543,1.51351004,-0.21509266,-0.16175035,0.09570260,0.95809160
power_01,1,POWER,1,active,853,17.707070,-15647.67000000,43845.43500000,23585.44500000,40623.21000000,35352.31500000,23096.97000000,16996.05000000,25480.75500000,-2.28189656,-2.60189388,-4.12881210,-3.39898132,-2.73745033,-3.59798328,-0.54728203,-1.67183756,2.62076713
power_01,1,POWER,1,active,854,17.709070,-15648.48000000,43852.23000000,23597.68500000,40632.52500000,35369.86500000,23110.69500000,16992.63000000,25478.73000000,-1.48402133,-0.86535192,0.48366075,-0.14364121,1.43935757,0.46827781,-1.99027992,-2.71121484,1.19822567
power_01,1,POWER,1,active,855,17.711070,-15651.22500000,43859.92500000,23616.04500000,40650.79500000,35387.23500000,23121.49500000,16989.43500000,25476.25500000,-3.53309371,2.67878811,3.27692708,3.81034737,3.65767277,0.84457225,-0.36429120,-1.62287045,2.47357037
power_01,1,POWER,1,active,856,17.713070,-15649.11000000,43870.05000000,23640.12000000,40675.68000000,35405.91000000,23134.41000000,16985.65500000,25476.48000000,-3.41754602,1.77510685,-1.15421490,1.28549346,0.09789342,-1.42025594,1.95398093,0.65144836,1.46949249
power_01,1,POWER,1,active,857,17.715070,-15651.18000000,43877.61000000,23664.01500000,40699.30500000,35418.64500000,23140.53000000,16979.35500000,25472.34000000,0.65595536,1.75094456,0.31946083,1.14547028,1.18338637,2.29723237,0.52444734,1.20978750,1.13583558
power_01,1,POWER,1,active,858,17.717070,-15648.03000000,43882.69500000,23674.68000000,40713.57000000,35419.90500000,23137.24500000,16982.37000000,25476.57000000,1.41746980,2.73739730,3.24717296,2.92410592,2.87060293,3.35881051,-0.62569473,0.90911262,2.26129585
power_01,1,POWER,1,active,859,17.719070,-15647.17500000,43878.78000000,23663.20500000,40706.37000000,35405.37000000,23123.29500000,16987.95000000,25479.76500000,3.82798711,1.99438566,0.45726738,1.36159273,0.46973734,0.77861707,1.95697120,3.44791173,1.78680878
power_01,1,POWER,1,active,860,17.721070,-15648.70500000,43871.94000000,23644.03500000,40688.37000000,35388.45000000,23111.14500000,16992.99000000,25481.34000000,3.49978405,0.47851490,-2.13897714,-1.53365712,-1.11100567,0.15490672,1.36851465,2.61591916,1.61265992
power_01,1,POWER,1,active,861,17.723070,-15651.94500000,43861.41000000,23619.82500000,40663.48500000,35370.36000000,23098.41000000,16996.86000000,25480.93500000,-1.43522041,-0.87693982,-0.15793083,-1.48064126,-0.56965796,0.14289086,-2.19833494,-1.67366042,1.06690956
power_01,1,POWER,1,active,862,17.725070,-15648.61500000,43854.39000000,23596.60500000,40639.32000000,35357.76000000,23092.78500000,17002.66500000,25485.75000000,-0.99495380,-1.80747743,0.04444276,-1.39280063,-1.70030457,-1.24518835,-1.80094554,-0.86751393,1.23170338
power_01,1,POWER,1,active,863,17.727070,-15649.38000000,43851.78000000,23588.14500000,40627.84500000,35358.84000000,23099.58000000,17001.49500000,25484.22000000,0.36545547,-1.99118453,-2.21303473,-2.92660753,-3.28785851,-1.38748306,-0.73236355,0.76715233,1.70889246
power_01,1,POWER,1,active,864,17.729070,-15645.55500000,43860.42000000,23603.26500000,40639.77000000,35377.92000000,23117.58000000,16998.12000000,25486.24500000,-0.18731348,0.08623568,1.89990154,0.81667343,0.54944515,2.92786251,-1.70722105,0.22220803,1.04960761
power_01,1,POWER,1,active,865,17.731070,-15643.98000000,43868.83500000,23623.65000000,40658.80500000,35396.86500000,23130.63000000,16993.84500000,25484.80500000,1.40147799,2.05928016,5.21431678,4.58507199,3.58270338,3.76269724,-0.65251246,1.62078079,2.85985510
power_01,1,POWER,1,active,866,17.733070,-15644.20500000,43876.62000000,23645.65500000,40680.40500000,35412.66000000,23140.17000000,16989.84000000,25482.01500000,1.26394118,-0.43054390,-0.24322712,-0.03218391,-0.47077000,-1.15486333,1.48381922,0.97077205,0.75626509
power_01,1,POWER,1,active,867,17.735070,-15647.35500000,43882.92000000,23667.88500000,40703.22000000,35424.58500000,23144.80500000,16983.40500000,25477.33500000,-1.32832004,-2.91760312,-2.86387238,-3.06722187,-2.16268276,-2.36665404,0.47549343,-2.40786857,2.19871453
power_01,1,POWER,1,active,868,17.737070,-15648.21000000,43885.66500000,23674.90500000,40713.12000000,35422.24500000,23137.24500000,16984.98000000,25477.92000000,-1.56534344,-1.78145968,-0.71673943,-0.97743959,-0.23174764,-1.83503597,-0.64171471,-2.64041667,1.29873714
power_01,1,POWER,1,active,869,17.739070,-15648.21000000,43881.97500000,23664.24000000,40705.60500000,35408.61000000,23124.64500000,16989.52500000,25481.29500000,-0.04490757,-1.23106340,-2.88774038,-2.31919890,-1.71807594,-3.55162404,1.39719356,-0.41690820,1.69583900
power_01,1,POWER,1,active,870,17.741070,-15645.73500000,43877.70000000,23648.62500000,40691.79000000,35395.15500000,23116.45500000,16995.51000000,25487.14500000,1.66760031,-0.06536016,-2.17865732,-1.51227017,-0.11611080,-0.32779105,1.74580808,1.81399365,1.17844894
power_01,1,POWER,1,active,871,17.743070,-15648.48000000,43866.13500000,23623.60500000,40667.26500000,35376.21000000,23104.35000000,16999.06500000,25486.78500000,1.24279752,0.93921411,2.45060771,2.82927649,3.12357366,3.20992655,-0.48102722,1.14874240,1.92814571
power_01,1,POWER,1,active,872,17.745070,-15648.30000000,43856.46000000,23597.46000000,40641.12000000,35361.13500000,23096.29500000,17003.61000000,25489.08000000,-1.69127534,-2.18974957,-0.89044024,0.02333700,-1.48356495,-1.47984577,-0.90260092,-1.51846307,1.27240961
power_01,1,POWER,1,active,873,17.747070,-15645.24000000,43855.56000000,23591.20500000,40631.53500000,35365.14000000,23103.76500000,17002.66500000,25488.72000000,-0.82177117,-2.25499086,-3.30382091,-2.36941295,-3.01244821,-2.69669643,-0.25780692,-0.81734651,1.94178675
power_01,1,POWER,1,active,874,17.749070,-15641.10000000,43863.97500000,23607.22500000,40643.50500000,35383.27500000,23121.00000000,16998.88500000,25490.20500000,2.05873172,2.55464562,3.86818759,3.29578316,3.20476908,3.08685896,-0.55494850,0.68833252,2.41403214
power_01,1,POWER,1,active,875,17.751070,-15640.51500000,43872.12000000,23627.29500000,40662.13500000,35401.23000000,23134.41000000,16995.78000000,25489.21500000,1.47034813,3.76972596,6.34505763,5.43950227,3.78750149,3.50507280,0.49422110,1.39177547,3.27540061
power_01,1,POWER,1,active,876,17.753070,-15640.78500000,43880.26500000,23648.67000000,40684.00500000,35417.29500000,23143.41000000,16991.50500000,25486.24500000,-0.23119344,1.04241891,-0.23667728,0.21945277,-0.77796715,-0.82812266,2.70091229,1.11773529,0.89430997
power_01,1,POWER,1,active,877,17.755070,-15644.97000000,43885.17000000,23670.22500000,40705.96500000,35428.90500000,23147.46000000,16983.81000000,25480.03500000,-2.05133176,-1.13748536,-2.89715266,-2.62024972,-1.35732149,-1.95251034,0.65089610,-2.41110669,1.88475677
power_01,1,POWER,1,active,878,17.757070,-15646.45500000,43886.92500000,23676.88500000,40715.59500000,35425.84500000,23140.30500000,16984.62000000,25480.93500000,-3.18322628,-1.53593575,-1.03760423,-1.50817054,-0.45248668,-1.45530034,-1.87076262,-3.44255542,1.81075523
power_01,1,POWER,1,active,879,17.759070,-15646.72500000,43882.33500000,23665.23000000,40707.49500000,35411.44500000,23127.34500000,16989.61500000,25484.22000000,-1.19444841,-1.00122300,-3.05662422,-2.70885013,-2.13200295,-2.36992311,0.84511881,0.07600199,1.67302408
power_01,1,POWER,1,active,880,17.761070,-15646.14000000,43876.12500000,23648.13000000,40690.93500000,35395.33500000,23117.08500000,16993.84500000,25487.41500000,0.93589419,0.09577682,-2.73322302,-2.59286160,-1.10071868,-0.15978795,1.23008556,1.66003779,1.31354820
power_01,1,POWER,1,active,881,17.763070,-15643.98000000,43869.96000000,23628.73500000,40670.68500000,35382.10500000,23109.79500000,16998.84000000,25491.42000000,1.55571882,2.31048734,3.61445119,2.26121064,3.32845172,4.12377267,-1.25728027,1.25315831,2.46306637
power_01,1,POWER,1,active,882,17.765070,-15646.14000000,43858.89000000,23600.74500000,40642.15500000,35365.23000000,23099.94000000,17004.33000000,25492.00500000,0.93386665,1.68484687,2.50694310,1.74584106,1.60654972,1.54784228,-0.01314641,1.17565385,1.40183624
power_01,1,POWER,1,active,883,17.767070,-15641.86500000,43855.60500000,23594.35500000,40630.86000000,35367.25500000,23108.31000000,17002.30500000,25491.64500000,-0.36122729,-2.08097303,-3.19714713,-3.32716318,-3.31638337,-2.13927779,0.37234198,-0.28453816,1.88488149
power_01,1,POWER,1,active,884,17.769070,-15645.60000000,43859.65500000,23605.38000000,40639.00500000,35381.61000000,23119.69500000,16997.98500000,25488.00000000,-0.29827615,-1.05013074,1.14656948,0.06386499,-0.28988903,1.03850122,-1.71695302,-1.34957556,0.86922002
power_01,1,POWER,1,active,885,17.771070,-15644.70000000,43870.09500000,23625.81000000,40660.51500000,35400.55500000,23132.79000000,16995.55500000,25488.36000000,-1.89866635,1.99839916,3.75468213,4.74091456,2.16287926,0.53865505,-0.03891919,-0.21689091,1.91875083
power_01,1,POWER,1,active,886,17.773070,-15641.95500000,43882.83000000,23651.10000000,40686.21000000,35420.44500000,23146.51500000,16992.36000000,25490.43000000,-0.25258067,2.97144902,-0.19955463,3.02455163,0.32648967,-0.99767613,3.07516816,2.83737337,1.71060541
power_01,1,POWER,1,active,887,17.775070,-15644.34000000,43890.70500000,23675.62500000,40710.42000000,35433.40500000,23152.68000000,16985.02500000,25487.10000000,2.88797506,3.57870837,1.50719861,2.39609797,2.47614225,2.84071010,0.97271398,3.28831010,2.49348205
power_01,1,POWER,1,active,888,17.777070,-15645.73500000,43891.78500000,23682.51000000,40719.78000000,35430.30000000,23145.97500000,16986.42000000,25487.46000000,-0.26081888,0.69596765,1.89688798,1.15324168,1.62405914,1.13066134,-1.71972962,-0.64992979,1.14141201
power_01,1,POWER,1,active,889,17.779070,-15645.96000000,43887.51000000,23670.76500000,40711.32000000,35416.48500000,23132.74500000,16991.73000000,25489.71000000,0.46499648,-1.88420147,-2.70609307,-2.62547816,-2.02425485,-2.15746084,0.66121709,-0.66678113,1.64881039
power_01,1,POWER,1,active,890,17.781070,-15644.83500000,43881.79500000,23652.49500000,40694.53500000,35400.33000000,23121.18000000,16996.95000000,25492.09500000,2.46231439,-1.06435607,-3.36101060,-3.35582472,-0.80473978,-0.68666220,1.10759103,-0.00370420,1.60577537
power_01,1,POWER,1,active,891,17.783070,-15639.88500000,43862.94000000,23625.76500000,40663.03500000,35376.07500000,23106.24000000,16997.62500000,25488.81000000,2.44200739,-3.58651201,-0.90216268,-2.93079362,-1.27646933,-0.75162274,-2.83263999,-3.59208893,2.28928709
power_01,1,POWER,1,active,892,17.785070,-15644.29500000,43857.04500000,23600.88000000,40639.63500000,35364.10500000,23099.40000000,17005.18500000,25492.72500000,1.94695555,-6.87699882,-2.58877497,-5.07470224,-4.88310874,-3.56333047,-2.80305177,-3.93515675,3.95900991
power_01,1,POWER,1,active,893,17.787070,-15640.74000000,43859.52000000,23597.73000000,40634.05500000,35371.89000000,23110.69500000,17005.86000000,25495.78500000,-2.63460072,-0.68680068,-2.29928388,-1.15363827,-0.77247152,-1.24151217,1.03765147,0.65780514,1.31047048
power_01,1,POWER,1,active,894,17.789070,-15638.35500000,43852.32000000,23601.55500000,40630.86000000,35377.20000000,23117.08500000,16996.00500000,25484.71500000,-0.82241282,0.79111603,1.84468421,2.03083000,2.47315166,2.44894167,-1.29803715,-0.50941198,1.52732319
power_01,1,POWER,1,active,895,17.791070,-15642.85500000,43867.93500000,23623.51500000,40654.71000000,35400.19500000,23131.21500000,16993.48500000,25486.47000000,-0.76363712,-3.75082625,-0.16663339,-1.65577576,-2.01264144,-1.86456222,-3.84649312,-4.35021528,2.30134807
power_01,1,POWER,1,active,896,17.793070,-15641.19000000,43887.42000000,23652.49500000,40686.43500000,35425.21500000,23147.82000000,16992.22500000,25492.63500000,-5.00870514,7.71500454,1.69455881,5.61592972,3.92277792,0.79058089,2.88289806,4.63317295,4.03295350
power_01,1,POWER,1,active,897,17.795070,-15642.72000000,43894.71000000,23676.79500000,40710.33000000,35438.22000000,23153.26500000,16985.02500000,25488.85500000,-0.59384906,11.18923628,6.16213063,9.29638197,8.35471757,6.39408503,3.48709893,8.04289658,6.69004951
power_01,1,POWER,1,active,898,17.797070,-15647.08500000,43892.73000000,23680.30500000,40716.72000000,35431.78500000,23142.60000000,16985.38500000,25486.06500000,-1.11082825,-0.60486796,1.58163289,0.64066912,0.08785915,0.09311100,-1.50187228,-1.17129197,0.84901658
power_01,1,POWER,1,active,899,17.799070,-15647.98500000,43886.70000000,23667.93000000,40707.81000000,35416.08000000,23128.92000000,16990.11000000,25488.27000000,-3.15041856,-2.82582900,-3.28928692,-2.64426609,-3.92433063,-3.57649886,1.26441278,-1.13507828,2.72626514
power_01,1,POWER,1,active,900,17.800239,-15646.59000000,43880.67000000,23651.37000000,40692.42000000,35401.18500000,23119.96500000,16994.25000000,25491.69000000,1.71652268,-2.50785112,-2.52907609,-2.62315072,-2.57040777,0.20265516,1.41606882,0.94714519,1.81410969
power_01,1,POWER,1,active,901,17.802239,-15642.76500000,43876.39500000,23632.78500000,40674.01500000,35388.72000000,23114.25000000,17000.46000000,25497.54000000,3.31419386,0.31924006,3.65161441,2.30233034,2.34631350,4.76671592,-0.87490118,0.76309053,2.29229997
power_01,1,POWER,1,active,902,17.804239,-15642.31500000,43867.57500000,23607.22500000,40648.09500000,35374.14000000,23105.83500000,17006.49000000,25500.28500000,3.50593873,2.11849241,3.61651832,3.24329495,2.08047299,3.03090572,1.37092530,2.53432108,2.68760869
power_01,1,POWER,1,active,903,17.806239,-15642.40500000,43864.92000000,23599.71000000,40636.48500000,35376.30000000,23112.54000000,17006.13000000,25498.75500000,1.27838752,-2.82076280,-3.06653874,-3.88738966,-3.72858812,-2.50656892,1.39020541,-0.27397137,2.36905157
power_01,1,POWER,1,active,904,17.808239,-15644.34000000,43866.90000000,23609.29500000,40642.78500000,35389.12500000,23124.64500000,17001.40500000,25492.59000000,-1.86579573,-3.23725193,-0.96645634,-2.81208964,-1.91136012,-0.87160244,-0.95289602,-4.07704245,2.08681183
power_01,1,POWER,1,active,905,17.810239,-15642.99000000,43875.67500000,23629.63500000,40661.77500000,35407.39500000,23139.00000000,16997.89500000,25492.54500000,-1.20958118,-2.58102739,0.65768194,-0.67541282,-1.29679942,-0.54207448,-0.87788204,-4.00390559,1.48054561
power_01,1,POWER,1,active,906,17.812239,-15639.84000000,43887.60000000,23655.64500000,40687.15500000,35425.75500000,23152.68000000,16994.61000000,25494.57000000,1.04868454,-1.42366636,-1.87611430,-2.20683551,-2.88626859,-1.79993361,1.12864092,0.39880923,1.59611913
power_01,1,POWER,1,active,907,17.814239,-15643.62000000,43893.72000000,23678.23500000,40709.20500000,35436.87000000,23156.37000000,16986.69000000,25489.62000000,1.79084543,0.63743353,-0.03596869,-1.18196416,-0.47710318,0.33301833,-0.25648338,1.46810460,0.77261516
power_01,1,POWER,1,active,908,17.816239,-15642.63000000,43899.25500000,23688.04500000,40722.07500000,35437.18500000,23151.51000000,16988.62500000,25493.53500000,-0.46285025,-0.10715024,0.69765728,-0.47594006,0.32951947,-1.48137560,-2.80471586,-1.42040760,0.97245205
power_01,1,POWER,1,active,909,17.818239,-15643.17000000,43895.61000000,23677.11000000,40714.92000000,35423.28000000,23138.01000000,16994.38500000,25496.28000000,0.65338163,1.50042863,-1.13964699,-0.25296291,0.43017840,-2.58304647,0.46863234,1.62845638,1.08209172
power_01,1,POWER,1,active,910,17.820239,-15644.52000000,43886.38500000,23655.64500000,40694.44500000,35404.47000000,23124.19500000,16998.88500000,25496.46000000,0.79087242,0.61768020,-3.11498160,-1.77131729,-0.01291410,-1.83952318,1.30576430,0.88121095,1.29178300
power_01,1,POWER,1,active,911,17.822239,-15636.15000000,43872.61500000,23631.75000000,40667.17500000,35385.34500000,23113.93500000,17001.31500000,25496.73000000,0.65745769,-2.87270604,-2.11046885,-2.71236710,-0.34834501,-1.32296769,-2.70880950,-3.58729800,2.04005248
power_01,1,POWER,1,active,912,17.824239,-15637.09500000,43871.80500000,23610.19500000,40648.45500000,35377.06500000,23110.15500000,17010.36000000,25503.57000000,3.81438803,-0.38842437,0.21196102,0.26456976,1.02014587,0.35049291,-0.99018545,-0.07668147,0.88960611
power_01,1,POWER,1,active,913,17.826239,-15637.05000000,43874.28000000,23605.60500000,40641.39000000,35382.28500000,23118.93000000,17010.54000000,25504.47000000,-1.47562316,4.86614659,0.20835844,3.60714836,2.76623944,1.00181499,2.48331729,2.92388159,2.41656623
power_01,1,POWER,1,active,914,17.828239,-15636.60000000,43879.32000000,23617.48500000,40650.43500000,35397.72000000,23132.65500000,17005.81500000,25501.86000000,-4.39163002,4.90517767,3.15282517,5.25135098,4.31306556,2.87565131,-0.00987498,0.57180750,3.18392290
power_01,1,POWER,1,active,915,17.830239,-15636.42000000,43886.29500000,23635.66500000,40667.80500000,35414.86500000,23143.68000000,17001.58500000,25499.56500000,-1.63278873,0.34166207,2.90856807,3.28908027,1.72762076,1.07070302,-1.45551054,-1.23020723,1.70701759
power_01,1,POWER,1,active,916,17.832239,-15637.45500000,43893.58500000,23656.77000000,40689.13500000,35429.31000000,23152.32000000,16996.68000000,25497.81000000,-3.29448096,-2.25148696,-3.03682158,-1.45258194,-2.88108586,-3.34588544,0.76639630,-0.47833356,2.18838407
power_01,1,POWER,1,active,917,17.834239,-15641.32500000,43898.89500000,23678.59500000,40711.18500000,35440.02000000,23156.77500000,16988.85000000,25492.05000000,-2.89486018,-3.74509455,-3.16519764,-3.47935136,-3.69110415,-1.95494489,-1.16942971,-1.57963742,2.70995249
power_01,1,POWER,1,active,918,17.836239,-15639.61500000,43903.17000000,23688.31500000,40724.19000000,35440.29000000,23152.32000000,16990.60500000,25496.68500000,-1.66033661,-2.78352835,0.60639486,-0.64480728,-1.02463786,0.37219128,-2.56842472,-1.88828839,1.44357617
power_01,1,POWER,1,active,919,17.838239,-15640.38000000,43898.08500000,23677.24500000,40715.73000000,35425.35000000,23138.73000000,16995.87000000,25498.93500000,0.75736231,-0.19426811,0.34937722,0.05238120,-0.19820584,0.22615068,1.34722794,2.39079310,0.68947080
power_01,1,POWER,1,active,920,17.840239,-15643.21500000,43887.78000000,23655.96000000,40695.97500000,35406.58500000,23125.23000000,16999.92000000,25498.03500000,0.96713937,-1.68718963,-1.58145307,-2.62496765,-1.55310510,0.22797910,1.56237458,0.84302761,1.38090451
power_01,1,POWER,1,active,921,17.842239,-15641.95500000,43879.86000000,23634.22500000,40673.11500000,35390.74500000,23115.28500000,17003.88000000,25499.83500000,-1.12347848,-1.15389097,1.02353336,-0.46794839,0.68238858,1.65011693,-1.22045421,-2.64006434,1.24523441
power_01,1,POWER,1,active,922,17.844239,-15640.96500000,43871.58000000,23609.43000000,40647.33000000,35376.52500000,23108.17500000,17008.69500000,25502.98500000,1.77729373,1.41203668,2.37959102,0.98619885,1.09909358,1.26365435,-0.28701134,0.62759888,1.22905980
power_01,1,POWER,1,active,923,17.846239,-15638.44500000,43871.35500000,23604.43500000,40639.14000000,35380.39500000,23117.35500000,17008.15500000,25503.07500000,2.26747383,1.16021136,-0.19131410,-0.93131458,-1.04729099,0.38335863,0.92524681,1.77697016,1.08539756
power_01,1,POWER,1,active,924,17.848239,-15636.55500000,43877.74500000,23617.89000000,40648.90500000,35398.30500000,23133.19500000,17004.64500000,25501.41000000,2.18774577,2.96553920,3.77071601,3.05239329,3.19914514,4.39065797,0.27530520,0.74052018,2.57275285
power_01,1,POWER,1,active,925,17.850239,-15636.10500000,43884.49500000,23636.83500000,40666.63500000,35415.99000000,23145.34500000,16999.78500000,25499.20500000,2.88310008,3.26143015,5.21465711,4.54028569,4.50573460,3.81990784,0.75858723,1.05140253,3.25438815
power_01,1,POWER,1,active,926,17.852239,-15634.84500000,43894.08000000,23661.04500000,40690.26000000,35434.48500000,23156.59500000,16995.28500000,25499.02500000,1.39181702,0.11643771,-1.06458192,-0.48265109,-0.32247852,-1.18399985,1.80997344,1.35393135,0.96573386
power_01,1,POWER,1,active,927,17.854239,-15638.76000000,43899.21000000,23683.63500000,40712.53500000,35445.10500000,23160.78000000,16988.89500000,25493.98500000,0.81193388,-0.17743738,-0.83548646,-0.87133607,-0.18563673,-0.36487523,0.72204793,0.81589118,0.59808061
power_01,1,POWER,1,active,928,17.856239,-15639.79500000,43900.42500000,23690.52000000,40722.88500000,35441.73000000,23153.53500000,16991.01000000,25495.38000000,-1.37245194,-0.88212445,0.30121125,0.04457790,-0.66778717,-1.06462725,-0.21279663,-1.18802205,0.71669983
power_01,1,POWER,1,active,929,17.858239,-15638.94000000,43896.46500000,23680.17000000,40715.59500000,35427.06000000,23140.53000000,16995.87000000,25498.89000000,-0.58665797,-1.10743875,-2.91740348,-1.33881196,-3.35970296,-3.41193242,1.86965594,0.68685696,1.90980756
power_01,1,POWER,1,active,930,17.860239,-15635.65500000,43892.82000000,23664.69000000,40702.09500000,35413.96500000,23132.61000000,17001.54000000,25504.42500000,2.40967867,1.94332092,-1.42096846,0.14689693,-0.36220694,0.03774795,1.89404449,3.06513171,1.40999951
power_01,1,POWER,1,active,931,17.862239,-15634.66500000,43882.02000000,23640.34500000,40675.99500000,35395.51500000,23121.49500000,17005.54500000,25504.69500000,1.56308918,2.55983228,1.93874947,2.33225275,2.63454656,2.75300654,-0.85106761,0.78668007,1.92740306
power_01,1,POWER,1,active,932,17.864239,-15639.39000000,43870.68000000,23611.68000000,40647.28500000,35378.46000000,23110.83000000,17010.36000000,25503.66000000,-1.85447188,-1.31364620,-2.32296151,-2.06351451,-2.04432290,-2.32862372,-1.08982437,-2.15971470,1.89713497
power_01,1,POWER,1,active,933,17.866239,-15638.94000000,43872.34500000,23607.18000000,40640.44500000,35384.17500000,23120.50500000,17010.58500000,25504.92000000,-5.30289483,-2.34564757,-5.75888527,-4.58504944,-4.26886602,-4.70321864,-0.38112098,-2.77534475,3.76512844
power_01,1,POWER,1,active,934,17.868239,-15634.30500000,43881.93000000,23622.97500000,40653.36000000,35403.93000000,23138.59500000,17007.57000000,25507.26000000,-1.79754002,3.23285864,2.43621808,3.42918747,3.51251675,2.90090970,-0.68795555,0.53243388,2.31620251
power_01,1,POWER,1,active,935,17.870239,-15633.31500000,43889.35500000,23641.69500000,40670.73000000,35421.43500000,23150.70000000,17002.62000000,25505.64000000,2.14912424,3.64068046,5.00977701,5.01571540,4.66657623,3.54885996,-0.67901366,1.99204140,3.33772355
power_01,1,POWER,1,active,936,17.872239,-15635.65500000,43894.89000000,23661.04500000,40690.35000000,35434.35000000,23157.45000000,16995.87000000,25500.19500000,-0.56065029,-2.44520327,-3.30217147,-2.82793139,-2.94536207,-3.55546626,-0.79109671,-1.26078103,2.21108281
power_01,1,POWER,1,active,937,17.874239,-15639.52500000,43901.05500000,23683.50000000,40713.03000000,35444.79000000,23161.59000000,16987.45500000,25494.34500000,-2.22718237,-4.22967901,-4.02517868,-4.30398345,-4.10286432,-3.60471342,-2.93676921,-4.34802488,3.72229942
power_01,1,POWER,1,active,938,17.876239,-15644.52000000,43899.25500000,23686.69500000,40719.10500000,35438.08500000,23150.97000000,16987.00500000,25491.87000000,-3.10455678,-3.82512999,-1.15649553,-2.42713217,-2.82849353,-2.67882416,-3.94548824,-5.08965473,3.13197189
power_01,1,POWER,1,active,939,17.878239,-15644.29500000,43895.07000000,23675.62500000,40711.68000000,35423.73000000,23139.22500000,16992.18000000,25495.47000000,-2.29279256,-3.83965335,-3.51404427,-3.68574950,-3.96201482,-3.68555642,-0.23544602,-1.94290755,2.89477056
power_01,1,POWER,1,active,940,17.880239,-15640.65000000,43891.33500000,23661.22500000,40698.67500000,35411.08500000,23132.29500000,16998.84000000,25501.63500000,2.70942313,0.14808067,-0.11029809,-0.12453745,0.76849118,2.14767358,2.49096015,2.87943304,1.42236216
power_01,1,POWER,1,active,941,17.882239,-15641.10000000,43883.28000000,23639.13000000,40675.45500000,35394.48000000,23121.45000000,17003.97000000,25503.12000000,4.30387885,4.03596128,6.99524842,5.79303804,6.55619474,6.76546527,1.74575151,3.86052717,5.00700816
power_01,1,POWER,1,active,942,17.884239,-15643.44000000,43871.98500000,23610.42000000,40646.97000000,35377.47000000,23111.82000000,17009.37000000,25503.16500000,0.72518771,0.90082220,2.50110643,1.58130556,1.66296920,0.65610758,1.77391026,1.12111524,1.36531552
power_01,1,POWER,1,active,943,17.886239,-15635.07000000,43873.47000000,23608.08000000,40640.76000000,35383.59000000,23124.55500000,17010.54000000,25506.81000000,1.62025903,-0.92477744,-1.71571634,-1.70712799,-1.40057274,-0.55015195,2.45671946,1.39685668,1.47152270
power_01,1,POWER,1,active,944,17.888239,-15628.05000000,43859.38500000,23609.61000000,40632.03000000,35383.63500000,23129.01000000,16998.25500000,25493.22000000,7.43744315,-3.20426954,1.91577048,-1.25730794,-0.29532977,2.90365765,-1.11774816,-0.32048323,2.30650124
power_01,1,POWER,1,active,945,17.890239,-15628.14000000,43859.07000000,23623.69500000,40642.69500000,35394.84000000,23135.98500000,16988.89500000,25486.11000000,5.62826948,-12.19151735,-3.30685051,-9.06528945,-7.93354416,-4.96185679,-6.27383854,-7.57871381,7.11748501
power_01,1,POWER,1,active,946,17.892239,-15627.55500000,43870.68000000,23648.76000000,40669.24500000,35414.82000000,23148.85500000,16987.18500000,25486.74000000,-0.35292102,-6.16857926,-5.07400072,-5.85598034,-5.30393375,-5.53248485,-1.88612295,-3.08766794,4.15771135
power_01,1,POWER,1,active,947,17.894239,-15629.26500000,43882.96500000,23675.76000000,40698.18000000,35432.91000000,23158.03500000,16982.82000000,25486.38000000,-1.48830374,8.42740606,4.55415739,7.74734051,8.07354396,4.93507733,4.08117572,5.51587676,5.60286018
power_01,1,POWER,1,active,948,17.896239,-15635.79000000,43899.84000000,23689.03500000,40720.36500000,35442.18000000,23157.99000000,16989.93000000,25496.28000000,-4.98292170,13.85293264,8.33177666,12.98238871,12.83555431,7.15197123,4.20665986,6.77021859,8.88930296
power_01,1,POWER,1,active,949,17.898239,-15638.49000000,43902.81000000,23681.43000000,40719.01500000,35433.54000000,23149.26000000,16997.53500000,25503.57000000,-8.18079907,19.06452321,7.10225615,15.13246145,13.85629405,6.91721212,7.72117501,11.44630534,11.17762830
power_01,1,POWER,1,active,950,17.900713,-15637.99500000,43897.54500000,23664.24000000,40703.31000000,35418.28500000,23139.49500000,17003.02500000,25506.85500000,-4.70225412,12.97205037,3.92619878,9.24746003,8.46660419,5.68864865,5.78044834,8.16377045,7.36842937
power_01,1,POWER,1,active,951,17.902713,-15637.59000000,43889.31000000,23642.46000000,40681.30500000,35403.03000000,23130.27000000,17009.01000000,25509.06000000,-1.94295118,2.57623918,2.44658352,2.60423013,2.25109742,2.35982385,-0.82098718,-0.36536025,1.92090909
power_01,1,POWER,1,active,952,17.904713,-15638.13000000,43877.88000000,23615.28000000,40653.58500000,35388.18000000,23121.18000000,17014.95000000,25509.55500000,-1.85631920,-1.85841732,-0.82056503,-1.25536199,-2.03212444,-2.27872702,-0.53570633,-2.16632243,1.60044297
power_01,1,POWER,1,active,953,17.906713,-15634.62000000,43878.28500000,23611.50000000,40646.52000000,35393.71500000,23130.45000000,17014.36500000,25510.90500000,-0.33473439,-8.15699088,-6.57672699,-8.18021558,-8.04919411,-6.51242837,-1.77633004,-4.69842349,5.53563048
power_01,1,POWER,1,active,954,17.908713,-15635.83500000,43882.33500000,23622.21000000,40653.00000000,35406.72000000,23142.28500000,17008.92000000,25507.03500000,1.19615841,-6.57546425,-2.08008425,-5.42334706,-5.71221453,-3.15075487,-4.83171870,-5.26366882,4.27917636
power_01,1,POWER,1,active,955,17.910713,-15633.27000000,43891.02000000,23642.77500000,40672.84500000,35425.30500000,23156.05500000,17005.23000000,25506.40500000,1.24292741,-5.98883428,-1.01159738,-4.34291926,-6.20848438,-3.50367698,-4.47389432,-5.20135045,3.99671056
power_01,1,POWER,1,active,956,17.912713,-15629.17500000,43903.75500000,23668.33500000,40699.26000000,35445.51000000,23169.73500000,17002.71000000,25508.52000000,4.09774699,-7.35373982,-5.26737702,-7.19552704,-8.43707062,-4.93130869,-1.90532878,-3.19793136,5.29825379
power_01,1,POWER,1,active,957,17.914713,-15632.68500000,43910.68500000,23690.34000000,40721.49000000,35455.36500000,23173.60500000,16995.64500000,25503.34500000,5.07654026,-4.21315843,-3.02306765,-4.88091755,-4.93753089,-1.26359431,-1.87527522,-1.63060224,3.36258582
power_01,1,POWER,1,active,958,17.916713,-15632.50500000,43913.56500000,23698.57500000,40732.56000000,35454.15000000,23168.07000000,16997.44500000,25506.27000000,1.02923909,-6.23124354,-3.01738271,-5.94716570,-6.14645724,-3.13269838,-4.28889988,-5.10104205,4.36176607
power_01,1,POWER,1,active,959,17.918713,-15634.71000000,43906.90500000,23685.61500000,40722.66000000,35438.35500000,23153.53500000,17002.71000000,25507.53000000,1.06236430,-6.65999084,-5.02131374,-6.63697417,-6.12790064,-4.26922451,-1.37362850,-2.58164148,4.21662977
power_01,1,POWER,1,active,960,17.920713,-15631.83000000,43903.57500000,23671.08000000,40708.71000000,35425.93500000,23147.32500000,17009.55000000,25513.60500000,1.56641469,-3.90478073,-3.65881420,-4.69921777,-2.37528755,-0.59747951,0.60555966,-0.24290974,2.20630798
power_01,1,POWER,1,active,961,17.922713,-15630.52500000,43892.37000000,23647.68000000,40683.42000000,35408.16000000,23137.02000000,17012.83500000,25514.32500000,0.97258739,-1.27252060,1.51687561,-0.37790563,1.75548895,3.22712792,-1.57177446,-1.02450560,1.46484827
power_01,1,POWER,1,active,962,17.924713,-15633.90000000,43881.48000000,23618.74500000,40655.34000000,35391.60000000,23127.61500000,17017.33500000,25513.69500000,-0.69531958,-1.37785504,-0.21897878,-0.31391090,0.40145303,0.27356817,-1.22008079,-0.91457254,0.67696735
power_01,1,POWER,1,active,963,17.926713,-15633.36000000,43882.02000000,23613.34500000,40648.18500000,35396.86500000,23136.88500000,17016.97500000,25514.28000000,-4.96276964,-1.42090325,-4.98214728,-2.16491002,-2.01090263,-2.95530670,0.14945375,-1.62279315,2.53364830
power_01,1,POWER,1,active,964,17.928713,-15630.97500000,43888.41000000,23626.98000000,40658.35500000,35413.42500000,23152.18500000,17012.47500000,25513.74000000,-2.42592502,5.15616625,3.55289141,6.17946272,5.77045503,3.99681728,0.52809085,1.84971389,3.68244030
power_01,1,POWER,1,active,965,17.930713,-15626.88000000,43899.57000000,23649.30000000,40679.14500000,35434.30500000,23167.62000000,17009.50500000,25514.95500000,1.29542308,7.00450580,7.43239812,8.80339116,7.63791028,4.77668310,1.46128784,4.09501203,5.31332643
power_01,1,POWER,1,active,966,17.932713,-15628.23000000,43908.07500000,23671.26000000,40701.15000000,35451.13500000,23177.52000000,17005.68000000,25512.79500000,0.93094276,4.95103282,1.88828365,3.73083005,3.43566175,0.81719846,3.88257718,4.03154082,2.95850844
power_01,1,POWER,1,active,967,17.934713,-15633.76500000,43913.65500000,23693.04000000,40723.06500000,35461.71000000,23181.48000000,16999.06500000,25506.85500000,-1.28634796,2.99474070,0.91795326,1.83144111,2.80687497,0.91050109,2.53459729,1.50193090,1.84804841
power_01,1,POWER,1,active,968,17.936713,-15634.62000000,43916.31000000,23700.24000000,40733.50500000,35457.75000000,23174.37000000,17001.09000000,25508.52000000,-3.34219263,0.35346980,1.12127106,0.98953720,0.23145026,-1.11437947,-0.12766901,-1.89650483,1.14705928
power_01,1,POWER,1,active,969,17.938713,-15632.77500000,43912.93500000,23690.20500000,40726.44000000,35444.79000000,23163.07500000,17007.25500000,25512.57000000,0.78192220,1.59490279,0.07915279,0.85789326,-0.84177282,-1.37632901,2.63536347,1.86031423,1.25345632
power_01,1,POWER,1,active,970,17.940713,-15629.22000000,43909.78500000,23675.58000000,40713.16500000,35432.68500000,23155.69500000,17013.15000000,25518.51000000,4.00556166,2.71261025,0.93260450,1.39021519,2.07896453,1.86624753,2.85450639,3.86666056,2.46342133
power_01,1,POWER,1,active,971,17.942713,-15628.81500000,43901.82000000,23653.48500000,40691.11500000,35417.79000000,23146.60500000,17018.19000000,25520.35500000,2.90657014,3.89805110,5.01664864,4.83470277,5.74717716,4.66325271,-0.12987661,2.23065399,3.67836664
power_01,1,POWER,1,active,972,17.944713,-15628.99500000,43892.37000000,23626.80000000,40664.38500000,35402.76000000,23139.36000000,17024.89500000,25522.92000000,0.55801266,1.82827114,1.80874558,2.53335655,2.10272797,0.97552901,0.51250190,1.32059528,1.45496751
power_01,1,POWER,1,active,973,17.946713,-15629.71500000,43888.90500000,23618.43000000,40653.13500000,35403.70500000,23144.58000000,17023.59000000,25520.67000000,-2.39543327,-2.42632927,-4.63170448,-3.52403133,-3.64368425,-3.27481194,0.84020333,-0.53923358,2.65942893
power_01,1,POWER,1,active,974,17.948713,-15626.61000000,43897.09500000,23633.50500000,40664.20500000,35421.93000000,23161.41000000,17019.27000000,25521.93000000,-1.76789552,-0.01113911,0.62812422,0.47175169,0.18309722,0.51627801,-1.52945119,-0.52162029,0.70366966
power_01,1,POWER,1,active,975,17.950713,-15626.34000000,43904.79000000,23652.99000000,40682.07000000,35439.97500000,23174.59500000,17015.17500000,25520.53500000,-0.06897665,1.75461357,3.89911293,2.97348678,2.38290087,2.01570028,-1.55406170,0.84693494,1.93697346
power_01,1,POWER,1,active,976,17.952713,-15627.19500000,43912.71000000,23674.45500000,40704.12000000,35456.22000000,23184.94500000,17010.72000000,25518.15000000,-0.65207634,-1.49771352,-2.24103065,-2.28897192,-2.12747193,-1.38166830,0.36515780,0.20193453,1.34450312
power_01,1,POWER,1,active,977,17.954713,-15631.87500000,43918.06500000,23696.23500000,40726.62000000,35466.84000000,23189.31000000,17003.38500000,25512.16500000,-1.99501636,-3.53294852,-3.57738987,-3.73574424,-3.13559647,-1.65042706,-1.52378857,-3.09851552,2.78117833
power_01,1,POWER,1,active,978,17.956713,-15631.51500000,43921.98000000,23704.02000000,40737.55500000,35464.99500000,23183.73000000,17004.78000000,25515.63000000,-1.77806180,-2.67217050,-0.66495425,-1.61166358,-1.88388431,-0.93890285,-3.22994417,-3.67932835,2.05736373
power_01,1,POWER,1,active,979,17.958713,-15632.64000000,43915.00500000,23691.28500000,40726.75500000,35448.48000000,23169.55500000,17010.31500000,25516.30500000,0.68238392,-2.26092570,-2.56430342,-3.25842590,-3.58816604,-2.58191994,-0.14401082,-0.71809980,1.97477944
power_01,1,POWER,1,active,980,17.960713,-15630.34500000,43911.27000000,23675.08500000,40711.63500000,35433.63000000,23161.14000000,17015.44500000,25520.31000000,2.04262689,-1.79511629,-2.65342693,-3.81069716,-2.78087348,-1.01602343,0.78988312,-0.66174693,1.94379928
power_01,1,POWER,1,active,981,17.962713,-15632.91000000,43901.05500000,23650.65000000,40687.38000000,35415.81000000,23149.57500000,17019.94500000,25520.67000000,1.19483461,1.06578586,2.38498521,1.24322168,1.45088135,2.36481243,-1.29392674,-1.19931440,1.52472028
power_01,1,POWER,1,active,982,17.964713,-15629.44500000,43895.07000000,23627.11500000,40664.25000000,35405.10000000,23144.98500000,17027.05500000,25525.98000000,0.32064862,1.14124088,1.06600532,1.69098664,1.02535144,-0.07555896,0.22732298,0.52535449,0.75905867
power_01,1,POWER,1,active,983,17.966713,-15628.09500000,43893.49500000,23621.58000000,40655.16000000,35409.96000000,23153.22000000,17026.02000000,25525.26000000,1.22771733,0.56559125,-1.18906015,-0.04022113,0.81001904,-0.58655100,1.98745115,1.87571007,1.03529014
power_01,1,POWER,1,active,984,17.968713,-15627.33000000,43898.76000000,23634.27000000,40663.44000000,35426.20500000,23167.35000000,17021.16000000,25522.96500000,1.13188693,2.35082272,3.72413716,3.31707910,4.53714777,3.09765632,-0.28209130,0.96146956,2.42528636
power_01,1,POWER,1,active,985,17.970713,-15627.46500000,43906.32000000,23652.90000000,40681.35000000,35443.62000000,23178.55500000,17016.84000000,25521.34500000,-0.56243818,1.22675712,3.59102491,2.99417439,2.87676660,0.75493378,-0.56696564,-0.07415058,1.58090140
power_01,1,POWER,1,active,986,17.972713,-15628.99500000,43913.43000000,23673.46500000,40702.59000000,35457.93000000,23187.06000000,17012.16000000,25519.14000000,-0.40157170,-0.72857659,-2.16946058,-1.03376751,-1.96556094,-2.83779732,1.58892305,1.10991645,1.47944677
power_01,1,POWER,1,active,987,17.974713,-15633.58500000,43919.68500000,23695.56000000,40724.86500000,35468.32500000,23191.11000000,17004.28500000,25513.11000000,-1.66576927,-1.98135666,-2.85122987,-2.30387879,-3.05005486,-1.99679969,-0.46016917,-1.02676216,1.91700256
power_01,1,POWER,1,active,988,17.976713,-15632.05500000,43924.18500000,23704.47000000,40736.38500000,35467.33500000,23186.43000000,17006.22000000,25516.57500000,-1.50455081,-1.01648917,0.43593876,-0.43555843,-1.36616416,-0.32117560,-2.15862623,-2.34140491,1.19748851
power_01,1,POWER,1,active,989,17.978713,-15632.73000000,43918.65000000,23691.96000000,40726.75500000,35451.04500000,23172.61500000,17010.40500000,25518.73500000,2.06072279,0.44902961,-0.52741063,-0.64414636,-1.53687405,-0.29907727,0.82925848,1.59309703,0.99245203
power_01,1,POWER,1,active,990,17.980713,-15635.47500000,43908.84000000,23670.81000000,40706.91000000,35431.69500000,23159.43000000,17013.91500000,25518.82500000,0.67847055,-1.92750464,-3.29596639,-3.34326337,-3.09402152,-0.74655674,0.47518236,0.37144863,1.74155178
power_01,1,POWER,1,active,991,17.982713,-15631.92000000,43898.13000000,23647.90500000,40682.74500000,35413.92000000,23148.58500000,17019.00000000,25520.58000000,-0.41757084,-2.07943452,0.05964577,-0.76014653,-0.65592733,0.83518435,-1.71691080,-2.16284005,1.08595752
power_01,1,POWER,1,active,992,17.984713,-15630.30000000,43892.14500000,23624.37000000,40659.30000000,35402.40000000,23143.90500000,17025.88500000,25524.85500000,2.48791894,0.22363474,1.59318245,1.47731398,0.89536503,0.94521724,1.12623983,1.02036268,1.22115436
power_01,1,POWER,1,active,993,17.986713,-15627.64500000,43895.61000000,23622.93000000,40654.53000000,35411.40000000,23155.65000000,17025.21000000,25527.55500000,1.47903126,3.21474185,1.01522526,2.05175728,2.66722548,2.21574199,2.72571386,3.36952183,2.34236985
power_01,1,POWER,1,active,994,17.988713,-15625.98000000,43889.67000000,23629.23000000,40654.44000000,35417.65500000,23163.66000000,17016.88500000,25518.15000000,0.44144345,2.56090020,4.18942382,3.61170971,4.63759740,4.26926144,-0.71280423,0.56590449,2.62363059
power_01,1,POWER,1,active,995,17.990713,-15626.07000000,43894.62000000,23647.59000000,40670.50500000,35432.55000000,23174.91000000,17011.17000000,25514.37000000,0.48043780,-4.53251839,0.83774280,-1.27203872,-2.03094813,-1.06042504,-2.37727971,-4.00486089,2.07453144
power_01,1,POWER,1,active,996,17.992713,-15625.53000000,43918.51500000,23679.94500000,40707.09000000,35461.48500000,23194.21500000,17012.88000000,25523.19000000,-1.08080203,1.85545293,-0.03826793,1.41675845,0.29929743,-0.01884379,2.53891062,1.78721583,1.12944363
power_01,1,POWER,1,active,997,17.994713,-15626.43000000,43927.11000000,23705.14500000,40732.38000000,35475.25500000,23200.96500000,17006.71500000,25520.53500000,-0.40067683,11.91716415,6.56716700,9.94367900,10.01527543,7.09310535,4.95627432,8.01928029,7.36407780
power_01,1,POWER,1,active,998,17.996713,-15628.90500000,43927.02000000,23709.78000000,40739.44500000,35470.35000000,23191.60500000,17007.70500000,25520.31000000,-1.13900894,2.52097410,2.23087913,2.52647598,2.99740101,1.11274137,0.04936842,0.46060745,1.62968205
power_01,1,POWER,1,active,999,17.998713,-15631.92000000,43919.01000000,23694.43500000,40727.70000000,35452.26000000,23175.90000000,17011.80000000,25519.77000000,-3.05593299,-4.37789165,-6.17879636,-6.04851509,-5.05384284,-5.78478393,-0.37280556,-2.83013165,4.21283751
power_01,1,POWER,1,active,1000,17.999995,-15628.99500000,43915.68000000,23679.31500000,40714.24500000,35440.06500000,23167.57500000,17017.42500000,25525.62000000,-1.49947053,-2.22237390,-5.55685604,-4.54449034,-2.70850900,-2.97979352,0.43001625,-0.86964735,2.60139462
power_01,1,POWER,1,active,1001,18.001995,-15627.87000000,43908.84000000,23658.75000000,40693.09500000,35425.39500000,23158.98000000,17023.23000000,25528.14000000,0.71640612,-0.44984213,0.68576139,0.02574526,1.40189103,0.87722810,-2.06390978,-1.33149531,0.94403489
power_01,1,POWER,1,active,1002,18.003995,-15627.46500000,43899.93000000,23633.59500000,40667.13000000,35411.71500000,23151.69000000,17029.03500000,25531.11000000,-0.07437048,-0.05563559,0.45637487,-0.02532914,0.09201120,-0.97535126,-0.48699230,-0.34197374,0.31350482
power_01,1,POWER,1,active,1003,18.005995,-15626.07000000,43899.88500000,23628.60000000,40658.53500000,35416.80000000,23161.05000000,17029.03500000,25530.66000000,-1.41761485,-2.94638569,-4.42249556,-4.52694967,-3.93338457,-3.36191924,0.10764461,-1.28582385,2.75027725
power_01,1,POWER,1,active,1004,18.007995,-15624.45000000,43906.68000000,23642.28000000,40669.11000000,35433.49500000,23176.17000000,17025.12000000,25529.13000000,-0.24392540,-0.40044380,0.83973739,-0.18336433,0.41188537,1.34377527,-1.52085480,-1.58573830,0.81621558
power_01,1,POWER,1,active,1005,18.009995,-15623.37000000,43914.10500000,23661.85500000,40687.65000000,35451.18000000,23188.77000000,17021.20500000,25527.51000000,0.39977289,0.40344780,2.71157598,2.26275887,0.64983894,1.06621294,-0.98274086,-1.13473894,1.20138590
power_01,1,POWER,1,active,1006,18.011995,-15619.23000000,43917.03000000,23681.92500000,40704.93000000,35463.28500000,23196.73500000,17014.90500000,25523.50500000,1.88367215,-5.22034078,-4.11973256,-4.74657294,-5.79649295,-3.87005465,-0.60073498,-1.58644337,3.47800555
power_01,1,POWER,1,active,1007,18.013995,-15615.63000000,43910.95500000,23699.38500000,40717.66500000,35466.79500000,23195.65500000,17004.10500000,25513.15500000,4.82415857,-10.29484046,-5.61997984,-9.49351321,-8.08116132,-4.52754759,-3.70800837,-4.66865641,6.40223322
power_01,1,POWER,1,active,1008,18.015995,-15625.98000000,43923.28500000,23709.01500000,40736.29500000,35471.92500000,23191.83000000,17010.49500000,25519.99500000,0.64214468,-7.73763499,-2.88117994,-5.43078217,-4.93392368,-4.04031161,-4.05768302,-4.88445061,4.32601384
power_01,1,POWER,1,active,1009,18.017995,-15625.84500000,43921.80000000,23698.84500000,40730.13000000,35460.09000000,23180.80500000,17016.03000000,25525.08000000,-5.70699265,5.33657054,0.07521881,4.15825870,3.00949374,0.00505498,2.91970653,4.04575867,3.15713183
power_01,1,POWER,1,active,1010,18.019995,-15624.40500000,43918.20000000,23683.09500000,40715.68500000,35446.45500000,23172.66000000,17021.74500000,25529.98500000,-1.63466098,7.62614142,1.81232653,4.81946106,4.71963874,3.95313698,2.91019230,5.69604661,4.14645058
power_01,1,POWER,1,active,1011,18.021995,-15622.51500000,43914.64500000,23664.37500000,40697.64000000,35433.85500000,23167.98000000,17027.68500000,25535.61000000,1.60923357,5.85324633,6.11744990,6.18046685,5.40750180,6.49858740,-0.69046466,2.85858218,4.40194159
power_01,1,POWER,1,active,1012,18.023995,-15624.94500000,43902.90000000,23636.52000000,40669.02000000,35416.75500000,23158.80000000,17032.09500000,25535.83500000,-1.88474557,7.08877222,5.09852391,7.11943690,4.35431006,4.74962801,1.36878726,3.74998870,4.42677408
power_01,1,POWER,1,active,1013,18.025995,-15622.74000000,43903.21500000,23632.33500000,40661.95500000,35422.42500000,23168.65500000,17031.51000000,25537.09500000,-1.86885019,-0.41768464,-2.04420996,-1.33108261,-2.57578065,-1.19305906,0.26030648,0.07297018,1.22049297
power_01,1,POWER,1,active,1014,18.027995,-15624.04500000,43906.23000000,23642.86500000,40668.43500000,35435.83500000,23180.53500000,17026.38000000,25531.65000000,-1.02267605,0.48198556,2.13618219,1.57951354,1.28795726,1.34197054,-0.97869960,-1.41680821,1.28072412
power_01,1,POWER,1,active,1015,18.029995,-15621.75000000,43914.55500000,23663.47500000,40687.78500000,35453.83500000,23194.53000000,17023.45500000,25530.66000000,-0.37495186,1.39392091,3.68075248,3.16792184,1.86879434,1.00911764,0.26929933,-1.69853435,1.68291160
power_01,1,POWER,1,active,1016,18.031995,-15618.01500000,43927.11000000,23689.93500000,40714.60500000,35474.08500000,23208.43500000,17020.39500000,25532.68500000,3.09914757,-1.45243967,-0.86138254,-1.31027603,-2.01465413,-1.78319271,2.16837742,-0.11174385,1.60015174
power_01,1,POWER,1,active,1017,18.033995,-15619.18500000,43935.70500000,23714.46000000,40739.53500000,35488.30500000,23214.96000000,17014.63500000,25529.76000000,4.51234270,2.23949979,2.30042578,2.04320549,2.92705053,2.34400388,1.83761580,2.43286699,2.57962637
power_01,1,POWER,1,active,1018,18.035995,-15622.69500000,43935.30000000,23718.42000000,40746.64500000,35483.71500000,23205.28500000,17017.02000000,25529.58000000,1.08221899,-1.69013634,0.61007950,-0.86277367,0.70451140,-1.14393808,-0.96960841,-2.17103676,1.15428789
power_01,1,POWER,1,active,1019,18.037995,-15620.49000000,43932.91500000,23708.65500000,40739.94000000,35471.70000000,23194.93500000,17023.23000000,25535.83500000,0.17602504,-4.31678516,-4.39569648,-5.04015129,-3.37653463,-4.89268880,1.18098627,-1.05413409,3.05412522
power_01,1,POWER,1,active,1020,18.039995,-15621.16500000,43926.48000000,23690.02500000,40723.24500000,35456.04000000,23184.72000000,17028.49500000,25538.71500000,2.16352541,-1.42213848,-2.94098399,-3.16681395,-0.74606509,-0.76493264,1.25271454,1.86235400,1.78994101
power_01,1,POWER,1,active,1021,18.041995,-15624.40500000,43915.45500000,23665.14000000,40697.50500000,35438.13000000,23172.61500000,17033.08500000,25537.63500000,-1.19819710,-2.47547567,-0.81619256,-1.89221854,-0.06718721,-0.25292636,-2.30010016,-2.72288057,1.46564727
power_01,1,POWER,1,active,1022,18.043995,-15622.92000000,43905.73500000,23639.31000000,40672.08000000,35423.95500000,23165.55000000,17038.62000000,25540.56000000,-3.40855116,-3.76058589,-2.94280716,-3.02366158,-2.84104476,-3.79212792,-1.39949526,-3.40127534,3.07119363
power_01,1,POWER,1,active,1023,18.045995,-15619.99500000,43905.60000000,23635.35000000,40665.01500000,35428.99500000,23175.36000000,17038.12500000,25541.28000000,-0.28304042,-2.48483756,-3.58671028,-2.71379399,-3.14167502,-2.66972685,-0.39373158,-0.22755191,1.93763345
power_01,1,POWER,1,active,1024,18.047995,-15615.31500000,43915.45500000,23651.55000000,40678.24500000,35449.56000000,23194.62000000,17034.93000000,25543.17000000,1.57156418,2.74333963,3.64127997,3.97171651,3.23529265,4.07492423,-1.09552010,1.45770313,2.72391755
power_01,1,POWER,1,active,1025,18.049995,-15615.09000000,43923.78000000,23670.72000000,40696.33500000,35467.33500000,23206.95000000,17030.20500000,25541.14500000,1.72930135,5.25238133,5.95352041,6.09924446,5.13764740,4.83603683,-0.43211043,2.37616152,3.97705047
power_01,1,POWER,1,active,1026,18.051995,-15615.85500000,43931.88000000,23692.95000000,40718.29500000,35482.45500000,23216.13000000,17026.11000000,25538.80500000,0.05014876,1.31625908,-0.97912992,-0.19754654,-1.25605465,-0.97881880,0.66074124,1.16414297,0.82535525
power_01,1,POWER,1,active,1027,18.053995,-15616.08000000,43931.34000000,23712.03000000,40735.26000000,35487.85500000,23216.98500000,17017.47000000,25530.03000000,-1.09612496,-3.04555142,-2.79479246,-3.87415148,-4.48227061,-2.71328714,-1.10882214,-2.84430679,2.74491337
power_01,1,POWER,1,active,1028,18.055995,-15610.41000000,43916.22000000,23709.33000000,40729.00500000,35471.07000000,23200.24500000,17011.26000000,25522.51500000,2.01640621,-10.20662274,-4.17143353,-8.66608452,-8.67110575,-5.71607594,-5.49222982,-7.48630659,6.55328314
power_01,1,POWER,1,active,1029,18.057995,-15615.85500000,43925.98500000,23704.78500000,40732.69500000,35467.69500000,23194.75500000,17020.12500000,25534.35000000,1.95877765,-7.93008131,-5.88078325,-8.42794299,-8.16354771,-6.42109351,-3.37419782,-3.31531476,5.68396737
power_01,1,POWER,1,active,1030,18.059995,-15622.02000000,43925.98500000,23688.94500000,40721.44500000,35456.44500000,23187.42000000,17027.82000000,25539.79500000,-5.00185390,10.49033538,3.08450048,7.26042998,7.28132518,5.17442068,4.10755356,7.33194957,6.21654609
power_01,1,POWER,1,active,1031,18.061995,-15619.68000000,43920.13500000,23668.24500000,40701.55500000,35442.94500000,23180.53500000,17033.53500000,25543.93500000,-6.00767643,12.96235721,7.99514047,12.59943798,11.87643643,9.31168353,3.89431660,6.09551596,8.84282058
power_01,1,POWER,1,active,1032,18.063995,-15621.97500000,43908.88500000,23640.61500000,40673.11500000,35426.43000000,23170.41000000,17038.44000000,25542.81000000,-1.50103263,3.19264486,2.20418246,3.88093615,3.12505758,1.84709790,1.93095999,1.20424102,2.36076908
power_01,1,POWER,1,active,1033,18.065995,-15619.90500000,43908.79500000,23636.52000000,40665.42000000,35432.23500000,23180.31000000,17038.12500000,25542.99000000,-2.35791872,2.35479639,-0.68839601,1.13322385,1.42109289,-0.05503930,3.26727453,1.30105482,1.57234956
power_01,1,POWER,1,active,1034,18.067995,-15615.54000000,43917.21000000,23652.40500000,40678.02000000,35451.36000000,23197.99500000,17034.30000000,25544.43000000,0.58645401,2.53639022,3.94064843,3.72020255,4.56729220,4.04016891,1.17066392,0.97946773,2.69266100
power_01,1,POWER,1,active,1035,18.069995,-15615.36000000,43925.58000000,23672.38500000,40696.42500000,35469.49500000,23210.82000000,17031.10500000,25543.62000000,4.10352253,3.39689061,6.31467464,5.67707560,5.38103228,4.71587528,1.29959885,3.27354879,4.27027732
power_01,1,POWER,1,active,1036,18.071995,-15616.21500000,43933.09500000,23694.48000000,40718.43000000,35485.69500000,23220.63000000,17027.23500000,25541.28000000,0.90130183,-0.36157744,-0.97946510,-0.66396384,-0.69615510,-1.03816012,3.00604358,1.80077196,1.18092987
power_01,1,POWER,1,active,1037,18.073995,-15617.97000000,43940.92500000,23718.96000000,40742.91000000,35498.56500000,23226.25500000,17020.48500000,25537.99500000,1.00167425,-3.80161397,-2.35464482,-3.57095593,-2.43285336,-1.52526798,0.08570663,-1.65065218,2.05292114
power_01,1,POWER,1,active,1038,18.075995,-15621.16500000,43940.74500000,23722.60500000,40750.24500000,35492.98500000,23217.21000000,17020.71000000,25537.68000000,0.78687503,-2.80994184,-0.03895851,-1.26901373,-1.47545109,-1.12635111,-2.63344707,-2.46384421,1.57548533
power_01,1,POWER,1,active,1039,18.077995,-15624.99000000,43932.46500000,23706.76500000,40737.60000000,35474.98500000,23201.28000000,17023.95000000,25537.50000000,-1.08844897,-6.78289624,-6.89671821,-7.26645101,-7.55744811,-6.31056156,-2.00795272,-3.79650759,5.21337305
power_01,1,POWER,1,active,1040,18.079995,-15620.35500000,43924.81500000,23689.30500000,40719.42000000,35459.55000000,23192.28000000,17028.76500000,25540.92000000,1.54826259,-6.99062713,-7.14764084,-8.43327999,-6.49069809,-4.03588461,-1.88452893,-3.11684399,4.95597077
power_01,1,POWER,1,active,1041,18.081995,-15620.89500000,43919.23500000,23668.15500000,40698.58500000,35446.23000000,23184.63000000,17034.88500000,25545.01500000,4.05464463,-1.77292323,1.06692584,-1.38227924,0.53212270,1.82975313,-2.34769697,-1.22272382,1.77613369
power_01,1,POWER,1,active,1042,18.083995,-15622.02000000,43911.36000000,23642.41500000,40672.84500000,35432.19000000,23177.34000000,17040.15000000,25547.80500000,1.12181332,0.37308639,0.47595966,0.09024175,0.02515705,-0.19473426,-0.35325849,0.41295402,0.38090062
power_01,1,POWER,1,active,1043,18.085995,-15623.28000000,43907.40000000,23634.58500000,40661.41500000,35433.18000000,23182.56000000,17038.26000000,25543.39500000,-2.11136052,-0.95153414,-3.70757832,-2.69962573,-3.39319583,-3.49068813,0.00253544,-0.75103191,2.13844375
power_01,1,POWER,1,active,1044,18.087995,-15623.32500000,43913.20500000,23647.09500000,40671.36000000,35449.56000000,23196.87000000,17032.72500000,25539.93000000,-1.58021897,-0.16331583,0.82271831,0.74646437,-0.20798675,-0.34959026,-1.94447759,-3.07614764,1.11136496
power_01,1,POWER,1,active,1045,18.089995,-15622.02000000,43921.75500000,23667.88500000,40690.98000000,35468.05500000,23210.01000000,17027.95500000,25539.25500000,-0.77182792,3.10573497,4.35444322,5.38387628,3.19752120,1.71902416,-1.02310870,-0.46455808,2.50251182
power_01,1,POWER,1,active,1046,18.091995,-15619.90500000,43931.52000000,23693.22000000,40716.58500000,35487.18000000,23221.93500000,17024.58000000,25540.11000000,1.52310255,2.98407891,1.88608150,3.54938397,1.66792875,0.64699576,1.83768398,3.68399705,2.22240656
power_01,1,POWER,1,active,1047,18.093995,-15623.37000000,43937.55000000,23715.22500000,40738.77000000,35497.71000000,23226.21000000,17017.83000000,25535.02500000,1.92778401,1.99022647,2.36538522,2.78441594,2.30692113,2.21542503,1.55522228,2.82720647,2.24657332
power_01,1,POWER,1,active,1048,18.095995,-15621.03000000,43941.51000000,23722.56000000,40749.21000000,35494.83000000,23220.63000000,17020.35000000,25539.12000000,0.52056737,2.12817507,2.89916616,2.74830180,1.86258298,2.11316553,-0.02704014,0.92116334,1.65252030
power_01,1,POWER,1,active,1049,18.097995,-15623.73000000,43933.81500000,23707.93500000,40736.79000000,35476.42500000,23205.10500000,17023.59000000,25539.43500000,2.00433429,0.53833171,-1.20332089,-1.39054267,-2.25939174,-0.75770333,1.59193651,2.27656069,1.50276523
power_01,1,POWER,1,active,1050,18.101164,-15621.48000000,43929.81000000,23691.91500000,40721.80500000,35463.46500000,23196.78000000,17029.75500000,25544.02500000,1.01834962,-0.58292098,-2.35863401,-3.00824253,-1.56733644,-0.12429879,1.24339324,1.16350325,1.38333486
power_01,1,POWER,1,active,1051,18.103164,-15623.86500000,43919.68500000,23667.61500000,40697.91000000,35445.87000000,23186.38500000,17035.06500000,25544.61000000,-0.50661213,0.95507119,1.98945807,1.06057598,2.78444070,2.79615930,-0.41314641,-0.65115574,1.39457744
power_01,1,POWER,1,active,1052,18.105164,-15623.41500000,43911.49500000,23643.36000000,40673.34000000,35432.82000000,23180.76000000,17041.23000000,25548.25500000,-1.67875191,-0.34873797,0.12675190,0.45695345,0.40702856,0.15428906,0.97450567,-0.13900735,0.53575323
power_01,1,POWER,1,active,1053,18.107164,-15618.64500000,43914.06000000,23641.24500000,40667.98500000,35441.19000000,23192.86500000,17040.87000000,25550.77500000,-1.78543447,-0.84772314,-2.42003589,-1.63835211,-0.82721284,-0.88751836,1.05793954,0.70301967,1.27090450
power_01,1,POWER,1,active,1054,18.109164,-15618.87000000,43917.97500000,23652.18000000,40675.95000000,35456.22000000,23205.24000000,17036.64000000,25546.68000000,0.53625970,2.81359972,3.21825598,3.17195931,4.90283456,3.55192455,-0.42978200,0.83583823,2.43255676
power_01,1,POWER,1,active,1055,18.111164,-15612.57000000,43917.39000000,23669.01000000,40687.83000000,35467.83000000,23213.07000000,17029.93500000,25540.92000000,-0.17313866,-2.00771554,0.88216126,0.11507324,0.33569583,-1.50260404,-1.38226145,-2.97763577,1.17203572
power_01,1,POWER,1,active,1056,18.113164,-15610.54500000,43929.58500000,23694.57000000,40714.83000000,35487.85500000,23226.34500000,17026.87500000,25541.86500000,1.77558039,-5.39066870,-3.84803220,-4.75806173,-4.90897629,-5.20642746,-0.47049099,-2.53058414,3.61110274
power_01,1,POWER,1,active,1057,18.115164,-15615.04500000,43946.64000000,23723.46000000,40747.00500000,35507.92500000,23237.46000000,17024.89500000,25544.52000000,0.19834580,4.35201355,2.20518721,3.72007499,3.75944956,2.90386654,1.43672391,2.76074427,2.66705073
power_01,1,POWER,1,active,1058,18.117164,-15617.88000000,43946.01000000,23726.74500000,40753.39500000,35501.35500000,23228.19000000,17026.29000000,25543.93500000,-5.76562011,6.55275749,3.57435263,6.00091908,4.99971237,3.24031751,1.08302898,1.85275307,4.13368266
power_01,1,POWER,1,active,1059,18.119164,-15614.19000000,43939.66500000,23714.50500000,40744.08000000,35486.59500000,23216.13000000,17030.92500000,25547.85000000,-1.91242005,-2.03341393,-3.76569444,-3.28726760,-3.90714915,-3.07975616,0.14615162,-0.56287845,2.33684142
power_01,1,POWER,1,active,1060,18.121164,-15616.66500000,43931.92500000,23694.66000000,40725.54000000,35469.99000000,23203.84500000,17036.01000000,25549.87500000,0.52058410,-3.56592416,-4.75768124,-4.83044124,-3.53928433,-1.93831183,-0.75333404,-0.52190810,2.55343363
power_01,1,POWER,1,active,1061,18.123164,-15614.73000000,43929.81000000,23676.84000000,40707.81000000,35458.65000000,23198.04000000,17043.61500000,25555.50000000,-2.02553134,0.58070318,1.35752155,0.50700133,1.49845394,1.03109872,-1.68240019,-1.01215115,1.21185767
power_01,1,POWER,1,active,1062,18.125164,-15615.85500000,43919.95500000,23649.93000000,40680.18000000,35443.35000000,23190.16500000,17049.19500000,25556.49000000,-1.19293612,0.86603955,0.87136076,0.01336683,-0.59952852,-0.90302598,-0.38606937,-0.78393787,0.70203313
power_01,1,POWER,1,active,1063,18.127164,-15610.90500000,43922.38500000,23648.31000000,40675.32000000,35451.99000000,23203.08000000,17049.51000000,25558.92000000,-0.62075993,-1.26240263,-2.89461780,-3.03923854,-2.76612921,-1.72161631,-0.05059763,-0.63534620,1.62383853
power_01,1,POWER,1,active,1064,18.129164,-15608.20500000,43928.95500000,23662.21500000,40686.79500000,35470.03500000,23218.87500000,17044.87500000,25557.61500000,1.11357743,0.61108203,2.45993600,1.69779321,2.26741189,2.89955653,-1.89876543,-0.54794659,1.68700864
power_01,1,POWER,1,active,1065,18.131164,-15607.53000000,43937.19000000,23682.28500000,40705.69500000,35488.62000000,23231.61000000,17041.45500000,25556.67000000,1.62888995,1.34849392,3.97257665,3.95231455,2.81084942,2.17401622,-1.46564031,-0.06011279,2.17661173
power_01,1,POWER,1,active,1066,18.133164,-15607.17000000,43946.14500000,23705.68500000,40728.73500000,35505.18000000,23243.04000000,17038.30500000,25556.35500000,-0.47278740,-2.34733988,-2.70775850,-2.34085572,-3.15648461,-2.86180127,0.72884936,-0.04030520,1.83202274
power_01,1,POWER,1,active,1067,18.135164,-15609.10500000,43953.03000000,23729.53500000,40752.54000000,35515.93500000,23247.85500000,17032.00500000,25552.48500000,-0.02481943,-2.33136135,-1.40131147,-2.34060191,-2.87897034,-0.92250780,-0.07850523,-0.64690871,1.32812328
power_01,1,POWER,1,active,1068,18.137164,-15608.65500000,43943.22000000,23728.68000000,40751.23500000,35503.02000000,23233.86000000,17029.98000000,25547.31000000,0.06161230,-5.83182036,-1.52312590,-3.77649574,-5.27386946,-3.39359321,-3.30124286,-4.58188846,3.46795604
power_01,1,POWER,1,active,1069,18.139164,-15602.04000000,43920.81000000,23707.75500000,40726.71000000,35474.35500000,23212.89000000,17027.86500000,25539.97500000,3.06021432,-15.70471093,-10.16956807,-14.61406260,-14.35437692,-10.57442119,-4.57750595,-8.46832777,10.19039847
power_01,1,POWER,1,active,1070,18.141164,-15601.18500000,43918.69500000,23692.54500000,40713.03000000,35462.47500000,23205.91500000,17034.12000000,25546.00500000,6.14699186,-12.10814875,-7.94583459,-12.29443561,-10.01330011,-5.58715366,-3.74879395,-5.67120031,7.93948235
power_01,1,POWER,1,active,1071,18.143164,-15611.22000000,43925.40000000,23675.76000000,40703.67000000,35458.11000000,23201.91000000,17045.55000000,25554.55500000,-1.88920721,8.68162850,5.98957763,8.37286883,8.67939742,6.02612619,1.59340576,3.59485957,5.60338389
power_01,1,POWER,1,active,1072,18.145164,-15612.61500000,43920.67500000,23651.82000000,40682.07000000,35448.12000000,23197.23000000,17052.93000000,25558.83000000,-8.69704934,17.75652768,8.06198239,16.38095409,14.44856765,7.01787466,7.29779305,8.71772231,11.04730890
power_01,1,POWER,1,active,1073,18.147164,-15610.86000000,43920.76500000,23647.45500000,40674.91500000,35455.05000000,23206.86000000,17051.80500000,25559.05500000,-3.98472964,9.57070895,1.94447849,7.82412202,7.49867917,3.21420056,5.00183873,5.87422991,5.61412343
power_01,1,POWER,1,active,1074,18.149164,-15607.30500000,43929.04500000,23663.56500000,40687.83000000,35474.17500000,23224.05000000,17048.02500000,25560.18000000,0.57880004,8.29680684,6.63982039,8.65480537,9.44730065,6.62540430,1.64353030,5.11276869,5.87490457
power_01,1,POWER,1,active,1075,18.151164,-15607.89000000,43933.99500000,23682.51000000,40704.43500000,35489.52000000,23234.22000000,17043.93000000,25556.76000000,1.19173775,6.50968589,7.52279160,8.24980286,7.07692001,4.79903072,1.80112458,4.37787491,5.19112104
power_01,1,POWER,1,active,1076,18.153164,-15604.38000000,43945.78500000,23708.70000000,40731.21000000,35509.54500000,23248.08000000,17042.04000000,25559.59500000,2.58644843,0.11700276,0.49786390,0.16540225,-0.92395957,-0.57601583,2.81280578,2.76626252,1.30572013
power_01,1,POWER,1,active,1077,18.155164,-15607.30500000,43952.67000000,23731.33500000,40754.38500000,35520.79500000,23252.53500000,17034.88500000,25555.68000000,3.13368641,1.04847814,1.25298147,0.54894951,0.86659023,2.02440149,1.59567598,2.69410159,1.64560810
power_01,1,POWER,1,active,1078,18.157164,-15612.25500000,43950.33000000,23732.68500000,40758.88500000,35512.69500000,23241.01500000,17035.74000000,25553.29500000,0.23107822,-2.05745611,-0.31406292,-1.78739893,-2.10915844,-0.86017931,-2.14120602,-2.23617968,1.46708995
power_01,1,POWER,1,active,1079,18.159164,-15611.17500000,43946.59500000,23721.57000000,40750.92000000,35500.18500000,23230.44000000,17040.87000000,25557.70500000,-0.58380007,-6.51942137,-6.46042372,-8.02901183,-7.56486326,-5.61069139,-1.20847936,-4.00661101,4.99791275
power_01,1,POWER,1,active,1080,18.161164,-15610.45500000,43931.52000000,23697.13500000,40725.90000000,35476.87500000,23215.90500000,17042.71500000,25554.55500000,3.32278572,-6.05827240,-5.70106394,-7.78619146,-5.26879652,-1.73536785,-1.23095624,-2.54113935,4.20557169
power_01,1,POWER,1,active,1081,18.163164,-15611.71500000,43923.33000000,23674.00500000,40702.77000000,35459.73000000,23206.68000000,17047.98000000,25556.49000000,2.62915791,-8.00470108,-3.47382021,-7.17817763,-5.84215896,-1.38503090,-4.88761717,-6.50854972,4.98865170
power_01,1,POWER,1,active,1082,18.165164,-15612.57000000,43921.53000000,23652.72000000,40683.96000000,35451.22500000,23203.66500000,17055.85500000,25563.10500000,-0.45874048,-2.85749759,-1.68603071,-2.68820134,-3.86685745,-2.00736735,-1.25210774,-2.72097788,2.19222257
power_01,1,POWER,1,active,1083,18.167164,-15608.52000000,43923.06000000,23650.83000000,40677.97500000,35459.32500000,23214.55500000,17054.86500000,25564.77000000,0.80226624,3.49931611,1.06128571,2.19379617,1.78876266,1.13913608,1.64814789,3.24028832,1.92162490
power_01,1,POWER,1,active,1084,18.169164,-15610.05000000,43927.20000000,23662.53000000,40686.25500000,35474.62500000,23227.11000000,17049.28500000,25560.13500000,0.87529581,1.29891576,3.44245103,2.06478656,3.26046940,1.85921402,-1.81740605,-0.61533798,1.90423458
power_01,1,POWER,1,active,1085,18.171164,-15607.44000000,43936.78500000,23685.07500000,40707.36000000,35495.05500000,23241.82500000,17045.82000000,25561.08000000,-0.68573572,1.37018744,4.12111076,3.24417662,3.23176949,0.77024372,-1.01416433,-0.79634959,1.90421721
power_01,1,POWER,1,active,1086,18.173164,-15607.62000000,43944.48000000,23707.53000000,40729.23000000,35511.12000000,23252.17500000,17041.23000000,25559.50500000,0.18047125,1.31317948,0.57599634,1.33832412,1.06278293,-0.45070240,1.96387546,2.45157648,1.16711356
power_01,1,POWER,1,active,1087,18.175164,-15610.77000000,43951.68000000,23731.02000000,40752.90000000,35523.31500000,23257.30500000,17035.38000000,25555.86000000,-0.52753661,-0.13472634,-0.21287451,-0.47357196,0.46741197,0.26650238,0.69625125,0.61901376,0.42473610
power_01,1,POWER,1,active,1088,18.177164,-15614.82000000,43949.79000000,23732.82000000,40758.48000000,35516.07000000,23245.47000000,17035.96500000,25554.06000000,-3.38310525,-0.27014610,0.29609228,0.66577419,0.25146179,-1.15390870,-0.64963850,-1.88486452,1.06937392
power_01,1,POWER,1,active,1089,18.179164,-15611.08500000,43947.63000000,23723.95500000,40752.04500000,35503.92000000,23235.93000000,17042.22000000,25560.40500000,-0.84446285,-1.24230570,-2.96472074,-1.59170981,-2.58239604,-3.50503783,1.45777431,0.13588892,1.79053703
power_01,1,POWER,1,active,1090,18.181164,-15611.13000000,43940.92500000,23705.68500000,40735.03500000,35488.98000000,23227.06500000,17048.20500000,25563.28500000,2.91598641,0.65917427,-1.05874755,-0.62028411,0.23366110,1.43263455,2.34195714,2.70392972,1.49579686
power_01,1,POWER,1,active,1091,18.183164,-15614.19000000,43929.31500000,23679.72000000,40708.66500000,35469.85500000,23214.42000000,17052.84000000,25562.38500000,0.11239597,0.35102087,1.56858041,1.35335437,2.04859529,2.90469533,-0.04118229,-0.54477044,1.11557437
power_01,1,POWER,1,active,1092,18.185164,-15613.42500000,43920.36000000,23654.29500000,40682.83500000,35456.26500000,23207.40000000,17057.70000000,25565.08500000,-2.48997192,-3.50401196,-3.24213678,-2.94524763,-3.51027920,-3.53464669,-0.79208313,-2.90043451,2.86485148
power_01,1,POWER,1,active,1093,18.187164,-15611.67000000,43920.27000000,23650.02000000,40675.86000000,35461.17000000,23216.89500000,17056.48500000,25563.96000000,-0.52405696,-2.03952958,-3.97511756,-3.07129228,-3.60225547,-2.83923771,-0.36303957,-0.60997997,2.12806364
power_01,1,POWER,1,active,1094,18.189164,-15608.43000000,43927.96500000,23665.63500000,40688.73000000,35480.97000000,23235.12000000,17053.92000000,25564.23000000,0.59865334,1.88479628,2.56044074,3.24881848,2.49830357,3.35721907,-1.06795869,-0.22165152,1.92973021
power_01,1,POWER,1,active,1095,18.191164,-15603.97500000,43939.03500000,23688.63000000,40711.23000000,35502.39000000,23251.09500000,17051.58000000,25566.48000000,1.79293826,4.05001691,5.34544560,6.33069314,4.91913179,4.57288366,0.70682896,2.12940521,3.73091794
power_01,1,POWER,1,active,1096,18.193164,-15605.14500000,43946.73000000,23710.32000000,40733.59500000,35517.28500000,23260.05000000,17046.36000000,25563.82500000,2.08874819,3.49699483,1.24221585,3.18004296,1.83769692,1.55105944,2.36516621,4.30280084,2.50809066
power_01,1,POWER,1,active,1097,18.195164,-15608.79000000,43953.48000000,23733.76500000,40756.18500000,35528.67000000,23264.82000000,17039.74500000,25559.37000000,-2.05914897,0.84964913,-0.75291009,-0.15835436,-0.71078742,-0.43664174,-0.72744746,-0.24982591,0.74309564
power_01,1,POWER,1,active,1098,18.197164,-15613.65000000,43951.54500000,23734.53000000,40760.86500000,35521.56000000,23254.06500000,17040.10500000,25557.52500000,-4.47553393,-0.38410961,0.05199297,-0.80907975,-0.67470323,-1.31547425,-2.49682484,-2.72916869,1.61711091
power_01,1,POWER,1,active,1099,18.199164,-15611.53500000,43947.85500000,23724.36000000,40753.26000000,35508.15000000,23242.59000000,17045.46000000,25561.62000000,-2.39817867,-1.56447145,-3.57591406,-3.38042663,-2.93287889,-3.60272080,-0.23281291,-0.85378049,2.31764799
power_01,1,POWER,1,active,1100,18.205254,-15612.39000000,43939.98000000,23704.02000000,40734.09000000,35490.69000000,23229.90000000,17050.59000000,25562.11500000,0.71982273,-0.98972239,-2.53070883,-3.04668660,-1.62827397,-1.59539864,0.33999403,-0.08637114,1.36712229
power_01,1,POWER,1,active,1101,18.207254,-15610.00500000,43934.44500000,23683.72500000,40714.15500000,35477.59500000,23223.42000000,17056.44000000,25567.51500000,1.46410837,1.02947394,2.81652509,1.15352917,2.47935957,1.84274762,-0.96540704,-0.30736770,1.50731481
power_01,1,POWER,1,active,1102,18.209254,-15612.93000000,43921.84500000,23655.06000000,40685.13000000,35461.08000000,23213.83500000,17060.22000000,25566.57000000,0.00074025,-1.11716693,-0.25801714,-0.66445644,-0.59919649,-1.08371160,-0.66639657,-0.09688510,0.56082132
power_01,1,POWER,1,active,1103,18.211254,-15611.67000000,43921.57500000,23651.32500000,40677.34500000,35466.70500000,23222.16000000,17058.06000000,25566.03000000,-1.36688156,-3.95185174,-3.93870091,-4.59608772,-3.74782407,-3.60285760,-0.97744318,-1.24041059,2.92775717
power_01,1,POWER,1,active,1104,18.213254,-15607.21500000,43930.84500000,23668.24500000,40691.20500000,35487.49500000,23240.52000000,17054.19000000,25568.32500000,0.23223065,0.19268756,2.61571851,1.04417457,2.15109597,1.46380533,-1.94479858,-0.29830455,1.24285196
power_01,1,POWER,1,active,1105,18.215254,-15606.18000000,43939.48500000,23688.94500000,40710.42000000,35505.85500000,23253.79500000,17050.68000000,25568.01000000,2.92271670,4.10116868,6.53880817,6.02177806,5.39367841,4.59969636,0.31642065,3.66926661,4.19544170
power_01,1,POWER,1,active,1106,18.217254,-15603.21000000,43951.45500000,23714.46000000,40736.11500000,35525.29500000,23267.07000000,17050.18500000,25569.18000000,1.93492084,1.90037086,0.69705519,1.28472088,0.59508607,1.10165515,3.85875208,3.41518499,1.84846826
power_01,1,POWER,1,active,1107,18.219254,-15603.93000000,43960.72500000,23739.48000000,40760.91000000,35537.98500000,23273.91000000,17045.23500000,25568.05500000,1.91291951,3.00419084,1.60511727,1.84189281,1.74265736,2.97903221,3.94802227,2.44463715,2.43480868
power_01,1,POWER,1,active,1108,18.221254,-15607.89000000,43959.60000000,23741.05500000,40765.68000000,35530.38000000,23262.79500000,17044.92000000,25566.12000000,0.12296756,1.93801043,2.29099742,2.13877673,1.07764267,1.98193422,0.46459507,0.18799510,1.27536490
power_01,1,POWER,1,active,1109,18.223254,-15610.54500000,43951.00500000,23725.39500000,40752.99000000,35512.69500000,23246.91000000,17048.61000000,25564.90500000,-3.35538595,-4.28133365,-6.15851240,-5.38907946,-6.08389999,-5.48863690,-0.78984844,-4.03146297,4.44726997
power_01,1,POWER,1,active,1110,18.225254,-15609.46500000,43946.73000000,23708.83500000,40737.37500000,35498.65500000,23237.46000000,17053.92000000,25569.22500000,-1.13630761,-3.55891321,-5.08174462,-4.49964208,-3.39473951,-2.81824800,-0.31947038,-3.13342590,2.99281141
power_01,1,POWER,1,active,1111,18.227254,-15611.71500000,43935.66000000,23684.04000000,40711.18500000,35479.53000000,23224.95000000,17057.52000000,25569.13500000,-0.32113058,-0.83327865,1.41487641,0.47109608,0.96872355,0.88733853,-2.23443035,-2.07564604,1.15081503
power_01,1,POWER,1,active,1112,18.229254,-15610.86000000,43927.11000000,23658.30000000,40685.26500000,35465.53500000,23219.10000000,17062.78500000,25571.11500000,-1.81423380,-3.43772670,-2.11683901,-2.61065770,-3.38584342,-3.19830582,-2.00373149,-2.99808126,2.69567740
power_01,1,POWER,1,active,1113,18.231254,-15609.28500000,43928.46000000,23655.46500000,40679.82000000,35472.28500000,23229.85500000,17062.24500000,25571.20500000,-0.37711165,-2.93933412,-3.88722184,-3.00017556,-3.31643216,-1.89031190,-0.20341167,-1.42991776,2.13048958
power_01,1,POWER,1,active,1114,18.233254,-15607.12500000,43935.88500000,23671.30500000,40692.01500000,35490.87000000,23246.37000000,17058.46500000,25569.85500000,0.76628758,1.91622132,3.61671673,4.04901530,3.62908094,3.96511565,-0.77241793,0.01828008,2.34164194
power_01,1,POWER,1,active,1115,18.235254,-15606.18000000,43943.04000000,23691.19500000,40710.64500000,35508.91500000,23259.06000000,17054.59500000,25568.82000000,0.79053324,1.85172354,4.84384455,4.99295673,4.00045602,2.85950305,-0.08925958,0.55280498,2.49763521
power_01,1,POWER,1,active,1116,18.237254,-15604.60500000,43953.57000000,23715.27000000,40735.62000000,35527.27500000,23271.12000000,17050.41000000,25569.31500000,1.38516549,0.41638831,-0.52029248,0.98302916,0.64355344,0.06179855,1.92293240,2.87571247,1.10110904
power_01,1,POWER,1,active,1117,18.239254,-15606.27000000,43961.76000000,23739.12000000,40759.20000000,35539.24500000,23277.19500000,17044.15500000,25566.61500000,1.30427924,2.29855467,0.77072078,1.87131284,2.33248045,2.20223119,0.62841112,3.09932619,1.81341456
power_01,1,POWER,1,active,1118,18.241254,-15610.59000000,43959.55500000,23739.12000000,40762.89000000,35530.69500000,23265.63000000,17045.46000000,25564.09500000,-0.68774092,1.10252513,1.03881140,0.91524732,0.98503098,0.67442245,-0.90771444,-0.00197467,0.78918341
power_01,1,POWER,1,active,1119,18.243254,-15611.89500000,43952.58000000,23725.84500000,40752.63000000,35514.09000000,23251.72500000,17049.51000000,25565.49000000,-1.68833522,-2.45193984,-4.81795108,-4.05548285,-4.14859703,-4.17353114,0.87120891,-0.86366808,2.88383927
power_01,1,POWER,1,active,1120,18.245254,-15611.13000000,43946.95500000,23709.10500000,40737.10500000,35499.19500000,23242.68000000,17054.86500000,25569.94500000,0.60361923,-1.15606506,-2.32535676,-2.11491021,-1.45173463,-0.92883922,0.87180593,1.01834307,1.30883426
power_01,1,POWER,1,active,1121,18.247254,-15607.84500000,43941.96000000,23689.80000000,40717.08000000,35486.59500000,23237.19000000,17060.67000000,25575.57000000,2.77124284,2.94875526,5.38767791,3.92637452,4.48249636,4.49215187,-0.43072974,2.68047145,3.38998749
power_01,1,POWER,1,active,1122,18.249254,-15608.61000000,43930.71000000,23662.44000000,40689.63000000,35471.56500000,23228.82000000,17065.48500000,25575.30000000,2.04587503,1.34130481,2.06798151,1.23237889,1.55794306,0.81940937,0.48660401,1.72085301,1.40904371
power_01,1,POWER,1,active,1123,18.251254,-15603.57000000,43932.73500000,23660.14500000,40684.99500000,35479.89000000,23239.84500000,17064.94500000,25577.32500000,0.78391586,-1.87666195,-3.07293299,-3.03803500,-1.97869676,-2.78636698,0.32939822,-0.58005770,1.80575818
power_01,1,POWER,1,active,1124,18.253254,-15602.71500000,43938.13500000,23673.10500000,40694.35500000,35496.94500000,23253.66000000,17061.12000000,25574.94000000,1.08164588,1.05900834,1.89483461,1.37556139,2.61776912,0.80974804,-0.81708615,-0.58642873,1.28026028
power_01,1,POWER,1,active,1125,18.255254,-15605.86500000,43941.96000000,23689.84500000,40710.06000000,35511.48000000,23262.66000000,17055.81000000,25569.85500000,-1.69933789,0.10976836,1.62089722,0.86952276,1.10107011,-1.22376441,-0.61457258,-1.99114128,1.15375933
power_01,1,POWER,1,active,1126,18.257254,-15606.63000000,43950.55500000,23712.03000000,40732.60500000,35527.45500000,23272.56000000,17048.97000000,25568.10000000,-4.83392620,-3.70450457,-5.05342335,-4.69721127,-5.20466829,-5.77775619,-0.49600308,-3.26241975,4.12873909
power_01,1,POWER,1,active,1127,18.259254,-15610.72500000,43956.72000000,23733.36000000,40753.98000000,35537.35500000,23276.16000000,17042.49000000,25563.06000000,-3.04322090,-0.22368533,-2.11858379,-2.04411073,-2.05743619,-1.29265730,-1.73925603,-1.42029201,1.74240529
power_01,1,POWER,1,active,1128,18.261254,-15607.57500000,43961.53500000,23741.55000000,40764.87000000,35537.08500000,23271.34500000,17046.22500000,25568.82000000,-1.12255963,2.31549558,2.15461943,1.16205764,1.12024984,1.29668720,-0.75242413,-0.13656473,1.25758227
power_01,1,POWER,1,active,1129,18.263254,-15606.18000000,43954.15500000,23729.22000000,40753.71000000,35521.56000000,23258.07000000,17051.35500000,25571.74500000,2.82571662,1.93118157,0.92071542,0.28113929,0.50843978,0.72940498,3.02473058,3.59037470,1.72646287
power_01,1,POWER,1,active,1130,18.265254,-15607.71000000,43945.47000000,23709.06000000,40734.99000000,35504.86500000,23246.59500000,17056.35000000,25572.96000000,3.57793820,0.26547317,0.18255937,-0.85912133,0.64083570,2.12015701,2.25570746,2.88491707,1.59833866
power_01,1,POWER,1,active,1131,18.267254,-15611.62500000,43937.86500000,23685.52500000,40712.49000000,35488.35000000,23236.38000000,17061.61500000,25574.35500000,-1.67043193,-0.33690870,1.54304111,1.09166752,1.01016419,2.13760984,-0.46019359,-1.83406074,1.26050970
power_01,1,POWER,1,active,1132,18.269254,-15608.79000000,43931.79000000,23662.53000000,40689.40500000,35476.51500000,23233.23000000,17067.10500000,25579.12500000,-1.61872989,1.68707219,1.02331407,2.35580672,-0.11979454,1.00226727,0.51533776,0.22428784,1.06832629
power_01,1,POWER,1,active,1133,18.271254,-15610.00500000,43929.13500000,23656.23000000,40680.36000000,35479.03500000,23241.60000000,17064.85500000,25576.20000000,-0.12425800,-0.43926768,-2.20113281,-1.07560011,-3.10730303,0.15659188,0.03534591,0.13202206,0.90894019
power_01,1,POWER,1,active,1134,18.273254,-15608.29500000,43936.51500000,23670.85500000,40692.24000000,35496.49500000,23256.99000000,17060.53500000,25575.25500000,-1.15644295,-0.48400874,0.80071135,1.27291813,-0.54510329,1.90969595,-2.07683315,-2.45468644,1.33755000
power_01,1,POWER,1,active,1135,18.275254,-15604.47000000,43947.36000000,23693.26500000,40713.93000000,35516.97000000,23271.34500000,17057.47500000,25576.92000000,1.05623072,2.61345468,4.06133995,4.77223975,2.52825895,1.84814227,-0.66278392,0.42416532,2.24582695
power_01,1,POWER,1,active,1136,18.277254,-15605.10000000,43954.92000000,23715.72000000,40736.43000000,35533.93500000,23281.11000000,17052.34500000,25574.35500000,2.87407834,1.19326496,-0.03629401,1.07676542,0.57432811,-0.76720962,1.56114430,2.38312141,1.30827577
power_01,1,POWER,1,active,1137,18.279254,-15606.85500000,43962.84000000,23738.89500000,40760.23500000,35545.81500000,23286.46500000,17046.94500000,25570.89000000,0.37742387,-0.56115803,-0.90539281,-0.53725722,0.79280706,-0.36119271,-0.12600593,-0.63074270,0.53649754
power_01,1,POWER,1,active,1138,18.281254,-15609.60000000,43961.53500000,23740.20000000,40764.69000000,35537.94000000,23275.62000000,17048.29500000,25570.30500000,-0.74122330,-0.68411603,0.09704247,-0.28654229,0.28433451,-0.99574648,-1.10965147,-2.08173593,0.78504906
power_01,1,POWER,1,active,1139,18.283254,-15607.75500000,43958.88000000,23730.43500000,40757.04000000,35524.17000000,23263.60500000,17053.69500000,25575.21000000,0.69777661,-1.64469316,-3.26153990,-3.35202810,-2.94948278,-3.67042116,1.09594706,0.21284302,2.11059147
power_01,1,POWER,1,active,1140,18.285254,-15611.08500000,43950.73500000,23710.05000000,40737.51000000,35506.98000000,23251.77000000,17057.88000000,25575.43500000,0.87785552,-0.94680480,-1.91986168,-2.92138747,-0.82437022,-1.23699152,0.60888538,0.68523329,1.25267373
power_01,1,POWER,1,active,1141,18.287254,-15607.39500000,43946.19000000,23690.34000000,40718.20500000,35493.79500000,23245.69500000,17065.12500000,25581.91500000,0.32117066,0.74446160,2.65580690,1.22984864,3.00517606,2.45688478,-0.90488272,-0.18020371,1.43730438
power_01,1,POWER,1,active,1142,18.289254,-15606.27000000,43936.69500000,23664.60000000,40692.28500000,35480.29500000,23239.48500000,17072.82000000,25584.34500000,1.33598806,-0.34260830,0.47945869,0.38855948,0.63112014,0.37980220,1.41415002,1.39063761,0.79529056
power_01,1,POWER,1,active,1143,18.291254,-15604.47000000,43935.39000000,23661.00000000,40684.90500000,35485.65000000,23249.83500000,17071.38000000,25583.22000000,0.87170115,-3.01782301,-2.93942532,-2.99560733,-2.04867481,-1.35538514,1.75468854,0.32357745,1.91336035
power_01,1,POWER,1,active,1144,18.293254,-15602.49000000,43942.18500000,23675.04000000,40696.02000000,35503.56000000,23265.27000000,17066.74500000,25582.32000000,-1.00304540,-2.15808493,0.71086219,-0.22369398,0.98386587,1.50790770,-2.01167759,-2.27002972,1.35864592
power_01,1,POWER,1,active,1145,18.295254,-15599.34000000,43952.53500000,23697.49500000,40717.62000000,35524.75500000,23280.48000000,17063.55000000,25583.80500000,0.25910399,1.11866710,3.44863035,3.39527509,3.20033795,1.96758001,-1.66408688,0.50317285,1.94460678
power_01,1,POWER,1,active,1146,18.297254,-15600.78000000,43959.37500000,23719.77000000,40739.35500000,35539.69500000,23289.43500000,17058.19500000,25580.56500000,-0.27896332,-0.13044136,-1.07669448,-0.13581241,-0.27969204,-1.19936863,0.53375481,1.42291822,0.63220566
power_01,1,POWER,1,active,1147,18.299254,-15606.18000000,43964.01000000,23741.14500000,40760.37000000,35549.05500000,23291.37000000,17050.68000000,25574.13000000,-3.76128788,-2.26797813,-2.06433706,-2.22764577,-2.19837288,-2.07153143,-2.09530542,-2.64634853,2.41660089
power_01,1,POWER,1,active,1148,18.301254,-15606.72000000,43965.99000000,23745.55500000,40769.01000000,35545.41000000,23284.17000000,17053.20000000,25576.60500000,-4.22080822,-1.02396292,-0.21995936,-0.31785601,-1.20063818,-2.11872939,-2.86193552,-3.19947231,1.89542024
power_01,1,POWER,1,active,1149,18.303254,-15603.48000000,43963.06500000,23735.92500000,40762.17000000,35533.44000000,23274.40500000,17060.08500000,25581.96000000,0.15000091,0.93448076,-1.65777282,-0.13571030,-0.78610233,-1.04192512,1.47669903,1.55050137,0.96664908
power_01,1,POWER,1,active,1150,18.300659,-15605.73000000,43954.33500000,23715.58500000,40742.73000000,35516.79000000,23262.12000000,17065.03500000,25582.90500000,2.38629803,1.46765102,-0.65477461,-0.08007632,0.87236849,1.58490146,2.08323216,2.41833430,1.44345455
power_01,1,POWER,1,active,1151,18.302659,-15598.89000000,43938.72000000,23690.02500000,40713.16500000,35495.91000000,23250.73500000,17067.33000000,25582.14000000,1.41730920,-1.70869946,0.61536790,-1.27943989,0.12598423,0.60767658,-1.78644833,-2.10384556,1.20559639
power_01,1,POWER,1,active,1152,18.304659,-15593.76000000,43911.81000000,23654.74500000,40671.13500000,35469.36000000,23234.08500000,17065.75500000,25573.86000000,4.87642951,-10.14800780,-5.48888517,-9.61356424,-8.52733539,-5.76886796,-4.10233526,-5.59938868,6.76560175
power_01,1,POWER,1,active,1153,18.306659,-15592.18500000,43918.96500000,23655.78000000,40671.00000000,35481.51000000,23247.90000000,17066.38500000,25578.81000000,3.59012134,-10.08177013,-7.78103630,-11.00066853,-9.68595211,-7.13524956,-3.42760391,-4.84335715,7.19321988
power_01,1,POWER,1,active,1154,18.308659,-15597.22500000,43943.17500000,23678.68500000,40698.36000000,35512.33500000,23272.33500000,17069.26500000,25587.94500000,-3.96025336,11.53673559,7.10307494,10.84155310,9.03982608,6.51241698,2.32939446,5.63230527,7.11944497
power_01,1,POWER,1,active,1155,18.310659,-15598.39500000,43953.79500000,23700.28500000,40719.10500000,35532.40500000,23285.70000000,17065.84500000,25587.13500000,-6.52845484,21.30659663,13.22944032,20.58054147,15.78581091,11.32926004,6.94058567,11.16046737,13.35764466
power_01,1,POWER,1,active,1156,18.312659,-15601.54500000,43959.87000000,23720.89500000,40740.66000000,35545.77000000,23293.53000000,17059.32000000,25582.59000000,-5.55288824,6.83610567,1.21541370,5.05267107,2.08174716,0.71963842,3.84305088,3.16576755,3.55841034
power_01,1,POWER,1,active,1157,18.314659,-15605.28000000,43965.31500000,23743.17000000,40762.53000000,35555.04000000,23296.63500000,17052.79500000,25577.46000000,-4.23451250,1.31125507,-0.63303579,0.83463404,-1.46117383,-0.26961589,0.09752601,-1.01537400,1.23214089
power_01,1,POWER,1,active,1158,18.316659,-15602.49000000,43969.14000000,23751.49500000,40773.10500000,35554.14000000,23291.41500000,17056.71000000,25582.27500000,-0.95672000,1.56286196,2.83220366,2.48151607,0.50005752,1.24228694,0.19024819,-0.34632295,1.26402716
power_01,1,POWER,1,active,1159,18.318659,-15604.51500000,43963.33500000,23737.45500000,40762.62000000,35538.88500000,23277.64500000,17061.21000000,25584.48000000,3.44834412,-1.03827491,-0.66681795,-1.88818117,-1.26509399,-0.90058712,2.17862435,1.54682372,1.61659342
power_01,1,POWER,1,active,1160,18.320659,-15608.25000000,43953.79500000,23716.03500000,40741.83000000,35519.89500000,23264.82000000,17065.44000000,25583.44500000,1.83880400,-2.59983828,-3.36565523,-3.96919485,-1.91084471,-0.44405889,0.76505942,-0.20888865,1.88779301
power_01,1,POWER,1,active,1161,18.322659,-15604.87500000,43948.39500000,23696.41500000,40722.25500000,35506.62000000,23258.56500000,17071.78500000,25589.29500000,0.86053766,-3.56397661,-0.42815109,-2.65767921,-1.12335649,0.50047931,-1.93310047,-3.35892340,1.80327553
power_01,1,POWER,1,active,1162,18.324659,-15606.27000000,43937.55000000,23668.78500000,40694.44500000,35491.14000000,23248.98000000,17076.15000000,25588.62000000,4.15833724,-2.94398983,-0.28790025,-1.99005184,-1.56985235,-0.86132363,-0.49452276,-0.60878863,1.61434582
power_01,1,POWER,1,active,1163,18.326659,-15603.48000000,43938.72000000,23666.22000000,40688.23500000,35496.63000000,23258.52000000,17075.29500000,25589.20500000,2.18353330,-5.59906285,-5.44722006,-6.33278464,-5.36004696,-4.70700407,-0.98061276,-2.40324973,4.12668929
power_01,1,POWER,1,active,1164,18.328659,-15598.80000000,43949.52000000,23684.67000000,40702.41000000,35516.74500000,23277.42000000,17073.58500000,25591.54500000,3.55451099,-2.22474508,1.18714175,-1.69290965,-0.64339903,0.42566179,-1.77135170,-1.80000214,1.66246527
power_01,1,POWER,1,active,1165,18.330659,-15599.25000000,43956.18000000,23703.34500000,40720.00500000,35533.48500000,23288.31000000,17070.79500000,25588.80000000,5.26404620,1.28025735,5.03407558,2.81478732,2.80994893,3.12376762,0.69174968,1.81594405,2.85432209
power_01,1,POWER,1,active,1166,18.332659,-15596.28000000,43967.38500000,23728.95000000,40745.43000000,35552.16000000,23301.27000000,17067.24000000,25589.88000000,1.69057454,-3.49406138,-3.27096326,-3.63930362,-2.73605787,-2.70329310,1.32155200,-0.48445504,2.41753260
power_01,1,POWER,1,active,1167,18.334659,-15597.09000000,43975.98000000,23753.16000000,40770.49500000,35565.43500000,23307.03000000,17061.66000000,25587.81000000,2.49804243,-0.90093250,-0.30787603,-0.53358660,0.86205546,1.19362719,-0.49112865,0.73438933,0.94020477
power_01,1,POWER,1,active,1168,18.336659,-15598.30500000,43975.84500000,23756.76000000,40778.05500000,35560.35000000,23298.88500000,17064.18000000,25589.02500000,0.60421768,0.33959292,1.87825034,2.42277620,2.78928745,1.84253736,-1.75767495,0.27755521,1.48898651
power_01,1,POWER,1,active,1169,18.338659,-15598.66500000,43970.13000000,23743.84500000,40766.67000000,35544.10500000,23286.15000000,17069.67000000,25591.14000000,-2.20075889,-3.15248464,-4.23558818,-2.83410484,-2.44507767,-2.88950284,0.00884696,-1.10107213,2.35842952
power_01,1,POWER,1,active,1170,18.340659,-15600.96000000,43961.35500000,23722.78500000,40746.60000000,35526.78000000,23274.18000000,17074.48500000,25591.81500000,-1.90833846,-1.39605755,-3.22018831,-2.90162975,-0.95337217,-0.17460683,0.03531124,-0.26528976,1.35684926
power_01,1,POWER,1,active,1171,18.342659,-15597.04500000,43955.91000000,23701.77000000,40725.85500000,35513.95500000,23267.43000000,17080.56000000,25596.54000000,-3.24929918,0.31638038,0.56101766,0.67298852,2.55258178,1.32397234,-2.26885916,-1.97675363,1.61523158
power_01,1,POWER,1,active,1172,18.344659,-15598.75500000,43944.88500000,23674.00500000,40697.32500000,35498.52000000,23258.83500000,17084.07000000,25596.58500000,-2.25852098,0.31757885,-0.76147158,0.46508278,0.72183494,-1.18258367,-1.42832249,-0.64518419,0.97257243
power_01,1,POWER,1,active,1173,18.346659,-15595.74000000,43946.01000000,23671.93500000,40692.06000000,35506.08000000,23269.77000000,17082.54000000,25596.54000000,-3.15778523,-1.43568374,-3.65714780,-2.85781235,-2.48598607,-3.22778719,-1.73348045,-1.32566682,2.48516871
power_01,1,POWER,1,active,1174,18.348659,-15597.40500000,43950.28500000,23684.22000000,40700.88000000,35522.01000000,23283.00000000,17077.63500000,25591.99500000,-3.84350729,-0.13126532,1.26087895,1.21006977,1.12778524,-0.10877928,-2.92170125,-3.06991760,1.70923809
power_01,1,POWER,1,active,1175,18.350659,-15594.30000000,43960.23000000,23707.17000000,40722.07500000,35541.90000000,23298.03000000,17074.26000000,25593.03000000,-1.79861994,1.95050614,4.28074884,4.11535230,2.38015795,1.01849020,-0.77294566,-0.65084422,2.12095816
power_01,1,POWER,1,active,1176,18.352659,-15593.53500000,43969.23000000,23731.06500000,40745.56500000,35558.05500000,23308.38000000,17070.21000000,25591.63500000,-0.40101096,0.86558281,0.29459587,0.53513569,-1.63838784,-1.39831067,1.79339275,1.81100069,1.09217716
power_01,1,POWER,1,active,1177,18.354659,-15595.38000000,43972.60500000,23751.85500000,40765.77000000,35566.92000000,23310.54000000,17062.47000000,25585.69500000,0.87507997,1.03466045,1.22793628,1.08022497,-0.68344537,0.24262420,0.80425199,1.18929306,0.89218954
power_01,1,POWER,1,active,1178,18.356659,-15598.84500000,43969.90500000,23752.62000000,40770.04500000,35557.42500000,23298.25500000,17064.49500000,25583.98500000,-1.20428458,-1.17929999,0.29500050,-0.08360700,-2.22502162,-2.08804326,-0.83557468,-1.93513615,1.23074597
power_01,1,POWER,1,active,1179,18.358659,-15594.21000000,43953.57000000,23734.53000000,40750.69500000,35534.07000000,23280.66000000,17066.16000000,25581.55500000,0.53910887,-4.34405530,-4.63781245,-4.65433704,-6.74362848,-5.15742878,1.39403240,-1.01997497,3.56129729
power_01,1,POWER,1,active,1180,18.360659,-15597.85500000,43954.78500000,23719.86000000,40740.21000000,35526.51000000,23275.17000000,17074.48500000,25589.11500000,3.31583814,-1.19602803,-1.99833678,-2.38637823,-1.50740912,0.41811356,2.23170216,1.98072516,1.87931640
power_01,1,POWER,1,active,1181,18.362659,-15599.74500000,43952.58000000,23699.79000000,40722.43500000,35516.25000000,23269.09500000,17081.23500000,25595.01000000,-1.34546329,10.02697651,7.19648254,9.45550252,10.85821127,8.20337409,2.82638882,5.95873604,6.98389188
power_01,1,POWER,1,active,1182,18.364659,-15597.72000000,43944.93000000,23676.21000000,40698.40500000,35503.60500000,23264.19000000,17086.77000000,25598.11500000,-1.56633389,11.00519901,6.18575868,9.77332017,8.80483274,5.98293639,4.09550026,6.98387782,6.79971987
power_01,1,POWER,1,active,1183,18.366659,-15594.03000000,43948.26000000,23675.35500000,40694.67000000,35511.70500000,23276.29500000,17085.96000000,25600.45500000,2.38711572,3.00343767,0.41903948,1.14346247,0.57026779,1.63200430,1.77729886,3.20744563,1.76750899
power_01,1,POWER,1,active,1184,18.368659,-15596.59500000,43951.32000000,23686.38000000,40702.86000000,35526.06000000,23287.27500000,17080.47000000,25595.50500000,0.86319586,3.82705868,3.97679149,3.89791640,3.58372669,3.68614476,-0.38752988,1.19727328,2.67745463
power_01,1,POWER,1,active,1185,18.370659,-15595.38000000,43959.19500000,23707.08000000,40722.93000000,35544.10500000,23299.20000000,17076.73500000,25594.65000000,-0.84484552,-0.66911430,1.36473192,0.92779217,-0.11420796,-1.17406847,-1.11692736,-2.11615969,1.04098092
power_01,1,POWER,1,active,1186,18.372659,-15590.52000000,43972.24500000,23734.30500000,40750.87500000,35565.34500000,23314.36500000,17073.76500000,25597.84500000,2.53747740,-2.83215824,-2.48166702,-2.78254287,-3.12971454,-2.60804365,0.79943401,-0.18930831,2.17004326
power_01,1,POWER,1,active,1187,18.374659,-15590.74500000,43981.38000000,23759.01000000,40775.80500000,35579.97000000,23321.88000000,17069.40000000,25596.13500000,4.92276368,2.05168280,1.87368988,1.32897638,2.70473938,3.94394768,1.12978461,2.60391260,2.56993713
power_01,1,POWER,1,active,1188,18.376659,-15595.78500000,43978.77000000,23758.24500000,40778.05500000,35571.96000000,23309.32500000,17070.48000000,25593.39000000,0.69870198,-2.33345060,-0.74293000,-2.74918978,-0.38894410,-0.05604889,-1.44608420,-3.15932134,1.44683386
power_01,1,POWER,1,active,1189,18.378659,-15596.77500000,43973.28000000,23744.88000000,40768.20000000,35556.84000000,23296.32000000,17075.61000000,25596.81000000,-2.34509061,-5.55577178,-7.01837567,-7.84443076,-5.87386881,-5.71648399,-0.30788850,-4.01688724,4.83484967
power_01,1,POWER,1,active,1190,18.380659,-15593.13000000,43969.32000000,23729.44500000,40753.75500000,35544.73500000,23288.94000000,17081.82000000,25602.66000000,0.76049851,-2.86973570,-3.77796585,-4.49541113,-2.52785025,-1.24780519,-0.05766031,-0.61209457,2.04362769
power_01,1,POWER,1,active,1191,18.382659,-15594.34500000,43960.00500000,23706.94500000,40730.53500000,35528.53500000,23278.95000000,17086.36500000,25604.19000000,1.54698675,-1.08658800,2.69716009,0.56948174,1.55302375,2.11198118,-1.94934391,-1.21659297,1.59139480
power_01,1,POWER,1,active,1192,18.384659,-15595.38000000,43949.74500000,23680.66500000,40703.08500000,35514.58500000,23273.28000000,17091.49500000,25605.27000000,-2.06906534,-4.14961768,-1.46808554,-3.10016478,-3.49876849,-2.80865113,-1.82425505,-3.31286224,2.77893378
power_01,1,POWER,1,active,1193,18.386659,-15590.52000000,43944.48000000,23674.90500000,40691.29500000,35516.25000000,23281.02000000,17088.21000000,25602.12000000,-1.77168628,-7.91339586,-6.55977397,-8.49332566,-7.94483607,-4.83764142,-2.09793353,-4.67683125,5.53692801
power_01,1,POWER,1,active,1194,18.388659,-15581.79000000,43933.68000000,23680.84500000,40687.60500000,35520.21000000,23287.09500000,17077.68000000,25590.96000000,3.34100119,-10.49849103,-3.63164415,-8.41050118,-7.66324900,-3.84007050,-5.46275104,-7.50252291,6.29377887
power_01,1,POWER,1,active,1195,18.390659,-15581.83500000,43938.54000000,23698.21500000,40703.67000000,35535.33000000,23297.22000000,17072.64000000,25588.17000000,3.69900327,-12.43032856,-4.34287402,-8.78241465,-9.67351239,-7.16084075,-5.91317603,-8.31954549,7.54021190
power_01,1,POWER,1,active,1196,18.392659,-15584.71500000,43951.09500000,23722.33500000,40730.35500000,35554.77000000,23308.69500000,17069.76000000,25588.75500000,-2.08422441,-1.74447143,-3.84186273,-1.85784974,-3.43089697,-3.91545510,0.67921326,-0.09528338,2.20615713
power_01,1,POWER,1,active,1197,18.394659,-15593.35500000,43975.44000000,23754.37500000,40769.32500000,35579.61000000,23321.47500000,17070.79500000,25594.29000000,-6.76499724,14.35099755,5.80569643,12.70145081,10.36773072,5.93309642,5.15106492,7.67683404,8.59398352
power_01,1,POWER,1,active,1198,18.396659,-15598.98000000,43977.78000000,23757.43500000,40776.25500000,35573.89500000,23311.84500000,17073.36000000,25594.78500000,-8.61446133,19.38727552,10.82586563,18.29394814,14.72423450,8.43215249,5.83034755,8.73508058,11.85542072
power_01,1,POWER,1,active,1199,18.398659,-15596.01000000,43970.67000000,23744.11500000,40765.05000000,35557.38000000,23299.69500000,17077.54500000,25597.08000000,-4.39605999,11.21894777,3.52154104,8.48975313,6.27800340,3.38113954,5.07297359,6.58909591,6.11843930
power_01,1,POWER,1,active,1200,18.401128,-15597.99000000,43963.83000000,23724.27000000,40746.82500000,35540.23500000,23288.76000000,17083.57500000,25598.65500000,2.03254311,3.38045790,0.41350542,1.85101833,2.02031076,2.96561698,2.04097482,3.35457241,2.25737497
power_01,1,POWER,1,active,1201,18.403128,-15596.14500000,43960.68000000,23705.28000000,40728.19500000,35529.43500000,23283.27000000,17090.10000000,25605.54000000,1.71319000,5.82208254,5.94683314,6.58754057,6.84488611,6.20869599,1.00085347,3.31093562,4.67937718
power_01,1,POWER,1,active,1202,18.405128,-15597.45000000,43949.97000000,23678.86500000,40700.74500000,35514.49500000,23274.90000000,17094.46500000,25605.58500000,1.69995782,2.45507128,2.76903797,2.61319098,3.13653277,1.56917233,0.55786960,2.82461932,2.20318151
power_01,1,POWER,1,active,1203,18.407128,-15595.24500000,43951.68000000,23677.11000000,40696.06500000,35521.47000000,23286.42000000,17093.11500000,25606.53000000,2.45029128,-4.02103797,-2.80786142,-4.06056498,-2.71779949,-2.31028742,-1.09240094,-0.46601022,2.49078171
power_01,1,POWER,1,active,1204,18.409128,-15596.91000000,43955.46000000,23688.27000000,40704.70500000,35535.78000000,23298.12000000,17087.26500000,25601.80500000,1.13526058,-3.04618859,0.54713083,-1.08733055,-0.36078637,0.31917243,-2.94211004,-2.50574606,1.49296568
power_01,1,POWER,1,active,1205,18.411128,-15592.23000000,43966.08000000,23711.89500000,40727.20500000,35556.70500000,23311.93500000,17084.74500000,25603.78500000,2.86204015,-4.10688827,0.78714390,-1.14462751,-0.99719518,-1.64282930,-2.74858737,-2.37743398,2.08334321
power_01,1,POWER,1,active,1206,18.413128,-15591.64500000,43975.39500000,23734.93500000,40750.24500000,35573.26500000,23322.33000000,17080.83000000,25601.76000000,4.87385139,-4.95261207,-2.78095807,-4.29729559,-3.46026825,-3.70625507,0.36618419,-0.45983848,3.11215789
power_01,1,POWER,1,active,1207,18.415128,-15595.47000000,43981.33500000,23755.81500000,40771.39500000,35581.77000000,23324.71500000,17074.44000000,25596.36000000,3.04703870,-4.41760523,-2.71946772,-4.93289031,-3.33995954,-1.60075171,-0.95175882,-2.27641273,2.91073559
power_01,1,POWER,1,active,1208,18.417128,-15593.53500000,43984.48500000,23762.29500000,40780.98000000,35578.84500000,23318.59500000,17077.41000000,25601.53500000,0.91658332,-4.88372734,-1.93950557,-4.38518454,-3.85967207,-2.21141923,-2.80007641,-3.76113022,3.09466234
power_01,1,POWER,1,active,1209,18.419128,-15594.34500000,43978.09500000,23748.88500000,40770.04500000,35563.00500000,23305.09500000,17082.00000000,25603.83000000,2.76077396,-3.22741393,-2.60315583,-3.79641244,-3.34701264,-2.00058804,0.53861608,1.07791814,2.41898638
power_01,1,POWER,1,active,1210,18.421128,-15596.23500000,43968.87000000,23727.78000000,40749.66000000,35545.77000000,23292.49500000,17086.36500000,25603.29000000,0.79775022,-3.76141188,-3.76066655,-4.92267202,-2.36338509,-0.79743184,-0.04197803,-0.86366591,2.16362019
power_01,1,POWER,1,active,1211,18.423128,-15594.03000000,43962.93000000,23707.53000000,40729.09500000,35534.16000000,23286.55500000,17092.26000000,25607.52000000,-2.02453545,-2.08835601,-0.05080531,-1.28623241,1.22192864,0.98183683,-1.79216916,-3.71169768,1.64469519
power_01,1,POWER,1,active,1212,18.425128,-15592.59000000,43955.73000000,23683.14000000,40704.93000000,35522.50500000,23282.41500000,17098.15500000,25611.48000000,-0.13794000,1.58815562,1.47457218,1.89393644,2.87916510,2.27007971,0.96527211,1.13013693,1.54240726
power_01,1,POWER,1,active,1213,18.427128,-15591.78000000,43954.92000000,23679.72000000,40698.45000000,35528.08500000,23291.41500000,17096.22000000,25610.40000000,-2.10580979,-0.07080638,-2.72630850,-1.18632043,-1.08267148,-0.26761579,1.09626859,0.64072136,1.14706529
power_01,1,POWER,1,active,1214,18.429128,-15590.97000000,43960.32000000,23693.85000000,40708.89000000,35544.28500000,23305.77000000,17092.21500000,25607.79000000,-3.45790765,0.66762195,1.32785946,1.83603247,0.73456448,0.99008424,-0.85597838,-1.67220365,1.44278154
power_01,1,POWER,1,active,1215,18.431128,-15589.89000000,43968.28500000,23713.92000000,40728.10500000,35562.42000000,23318.50500000,17089.06500000,25606.48500000,-2.20930601,1.89568264,3.23574711,3.57127229,1.39705318,0.98999502,0.41926538,-0.53945257,1.78222178
power_01,1,POWER,1,active,1216,18.433128,-15590.56500000,43976.65500000,23737.23000000,40750.96500000,35578.66500000,23329.03500000,17085.28500000,25604.91000000,-2.22977367,0.13158173,-2.29009075,-0.95742419,-2.67603493,-2.16675690,2.37219119,0.40842168,1.65403438
power_01,1,POWER,1,active,1217,18.435128,-15593.85000000,43982.41500000,23759.95500000,40773.46500000,35589.24000000,23332.95000000,17079.61500000,25600.90500000,-2.18449858,0.63826995,-0.34832979,-0.11893736,-0.95868816,-0.15597064,0.65251792,0.04128881,0.63731265
power_01,1,POWER,1,active,1218,18.437128,-15591.96000000,43985.74500000,23766.34500000,40782.55500000,35585.73000000,23328.13500000,17083.84500000,25605.85500000,-1.34934567,1.72959421,2.51301458,2.04726943,0.36376920,0.83172860,-0.38356056,0.21031869,1.17857512
power_01,1,POWER,1,active,1219,18.439128,-15595.20000000,43978.00500000,23749.92000000,40769.37000000,35567.14500000,23311.93500000,17087.44500000,25606.26000000,0.70356682,1.84498026,-1.18431600,-0.19623455,-1.98866322,-1.09429580,1.72644984,2.72056748,1.43238424
power_01,1,POWER,1,active,1220,18.441128,-15594.66000000,43971.66000000,23730.70500000,40751.91000000,35551.75500000,23301.40500000,17091.40500000,25608.51000000,-0.04490440,1.08671439,-2.82248757,-1.50602033,-1.50287356,-1.36798679,-0.29790725,0.89615038,1.19063059
power_01,1,POWER,1,active,1221,18.443128,-15590.34000000,43967.16000000,23711.94000000,40732.83000000,35538.93000000,23295.87000000,17098.33500000,25614.36000000,1.13432317,3.70581995,3.20277505,3.94082357,3.65826055,2.12183237,-2.02856233,0.26697215,2.50742114
power_01,1,POWER,1,active,1222,18.445128,-15589.62000000,43959.15000000,23688.22500000,40708.21500000,35527.36500000,23290.60500000,17103.87000000,25617.42000000,3.40294096,4.96121968,4.38390895,5.12947668,3.95095954,2.44714490,1.06338190,3.49903735,3.60475875
power_01,1,POWER,1,active,1223,18.447128,-15588.40500000,43959.10500000,23684.98500000,40701.87000000,35533.89000000,23299.56000000,17101.98000000,25616.07000000,-0.17147841,0.44884147,-1.30968193,-0.63650919,0.03378413,-1.67943576,0.43548215,0.63556971,0.66884784
power_01,1,POWER,1,active,1224,18.449128,-15587.77500000,43965.40500000,23699.29500000,40712.76000000,35550.81000000,23314.95000000,17097.52500000,25614.18000000,-1.05543346,0.80401052,1.93392933,1.81959475,2.93322383,0.92223941,-1.91409046,-1.72834502,1.63885835
power_01,1,POWER,1,active,1225,18.451128,-15587.59500000,43972.56000000,23718.96000000,40731.21000000,35568.67500000,23326.65000000,17093.61000000,25612.15500000,-0.48184890,0.71318645,2.82146539,2.43554010,2.30513153,0.97152051,-0.70836549,-0.89699187,1.41675628
power_01,1,POWER,1,active,1226,18.453128,-15588.58500000,43981.02000000,23741.41500000,40754.47500000,35584.60500000,23335.33500000,17088.84000000,25610.08500000,-1.45748990,-2.93991933,-3.69035054,-3.15704529,-2.57965733,-3.64614259,0.64995564,-1.12029425,2.40510686
power_01,1,POWER,1,active,1227,18.455128,-15592.90500000,43986.01500000,23762.38500000,40776.16500000,35594.14500000,23337.63000000,17082.63000000,25605.36000000,-1.23726294,-2.61085621,-2.56184368,-2.28719653,-1.59478369,-2.04225388,-0.70743356,-1.73293614,1.84682083
power_01,1,POWER,1,active,1228,18.457128,-15591.78000000,43986.87000000,23766.79500000,40783.18500000,35589.64500000,23329.75500000,17086.63500000,25608.19500000,-1.07857996,-2.65622418,-0.44763123,-1.20269040,-1.23877340,-1.24024898,-1.07067593,-2.00806842,1.36786156
power_01,1,POWER,1,active,1229,18.459128,-15589.62000000,43983.13500000,23755.90500000,40774.86000000,35575.60500000,23318.37000000,17091.94500000,25613.41500000,2.73253385,-1.83591259,-1.80719502,-2.36080043,-1.96001919,-1.14373432,2.21049138,1.73779341,1.97356002
power_01,1,POWER,1,active,1230,18.461128,-15591.64500000,43972.60500000,23733.85500000,40754.52000000,35556.34500000,23305.32000000,17095.63500000,25612.92000000,3.45072081,-0.64870328,-0.98878482,-1.43703761,-0.80836932,1.47445174,1.24373757,2.10681000,1.51982689
power_01,1,POWER,1,active,1231,18.463128,-15591.69000000,43964.28000000,23710.54500000,40731.79500000,35540.91000000,23296.00500000,17100.85500000,25615.71000000,-0.50176294,-1.48218201,0.67363526,0.23165889,0.25439803,1.77415613,-1.83388629,-1.88395592,1.07945443
power_01,1,POWER,1,active,1232,18.465128,-15588.27000000,43958.83500000,23689.03500000,40709.07000000,35531.50500000,23292.81000000,17107.33500000,25621.74000000,0.62267643,0.57112035,0.80697420,0.86416383,0.78656527,1.01805815,0.68430568,1.08331745,0.80464767
power_01,1,POWER,1,active,1233,18.467128,-15586.29000000,43959.28500000,23685.79500000,40703.08500000,35539.74000000,23303.07000000,17106.03000000,25621.42500000,1.76269241,1.98256973,0.15492753,-0.00834079,1.46046177,1.69505126,1.64418412,3.15693900,1.48314583
power_01,1,POWER,1,active,1234,18.469128,-15585.25500000,43963.29000000,23698.48500000,40712.76000000,35555.13000000,23316.48000000,17100.85500000,25618.32000000,0.02691935,1.13392747,2.22804671,1.63220573,3.20129102,3.03453312,-1.06181929,-0.78157002,1.63753909
power_01,1,POWER,1,active,1235,18.471128,-15585.93000000,43964.68500000,23714.68500000,40726.71000000,35566.65000000,23324.44500000,17095.63500000,25612.96500000,-0.75977319,-1.54717787,1.13876135,0.40405639,-0.73449254,-0.16713192,-1.28978370,-2.51439393,1.06944636
power_01,1,POWER,1,active,1236,18.473128,-15584.89500000,43979.53500000,23741.73000000,40755.96000000,35588.38500000,23339.02500000,17092.71000000,25615.93500000,-0.82449438,-2.47843535,-2.78085258,-2.78803881,-4.50550644,-2.61859729,0.70316864,-0.80432133,2.18792685
power_01,1,POWER,1,active,1237,18.475128,-15589.44000000,43985.52000000,23762.74500000,40777.69500000,35597.65500000,23341.77000000,17086.68000000,25610.71500000,-0.95812714,2.96375994,1.01332982,1.92072989,1.35414905,2.20076829,0.47102346,0.94057941,1.47780838
power_01,1,POWER,1,active,1238,18.477128,-15591.42000000,43986.42000000,23764.77000000,40783.27500000,35591.04000000,23332.45500000,17088.97500000,25611.70500000,-2.33915394,2.31328669,1.58592152,1.60194619,0.53866672,0.70655522,-1.05806451,-1.23026916,1.42173299
power_01,1,POWER,1,active,1239,18.479128,-15591.37500000,43982.59500000,23752.12500000,40774.23000000,35576.73000000,23320.44000000,17094.78000000,25615.53000000,-1.06394945,-0.37886514,-3.15133325,-2.94747269,-3.48835645,-2.80857599,1.04969523,-0.45966439,1.91848907
power_01,1,POWER,1,active,1240,18.481128,-15590.29500000,43977.82500000,23735.20500000,40757.98500000,35561.88000000,23310.81000000,17100.04500000,25619.49000000,1.73253160,3.17722443,0.36407075,0.74250208,1.66191857,1.78544722,1.73298738,2.75060792,1.74341124
power_01,1,POWER,1,active,1241,18.483128,-15587.50500000,43971.57000000,23715.27000000,40737.55500000,35548.83000000,23304.64500000,17106.43500000,25624.48500000,1.82928755,3.17112713,5.39057900,3.94541266,4.28710708,3.60265974,-0.46443027,1.26990736,2.99506385
power_01,1,POWER,1,active,1242,18.485128,-15588.49500000,43961.80500000,23688.81000000,40710.10500000,35534.43000000,23299.02000000,17111.38500000,25625.38500000,1.19025211,0.63497107,2.10610052,1.25118187,1.24578981,0.89863671,0.69114144,1.17398526,1.14900735
power_01,1,POWER,1,active,1243,18.487128,-15589.12500000,43959.24000000,23683.41000000,40700.88000000,35537.89500000,23306.22000000,17109.13500000,25621.74000000,-1.55455386,-3.10895308,-3.88683082,-4.15551843,-3.05042880,-2.38353401,0.20575943,-1.38626399,2.46648030
power_01,1,POWER,1,active,1244,18.489128,-15586.11000000,43966.80000000,23699.52000000,40713.70500000,35556.93000000,23323.05000000,17106.12000000,25621.02000000,-1.68893867,-2.78778424,-0.11088380,-1.35879449,-0.48460677,-0.96515521,-1.89603538,-3.66653489,1.61984168
power_01,1,POWER,1,active,1245,18.491128,-15581.74500000,43977.42000000,23723.68500000,40735.98000000,35577.72000000,23337.81000000,17103.51000000,25622.95500000,2.47845792,1.26553443,4.77236531,4.29672489,3.90919287,1.76389224,0.31743954,1.06983735,2.48418057
power_01,1,POWER,1,active,1246,18.493128,-15583.81500000,43984.03500000,23744.92500000,40757.67000000,35592.30000000,23345.28000000,17097.70500000,25618.90500000,2.22986339,-1.01002275,-0.58923004,-0.13527029,-0.43266051,-2.06566544,1.21718127,1.90767670,1.19844630
power_01,1,POWER,1,active,1247,18.495128,-15589.44000000,43988.31000000,23764.54500000,40777.92000000,35600.44500000,23345.95500000,17091.04500000,25612.60500000,-1.91814019,-3.73856890,-3.42842898,-2.87757909,-2.62851525,-4.13922220,-2.06214979,-2.58839277,2.92262464
power_01,1,POWER,1,active,1248,18.497128,-15590.29500000,43988.40000000,23766.66000000,40783.81500000,35594.46000000,23336.91000000,17093.29500000,25613.50500000,-3.09432768,-3.31922237,-2.59174564,-1.83144285,-2.14788745,-3.69449452,-2.75854179,-3.55356857,2.87390386
power_01,1,POWER,1,active,1249,18.499128,-15590.92500000,43982.05500000,23753.11500000,40772.74500000,35579.16000000,23323.77000000,17097.43500000,25616.16000000,-0.25772737,-2.66168278,-4.65801315,-3.36949266,-3.32290521,-3.64608622,0.02717475,-0.02900783,2.24651125
power_01,1,POWER,1,active,1250,18.500203,-15590.16000000,43976.16000000,23735.74500000,40755.24000000,35564.44500000,23314.09500000,17102.88000000,25619.98500000,0.99859196,-0.74016043,-2.41390740,-1.94395487,-0.27143976,0.11495554,0.10409436,1.61023941,1.02466796
power_01,1,POWER,1,active,1251,18.502203,-15586.29000000,43969.59000000,23714.68500000,40734.04500000,35551.30500000,23307.25500000,17109.36000000,25625.74500000,1.65568884,2.59126544,3.86295833,3.14660888,4.16764484,3.99234538,-0.35689853,2.26116072,2.75432137
power_01,1,POWER,1,active,1252,18.504203,-15589.98000000,43958.16000000,23687.01000000,40706.28000000,35535.91500000,23298.97500000,17112.64500000,25623.94500000,1.18426596,1.77561996,1.15241217,1.98755979,1.33882746,1.35479370,1.00397493,2.30083994,1.51228674
power_01,1,POWER,1,active,1253,18.506203,-15589.98000000,43959.82500000,23684.58000000,40700.25000000,35542.08000000,23308.78500000,17110.17000000,25621.65000000,-3.21806356,-0.92118001,-3.83723915,-2.39821759,-3.04057728,-1.79833256,-0.24797958,-1.69857275,2.14502031
power_01,1,POWER,1,active,1254,18.508203,-15587.23500000,43966.39500000,23699.02500000,40712.08500000,35559.67500000,23323.68000000,17106.30000000,25621.83000000,-1.71293493,2.95767393,2.58216717,2.66581199,1.63423708,2.55694360,-1.18218771,-1.22531477,2.06465890
power_01,1,POWER,1,active,1255,18.510203,-15584.44500000,43975.98000000,23722.11000000,40734.85500000,35580.46500000,23339.25000000,17104.36500000,25623.31500000,2.54507972,4.17432800,5.26893873,6.03734715,3.94668819,4.05681340,1.47780255,3.22704002,3.84175472
power_01,1,POWER,1,active,1256,18.512203,-15584.85000000,43983.99000000,23746.45500000,40759.02000000,35597.25000000,23350.09500000,17100.36000000,25621.92000000,1.79589396,0.94394535,0.73848908,1.96501492,0.29097695,1.51594115,3.50054039,3.38639427,1.76714951
power_01,1,POWER,1,active,1257,18.514203,-15586.06500000,43991.82000000,23770.17000000,40781.20500000,35606.20500000,23353.15500000,17095.54500000,25618.54500000,1.18734860,1.02862210,1.90673356,0.88058302,0.05703744,2.00340469,1.52437259,0.89806539,1.18577092
power_01,1,POWER,1,active,1258,18.516203,-15584.58000000,43994.29500000,23774.58000000,40788.99000000,35602.33500000,23347.26000000,17099.05500000,25622.59500000,1.33437223,1.05369666,2.28627526,0.23330491,-0.79218252,0.54478163,0.06810026,-0.31716271,0.82873452
power_01,1,POWER,1,active,1259,18.518203,-15586.87500000,43986.06000000,23757.93000000,40775.98500000,35584.11000000,23331.24000000,17103.87000000,25622.86500000,1.20404746,-0.68430505,-3.03922211,-3.00952634,-2.98382383,-1.75237051,1.78899512,0.48535432,1.86845559
power_01,1,POWER,1,active,1260,18.520203,-15581.79000000,43971.12000000,23735.74500000,40751.41500000,35563.00500000,23317.33500000,17106.66000000,25621.87500000,0.94447950,-5.07014140,-5.91638168,-6.43929830,-4.27776548,-3.19320051,-0.42260738,-2.70991862,3.62172411
power_01,1,POWER,1,active,1261,18.522203,-15578.82000000,43957.98000000,23709.55500000,40722.93000000,35542.57500000,23303.97000000,17109.63000000,25621.56000000,2.22656173,-7.19192101,-2.71763449,-6.12893518,-3.91392657,-3.55356798,-4.15986404,-5.90190048,4.47428893
power_01,1,POWER,1,active,1262,18.524203,-15583.77000000,43965.58500000,23692.86000000,40709.34000000,35541.04500000,23304.15000000,17119.26000000,25631.55000000,-0.97857887,0.96721558,-0.28380129,-0.59225473,0.21597933,-2.17892872,-1.00417033,-0.65154239,0.85905891
power_01,1,POWER,1,active,1263,18.526203,-15579.67500000,43969.99500000,23693.22000000,40707.40500000,35553.78000000,23319.27000000,17119.08000000,25635.10500000,-6.05653120,10.61596440,2.41009256,6.21284982,7.32408529,2.54716300,2.79526952,5.09214642,5.38176277
power_01,1,POWER,1,active,1264,18.528203,-15580.21500000,43974.04500000,23706.40500000,40718.79000000,35571.73500000,23334.12000000,17114.62500000,25632.09000000,-2.46109457,6.74484533,5.71411481,7.69681023,9.71757575,6.88428142,0.04961391,2.71782752,5.24827044
power_01,1,POWER,1,active,1265,18.530203,-15584.13000000,43977.28500000,23723.28000000,40735.53000000,35586.45000000,23343.88500000,17109.90000000,25626.69000000,-3.55248865,-2.27027307,0.98530830,2.44204814,2.24603349,1.04763232,-1.65380273,-2.61940427,2.10212387
power_01,1,POWER,1,active,1266,18.532203,-15581.74500000,43988.08500000,23749.20000000,40761.72000000,35604.81000000,23357.02500000,17106.52500000,25628.40000000,-4.79116780,-3.40763658,-3.40524739,-1.49164033,-3.17062375,-2.68419533,0.50447126,-1.83087398,2.66073205
power_01,1,POWER,1,active,1267,18.534203,-15581.79000000,43996.63500000,23773.41000000,40786.33500000,35617.41000000,23361.34500000,17101.48500000,25625.97000000,1.98476911,-1.30926108,0.61005842,-0.00369166,-0.70406336,1.35810982,-0.55874400,0.46126086,0.87374479
power_01,1,POWER,1,active,1268,18.536203,-15583.81500000,43995.82500000,23775.43500000,40791.64500000,35610.43500000,23349.87000000,17103.10500000,25626.60000000,1.39229450,-0.92090724,1.71933747,0.39272845,-0.93690663,-1.25524493,-1.86974273,-1.33234394,1.22743824
power_01,1,POWER,1,active,1269,18.538203,-15585.25500000,43988.98500000,23761.44000000,40780.03500000,35593.78500000,23335.69500000,17107.47000000,25629.52500000,-0.05645437,-3.56301760,-3.65314735,-4.51162159,-5.64806800,-5.47154824,-0.33112760,-1.12281431,3.04472488
power_01,1,POWER,1,active,1270,18.540203,-15586.47000000,43981.06500000,23740.60500000,40759.74000000,35577.22500000,23325.57000000,17112.10500000,25630.69500000,1.33048371,-3.55043741,-3.62780588,-5.37587070,-4.42109484,-1.83051935,-0.53700243,-0.32821083,2.62517814
power_01,1,POWER,1,active,1271,18.542203,-15589.30500000,43969.77000000,23715.00000000,40733.95500000,35558.55000000,23313.42000000,17116.38000000,25629.48000000,-0.78474369,-1.59713807,0.02517583,-2.04506180,-1.13041440,0.56225258,-1.81724306,-3.16709179,1.39114015
power_01,1,POWER,1,active,1272,18.544203,-15586.74000000,43962.88500000,23692.14000000,40710.78000000,35546.76000000,23309.01000000,17122.50000000,25633.35000000,-0.20232227,-2.56180679,-1.74906577,-2.68687652,-3.86859483,-2.56627587,-0.25765307,-2.59401582,2.06082637
power_01,1,POWER,1,active,1273,18.546203,-15580.75500000,43966.93500000,23693.31000000,40709.20500000,35557.83000000,23322.87000000,17122.18500000,25637.08500000,3.70259785,0.64221401,-0.44331004,-0.46566586,-1.51079896,-0.08265521,1.74098195,2.29100891,1.35990410
power_01,1,POWER,1,active,1274,18.548203,-15581.74500000,43972.15500000,23708.74500000,40720.95000000,35575.15500000,23336.91000000,17117.50500000,25633.80000000,4.56469233,4.22655004,6.00013975,5.21949296,5.26423393,5.23188337,0.39030588,2.81576648,4.21413309
power_01,1,POWER,1,active,1275,18.550203,-15584.44500000,43978.36500000,23725.35000000,40736.74500000,35588.79000000,23345.14500000,17111.70000000,25628.13000000,0.19285589,1.22944762,3.54270378,2.76506080,1.63953706,0.48078823,-0.62079053,-0.86727064,1.41730682
power_01,1,POWER,1,active,1276,18.552203,-15581.29500000,43988.80500000,23749.60500000,40761.40500000,35607.19500000,23357.52000000,17108.28000000,25630.78500000,-0.10533180,-0.14486028,-3.15684404,-2.53217757,-2.91996324,-2.93145336,0.95975173,0.20446899,1.61935638
power_01,1,POWER,1,active,1277,18.554203,-15581.97000000,43996.86000000,23772.78000000,40785.03000000,35620.02000000,23361.79500000,17103.10500000,25629.30000000,3.39791705,2.43577078,0.15536515,0.54909499,2.46527191,2.40095508,0.95862676,3.95726231,2.04003300
power_01,1,POWER,1,active,1278,18.556203,-15585.48000000,43996.41000000,23773.90500000,40789.62000000,35612.86500000,23350.72500000,17106.16500000,25628.94000000,0.55479045,1.85866342,1.95914643,1.96705498,3.29069720,1.29188043,0.27504712,1.62359638,1.60260955
power_01,1,POWER,1,active,1279,18.558203,-15583.36500000,43995.10500000,23761.98000000,40779.85500000,35598.33000000,23339.20500000,17110.98000000,25633.93500000,-0.76885869,0.89999565,-2.84610820,-1.89484068,-1.23091764,-2.03112356,2.01170775,0.75380380,1.55466950
power_01,1,POWER,1,active,1280,18.560203,-15585.12000000,43986.37500000,23741.95500000,40761.40500000,35582.80500000,23328.27000000,17115.25500000,25634.97000000,1.13324969,2.15993120,-0.84112628,-0.25562049,1.41698060,2.07152870,1.25547376,2.31366421,1.43094687
power_01,1,POWER,1,active,1281,18.562203,-15588.54000000,43974.04500000,23716.17000000,40735.30500000,35564.89500000,23316.52500000,17120.74500000,25634.65500000,-2.66445946,-0.83603871,1.80546775,1.97685360,3.09884668,2.30941551,-1.18872096,-1.94025133,1.97750675
power_01,1,POWER,1,active,1282,18.564203,-15584.80500000,43968.55500000,23694.07500000,40712.62500000,35555.76000000,23313.96000000,17126.50500000,25639.83000000,-3.53225460,-3.33163008,-1.28579502,-0.49207883,-0.60540088,-1.29297979,0.52009196,-2.05973759,1.63999609
power_01,1,POWER,1,active,1283,18.566203,-15586.47000000,43965.94500000,23688.99000000,40703.85000000,35559.45000000,23321.16000000,17122.95000000,25635.42000000,-0.46836325,-1.41706045,-1.80746082,-1.32764542,-1.14252253,-0.51417310,0.34727040,0.21250258,0.90462482
power_01,1,POWER,1,active,1284,18.568203,-15583.54500000,43973.86500000,23705.14500000,40717.93500000,35578.53000000,23338.17000000,17118.45000000,25634.88000000,-1.60876835,-0.86176165,1.83193362,1.77513315,0.97377349,1.41689630,-2.67286232,-2.82985486,1.74637297
power_01,1,POWER,1,active,1285,18.570203,-15582.28500000,43981.92000000,23725.57500000,40737.60000000,35595.90000000,23350.18500000,17114.85000000,25633.62000000,0.24224597,0.60942112,3.59382700,4.12776943,1.36933970,1.50644830,-0.92984852,-0.56775515,1.61833190
power_01,1,POWER,1,active,1286,18.572203,-15580.98000000,43991.46000000,23750.05500000,40761.85500000,35612.64000000,23360.40000000,17111.56500000,25632.81000000,2.39573280,0.77847684,0.14286193,0.97964983,-1.13575004,-0.61635521,1.89313832,2.27392919,1.27698677
power_01,1,POWER,1,active,1287,18.574203,-15582.73500000,43998.30000000,23772.42000000,40784.76000000,35623.84500000,23364.00000000,17105.98500000,25629.30000000,0.52595974,-0.23279726,0.13621246,-0.20004636,-0.82897254,-0.50534142,0.46814303,-0.12073332,0.37727577
power_01,1,POWER,1,active,1288,18.576203,-15584.71500000,43997.89500000,23774.80500000,40790.07000000,35616.87000000,23353.92000000,17107.87500000,25631.10000000,0.05232892,0.67608504,1.96862501,1.36269980,0.70335639,0.04489309,-0.90969032,-0.00742920,0.71563847
power_01,1,POWER,1,active,1289,18.578203,-15585.12000000,43992.22500000,23760.54000000,40778.86500000,35600.17500000,23341.09500000,17113.50000000,25634.07000000,-0.60068329,-1.01463640,-2.85618948,-2.57397524,-3.12175501,-2.76128177,0.89271069,1.20983891,1.87888385
power_01,1,POWER,1,active,1290,18.580203,-15584.62500000,43985.65500000,23741.46000000,40760.82000000,35584.02000000,23331.06000000,17118.36000000,25636.36500000,0.02114432,-0.29692999,-2.61207331,-2.51534527,-1.85069294,-0.04728014,1.10439190,1.05486288,1.18784009
power_01,1,POWER,1,active,1291,18.582203,-15584.85000000,43976.70000000,23718.28500000,40737.42000000,35567.50500000,23321.88000000,17123.22000000,25638.43500000,0.17000535,1.71214262,2.32642926,1.81481595,2.34028236,2.82656400,-1.13072689,-0.28957120,1.57631720
power_01,1,POWER,1,active,1292,18.584203,-15586.74000000,43965.90000000,23692.41000000,40710.06000000,35552.97000000,23314.23000000,17128.71000000,25637.98500000,-2.17369548,-1.29150393,-1.02023664,-1.39755280,-1.62874348,-1.95023520,-0.28841915,-1.44066930,1.39888200
power_01,1,POWER,1,active,1293,18.586203,-15580.62000000,43968.15000000,23693.53500000,40706.14500000,35562.46500000,23327.50500000,17129.52000000,25639.83000000,-0.94466833,-1.97941122,-2.86631838,-3.75239939,-2.31854119,-2.32756481,1.32874910,-0.99238774,2.06375502
power_01,1,POWER,1,active,1294,18.588203,-15570.45000000,43958.88000000,23700.87000000,40703.53500000,35568.27000000,23335.60500000,17119.17000000,25630.20000000,4.91936284,-2.93521395,1.54651994,-2.40526005,0.39364078,1.02875551,-1.83004520,-2.22338685,2.16027314
power_01,1,POWER,1,active,1295,18.590203,-15569.37000000,43957.62000000,23715.22500000,40714.51500000,35577.27000000,23341.00500000,17108.91000000,25622.82000000,6.41232948,-10.41490798,-3.03496297,-8.31572208,-6.65755791,-4.82220486,-6.22525460,-6.11251679,6.49943208
power_01,1,POWER,1,active,1296,18.592203,-15570.90000000,43970.53500000,23740.78500000,40742.23500000,35595.85500000,23352.03000000,17106.03000000,25623.31500000,-0.09270030,-6.04289739,-6.36423210,-6.60305020,-6.89130758,-6.79213117,-3.54661777,-3.26381331,4.94959373
power_01,1,POWER,1,active,1297,18.594203,-15580.93500000,43993.53000000,23771.34000000,40778.41500000,35618.49000000,23362.65000000,17106.21000000,25628.58000000,-6.00403624,11.82130759,4.75659401,9.89986016,8.40893395,4.32502544,2.97374267,5.82987593,6.75242200
power_01,1,POWER,1,active,1298,18.596203,-15585.43500000,43998.48000000,23776.02000000,40788.40500000,35616.51000000,23355.76500000,17111.52000000,25632.04500000,-9.09136213,17.72188054,9.39250150,15.89449598,14.35294236,8.00688390,5.35048483,8.19366138,11.00052658
power_01,1,POWER,1,active,1299,18.598203,-15583.59000000,43995.19500000,23764.45500000,40779.99000000,35603.28000000,23345.28000000,17117.59500000,25638.16500000,-5.43285042,10.53351431,2.66154285,8.16175834,7.62896201,3.88807399,5.77571751,6.82789664,6.36378951
power_01,1,POWER,1,active,1300,18.600595,-15586.29000000,43985.43000000,23743.89000000,40759.42500000,35585.41500000,23332.18500000,17120.88000000,25638.21000000,0.46711052,3.68370388,0.55413962,2.66561741,3.85865728,3.60875892,2.85756093,4.20924433,2.73809911
power_01,1,POWER,1,active,1301,18.602595,-15585.21000000,43977.64500000,23721.75000000,40737.19500000,35571.15000000,23324.13000000,17126.91000000,25641.27000000,-0.71116634,0.12154155,2.15026661,1.75119351,2.83938330,2.29667930,-1.33003218,-0.94133047,1.51769916
power_01,1,POWER,1,active,1302,18.604595,-15581.16000000,43972.38000000,23701.18500000,40716.22500000,35563.54500000,23323.86000000,17133.70500000,25647.48000000,2.05147715,-1.77056096,0.08341920,-0.09412418,0.03889203,0.53483675,0.42736524,-0.33586110,0.66706707
power_01,1,POWER,1,active,1303,18.606595,-15576.61500000,43970.31000000,23698.57500000,40707.58500000,35568.40500000,23332.99500000,17130.73500000,25645.50000000,5.78307719,-3.54322484,-2.12959483,-3.45916836,-2.36498398,0.50610527,0.47700375,0.50368942,2.34585595
power_01,1,POWER,1,active,1304,18.608595,-15576.52500000,43977.55500000,23713.69500000,40720.90500000,35586.45000000,23347.84500000,17127.58500000,25643.34000000,3.43776760,-4.71792042,-0.13641616,-3.29711208,-2.74957374,-0.43910590,-2.99599103,-4.19875395,2.74658011
power_01,1,POWER,1,active,1305,18.610595,-15577.11000000,43986.82500000,23734.39500000,40741.96500000,35605.30500000,23360.35500000,17125.47000000,25642.44000000,1.49350487,-3.84819680,-0.25402515,-1.31965323,-3.20989331,-2.20997089,-1.01682918,-4.11779126,2.18373309
power_01,1,POWER,1,active,1306,18.612595,-15577.56000000,43995.51000000,23758.47000000,40765.32000000,35622.76500000,23370.52500000,17121.51000000,25641.04500000,0.38410875,-4.48557566,-4.51220013,-4.47535309,-5.49797972,-4.26051926,1.03398966,-2.02420793,3.33424177
power_01,1,POWER,1,active,1307,18.614595,-15580.21500000,44001.40500000,23780.83500000,40788.54000000,35634.28500000,23374.57500000,17116.42500000,25637.98500000,0.36321033,-6.14161993,-3.78984829,-6.10686748,-5.15562547,-3.46166519,-1.96960586,-3.89964372,3.86101078
power_01,1,POWER,1,active,1308,18.616595,-15584.13000000,43999.38000000,23780.07000000,40791.37500000,35625.33000000,23362.56000000,17118.18000000,25635.96000000,-0.74045941,-5.83414593,-2.71000449,-4.44148385,-4.68776136,-3.52533980,-3.20400439,-4.87608167,3.75241011
power_01,1,POWER,1,active,1309,18.618595,-15583.99500000,43995.15000000,23766.88500000,40781.38500000,35610.25500000,23350.59000000,17123.22000000,25639.78500000,-0.93229451,-5.60876587,-6.89483711,-7.29245306,-7.97407688,-6.02416397,-1.48837361,-3.57671959,4.97396058
power_01,1,POWER,1,active,1310,18.620595,-15580.39500000,43991.77500000,23751.63000000,40766.44500000,35597.16000000,23342.98500000,17128.75500000,25645.54500000,2.59838143,-1.03553944,-2.42310625,-3.50782714,-3.20543535,-0.66563352,-1.12845006,0.39968486,1.87050726
power_01,1,POWER,1,active,1311,18.622595,-15581.79000000,43976.38500000,23724.36000000,40736.38500000,35574.88500000,23328.58500000,17132.44500000,25643.74500000,2.54593865,1.32945425,3.88492074,1.78916734,1.22925526,2.33355882,-2.17545436,0.93308429,2.02760421
power_01,1,POWER,1,active,1312,18.624595,-15581.88000000,43968.64500000,23700.06000000,40712.44500000,35564.22000000,23323.77000000,17136.81000000,25646.80500000,-1.29649330,-3.05182325,-1.66401949,-3.15070528,-4.06112954,-3.79676300,-1.58314707,-1.47366582,2.50971834
power_01,1,POWER,1,active,1313,18.626595,-15578.59500000,43971.12000000,23700.33000000,40710.33000000,35574.57000000,23336.05500000,17136.18000000,25648.56000000,-1.36966276,0.84878736,-1.34784785,0.04046733,0.19754443,-0.71763311,0.29737872,2.18317360,0.87531190
power_01,1,POWER,1,active,1314,18.628595,-15576.88500000,43978.36500000,23716.26000000,40723.20000000,35593.33500000,23351.13000000,17132.58000000,25647.16500000,0.49745544,6.70360134,6.86189313,8.27189897,8.22086564,5.72850824,0.61449035,3.83590617,5.09182741
power_01,1,POWER,1,active,1315,18.630595,-15573.96000000,43991.14500000,23739.21000000,40745.52000000,35613.27000000,23364.90000000,17129.88000000,25646.44500000,0.34829713,6.04517109,6.33227822,6.98644299,5.81511307,3.27469628,1.61448515,2.07965618,4.06201751
power_01,1,POWER,1,active,1316,18.632595,-15573.19500000,43999.83000000,23762.52000000,40769.68500000,35628.66000000,23375.11500000,17126.01000000,25645.27500000,1.12247910,5.85503463,1.85661996,3.86640455,2.51380460,1.72226589,3.49364815,3.33003297,2.97003623
power_01,1,POWER,1,active,1317,18.634595,-15577.51500000,44004.69000000,23782.99500000,40790.74500000,35638.15500000,23377.41000000,17120.34000000,25641.04500000,-0.31862028,1.94728493,0.64936135,1.55597678,1.13366434,1.95152791,1.31193198,1.06375484,1.24151530
power_01,1,POWER,1,active,1318,18.636595,-15578.14500000,44004.96000000,23784.61500000,40795.38000000,35630.50500000,23367.91500000,17122.63500000,25642.71000000,-2.87620413,-1.33942382,-0.27828630,-0.54200147,-0.30678191,-0.09886498,-0.74847292,-1.33217889,0.94027680
power_01,1,POWER,1,active,1319,18.638595,-15577.96500000,44000.37000000,23771.56500000,40785.57000000,35614.71000000,23354.95500000,17127.04500000,25644.96000000,-0.57095587,-0.33357382,-2.71939074,-2.16832303,-2.05706209,-1.30162184,1.13469837,0.68877285,1.37179983
power_01,1,POWER,1,active,1320,18.640595,-15577.20000000,43995.15000000,23753.25000000,40767.88500000,35600.22000000,23346.36000000,17131.72500000,25649.32500000,0.43202004,0.13700968,-1.48206964,-1.28330958,-0.05867035,1.24081660,0.51142663,0.95066977,0.76199904
power_01,1,POWER,1,active,1321,18.642595,-15578.37000000,43984.53000000,23727.37500000,40741.24500000,35583.03000000,23336.19000000,17136.76500000,25650.45000000,-1.38132404,1.14140630,2.24617909,1.50714638,3.98903739,3.51888059,-1.11017694,0.14041699,1.87932096
power_01,1,POWER,1,active,1322,18.644595,-15581.65500000,43972.42500000,23700.73500000,40715.82000000,35571.28500000,23329.98000000,17141.35500000,25649.50500000,-3.48898723,-2.45630134,-2.12127969,-1.70232449,0.22885340,-0.96843059,0.40378385,-1.28700270,1.58212041
power_01,1,POWER,1,active,1323,18.646595,-15577.15500000,43976.52000000,23702.98500000,40714.29000000,35581.23000000,23341.23000000,17139.91500000,25651.66500000,-3.68994031,-3.33193950,-3.16598643,-1.59050296,-0.32353655,-2.36814163,0.72586355,-1.55105811,2.09337113
power_01,1,POWER,1,active,1324,18.648595,-15577.15500000,43981.47000000,23716.62000000,40724.73000000,35596.39500000,23352.48000000,17134.87500000,25647.52500000,0.13315155,2.61902229,5.20947304,4.82845884,4.53239672,1.51994975,-0.71012891,0.40498588,2.49469587
power_01,1,POWER,1,active,1325,18.650595,-15575.58000000,43989.93000000,23736.15000000,40743.13500000,35613.58500000,23364.27000000,17131.81500000,25646.22000000,0.66632452,1.11541163,3.25273277,2.37254622,0.70414775,-1.39781281,-0.01911932,-0.58696107,1.26438201
power_01,1,POWER,1,active,1326,18.652595,-15573.46500000,44001.85500000,23762.20500000,40770.27000000,35633.70000000,23377.36500000,17128.39500000,25647.39000000,1.54873830,-0.25715359,-1.75886617,-1.22191597,-1.56569100,-1.71505549,2.21739953,1.11253679,1.42466960
power_01,1,POWER,1,active,1327,18.654595,-15574.68000000,44006.80500000,23784.12000000,40791.28500000,35642.34000000,23380.51500000,17121.64500000,25643.65500000,4.02111508,1.73730897,1.98780921,1.21304209,1.48296453,2.84490987,0.47775897,2.54867489,2.03919795
power_01,1,POWER,1,active,1328,18.656595,-15573.37500000,43990.83000000,23776.15500000,40781.92500000,35623.03500000,23362.56000000,17118.76500000,25636.14000000,2.35267993,-6.77052950,-2.05880160,-5.28420142,-5.43460895,-2.46950589,-3.65447163,-3.96461685,3.99867697
power_01,1,POWER,1,active,1329,18.658595,-15580.62000000,43993.26000000,23764.90500000,40778.37000000,35613.40500000,23352.12000000,17126.82000000,25641.58500000,0.75979469,-9.46789146,-8.48809450,-10.11499570,-9.76252098,-6.44933570,-1.62445323,-4.41014151,6.38465347
power_01,1,POWER,1,active,1330,18.660595,-15579.04500000,43994.83500000,23753.07000000,40768.33500000,35604.90000000,23348.07000000,17135.50500000,25650.36000000,-1.79365934,5.90943173,1.16002180,4.08191068,3.82952044,3.49955425,3.40189533,3.77681336,3.43160087
power_01,1,POWER,1,active,1331,18.662595,-15580.89000000,43984.57500000,23727.87000000,40742.32500000,35586.94500000,23336.05500000,17140.23000000,25650.72000000,-1.25532087,10.23155828,8.59507634,10.24733843,9.19859659,7.56344011,2.64341590,4.76110079,6.81198092
power_01,1,POWER,1,active,1332,18.664595,-15578.37000000,43978.32000000,23705.77500000,40719.64500000,35577.09000000,23332.77000000,17145.63000000,25655.71500000,0.24328817,1.42581109,0.88413414,0.70579524,-0.04753677,-0.33649802,0.64500977,1.09806028,0.67326669
power_01,1,POWER,1,active,1333,18.666595,-15578.14500000,43978.32000000,23703.88500000,40714.24500000,35583.93000000,23341.99500000,17143.83000000,25653.78000000,-1.05170028,1.97194121,-1.04036395,0.45354728,0.09160021,-0.45194739,0.94427424,1.77232436,0.97221237
power_01,1,POWER,1,active,1334,18.668595,-15579.49500000,43982.37000000,23716.35000000,40724.10000000,35598.19500000,23353.87500000,17138.20500000,25649.77500000,-0.67792500,1.25079042,2.54495801,2.28937571,1.70035362,1.60207466,-1.68849040,-1.01606110,1.59625362
power_01,1,POWER,1,active,1335,18.670595,-15576.43500000,43992.36000000,23738.17500000,40746.01500000,35617.95000000,23368.09500000,17135.14500000,25651.66500000,-0.81584298,-1.51237803,0.12161756,0.31875929,-1.41251558,-1.53356396,-2.09566178,-2.15220121,1.24531755
power_01,1,POWER,1,active,1336,18.672595,-15576.12000000,44000.91000000,23761.30500000,40770.13500000,35635.09500000,23378.31000000,17130.91500000,25649.23500000,2.10051817,-0.14539020,-2.01503521,-0.27890709,-0.93238748,-0.53407455,0.95732821,1.98970890,1.11916873
power_01,1,POWER,1,active,1337,18.674595,-15580.84500000,44005.54500000,23781.82500000,40791.10500000,35642.52000000,23379.70500000,17124.88500000,25643.65500000,1.59528037,-2.64746286,-1.96388631,-2.27382244,-1.46301238,-0.31678359,-1.10882283,-2.07657933,1.68070626
power_01,1,POWER,1,active,1338,18.676595,-15583.23000000,44005.41000000,23783.98500000,40795.29000000,35635.63500000,23368.95000000,17126.68500000,25644.64500000,-1.93216245,-3.66625066,-1.53420089,-2.92649593,-3.07520859,-2.78587493,-2.81902367,-4.66152658,2.92509296
power_01,1,POWER,1,active,1339,18.678595,-15582.15000000,43995.10500000,23768.14500000,40779.94500000,35616.42000000,23353.69500000,17129.52000000,25644.69000000,1.40742931,-4.06662617,-3.75994474,-5.84514411,-4.55761922,-3.86120568,-0.73171640,-1.37174056,3.20017827
power_01,1,POWER,1,active,1340,18.680595,-15580.75500000,43987.23000000,23748.43500000,40761.49500000,35600.76000000,23344.74000000,17134.51500000,25647.21000000,3.27291919,-4.95686927,-3.95981357,-6.25825113,-3.25981641,-1.29989359,-1.25771200,-2.08175391,3.29337863
power_01,1,POWER,1,active,1341,18.682595,-15579.18000000,43987.23000000,23731.02000000,40745.92500000,35592.61500000,23341.23000000,17144.05500000,25655.89500000,2.47470655,2.22369329,3.58976927,3.29191995,4.50482846,4.93317284,0.04016277,1.05899141,2.76465557
power_01,1,POWER,1,active,1342,18.684595,-15578.41500000,43979.80500000,23707.57500000,40721.40000000,35581.32000000,23335.69500000,17149.77000000,25659.13500000,1.34478428,6.68369027,4.46268138,5.99909481,6.03526810,3.89359969,3.83485542,5.31374135,4.69596441
power_01,1,POWER,1,active,1343,18.686595,-15580.84500000,43977.10500000,23702.58000000,40712.58000000,35585.68500000,23342.89500000,17145.81000000,25654.23000000,-2.07507129,0.70745219,-2.07350537,-1.38165943,-0.55996927,-1.77190300,1.37469655,0.74616129,1.33630230
power_01,1,POWER,1,active,1344,18.688595,-15580.26000000,43984.08000000,23718.19500000,40724.95500000,35603.23500000,23358.69000000,17141.04000000,25653.51000000,-3.86117128,-0.40222351,0.48227067,-0.00661405,0.44929454,0.12954627,-2.46110446,-2.65820117,1.30630324
power_01,1,POWER,1,active,1345,18.690595,-15575.22000000,43996.45500000,23742.27000000,40747.99500000,35623.93500000,23372.91000000,17138.74500000,25656.61500000,-0.79671074,3.36162157,4.23171126,4.41547449,2.85539217,1.85790648,-0.15712025,1.73319178,2.42614109
power_01,1,POWER,1,active,1346,18.692595,-15575.08500000,44005.23000000,23766.25500000,40771.08000000,35640.81000000,23382.40500000,17134.83000000,25654.95000000,2.35119235,1.98061766,0.47336653,0.90555058,-0.20826068,-0.81159047,2.34759288,3.79397222,1.60901792
power_01,1,POWER,1,active,1347,18.694595,-15580.39500000,44009.23500000,23786.73000000,40790.70000000,35649.36000000,23383.26000000,17128.75500000,25649.64000000,-0.84748918,-1.10035229,-0.61977661,-1.44485261,-0.60117019,-1.26057536,-0.01440124,-0.86807249,0.84458625
power_01,1,POWER,1,active,1348,18.696595,-15579.22500000,44011.17000000,23791.63500000,40799.07000000,35644.23000000,23375.83500000,17132.35500000,25653.42000000,-2.50527202,-2.40458263,0.28852721,-0.64547603,-1.26278324,-1.75361608,-1.36521084,-2.57122653,1.59958682
power_01,1,POWER,1,active,1349,18.698595,-15578.59500000,44005.86000000,23778.18000000,40789.44000000,35628.57000000,23362.92000000,17137.93500000,25656.39000000,1.42610661,-1.59642065,-1.99035167,-0.68197653,-2.96918748,-2.02502548,1.41564202,0.64985486,1.59432066
power_01,1,POWER,1,active,1350,18.700259,-15578.05500000,43999.56000000,23759.10000000,40771.75500000,35612.28000000,23352.34500000,17142.88500000,25658.82000000,1.54326946,-0.97276422,-2.30466707,-0.43510511,-1.53464045,0.03605892,0.81015267,-0.24869011,0.98566850
power_01,1,POWER,1,active,1351,18.702259,-15577.38000000,43990.96500000,23735.47500000,40747.27500000,35595.45000000,23341.86000000,17147.88000000,25661.65500000,-0.25390369,-0.46061578,0.55547850,0.99382388,0.16956947,0.75506614,-1.83183003,-2.16043254,0.89759000
power_01,1,POWER,1,active,1352,18.704259,-15578.05500000,43983.40500000,23711.67000000,40721.62500000,35583.93000000,23336.50500000,17152.38000000,25662.33000000,-0.98023932,-0.77763159,-1.49738183,-1.30973988,-1.81990920,-1.86794654,-0.67341105,-1.31308499,1.27991805
power_01,1,POWER,1,active,1353,18.706259,-15578.59500000,43982.32500000,23707.12500000,40714.74000000,35590.50000000,23346.36000000,17149.86000000,25658.37000000,-3.29120713,-2.37117187,-4.97021163,-4.58220828,-2.76916058,-2.35059443,-0.69073223,-3.12036422,3.01820630
power_01,1,POWER,1,active,1354,18.708259,-15576.03000000,43989.48000000,23725.53000000,40730.26500000,35612.37000000,23364.40500000,17145.94500000,25657.92000000,-2.48740398,-0.31697416,0.75677578,1.15934697,3.05296041,2.97100067,-1.98477935,-3.17136155,1.98757536
power_01,1,POWER,1,active,1355,18.710259,-15573.15000000,43999.65000000,23747.31000000,40749.12000000,35628.03000000,23373.85500000,17141.40000000,25658.14500000,0.75995971,1.85081491,4.66979732,4.43970846,4.20259623,2.90909019,-0.42072095,1.20775452,2.55755529
power_01,1,POWER,1,active,1356,18.712259,-15571.80000000,44010.54000000,23772.19500000,40774.41000000,35644.95000000,23384.07000000,17137.35000000,25657.56000000,1.93748656,1.70416927,0.22258351,-0.46570363,-1.48659974,-1.89929097,1.23080540,3.29641730,1.53038205
power_01,1,POWER,1,active,1357,18.714259,-15576.25500000,44014.45500000,23792.89500000,40796.46000000,35654.13000000,23387.22000000,17132.53500000,25652.16000000,0.53688746,0.77383104,0.08729533,0.15117067,-0.40052246,0.45982482,0.44814293,1.12241124,0.49751074
power_01,1,POWER,1,active,1358,18.716259,-15573.06000000,44015.98500000,23796.40500000,40803.70500000,35649.63000000,23379.39000000,17135.91000000,25654.90500000,-0.22396064,-1.10209731,1.34707677,1.69087000,1.29982252,1.60481007,0.18402741,-0.45281625,0.98818512
power_01,1,POWER,1,active,1359,18.718259,-15570.31500000,44012.07000000,23783.31000000,40792.09500000,35632.48500000,23363.95500000,17140.63500000,25656.21000000,3.52699719,-0.23040539,-1.89020887,-1.76869577,-1.84149932,-1.74615303,1.90442074,1.48549561,1.79923449
power_01,1,POWER,1,active,1360,18.720259,-15565.09500000,44006.62500000,23763.96000000,40773.78000000,35615.52000000,23352.61500000,17143.74000000,25656.88500000,5.19221029,1.51450889,-1.15191761,-1.80297226,-1.04930554,-0.69208550,0.47102931,0.65675746,1.56634836
power_01,1,POWER,1,active,1361,18.722259,-15561.67500000,43999.47000000,23743.35000000,40754.74500000,35604.63000000,23349.51000000,17150.31000000,25660.44000000,3.34971415,1.78841652,2.87702739,2.46108610,2.84061546,3.28628935,-1.64629863,-0.89773818,2.39339822
power_01,1,POWER,1,active,1362,18.724259,-15569.95500000,43993.75500000,23725.80000000,40737.33000000,35599.63500000,23350.32000000,17157.87000000,25658.95500000,-2.02319556,1.23783032,3.04694543,4.53102804,4.65940978,5.09455252,1.78827311,0.59808839,2.87241539
power_01,1,POWER,1,active,1363,18.726259,-15587.32500000,43993.35000000,23727.64500000,40738.00500000,35612.59500000,23365.30500000,17157.96000000,25659.04500000,-14.89381569,-0.62036055,2.28454358,3.85333716,4.70799364,4.40656146,3.31844635,-0.62271032,4.33847109
power_01,1,POWER,1,active,1364,18.728259,-15593.04000000,43993.98000000,23737.90500000,40746.46500000,35626.23000000,23376.91500000,17152.92000000,25649.05500000,-18.79202815,-2.46315076,2.31605201,3.11535093,3.71118637,3.04354202,-0.05441778,-2.28284001,4.47232100
power_01,1,POWER,1,active,1365,18.730259,-15591.87000000,43995.78000000,23749.92000000,40759.20000000,35640.72000000,23389.56000000,17153.05500000,25652.65500000,-6.96289089,-5.93334556,-4.77278334,-4.06192747,-3.20758225,-2.32969523,0.29807136,-1.11740459,3.58546259
power_01,1,POWER,1,active,1366,18.732259,-15585.48000000,44006.67000000,23772.24000000,40781.07000000,35654.58000000,23400.13500000,17152.69500000,25662.73500000,4.86557073,-5.50800294,-11.02409987,-11.09630675,-8.92225027,-5.51912387,3.83220180,7.58304769,7.29382549
power_01,1,POWER,1,active,1367,18.734259,-15590.65500000,44008.20000000,23794.02000000,40802.71500000,35664.34500000,23403.06000000,17145.27000000,25660.84500000,9.02326553,-0.64780860,-4.09173044,-6.33121854,-5.25652907,-2.76158169,0.73277518,11.69115380,5.06700786
power_01,1,POWER,1,active,1368,18.736259,-15578.73000000,43999.47000000,23791.32000000,40805.14500000,35655.12000000,23388.34500000,17140.77000000,25659.90000000,10.86576917,-3.65322440,-0.62744220,-3.33702901,-3.91957732,-5.91493347,-6.80298859,1.03434207,4.51941328
power_01,1,POWER,1,active,1369,18.738259,-15544.98000000,44004.46500000,23783.49000000,40798.08000000,35638.56000000,23370.93000000,17143.74000000,25671.51000000,25.63311043,-1.34669155,-2.67397009,-3.89081056,-5.60923937,-10.06012700,-7.27319497,0.71903690,7.15077261
power_01,1,POWER,1,active,1370,18.740259,-15565.90500000,43995.73500000,23757.21000000,40771.71000000,35615.61000000,23354.55000000,17151.16500000,25686.85500000,24.15895958,9.72975758,2.09430016,-0.91490021,-3.65949976,-7.14685412,-3.00215031,8.33841966,7.38060517
power_01,1,POWER,1,active,1371,18.742259,-15580.17000000,43987.18500000,23725.26000000,40738.41000000,35591.76000000,23339.07000000,17157.28500000,25682.31000000,-12.08424603,6.96432479,0.25287695,-3.37813167,-3.48693732,-4.52222661,-0.55459062,1.92197971,4.14566421
power_01,1,POWER,1,active,1372,18.744259,-15635.20500000,43979.62500000,23710.36500000,40724.86500000,35593.60500000,23347.30500000,17165.07000000,25653.28500000,-35.27464790,2.96992451,-0.94935116,-1.31012743,0.21750935,0.37874695,1.90494382,-18.50624841,7.68893744
power_01,1,POWER,1,active,1373,18.746259,-15665.22000000,43977.78000000,23730.03000000,40737.78000000,35618.13000000,23374.03500000,17167.95000000,25639.33500000,-46.20972549,4.33544233,14.56089783,14.76015761,15.57030488,15.11505498,4.47583755,-32.18360399,18.40137808
power_01,1,POWER,1,active,1374,18.748259,-15586.47000000,43989.21000000,23742.09000000,40741.60500000,35624.65500000,23375.61000000,17153.10000000,25646.08500000,-6.33066194,3.28411398,21.00581797,18.05070722,17.12922165,15.78648729,0.00159111,-15.38696066,12.12194523
power_01,1,POWER,1,active,1375,18.750259,-15495.70500000,43983.58500000,23744.47500000,40745.16000000,35626.45500000,23372.77500000,17142.93000000,25672.09500000,85.99795307,1.89373206,0.71907940,-1.31857252,-4.92010842,-6.49483156,-7.80536346,13.30371831,15.30666985
power_01,1,POWER,1,active,1376,18.752259,-15536.88000000,43939.93500000,23780.83500000,40791.42000000,35666.41500000,23407.69500000,17155.71000000,25674.57000000,67.12832190,-22.35396203,-9.91434133,-3.14649816,-4.06068616,-2.75919050,1.55087346,23.46467837,16.79731899
power_01,1,POWER,1,active,1377,18.754259,-15619.45500000,43890.30000000,23812.33500000,40837.32000000,35700.79500000,23432.94000000,17161.20000000,25645.90500000,-42.70491809,-52.12983546,7.10423826,20.91924458,22.49073550,24.59525419,15.82777867,3.81337539,23.69817252
power_01,1,POWER,1,active,1378,18.756259,-15615.76500000,43933.41000000,23820.07500000,40844.38500000,35697.28500000,23425.74000000,17162.59500000,25656.12000000,-64.51446475,-21.64116699,9.15216663,19.48306485,20.07602977,19.32520398,9.26472905,-11.91542019,21.92153078
power_01,1,POWER,1,active,1379,18.758259,-15582.42000000,44020.62000000,23791.95000000,40796.23500000,35645.53500000,23381.59500000,17157.06000000,25696.62000000,-6.29417231,63.76317341,-8.48148465,-15.33698662,-13.64722816,-11.34502178,-2.75690592,16.49531105,17.26503549
power_01,1,POWER,1,active,1380,18.760259,-15515.46000000,44048.20500000,23744.25000000,40749.16500000,35607.82500000,23358.51000000,17157.42000000,25718.26500000,37.84562694,98.00021405,-23.27633425,-40.76173976,-36.65182295,-28.35110277,-8.94088923,35.44733761,38.65938344
power_01,1,POWER,1,active,1381,18.762259,-15474.24000000,44096.44500000,23740.24500000,40743.81000000,35602.42500000,23348.20500000,17148.87000000,25690.54500000,55.16838210,65.02886123,-19.07210865,-24.89654232,-22.97065822,-19.46057966,-13.53061324,4.60853562,28.09203513
power_01,1,POWER,1,active,1382,18.764259,-15447.91500000,44124.84000000,23772.06000000,40767.43500000,35626.00500000,23367.96000000,17161.56000000,25681.18500000,39.74336462,48.28085328,21.17434045,19.44671644,10.18138426,0.56582227,-8.66228518,-25.22395002,21.65983957
power_01,1,POWER,1,active,1383,18.766259,-15485.22000000,44074.53000000,23786.73000000,40786.56000000,35658.04500000,23402.38500000,17177.08500000,25678.84500000,-11.79778900,-3.96088660,40.49817599,38.68795575,27.64752819,17.99065570,7.93916880,-21.06662459,21.19859808
power_01,1,POWER,1,active,1384,18.768259,-15534.36000000,44016.66000000,23776.11000000,40784.40000000,35664.97500000,23407.02000000,17172.18000000,25685.82000000,-66.16741537,-92.54369115,5.79060139,17.74646712,18.38519663,17.70825362,13.56079420,-7.55592107,29.93229257
power_01,1,POWER,1,active,1385,18.770259,-15544.44000000,44006.76000000,23762.65500000,40778.05500000,35660.16000000,23398.24500000,17157.73500000,25676.14500000,-79.41705512,-100.71401679,-31.86222481,-16.52882762,-12.21796731,-11.22691336,-0.85630598,-5.77944669,32.32534471
power_01,1,POWER,1,active,1386,18.772259,-15539.04000000,44053.92000000,23763.73500000,40773.78000000,35652.55500000,23389.02000000,17144.95500000,25667.91000000,-42.59743262,-49.68095605,-45.26758015,-38.10615059,-32.42570521,-27.32083597,-8.17538900,-9.13470438,31.58859425
power_01,1,POWER,1,active,1387,18.774259,-15569.73000000,44032.41000000,23776.56000000,40779.18000000,35646.30000000,23380.38000000,17140.32000000,25683.66000000,-25.45720303,-20.89614706,-32.23902233,-35.69279622,-28.26358917,-19.39845726,-5.55871911,-2.89551016,21.30018054
power_01,1,POWER,1,active,1388,18.776259,-15582.28500000,44014.18500000,23793.93000000,40786.60500000,35639.19000000,23373.40500000,17149.68000000,25700.76000000,-29.55024412,-35.29754859,-4.34821943,-16.98351566,-15.28716400,-9.17641725,0.56547155,14.66483583,15.73417705
power_01,1,POWER,1,active,1389,18.778259,-15594.57000000,44014.63500000,23781.73500000,40765.54500000,35610.07500000,23352.88500000,17147.20500000,25686.94500000,-6.47441597,-28.53868800,13.06781040,-0.55196361,-2.33916655,3.46839091,6.19314654,9.52877576,8.77029472
power_01,1,POWER,1,active,1390,18.780259,-15609.91500000,44003.61000000,23805.40500000,40796.01000000,35632.26000000,23370.79500000,17151.88500000,25663.00500000,8.13248453,5.23401487,27.57428337,20.19215831,15.97243515,17.21739395,0.25273843,-16.39930413,13.87185159
power_01,1,POWER,1,active,1391,18.782259,-15573.01500000,43992.90000000,23804.37000000,40816.30500000,35655.88500000,23392.30500000,17165.07000000,25664.58000000,27.67328867,7.00609358,47.84871846,58.91382799,50.90207614,40.55409861,2.96607742,-16.97603371,31.60502682
power_01,1,POWER,1,active,1392,18.784259,-15450.88500000,44088.93000000,23811.30000000,40822.15500000,35671.18500000,23406.93000000,17164.44000000,25675.60500000,96.73068131,49.50304004,40.40082650,60.02722500,55.38440572,42.44993600,8.02527345,4.47946383,44.62510648
power_01,1,POWER,1,active,1393,18.786259,-15432.93000000,44119.62000000,23822.14500000,40825.71000000,35691.03000000,23421.33000000,17160.97500000,25681.41000000,123.94568833,104.46594914,19.86305531,24.43885932,26.64461396,17.38232823,-1.33554379,16.67963374,41.84445898
power_01,1,POWER,1,active,1394,18.788259,-15551.41500000,43988.53500000,23798.07000000,40815.40500000,35701.02000000,23439.55500000,17182.30500000,25644.96000000,13.62175727,18.53408889,-4.42934387,-2.53132679,7.88581371,4.23122227,5.58870266,4.05746215,7.60996470
power_01,1,POWER,1,active,1395,18.790259,-15559.06500000,43939.30500000,23827.59000000,40849.74000000,35739.09000000,23477.31000000,17204.71500000,25665.16500000,-75.93532976,-88.01775325,-36.18098067,-25.74196976,-10.14625142,-1.34430577,24.67452007,-4.23607268,33.28464792
power_01,1,POWER,1,active,1396,18.792259,-15486.93000000,44024.08500000,23929.60500000,40938.66000000,35817.75000000,23546.92500000,17225.95500000,25734.19500000,-3.10777114,-17.49814117,0.91244512,-1.75945347,5.32315785,13.85865029,26.03193716,38.33201892,13.35294689
power_01,1,POWER,1,active,1397,18.794259,-15469.42500000,44094.33000000,23973.70500000,40966.56000000,35820.67500000,23537.56500000,17190.99000000,25673.53500000,47.52074884,83.21002406,41.90285338,21.15108445,15.74136110,14.89566492,1.44680484,38.67334491,33.06773581
power_01,1,POWER,1,active,1398,18.796259,-15418.17000000,44126.59500000,24023.52000000,41003.50500000,35824.99500000,23521.27500000,17175.64500000,25636.77000000,18.50221107,70.99825551,12.87235921,-10.68545387,-27.16541930,-33.36683392,-35.18276447,-41.99011415,31.34542644
power_01,1,POWER,1,active,1399,18.798259,-15319.89000000,44315.91000000,24049.62000000,41011.02000000,35822.43000000,23518.21500000,17172.67500000,25640.10000000,46.66641173,92.17546456,6.97093926,-15.83759824,-35.24624881,-45.61476372,-37.09442884,-40.90399830,40.06373168
power_01,1,POWER,1,active,1400,18.801157,-15380.37000000,44390.43000000,23993.23500000,40945.54500000,35766.49500000,23471.01000000,17164.08000000,25657.78500000,21.08684243,137.13477800,-20.37266026,-38.44566237,-41.03880206,-40.19100864,-23.46847050,7.59738573,41.16695125
power_01,1,POWER,1,active,1401,18.803157,-15380.64000000,44364.42000000,24023.79000000,40988.79000000,35814.46500000,23476.45500000,17196.66000000,25696.12500000,-79.70208886,28.79747572,-58.92103617,-57.77949064,-49.83962425,-54.87894724,-15.00400904,16.85570557,45.22229719
power_01,1,POWER,1,active,1402,18.805157,-15241.68000000,44280.40500000,24006.73500000,40994.50500000,35830.75500000,23459.40000000,17195.89500000,25740.45000000,-30.98381623,-117.39796720,-25.62535978,1.12554106,4.24298891,-30.79467216,9.19368295,45.70200026,33.13325357
power_01,1,POWER,1,active,1403,18.807157,-15184.39500000,44265.19500000,23953.99500000,40911.88500000,35732.97000000,23372.95500000,17148.28500000,25725.60000000,53.75204332,-148.96838929,-52.02061936,-28.62156788,-32.10083176,-48.63908952,-10.56849512,32.92918429,50.95002757
power_01,1,POWER,1,active,1404,18.809157,-15365.11500000,44143.24500000,23813.05500000,40767.57000000,35586.85500000,23262.03000000,17123.89500000,25717.99500000,-68.88329684,-161.71386310,-131.98138806,-132.78091134,-144.87891750,-110.13398728,-39.23594435,-14.91016352,100.56480900
power_01,1,POWER,1,active,1405,18.811157,-15529.99500000,43992.63000000,23749.38000000,40707.49500000,35547.97500000,23270.08500000,17068.68000000,25729.24500000,-225.14193682,-207.77577161,-147.33640425,-139.92546658,-135.68838795,-71.81552429,-23.72180845,-15.77535533,120.89758191
power_01,1,POWER,1,active,1406,18.813157,-15530.26500000,44074.17000000,23863.63500000,40811.44500000,35654.08500000,23356.08000000,17058.78000000,25711.69500000,-176.94377598,-142.16766556,-48.26861369,-33.45736176,-4.61157076,51.87564915,-16.74162344,-16.78348815,61.35621856
power_01,1,POWER,1,active,1407,18.815157,-15414.70500000,44215.38000000,24030.58500000,40993.29000000,35842.32000000,23526.54000000,17140.23000000,25712.68500000,2.23777849,69.99964836,136.05391703,141.65062057,166.73765209,176.37174058,41.27372906,-31.57014319,95.73690367
power_01,1,POWER,1,active,1408,18.817157,-15336.90000000,44299.21500000,24093.49500000,41048.68500000,35886.24000000,23604.93000000,17159.44500000,25654.59000000,119.40357348,164.33354221,192.69284844,206.58721223,226.01036365,226.07350635,102.77093926,-40.36534066,159.77966578
power_01,1,POWER,1,active,1409,18.819157,-15323.94000000,44275.32000000,24079.68000000,41036.13000000,35860.27500000,23612.53500000,17106.48000000,25573.59000000,114.04106043,99.38477171,113.71005927,117.96376988,123.02652046,151.16876564,40.95766039,-74.69189363,104.36806268
power_01,1,POWER,1,active,1410,18.821157,-15449.71500000,44113.18500000,23984.46000000,40928.22000000,35739.72000000,23457.28500000,17120.34000000,25708.00500000,25.84556917,-1.92203785,30.14186132,22.33826188,6.71820353,2.46896717,-8.50501824,-27.90721353,15.73089159
power_01,1,POWER,1,active,1411,18.823157,-15464.56500000,44108.55000000,23955.43500000,40913.32500000,35719.65000000,23395.05000000,17186.35500000,25830.85500000,-42.68730168,-68.79018587,-27.95305904,-29.18065536,-49.37119671,-110.83508078,36.57778768,122.67823764,61.00918809
power_01,1,POWER,1,active,1412,18.825157,-15431.13000000,44172.54000000,23933.65500000,40918.86000000,35759.25000000,23498.64000000,17193.46500000,25755.97500000,16.46673179,38.27338664,-10.45704150,-1.05907377,-14.59265817,-59.70287393,47.98314986,94.10733447,35.33028127
power_01,1,POWER,1,active,1413,18.827157,-15496.74000000,44070.16500000,23835.91500000,40819.95000000,35687.20500000,23407.56000000,17089.38000000,25461.81000000,53.55633680,83.84994980,-20.93783733,-4.58571697,3.16810607,1.25769013,-27.34011931,-126.80593015,40.18771082
power_01,1,POWER,1,active,1414,18.829157,-15564.51000000,43956.45000000,23823.04500000,40809.28500000,35688.51000000,23324.31000000,17041.00500000,25417.84500000,-10.88248977,-35.82697375,-66.20612430,-70.09039668,-61.23605194,-111.80882280,-92.53639609,-202.63546125,81.40283957
power_01,1,POWER,1,active,1415,18.831157,-15531.12000000,43961.80500000,23918.35500000,40933.93500000,35807.85000000,23398.24500000,17030.25000000,25481.88000000,18.50668816,-17.67336568,8.16336875,4.90239077,-2.92180194,-95.74688986,-60.00389158,-31.50765739,29.92825676
power_01,1,POWER,1,active,1416,18.833157,-15288.34500000,44177.40000000,24147.81000000,41148.58500000,35962.15500000,23517.22500000,17026.96500000,25601.62500000,156.72556104,125.57747664,130.26826983,133.04756550,106.27228757,61.55957680,-10.14996117,134.81565009,107.30204358
power_01,1,POWER,1,active,1417,18.835157,-15017.80500000,44613.72000000,24317.28000000,41233.14000000,35991.58500000,23562.18000000,17095.72500000,25841.34000000,288.02551864,316.65919831,189.92962955,138.31406905,80.92069359,77.40941255,23.07309203,220.92337958,166.90687416
power_01,1,POWER,1,active,1418,18.837157,-15107.44500000,44772.70500000,24259.63500000,41090.58000000,35810.19000000,23342.76000000,17060.22000000,25797.73500000,196.73974943,379.51011929,93.75436021,-7.97539966,-56.54088251,-29.85114865,49.17715891,226.39773231,129.99331887
power_01,1,POWER,1,active,1419,18.839157,-15206.80500000,44621.59500000,24207.70500000,41061.15000000,35797.27500000,23295.28500000,16974.40500000,25630.38000000,-104.38714763,65.64885442,-93.98903359,-160.66092310,-164.41958062,-140.15689489,-22.85612759,-10.84886125,95.37092789
power_01,1,POWER,1,active,1420,18.841157,-15181.33500000,44552.88000000,24254.28000000,41151.15000000,35958.19500000,23530.81500000,17064.63000000,25787.38500000,-180.77104573,-237.36427677,-103.36045524,-78.99351108,-27.46716353,16.36016514,-32.93043864,-99.22261537,97.05870894
power_01,1,POWER,1,active,1421,18.843157,-15202.21500000,44353.48500000,24219.81000000,41146.60500000,35960.13000000,23543.46000000,17249.80500000,26008.69500000,-115.18425114,-292.01571436,-52.41212447,15.32998350,94.00182224,200.92997739,118.25303151,121.59003774,126.21461779
power_01,1,POWER,1,active,1422,18.845157,-15135.84000000,44355.33000000,24138.54000000,41087.61000000,35889.43500000,23556.19500000,17406.09000000,26159.40000000,-127.02909408,-310.28415328,-115.56161927,-54.28187054,-26.34392023,67.83415540,186.32491160,151.46654401,129.89078355
power_01,1,POWER,1,active,1423,18.847157,-15142.99500000,44511.84000000,24078.64500000,41028.88500000,35908.11000000,23760.85500000,17519.89500000,26014.63500000,-72.21542424,-139.34080085,-140.09636146,-87.86146658,-70.18125689,66.53855279,140.19681104,-21.39578783,92.22830771
power_01,1,POWER,1,active,1424,18.849157,-15253.92000000,44555.17500000,24138.49500000,41107.68000000,36045.72000000,23935.27500000,17537.71500000,25770.06000000,-103.50252164,40.22433964,-84.55108252,-52.63523986,13.56370425,177.63353105,54.78276981,-251.99048698,97.36045947
power_01,1,POWER,1,active,1425,18.851157,-15301.17000000,44388.67500000,24129.85500000,41078.83500000,35971.02000000,23728.32000000,17243.91000000,25483.41000000,-169.65879953,-86.60206685,-31.44779554,-15.99042561,7.01018318,-16.84862490,-158.41739339,-417.89487063,112.98376995
power_01,1,POWER,1,active,1426,18.853157,-15073.74000000,44572.77000000,24286.41000000,41220.13500000,36049.23000000,23632.06500000,17095.99500000,25458.70500000,-9.81302031,-103.94986458,11.23840501,2.17919085,-58.55963770,-260.22745269,-355.38671858,-327.44376436,141.09975676
power_01,1,POWER,1,active,1427,18.855157,-15071.89500000,44690.58000000,24382.21500000,41303.61000000,36085.86000000,23587.69500000,17058.28500000,25657.83000000,121.25626782,86.40295403,86.43602668,61.55244675,-14.76925649,-242.14931216,-272.86351880,-49.97374868,116.92544143
power_01,1,POWER,1,active,1428,18.857157,-14963.80500000,44810.01000000,24513.66000000,41415.03000000,36143.19000000,23602.77000000,16974.18000000,25836.48000000,65.68788370,111.34993135,118.13034073,97.97439455,31.07312168,-132.33376824,-133.06301511,206.20543992,111.97723691
power_01,1,POWER,1,active,1429,18.859157,-15242.98500000,44707.45500000,24445.62000000,41358.06000000,36059.13000000,23480.14500000,16844.62500000,25498.39500000,-32.66493761,16.46478912,53.75258262,31.81592012,-23.95343140,-108.46485832,-135.05521246,106.36822731,63.56749487
power_01,1,POWER,1,active,1430,18.861157,-15356.07000000,44552.38500000,24267.06000000,41223.51000000,35953.47000000,23351.80500000,16884.90000000,25374.55500000,-172.43462390,-91.16906845,-70.72208800,-63.49635706,-75.00092111,-116.53713600,-44.38139138,-148.39222956,97.76672693
power_01,1,POWER,1,active,1431,18.863157,-15258.55500000,44347.45500000,23983.74000000,40949.91000000,35769.01500000,23271.88500000,17016.03000000,25713.72000000,-90.66975284,-181.45840400,-210.43254931,-185.19949620,-131.13555065,-85.47822967,142.74169605,71.50632890,137.32775095
power_01,1,POWER,1,active,1432,18.865157,-15235.11000000,44259.66000000,23931.94500000,40733.46000000,35560.39500000,23128.92000000,17123.26500000,25859.56500000,139.18201719,-127.55880315,-186.35682609,-240.67882847,-166.90553888,-25.02079652,249.44298452,391.66611517,190.85148875
power_01,1,POWER,1,active,1433,18.867157,-15428.74500000,44184.87000000,23864.44500000,40650.93000000,35477.28000000,23082.66000000,17207.95500000,25643.65500000,43.98277012,-16.04296381,-29.24746717,-148.59463526,-124.19663407,11.57105245,255.63566850,188.51558943,102.22334760
power_01,1,POWER,1,active,1434,18.869157,-15547.72500000,44097.21000000,23801.31000000,40688.68500000,35576.05500000,23234.62500000,17270.50500000,25674.70500000,-68.22086246,46.01706954,31.69243255,25.88479283,42.02767691,148.61726876,218.29181507,-20.75508036,75.18837481
power_01,1,POWER,1,active,1435,18.871157,-15454.53000000,44163.09000000,23904.40500000,40828.09500000,35748.18000000,23534.32500000,17239.05000000,25871.08500000,48.84777826,113.32854340,85.86171391,190.20795110,244.06738416,376.36411473,143.17615736,128.99028862,166.35549144
power_01,1,POWER,1,active,1436,18.873157,-15054.84000000,44555.44500000,24232.99500000,41197.99500000,36041.22000000,23719.32000000,17167.54500000,25946.19000000,272.10977118,311.91986448,282.52331313,354.18927868,359.18630287,439.60174479,18.83764810,180.95826257,277.41577322
power_01,1,POWER,1,active,1437,18.875157,-14998.90500000,44593.33500000,24217.78500000,41243.76000000,36094.45500000,23742.63000000,17259.34500000,25909.33500000,391.07152417,421.29527791,327.89591598,404.05827249,357.53759418,295.26067907,-15.11677725,24.12012066,279.54452021
power_01,1,POWER,1,active,1438,18.877157,-15067.21500000,44446.90500000,24215.98500000,41249.88000000,36180.90000000,23814.27000000,17270.59500000,25833.42000000,136.84458394,135.15890104,111.64688733,178.31006130,194.68258024,113.38677973,22.85691209,-114.01595070,125.86283205
power_01,1,POWER,1,active,1439,18.879157,-15110.14500000,44524.21500000,24358.36500000,41206.95000000,36087.61500000,23629.32000000,17218.08000000,25554.51000000,-72.44898998,-42.05627653,73.54232320,10.31872465,40.18471909,-38.80814599,-61.60242586,-258.77016224,74.71647094
power_01,1,POWER,1,active,1440,18.881157,-15219.99000000,44669.61000000,24509.52000000,41219.28000000,36016.20000000,23416.24500000,17072.59500000,25322.22000000,-96.29263656,104.04879759,180.23310095,-5.03769645,-81.41382105,-260.51562998,-189.01722999,-390.85281290,163.42646568
power_01,1,POWER,1,active,1441,18.883157,-15246.49500000,44563.45500000,24342.66000000,41169.10500000,35953.33500000,23261.76000000,17041.77000000,25797.06000000,-171.67101252,53.07123316,45.11160285,-64.85942469,-171.62548893,-358.40189793,-214.52125454,-135.33724610,151.82489509
power_01,1,POWER,1,active,1442,18.885157,-15013.26000000,44600.22000000,24360.12000000,41294.29500000,36078.93000000,23425.20000000,17173.98000000,26142.70500000,-40.30833306,-86.50407854,-132.04102591,-43.60739782,-96.96959451,-187.17548358,-104.47215264,357.36401627,131.05526029
power_01,1,POWER,1,active,1443,18.887157,-14817.96000000,44857.12500000,24592.45500000,41517.76500000,36294.30000000,23790.60000000,17135.14500000,25487.68500000,151.23439516,21.45123413,-43.79259063,53.36644313,18.16225606,82.68246479,11.37793713,112.89013656,61.86968220
power_01,1,POWER,1,active,1444,18.889157,-14885.95500000,44838.76500000,24560.86500000,41489.37000000,36318.51000000,23983.47000000,17230.32000000,25348.18500000,47.47313521,56.79143781,0.12932023,16.24310215,20.60622209,233.41551395,5.58567367,-428.88803011,101.14155440
power_01,1,POWER,1,active,1445,18.891157,-15406.47000000,44213.71500000,23943.46500000,40779.81000000,35719.56000000,23509.80000000,17190.18000000,25732.62000000,-293.15726544,-343.75554459,-391.34238027,-400.20104146,-310.69535739,-73.87684065,42.90439775,-41.52114597,237.18174669
power_01,1,POWER,1,active,1446,18.893157,-15642.94500000,43887.64500000,23707.48500000,40549.90500000,35555.80500000,23360.89500000,17269.69500000,25920.00000000,-543.35767987,-712.88936555,-706.16046880,-757.94934066,-621.98075359,-452.07420606,70.58239163,387.47645763,531.55883298
power_01,1,POWER,1,active,1447,18.895157,-15841.08000000,43776.36000000,23649.21000000,40579.42500000,35590.50000000,23243.85000000,17065.21500000,25447.95000000,-390.58162204,-498.34769671,-428.43574955,-412.90374194,-315.48205605,-306.11112956,-4.73641946,38.43466509,299.37913505
power_01,1,POWER,1,active,1448,18.897157,-15616.21500000,44119.21500000,24012.40500000,40904.23500000,35799.52500000,23146.11000000,16815.82500000,25491.78000000,-62.70762618,-38.46511375,19.40472931,89.11367749,84.46523917,-122.47731653,-142.32779472,-202.11790424,95.13492517
power_01,1,POWER,1,active,1449,18.899157,-15151.99500000,44650.17000000,24472.98000000,41251.99500000,35935.78500000,22983.93000000,16685.32500000,25765.78500000,340.87201236,421.43888241,428.74712446,386.07567371,246.29704218,-97.76147054,-215.47083523,76.85791997,276.69012011
power_01,1,POWER,1,active,1450,18.901438,-14780.79000000,44930.74500000,24661.62000000,41494.81500000,36149.98500000,23388.34500000,16882.15500000,25580.83500000,656.18825241,675.06622029,620.39220605,567.46659504,386.68186734,187.77880630,2.36974959,175.93150739,408.98440055
power_01,1,POWER,1,active,1451,18.903438,-14773.41000000,44829.76500000,24460.29000000,41486.08500000,36281.65500000,23994.81000000,17230.00500000,25438.32000000,468.88469542,392.10792966,303.37620821,397.10005743,379.72311759,622.32358191,294.13131364,-121.44154953,372.38605667
power_01,1,POWER,1,active,1452,18.905438,-15051.24000000,44537.67000000,24083.19000000,41192.41500000,36129.06000000,24099.66000000,17442.00000000,25801.87500000,58.84553849,-16.26269247,-93.49764973,64.82755430,204.67291487,666.24180847,393.36809678,5.26385709,187.87251403
power_01,1,POWER,1,active,1453,18.907438,-15424.83000000,44291.83500000,23924.74500000,40889.79000000,35876.29500000,23651.46000000,17278.11000000,25986.64500000,-283.13544470,-238.98382304,-245.61516858,-225.98976416,-96.71031251,78.06739591,193.35068735,326.96100865,211.10170061
power_01,1,POWER,1,active,1454,18.909438,-15467.89500000,44432.95500000,24174.54000000,41064.52500000,35962.83000000,23383.35000000,17024.67000000,25514.14500000,-362.85714019,-196.11916086,-70.83204857,-217.75452705,-188.35880567,-424.89019252,-159.30796286,14.95815584,204.38474920
power_01,1,POWER,1,active,1455,18.911438,-14978.65500000,44690.44500000,24405.57000000,41260.63500000,36084.96000000,23484.19500000,16923.01500000,25609.36500000,16.61178194,93.82170915,224.98139052,93.43862100,15.04971035,-316.56325860,-251.17950969,-274.46282655,160.76360097
power_01,1,POWER,1,active,1456,18.913438,-14730.48000000,44737.02000000,24378.48000000,41243.98500000,36105.57000000,23657.76000000,17102.92500000,25959.96000000,346.74087689,146.45314765,154.06911142,90.38130655,29.69751851,-40.04272063,-68.25645679,71.95743283,118.44982141
power_01,1,POWER,1,active,1457,18.915438,-15019.15500000,44591.85000000,24304.23000000,41260.95000000,36182.25000000,23657.40000000,17274.06000000,26091.45000000,90.63280085,-80.15814390,-77.61668554,-76.88336425,-33.82764898,42.71864209,141.76055218,271.78671416,101.92306899
power_01,1,POWER,1,active,1458,18.917438,-15538.63500000,44144.82000000,23924.07000000,40875.43500000,35817.70500000,23279.58000000,17079.93000000,26108.01000000,-417.69202448,-338.02639087,-253.02693965,-186.14907221,-120.56874442,-126.48655162,84.56557372,40.85390196,195.92114987
power_01,1,POWER,1,active,1459,18.919438,-15795.67500000,43793.55000000,23623.87500000,40565.88000000,35509.32000000,22915.03500000,16893.27000000,25777.21500000,-555.33656243,-524.65537561,-429.20865735,-408.88484977,-372.03037911,-360.05353513,-181.01778267,-167.85390092,374.88013037
power_01,1,POWER,1,active,1460,18.921438,-15442.60500000,44113.77000000,23970.15000000,40923.40500000,35805.87000000,23251.77000000,16903.75500000,25472.65500000,-188.87396232,-236.23206389,-170.88928986,-174.20071820,-187.86041012,-157.27691887,-191.68610226,-423.66597213,216.33567971
power_01,1,POWER,1,active,1461,18.923438,-15091.83000000,44449.83000000,24211.48500000,41088.73500000,35886.78000000,23553.90000000,16994.97000000,25486.96500000,327.82375605,356.48357432,355.97643937,351.77066440,260.22859494,344.59642229,-25.22588159,-392.98736091,301.88658673
power_01,1,POWER,1,active,1462,18.925438,-15148.48500000,44334.36000000,23907.51000000,40938.16500000,35739.09000000,23600.52000000,17367.70500000,25714.12500000,380.98742169,413.77234179,271.48388513,264.39108895,159.75284892,374.44953858,129.72949192,2.59314590,249.64497036
power_01,1,POWER,1,active,1463,18.927438,-15480.54000000,44090.77500000,23675.26500000,40842.81000000,35842.68000000,23989.23000000,17540.91000000,25372.21500000,22.14310008,85.45916912,-94.54268585,29.88926806,42.99297556,248.72918263,284.73150313,43.69467017,106.52281933
power_01,1,POWER,1,active,1464,18.929438,-15564.28500000,44087.26500000,23779.93500000,40837.32000000,35898.48000000,23884.83000000,17436.55500000,25260.75000000,-124.69250961,25.32526644,-6.33510951,78.03144465,198.01572768,272.42797816,124.27215925,-142.90895616,121.50114393
power_01,1,POWER,1,active,1465,18.931438,-15428.56500000,44198.14500000,23973.07500000,40957.42500000,35905.54500000,23600.38500000,17253.94500000,25449.16500000,35.63637277,146.35190639,208.22445775,96.43955845,115.47791376,-126.02874564,-167.23969602,54.02260393,118.67765684
power_01,1,POWER,1,active,1466,18.933438,-15300.04500000,44341.20000000,24018.75000000,41113.12500000,35928.27000000,23395.68000000,16988.89500000,25767.18000000,200.53590106,207.33172367,205.14683217,153.40294943,27.61358196,-401.07358346,-257.41609213,398.74094738,231.40770141
power_01,1,POWER,1,active,1467,18.935438,-14879.92500000,44768.52000000,24300.40500000,41507.91000000,36246.24000000,23337.67500000,16689.82500000,25724.52000000,296.42450796,282.16287481,165.88799308,241.54390487,125.17230617,-237.10639884,-335.64293163,371.70033395,256.95515641
power_01,1,POWER,1,active,1468,18.937438,-14281.83000000,45450.63000000,25107.88500000,42132.87000000,36882.63000000,23718.10500000,16987.72500000,25681.27500000,488.24593820,476.94941842,395.92065360,388.67185552,348.38414241,-23.77407891,-153.49637616,146.73607206,302.77231691
power_01,1,POWER,1,active,1469,18.939438,-14595.25500000,45366.21000000,25263.22500000,41973.48000000,36850.95000000,23914.08000000,17104.95000000,25389.76500000,294.36308348,351.61300737,507.22697957,280.11567784,360.53183041,276.38828208,234.81928726,-42.10554683,293.39546186
power_01,1,POWER,1,active,1470,18.941438,-15213.64500000,44569.17000000,24425.23500000,40957.74000000,35805.06000000,23245.65000000,17039.29500000,25797.91500000,-498.62529588,-453.55846802,-246.82318054,-559.53971838,-422.34079076,-12.20743944,176.36496253,-20.59524080,298.75688705
power_01,1,POWER,1,active,1471,18.943438,-15659.28000000,43759.35000000,23497.83000000,40258.30500000,35143.56000000,23160.19500000,17096.98500000,25743.46500000,-857.80850502,-1122.17651860,-1125.05258420,-1191.50345733,-1134.84788997,-500.64475117,11.68560098,188.63723596,766.54456791
power_01,1,POWER,1,active,1472,18.945438,-15667.96500000,43708.14000000,23353.56000000,40412.74500000,35299.62000000,23553.94500000,17217.27000000,25830.04500000,-558.41988431,-912.98307136,-1012.94995054,-733.10730830,-701.08499473,-61.05594285,121.63905184,66.17736065,520.92719557
power_01,1,POWER,1,active,1473,18.947438,-15877.48500000,43687.17000000,23269.18500000,40615.02000000,35629.78500000,23725.71000000,17395.74000000,25466.08500000,-265.21144370,-296.02602371,-392.80374567,23.05596349,77.79069702,334.64683946,154.23655159,-185.92092911,216.21152422
power_01,1,POWER,1,active,1474,18.949438,-15561.85500000,44049.37500000,23614.87500000,40979.16000000,36061.33500000,23933.07000000,17366.49000000,25456.18500000,11.84043011,151.71592923,60.53201761,368.46292106,433.57721105,210.91071626,118.35395344,-256.12329961,201.43955980
power_01,1,POWER,1,active,1475,18.951438,-15038.23500000,44832.55500000,24529.00500000,41428.75500000,36391.05000000,23855.98500000,17043.57000000,25716.73500000,469.36494719,631.63738586,637.07098960,581.73944307,584.34635115,178.77636367,-66.92576997,-113.82353831,407.96059860
power_01,1,POWER,1,active,1476,18.953438,-14667.48000000,45291.06000000,25231.54500000,41902.24500000,36774.45000000,23961.91500000,16911.40500000,26016.12000000,712.14905916,938.10463852,1087.13191572,687.53153266,548.54656551,48.35729711,-261.97055041,213.48586032,562.15967743
power_01,1,POWER,1,active,1477,18.955438,-15030.40500000,44666.68500000,24493.59000000,41289.70500000,36212.94000000,23541.93000000,17190.54000000,25877.65500000,315.42815578,329.08458523,461.37354861,239.49772569,147.77212771,-130.72821155,-15.96031942,118.21657662,219.75765633
power_01,1,POWER,1,active,1478,18.957438,-15513.30000000,44048.47500000,23703.52500000,40444.20000000,35364.87000000,23067.67500000,17270.28000000,25505.50500000,-285.18915383,-550.97176096,-654.61004615,-605.62845657,-588.73531318,-391.70167640,227.89741439,-255.13244317,444.98328308
power_01,1,POWER,1,active,1479,18.959438,-15413.94000000,44013.33000000,23699.02500000,40604.44500000,35611.69500000,23543.14500000,17446.09500000,25734.01500000,-354.06029546,-564.32008886,-714.75297882,-665.50397780,-647.26375710,-285.94925348,150.41630861,-251.40219888,454.20860737
power_01,1,POWER,1,active,1480,18.961438,-15296.58000000,44184.78000000,23900.89500000,41036.31000000,36067.90500000,23877.81000000,17347.68000000,25566.39000000,25.20976546,-61.79317738,-40.80323546,171.51048858,223.45782004,384.81163116,42.87618390,-32.55539337,122.87721192
power_01,1,POWER,1,active,1481,18.963438,-15248.07000000,44255.97000000,23804.28000000,41076.90000000,35954.23500000,23462.32500000,16991.41500000,25635.06000000,146.64099140,188.89508541,174.89992727,451.34641518,414.51703811,210.21373236,-225.73641475,-46.43176349,232.33517100
power_01,1,POWER,1,active,1482,18.965438,-15134.04000000,44383.68000000,23858.59500000,40985.37000000,35790.30000000,23171.22000000,16935.75000000,25637.67000000,110.30295855,250.16310339,153.68347013,185.75571317,11.03108584,-361.47994866,-416.77028788,-18.19119229,188.42221999
power_01,1,POWER,1,active,1483,18.967438,-15159.10500000,44508.87000000,24112.26000000,40942.53000000,35746.11000000,23173.02000000,16984.48500000,25678.89000000,144.88433806,291.04165123,313.82543736,94.51988472,-13.23419233,-204.19221525,-158.22611665,114.51260017,166.80455447
power_01,1,POWER,1,active,1484,18.969438,-15464.07000000,44198.23500000,23910.48000000,40835.65500000,35749.26000000,23264.32500000,17026.47000000,25644.87000000,-98.35686902,89.65887026,245.49304316,-28.21197279,-13.56327243,27.05551179,36.57242211,27.72859815,70.83006997
power_01,1,POWER,1,active,1485,18.971438,-15559.47000000,44189.59500000,23977.98000000,40796.01000000,35719.20000000,23312.43000000,17000.37000000,25671.42000000,-287.47294870,-186.53940358,-41.33607539,-126.41638226,-41.86953422,144.00889126,70.83892350,37.23457877,116.96459221
power_01,1,POWER,1,active,1486,18.973438,-15553.44000000,44108.91000000,23906.20500000,40720.32000000,35712.45000000,23502.87000000,17142.07500000,25578.76500000,-152.03365994,-148.36806622,-78.31933315,-128.08992648,-21.21485156,274.62511613,187.13369486,29.94781270,127.46655763
power_01,1,POWER,1,active,1487,18.975438,-15520.54500000,44129.38500000,23857.69500000,40806.22500000,35859.73500000,23870.43000000,17263.03500000,25457.58000000,-27.38751314,-82.39642657,-100.28219110,-87.48530137,32.33415181,403.55981690,263.16823050,-75.68399956,134.03720387
power_01,1,POWER,1,active,1488,18.977438,-15476.35500000,44234.50500000,23919.21000000,40924.30500000,35896.45500000,23760.54000000,17102.20500000,25257.19500000,42.18442021,-34.91227124,-130.34664047,62.35601790,152.43296055,377.42186485,171.89125420,-95.85520228,133.42507896
power_01,1,POWER,1,active,1489,18.979438,-15085.66500000,44646.70500000,24448.99500000,41453.37000000,36429.79500000,24124.09500000,17325.04500000,25104.15000000,224.74546491,240.48484575,208.31713905,295.62309001,279.91854598,146.15842196,35.01996380,-123.37642904,194.20548756
power_01,1,POWER,1,active,1490,18.981438,-14827.18500000,44800.69500000,24645.28500000,41508.27000000,36401.26500000,23954.80500000,17398.84500000,25660.84500000,417.56461632,371.21922654,442.44772149,414.06250488,373.56666869,71.27298043,113.46232231,155.05729228,294.83166662
power_01,1,POWER,1,active,1491,18.983438,-15106.77000000,44498.70000000,24272.82000000,41205.37500000,36098.86500000,23697.27000000,17078.80500000,26087.22000000,202.97816183,97.00975037,112.78190987,54.91135251,-6.46980950,-257.71930364,-64.90061975,606.41517230,175.39825997
power_01,1,POWER,1,active,1492,18.985438,-15550.69500000,44072.73000000,23824.39500000,40827.10500000,35719.56000000,23236.60500000,16961.40000000,25767.85500000,-300.63013712,-331.59882141,-397.88922141,-398.97809753,-467.44809385,-656.63236141,-386.53387968,377.29436693,414.62562242
power_01,1,POWER,1,active,1493,18.987438,-15408.09000000,44141.98500000,23854.54500000,40869.18000000,35732.02500000,23150.70000000,16995.42000000,25350.34500000,-338.24183601,-372.75658345,-436.02413349,-369.99298140,-399.89468252,-560.22684174,-200.37804816,-279.09593164,369.57637980
power_01,1,POWER,1,active,1494,18.989438,-15334.06500000,44278.02000000,23965.83000000,40967.37000000,35920.39500000,23509.26000000,17025.70500000,25119.81000000,-11.81237112,-52.62958924,-133.18351455,-146.07504643,-170.56770283,-210.42133634,-18.54227117,-427.87640793,146.38852995
power_01,1,POWER,1,active,1495,18.991438,-15467.67000000,44232.88500000,24073.42500000,40903.83000000,35895.91500000,23666.08500000,17186.31000000,25603.24500000,-35.11876643,5.06159017,-29.35780084,-82.74611512,-25.19715203,206.93913419,57.53928126,-103.81776897,68.22220113
power_01,1,POWER,1,active,1496,18.993438,-15709.36500000,44042.89500000,23920.74000000,40837.63500000,35874.36000000,23784.43500000,17139.28500000,25703.46000000,-230.11913703,-153.90229419,-91.61919361,-155.52603855,-80.65441503,239.47151368,172.38444512,238.43942223,170.26455743
power_01,1,POWER,1,active,1497,18.995438,-15516.49500000,44070.43500000,23797.48500000,40852.75500000,35862.12000000,23622.75000000,17043.88500000,25721.68500000,-126.59298589,-153.66464465,-191.11370069,-116.38770499,-89.82264615,79.83755762,32.82807867,155.30735630,118.19433437
power_01,1,POWER,1,active,1498,18.997438,-15417.27000000,44238.33000000,23984.10000000,40946.40000000,35858.20500000,23374.39500000,16978.32000000,25637.53500000,118.28451326,37.09879194,-83.61215672,36.63651813,26.58112493,-39.50885496,-51.06832670,-76.90214145,58.71155351
power_01,1,POWER,1,active,1499,18.999438,-15402.46500000,44358.34500000,24161.71500000,41069.29500000,35858.38500000,23273.23500000,17097.34500000,25640.23500000,156.61920388,210.78271934,229.68205636,153.74544681,49.74121297,-169.30551244,31.50101238,-65.49457818,133.35896779
power_01,1,POWER,1,active,1500,19.001140,-15330.42000000,44222.71500000,23920.51500000,40970.88000000,35864.95500000,23501.88000000,17283.28500000,25717.54500000,107.70245007,158.18986485,206.18625768,186.36145264,130.96173454,72.55303177,116.99101067,-76.82144891,131.97090639
power_01,1,POWER,1,active,1501,19.003140,-15414.97500000,44151.84000000,23882.22000000,40926.19500000,35976.19500000,23852.61000000,17278.47000000,25568.68500000,126.62626456,32.38056319,26.01094127,90.86655471,196.07431945,353.19936124,128.52892734,-80.64521038,129.29151777
power_01,1,POWER,1,active,1502,19.005140,-15245.05500000,44389.53000000,24229.93500000,41083.56000000,36064.30500000,23854.41000000,17258.49000000,25350.93000000,99.35374286,128.21659721,233.39612189,136.99726909,226.80211355,330.01881731,-25.06621828,-202.18507180,172.75449400
power_01,1,POWER,1,active,1503,19.007140,-15128.82000000,44546.89500000,24250.81500000,41220.49500000,36100.08000000,23539.81500000,17171.68500000,25457.40000000,171.68329943,286.21581603,378.07230740,258.73487535,182.79889584,-1.10903301,-109.44837374,-200.51219772,198.57184981
power_01,1,POWER,1,active,1504,19.009140,-15262.02000000,44346.28500000,23931.40500000,41013.36000000,35952.93000000,23410.62000000,16979.08500000,25675.96500000,99.40693044,100.05201442,3.92913708,74.90239507,-15.53072342,-293.40645172,-160.56786407,120.50256850,108.53726059
power_01,1,POWER,1,active,1505,19.011140,-15612.79500000,44093.29500000,23867.05500000,40830.84000000,35780.22000000,23371.78500000,16924.32000000,25459.60500000,-254.57707091,-251.48284392,-288.74443797,-215.43219355,-202.36814872,-189.77252282,-203.20911416,107.69480458,214.16014208
power_01,1,POWER,1,active,1506,19.013140,-15516.54000000,44060.35500000,23863.32000000,40815.94500000,35755.78500000,23451.61500000,17093.65500000,25406.01000000,-298.87267039,-310.98732839,-192.13723687,-250.52547954,-246.33060920,-50.83116801,0.54300290,-101.54383180,181.47141589
power_01,1,POWER,1,active,1507,19.015140,-15391.62000000,44223.66000000,23994.09000000,41065.29000000,36039.87000000,23682.33000000,17250.25500000,25501.18500000,-46.67401176,-123.00211979,-92.88201542,-52.63002759,-37.87504945,104.17541377,200.71483717,4.33939319,82.78660852
power_01,1,POWER,1,active,1508,19.017140,-15511.99500000,44221.95000000,23946.52500000,40993.74000000,35929.62000000,23473.75500000,17212.45500000,25460.73000000,-9.67078361,10.80762748,-33.92609996,60.55924675,108.27510699,154.35114348,156.21317257,108.18713668,80.24878969
power_01,1,POWER,1,active,1509,19.019140,-15267.24000000,44462.70000000,24231.33000000,41095.89000000,35973.49500000,23445.36000000,17043.30000000,25563.87000000,-31.37660959,71.31888413,79.34994813,7.95021752,-4.61664257,-61.92337781,-26.91012737,62.93809110,43.29798728
power_01,1,POWER,1,active,1510,19.021140,-14930.10000000,44683.47000000,24449.04000000,41335.69500000,36162.27000000,23491.39500000,16888.00500000,25614.49500000,245.14843866,230.00647056,261.75132266,133.09985483,91.83853540,-14.19367651,-173.24987673,135.02375653,160.53899149
power_01,1,POWER,1,active,1511,19.023140,-15243.48000000,44329.63500000,24025.18500000,41032.66500000,35854.92000000,23284.84500000,16909.87500000,25656.52500000,197.10841084,120.91554003,134.59439748,140.74669249,114.97752125,25.59987197,-136.59650475,131.90569217,125.30557887
power_01,1,POWER,1,active,1512,19.025140,-15370.33500000,44161.51500000,23849.41500000,40900.05000000,35827.15500000,23558.94000000,17084.29500000,25503.57000000,-211.09784549,-245.79212518,-273.04223181,-182.88797375,-162.41341341,-55.99367990,43.04982620,-6.51035447,147.59843128
power_01,1,POWER,1,active,1513,19.027140,-15344.82000000,44179.60500000,23908.68000000,40961.16000000,35992.26000000,23881.32000000,17234.41500000,25546.41000000,-128.25909035,-160.58261978,-157.63328883,-118.65194595,-18.14024734,250.81518056,192.70277098,-56.51871523,135.41298238
power_01,1,POWER,1,active,1514,19.029140,-15406.96500000,44086.14000000,23924.38500000,41016.51000000,35992.26000000,23854.99500000,17101.53000000,25616.20500000,8.91210339,-8.07597141,48.84303680,75.59703511,135.12859672,257.70088652,130.30903417,-0.62872068,83.14942310
power_01,1,POWER,1,active,1515,19.031140,-15379.11000000,43984.93500000,23740.92000000,40962.33000000,35830.57500000,23494.99500000,17012.88000000,25445.02500000,-72.53221556,-124.48767137,-114.28767015,-35.60327411,-107.28581439,-183.21913123,-44.23654530,-16.48204970,87.26679648
power_01,1,POWER,1,active,1516,19.033140,-15054.07500000,44391.78000000,24119.19000000,41292.54000000,36139.77000000,23560.38000000,17206.47000000,25163.73000000,112.86072468,58.99177912,-28.77316021,40.52631680,-53.82561074,-278.99561664,15.55717790,-227.15449261,102.08560984
power_01,1,POWER,1,active,1517,19.035140,-14891.40000000,44660.38500000,24398.01000000,41422.90500000,36500.80500000,24190.83000000,17581.68000000,25833.55500000,246.00473473,341.91639499,252.93809237,184.28129396,232.88365038,93.59481407,257.51608621,-28.43733002,204.69654959
power_01,1,POWER,1,active,1518,19.037140,-15214.59000000,44453.29500000,24286.32000000,41136.48000000,36227.38500000,24040.71000000,17624.56500000,26371.26000000,-12.93673123,161.54138570,169.06344190,-28.91981980,134.50435438,298.36592229,260.65787328,556.82774537,202.85215924
power_01,1,POWER,1,active,1519,19.039140,-15733.21500000,43960.63500000,23791.32000000,40736.92500000,35750.83500000,23505.21000000,17173.89000000,25704.81000000,-425.57218622,-288.30907558,-245.10071804,-375.52750935,-339.80978519,-247.13444110,-138.33006802,229.21821646,286.12524999
power_01,1,POWER,1,active,1520,19.041140,-15790.05000000,43924.00500000,23713.65000000,40658.67000000,35655.66000000,23356.89000000,16978.32000000,25487.50500000,-461.75384743,-370.50592141,-360.74608074,-351.63971399,-433.69888575,-557.15125102,-487.68079166,-536.65574501,444.97902963
power_01,1,POWER,1,active,1521,19.043140,-15357.64500000,44315.28000000,24076.98000000,40973.89500000,35885.88000000,23407.47000000,16991.05500000,25676.05500000,52.53732686,64.87511252,43.62326611,45.79914420,-27.09847236,-189.52474362,-339.98885765,-283.41037659,130.85716249
power_01,1,POWER,1,active,1522,19.045140,-15353.19000000,44308.03500000,24055.69500000,40954.99500000,35824.09500000,23329.39500000,16985.16000000,25529.13000000,392.36539038,346.70997263,331.47987121,302.66390226,171.83505212,-56.95535393,-108.94537020,14.67126340,215.70327202
power_01,1,POWER,1,active,1523,19.047140,-15498.81000000,44154.04500000,23933.29500000,40954.90500000,35920.26000000,23530.90500000,17092.57500000,25423.11000000,182.45705835,114.69764493,116.65557424,191.09905611,117.53640474,34.87135529,-24.77797404,-205.30640355,123.42518391
power_01,1,POWER,1,active,1524,19.049140,-15591.01500000,44064.54000000,23797.21500000,40878.94500000,35873.86500000,23558.08500000,17066.74500000,25343.05500000,21.03935298,-61.04732328,-71.35754420,73.76634244,116.89590581,229.07948024,102.93418667,-98.64965879,96.84622430
power_01,1,POWER,1,active,1525,19.051140,-15526.17000000,44132.04000000,23890.72500000,40882.68000000,35839.57500000,23517.27000000,17049.01500000,25343.41500000,87.35573760,-0.93061544,-34.29996724,45.37460815,46.34471997,146.39672396,86.93895279,3.06436640,56.33821144
power_01,1,POWER,1,active,1526,19.053140,-15391.17000000,44179.92000000,24015.78000000,41038.47000000,36014.22000000,23680.03500000,17146.21500000,25484.35500000,131.20740967,13.50784213,16.28430128,29.14371664,20.46040080,127.60039417,97.19177417,69.47313333,63.10862152
power_01,1,POWER,1,active,1527,19.055140,-15314.22000000,44179.02000000,23920.96500000,41073.03000000,36036.54000000,23635.03500000,17150.17500000,25741.75500000,158.08588737,2.12766173,14.88904898,97.53548884,133.44237520,212.64994754,185.68282150,290.29355602,136.83834840
power_01,1,POWER,1,active,1528,19.057140,-15255.49500000,44344.48500000,24049.26000000,41166.81000000,36092.38500000,23610.42000000,17151.84000000,25790.98500000,91.45693488,13.91514824,-55.08768394,50.82595395,71.29568176,85.80365323,100.33406841,279.80469454,93.56547737
power_01,1,POWER,1,active,1529,19.059140,-15287.80500000,44382.15000000,24152.76000000,41139.72000000,36087.57000000,23642.77500000,17140.77000000,25650.18000000,-5.66323954,77.62176161,69.86806166,6.07207437,29.15701739,44.39174616,55.05123474,90.83820502,47.33291756
power_01,1,POWER,1,active,1530,19.061140,-15388.96500000,44279.14500000,24056.82000000,41025.19500000,35961.12000000,23542.69500000,17109.31500000,25379.91000000,-89.54972925,12.26554416,105.82812833,-36.28561589,12.21605127,57.78702802,32.80494918,-133.46824901,60.02566189
power_01,1,POWER,1,active,1531,19.063140,-15368.40000000,44225.10000000,23950.17000000,40944.24000000,35902.53000000,23555.20500000,17172.18000000,25254.27000000,-137.82671074,-102.87586355,-63.23131405,-139.92751502,-108.48583761,-59.63677676,-8.66601055,-218.13702614,104.84838180
power_01,1,POWER,1,active,1532,19.065140,-15302.70000000,44275.68000000,23921.59500000,40929.61500000,35855.82000000,23384.38500000,17173.93500000,25587.36000000,-35.77089515,-19.50836066,-28.34817534,-75.42280556,-67.79608811,-87.61272143,27.12102626,16.86896873,44.80613016
power_01,1,POWER,1,active,1533,19.067140,-15305.13000000,44346.82500000,24068.65500000,40987.08000000,35905.95000000,23465.34000000,17142.03000000,25601.98500000,0.66588130,49.33635784,55.21135152,-10.53419205,-30.03565758,-112.20444035,-26.29865185,246.36116285,66.33096192
power_01,1,POWER,1,active,1534,19.069140,-15591.19500000,44115.21000000,23933.38500000,40907.83500000,35882.14500000,23583.19500000,17168.98500000,25521.84000000,-144.43898124,-45.17880732,32.01967889,-26.92046918,-40.10293279,-21.47012169,-62.38709466,84.49394896,57.12650434
power_01,1,POWER,1,active,1535,19.071140,-15634.75500000,43929.49500000,23737.63500000,40804.11000000,35784.94500000,23388.03000000,17076.87000000,25550.77500000,-249.48384345,-234.80184732,-159.22749581,-107.56583681,-78.35839003,9.32368955,-46.45045211,-63.79736298,118.62611476
power_01,1,POWER,1,active,1536,19.073140,-15408.31500000,44123.53500000,23885.86500000,41005.17000000,35983.66500000,23505.57000000,16995.96000000,25505.77500000,-62.86036950,-169.56377587,-209.29158698,-85.99057319,-78.49919843,-124.90391540,-116.62458888,-14.47897957,107.77662348
power_01,1,POWER,1,active,1537,19.075140,-15260.98500000,44355.55500000,24072.07500000,41170.05000000,36139.81500000,23611.00500000,16981.24500000,25525.80000000,170.19151362,137.15089932,58.00018040,126.42140746,121.88545309,67.34686191,-94.60196345,-89.25580372,108.10676037
power_01,1,POWER,1,active,1538,19.077140,-15050.56500000,44559.18000000,24338.52000000,41297.13000000,36108.22500000,23465.29500000,16984.17000000,25663.27500000,166.12048618,214.02442501,171.73369830,154.25577908,117.93229492,95.68763548,-3.75565749,-29.45094392,119.12011505
power_01,1,POWER,1,active,1539,19.079140,-15132.01500000,44379.76500000,24036.57000000,41112.94500000,36032.80500000,23675.89500000,17171.68500000,25631.37000000,109.05050652,85.81736927,61.70804870,18.49337349,-39.02423675,-20.94467449,76.24438672,52.42469148,57.96341093
power_01,1,POWER,1,active,1540,19.081140,-15672.06000000,43962.03000000,23732.32500000,40821.39000000,35942.76000000,23854.50000000,17306.82000000,25628.08500000,-190.69512444,-194.06140590,-209.46620856,-164.46956414,-42.47599880,216.49411892,195.15282283,-50.22575790,157.88012519
power_01,1,POWER,1,active,1541,19.083140,-15617.43000000,44053.11000000,23887.53000000,40901.22000000,35886.73500000,23567.26500000,17172.49500000,25540.65000000,-381.12116689,-265.44323871,-181.18253304,-182.77071964,-54.64931512,74.49307167,99.57811921,-55.02121988,161.78242302
power_01,1,POWER,1,active,1542,19.085140,-15337.93500000,44216.86500000,23965.33500000,40985.68500000,35903.20500000,23444.28000000,17014.68000000,25617.24000000,73.13605442,118.69859411,195.50066750,94.70885608,-18.08423894,-277.68774682,-139.61816926,-29.28660803,118.34011690
power_01,1,POWER,1,active,1543,19.087140,-15215.04000000,44436.37500000,24129.67500000,41032.26000000,35951.98500000,23497.38000000,16948.98000000,25655.35500000,325.22544397,294.73647278,216.77733985,154.26299582,49.52169337,-167.38064692,-167.53984690,21.27911936,174.59044487
power_01,1,POWER,1,active,1544,19.089140,-15271.96500000,44439.93000000,24146.68500000,41081.53500000,36009.18000000,23529.42000000,17026.65000000,25495.47000000,135.05754499,207.36031635,152.25402534,71.41189878,42.16945627,-43.51891195,-58.38385924,-10.60765348,90.09545830
power_01,1,POWER,1,active,1545,19.091140,-15308.46000000,44363.74500000,24122.97000000,41126.85000000,36173.34000000,23856.93000000,17296.33500000,25541.50500000,31.89423197,59.61744090,58.33259358,72.74472257,62.17804068,44.93141744,113.56265911,-126.83531188,71.26205227
power_01,1,POWER,1,active,1546,19.093140,-15463.98000000,44102.74500000,23914.48500000,40930.47000000,35993.07000000,23714.05500000,17368.24500000,25755.34500000,-93.16518115,-206.32602842,-199.47654793,-84.54896628,-5.36755103,136.67606294,225.71947905,34.07270537,123.16906527
power_01,1,POWER,1,active,1547,19.095140,-15496.87500000,44037.94500000,23887.39500000,40905.31500000,35910.54000000,23504.49000000,17051.35500000,25756.15500000,-167.05400684,-291.72704599,-252.08834350,-201.12874184,-185.16455789,-123.84710777,-7.90029786,125.31186189,169.27774545
power_01,1,POWER,1,active,1548,19.097140,-15408.54000000,44206.47000000,24007.00500000,41105.20500000,36066.96000000,23584.99500000,16953.34500000,25531.83000000,-56.59480188,-117.73916170,-123.17079198,-36.62539494,-94.09545575,-178.31645985,-254.70841318,-93.40409757,119.33182211
power_01,1,POWER,1,active,1549,19.099140,-15318.31500000,44317.26000000,24036.16500000,41167.30500000,36117.36000000,23660.14500000,17148.87000000,25577.14500000,70.53890278,101.91864381,44.04944744,147.25645839,127.13689489,96.58338564,-74.59300238,-151.07763172,101.64429588
power_01,1,POWER,1,active,1550,19.100946,-15240.37500000,44340.03000000,24046.56000000,41108.40000000,36037.53000000,23649.79500000,17374.54500000,25691.40000000,120.12247377,135.34473869,77.40873733,88.52563726,66.11694369,85.17934949,175.66693137,36.83980703,98.15057733
power_01,1,POWER,1,active,1551,19.102946,-15294.78000000,44214.75000000,23947.33500000,40927.00500000,35889.34500000,23614.87500000,17284.54500000,25571.74500000,90.08944628,45.42666330,49.87774727,-33.68300696,-34.81460084,25.60850079,119.12561053,82.90488843,60.19130805
power_01,1,POWER,1,active,1552,19.104946,-15518.52000000,44083.71000000,23824.75500000,40836.28500000,35846.50500000,23540.44500000,17151.21000000,25557.66000000,-41.89198778,-28.72021607,20.29076252,-79.32891727,-43.66786095,8.76935015,-83.22312090,-21.31468634,40.90086275
power_01,1,POWER,1,active,1553,19.106946,-15468.34500000,44155.26000000,23872.99500000,40855.68000000,35838.13500000,23437.17000000,17104.09500000,25616.61000000,-106.42640448,-21.91283608,-0.97832926,-43.02509355,-22.93319425,-86.46124049,-151.39683010,46.63772217,59.97145630
power_01,1,POWER,1,active,1554,19.108946,-15496.56000000,44163.40500000,23936.98500000,40852.39500000,35816.89500000,23395.54500000,17103.55500000,25510.27500000,14.16706048,83.59346708,100.77838584,34.97574104,10.00182873,-82.16552068,-73.91655385,65.69079760,58.16116941
power_01,1,POWER,1,active,1555,19.110946,-15504.66000000,44160.93000000,23976.13500000,40947.52500000,35934.25500000,23584.45500000,17108.86500000,25481.74500000,16.10316862,46.11115652,87.10914355,37.24881889,16.79424329,26.24301146,-22.73666356,-58.11624225,38.80780602
power_01,1,POWER,1,active,1556,19.112946,-15419.79000000,44227.03500000,24033.01500000,41090.08500000,36072.58500000,23684.35500000,17074.57500000,25448.94000000,-3.84747062,-3.08157418,14.55962679,87.25586659,104.23625201,171.34937733,-0.58309246,-31.48301780,52.04953472
power_01,1,POWER,1,active,1557,19.114946,-15332.53500000,44237.70000000,24030.22500000,41146.78500000,36089.10000000,23614.74000000,17149.59000000,25599.96000000,93.11026473,29.11957267,-0.11769315,110.33829664,111.12923860,123.74618169,38.72794056,42.95032646,68.65493931
power_01,1,POWER,1,active,1558,19.116946,-15259.90500000,44225.68500000,24054.21000000,41150.43000000,36063.85500000,23574.28500000,17191.17000000,25795.93500000,70.12217509,-36.56575261,-51.41698487,15.88952745,5.62365873,-12.47790328,90.56109348,150.96973261,54.20335352
power_01,1,POWER,1,active,1559,19.118946,-15312.91500000,44187.25500000,23960.52000000,41034.28500000,35932.36500000,23445.54000000,17105.44500000,25815.06000000,13.11508972,-59.35395490,-59.36176904,-50.56174802,-43.15981496,-23.32194418,57.44759362,189.47356166,61.97443451
power_01,1,POWER,1,active,1560,19.120946,-15535.84500000,44097.57000000,23723.14500000,40765.45500000,35713.26000000,23362.60500000,17088.25500000,25529.44500000,-102.10818610,-55.67315375,-125.56687962,-162.33907260,-128.65100561,-70.11714820,-33.04120361,-49.45052221,90.86839646
power_01,1,POWER,1,active,1561,19.122946,-15504.39000000,44244.27000000,23976.94500000,40890.19500000,35904.42000000,23605.38000000,17106.84000000,25380.85500000,-162.88022140,-4.53831404,-58.30422047,-139.43650833,-63.63260991,30.41248729,4.86260075,-231.16232594,86.90366102
power_01,1,POWER,1,active,1562,19.124946,-15278.98500000,44357.62500000,24153.12000000,41085.99000000,36093.33000000,23723.28000000,17126.32500000,25485.93000000,75.95687564,163.83607197,257.98784677,150.07569330,208.78875425,225.26692330,44.85956656,-102.63144960,153.67539767
power_01,1,POWER,1,active,1563,19.126946,-15277.99500000,44295.84000000,24054.21000000,41044.32000000,36014.76000000,23618.11500000,17209.80000000,25569.81000000,189.32888913,126.78729402,203.44163798,194.08371691,173.34812761,81.55122848,50.95776603,88.84030707,138.54237090
power_01,1,POWER,1,active,1564,19.128946,-15499.53000000,44159.76000000,23988.51000000,40972.68000000,35953.60500000,23577.61500000,17252.05500000,25579.62000000,-32.31455706,-73.46248535,-77.95088733,-28.98017401,-78.81089509,-121.68162913,91.76204075,88.63814186,74.20010132
power_01,1,POWER,1,active,1565,19.130946,-15498.85500000,44126.14500000,23961.55500000,40977.49500000,35952.39000000,23541.30000000,17141.62500000,25691.13000000,-157.03816388,-134.31072432,-97.98439728,-83.23258125,-112.76755161,-116.33683056,9.64309577,49.54808870,95.10767917
power_01,1,POWER,1,active,1566,19.132946,-15297.75000000,44243.23500000,24006.19500000,41098.77000000,36075.24000000,23615.14500000,16959.69000000,25741.53000000,-5.52590476,-71.73966606,-106.89805373,-39.81809672,-64.38835066,-89.30253149,-139.56474868,70.72359309,73.49511815
power_01,1,POWER,1,active,1567,19.134946,-15219.27000000,44328.51000000,24076.80000000,41214.01500000,36175.90500000,23726.92500000,16958.20500000,25761.73500000,108.09270651,20.42895418,-78.19996545,14.72878282,-0.38509629,1.90525533,-148.29294685,0.04621076,46.50998977
power_01,1,POWER,1,active,1568,19.136946,-15402.82500000,44204.85000000,23962.41000000,40998.73500000,35895.06000000,23344.33500000,16990.24500000,25600.09500000,-35.76926728,-25.92150631,-51.77776916,-38.04900592,-59.17915101,-59.37640693,-25.44272262,-113.29944574,51.10190937
power_01,1,POWER,1,active,1569,19.138946,-15498.67500000,44096.53500000,23888.70000000,40981.90500000,35928.27000000,23553.13500000,17253.49500000,25537.90500000,-182.29646273,-148.62047149,-134.78332754,-170.24565191,-188.32957336,-177.06487611,119.95279143,-179.02551226,162.53983335
power_01,1,POWER,1,active,1570,19.140946,-15434.23500000,44095.54500000,23851.03500000,41041.53000000,36061.15500000,23807.43000000,17421.21000000,25669.17000000,-84.58668082,-90.76880834,-60.45777192,-25.59256685,32.90477200,159.80132735,236.18857210,-73.79467564,95.51189688
power_01,1,POWER,1,active,1571,19.142946,-15420.64500000,44194.45500000,23860.35000000,40889.16000000,35934.16500000,23644.75500000,17282.16000000,25565.13000000,58.42482394,63.12898193,53.38898115,62.31085190,137.71795273,220.11917603,120.34284725,54.31019419,96.21797614
power_01,1,POWER,1,active,1572,19.144946,-15461.73000000,44286.12000000,23948.01000000,40908.73500000,35914.45500000,23544.49500000,17108.10000000,25471.03500000,54.48156565,163.50576852,119.73824665,-34.80868511,-38.04997905,-140.46366158,-163.37662620,-50.23070169,95.58190430
power_01,1,POWER,1,active,1573,19.146946,-15310.39500000,44335.17000000,24074.68500000,41016.24000000,36008.05500000,23630.98500000,17057.38500000,25502.44500000,87.19020789,176.25995486,210.26716781,94.34283657,45.09142224,-66.15748040,-202.10827069,-41.95171686,115.42113217
power_01,1,POWER,1,active,1574,19.148946,-15300.40500000,44294.76000000,24070.99500000,41004.36000000,35986.05000000,23575.00500000,17070.48000000,25543.26000000,154.20814677,85.12555577,159.23254420,128.93766309,75.60590076,7.79298473,-93.21525526,81.46303051,98.19763514
power_01,1,POWER,1,active,1575,19.150946,-15223.77000000,44352.94500000,24113.20500000,41082.75000000,36031.95000000,23558.22000000,17173.57500000,25592.40000000,76.17150625,3.87743908,30.31855020,11.23839190,-36.33951325,-98.29383864,-4.75007208,60.67457569,40.20798588
power_01,1,POWER,1,active,1576,19.152946,-15256.89000000,44311.27500000,24087.55500000,41100.43500000,36051.39000000,23588.82000000,17188.38000000,25645.00500000,-0.02535123,-29.18563287,-37.66298009,27.30340091,-6.37041257,-20.62557196,75.69930948,66.78560863,32.95728347
power_01,1,POWER,1,active,1577,19.154946,-15430.90500000,44140.99500000,23940.27000000,41041.53000000,36002.74500000,23496.88500000,16998.75000000,25636.63500000,-106.54748794,-144.32690585,-142.40263043,-42.67223884,-35.70390333,-6.81362254,-22.81389888,46.83279858,68.51418580
power_01,1,POWER,1,active,1578,19.156946,-15305.49000000,44285.67000000,24037.96500000,41169.06000000,36102.46500000,23569.69500000,16798.36500000,25503.75000000,-165.98014859,-159.72320451,-163.97429021,-57.84096931,-30.46197095,-8.09988488,-180.41948913,-53.14981938,102.45622212
power_01,1,POWER,1,active,1579,19.158946,-15255.40500000,44433.18000000,24139.98000000,41166.72000000,36024.61500000,23501.79000000,17069.89500000,25576.33500000,16.44589498,63.17911090,21.06742993,64.43238403,54.06580431,69.34790067,-50.90507129,-54.87984146,49.29042970
power_01,1,POWER,1,active,1580,19.160946,-15413.85000000,44211.51000000,23944.68000000,40924.62000000,35834.89500000,23424.52500000,17338.18500000,25805.43000000,-5.00467881,42.43978093,24.76994709,-43.53716016,-46.72760910,21.22112027,265.57829799,116.16170358,70.68003724
power_01,1,POWER,1,active,1581,19.162946,-15513.30000000,44057.61000000,23891.31000000,40981.68000000,36080.59500000,23977.89000000,17360.05500000,25503.34500000,-148.52606367,-178.80230264,-116.81361351,-119.09494237,-10.42308282,164.38745153,274.76375730,110.09011682,140.36266633
power_01,1,POWER,1,active,1582,19.164946,-15500.25000000,44053.15500000,23882.80500000,41038.51500000,36109.89000000,23868.90000000,17299.93500000,25360.24500000,-32.40943550,-93.24412919,-17.23873895,70.67321044,209.54929986,365.70697723,41.95701131,-177.84364705,126.07780619
power_01,1,POWER,1,active,1583,19.166946,-15400.66500000,44065.93500000,23776.38000000,40899.78000000,35949.10500000,23617.98000000,17303.76000000,25696.80000000,80.57245677,52.84995807,20.04345071,48.25632831,45.32251342,-53.80048473,-30.64059514,-33.01016752,45.56199433
power_01,1,POWER,1,active,1584,19.168946,-15468.16500000,44137.03500000,23831.59500000,40817.38500000,35845.42500000,23504.08500000,17275.36500000,25796.34000000,93.71653941,86.07214976,-31.15059294,-118.96172465,-179.69815849,-332.67734088,-46.33443924,267.51196264,144.51536350
power_01,1,POWER,1,active,1585,19.170946,-15500.02500000,44265.46500000,24053.31000000,40932.81000000,35918.73000000,23536.08000000,17145.22500000,25602.12000000,23.28349284,163.82036682,126.28779965,-40.63826887,-89.55820980,-124.49503881,-117.30252100,10.80331776,87.02362694
power_01,1,POWER,1,active,1586,19.172946,-15362.19000000,44309.20500000,24103.48500000,41062.99500000,36031.86000000,23607.13500000,17091.13500000,25710.97500000,28.87168305,156.57670282,185.91977605,83.70182482,6.31489581,-69.67380547,-153.89493310,-150.57822672,104.44148098
power_01,1,POWER,1,active,1587,19.174946,-15379.02000000,44312.08500000,24122.83500000,41102.37000000,36066.19500000,23638.00500000,17068.18500000,25712.46000000,109.21443489,56.29491065,53.58757148,88.12054509,56.47621539,24.49884199,-107.79021134,-12.49406354,63.55959930
power_01,1,POWER,1,active,1588,19.176946,-15468.16500000,44193.10500000,24005.20500000,41014.57500000,35947.30500000,23496.57000000,17074.53000000,25641.40500000,-14.01024532,-45.14631167,-39.28329383,15.91026284,6.14018783,11.90481661,-39.10784629,-80.81407914,31.53963044
power_01,1,POWER,1,active,1589,19.178946,-15342.79500000,44223.79500000,23989.90500000,41026.54500000,35898.66000000,23290.51500000,16913.38500000,25496.73000000,-28.51044088,-94.18573232,-89.47263729,-31.08019881,-67.51298558,-145.56769800,-62.26148488,-160.30266325,84.86173013
power_01,1,POWER,1,active,1590,19.180946,-15164.46000000,44427.73500000,24208.96500000,41232.55500000,36123.57000000,23522.80500000,16827.03000000,25485.43500000,151.83971812,38.66675823,24.88995645,97.15293215,80.34620968,-18.45464822,-109.51654110,-98.91775959,77.47306544
power_01,1,POWER,1,active,1591,19.182946,-15264.76500000,44381.52000000,24134.22000000,41174.64000000,36100.39500000,23530.09500000,16898.26500000,25577.68500000,108.32790241,122.36433994,138.69378655,169.14486851,196.88105958,179.58332254,-13.90918007,19.05269958,118.49464490
power_01,1,POWER,1,active,1592,19.184946,-15489.85500000,44165.20500000,23835.33000000,40861.44000000,35821.71000000,23372.73000000,17155.30500000,25695.54000000,-119.74205124,-82.17105205,-102.30461473,-76.41915076,-19.75586695,72.70807865,207.26394031,161.57263879,105.24217419
power_01,1,POWER,1,active,1593,19.186946,-15590.38500000,44015.49000000,23729.35500000,40749.52500000,35760.73500000,23493.28500000,17282.38500000,25633.35000000,-218.03216095,-226.24359782,-267.61592787,-262.45011993,-206.53979592,-27.29524901,323.31293759,130.61591644,207.76321319
power_01,1,POWER,1,active,1594,19.188946,-15515.64000000,44057.83500000,23817.01500000,40816.26000000,35877.37500000,23673.24000000,17307.99000000,25614.63000000,-105.86385102,-132.21863993,-93.04901996,-120.83152660,-54.58955757,171.25983875,233.21824763,3.38510351,114.30197312
power_01,1,POWER,1,active,1595,19.190946,-15483.01500000,44145.85500000,23910.57000000,40958.59500000,35994.37500000,23700.46500000,17290.62000000,25576.78500000,14.44820232,1.46124650,41.84940445,34.27109949,75.80680014,177.36185539,90.43941454,-30.55425818,58.27403513
power_01,1,POWER,1,active,1596,19.192946,-15517.84500000,44234.37000000,24047.50500000,41138.91000000,36172.17000000,23848.24500000,17266.50000000,25454.07000000,0.12556004,79.13706066,93.20567335,109.65266979,98.28279006,64.66091683,-0.22840696,-81.09784491,65.79886532
power_01,1,POWER,1,active,1597,19.194946,-15421.77000000,44196.84000000,24029.23500000,41121.94500000,36132.88500000,23771.38500000,17246.88000000,25561.12500000,1.09165758,53.13210265,95.45336297,110.34762901,93.69399363,56.73646717,-69.56399087,-78.27898641,69.78727378
power_01,1,POWER,1,active,1598,19.196946,-15257.38500000,44135.73000000,24000.21000000,41081.89500000,36029.29500000,23601.82500000,17178.30000000,25608.33000000,111.67833760,-26.05541294,4.67358031,-18.87531533,-59.69693082,-142.92538849,-125.68251317,67.20076660,69.59853066
power_01,1,POWER,1,active,1599,19.198946,-15264.54000000,44207.14500000,23971.09500000,41086.98000000,36027.81000000,23581.26000000,17168.40000000,25681.00500000,129.91273592,-9.02041505,-18.20391221,-42.44097428,-108.08833159,-230.35108623,-156.20680124,109.50748883,100.46646817
power_01,1,POWER,1,active,1600,19.200918,-15180.57000000,44379.49500000,24032.52000000,41097.15000000,36073.30500000,23676.79500000,17213.35500000,25790.22000000,49.03985273,126.60782681,45.34423839,28.42774480,9.02413127,-71.23125145,-120.91565112,110.91346321,70.18801997
power_01,1,POWER,1,active,1601,19.202918,-15315.84000000,44280.36000000,24005.97000000,41028.66000000,35979.25500000,23522.89500000,17140.63500000,25608.64500000,9.15437716,139.43622987,75.98242426,12.33524521,7.45416081,-64.45070576,-91.55133364,76.62871524,59.62414899
power_01,1,POWER,1,active,1602,19.204918,-15298.65000000,44270.64000000,23991.12000000,41056.92000000,36004.86000000,23500.71000000,17130.28500000,25767.22500000,-66.00262921,-3.57039457,45.09115892,5.11130437,-33.04138327,-146.08610868,-122.42225176,-42.92690430,58.03151688
power_01,1,POWER,1,active,1603,19.206918,-15418.71000000,44050.00500000,23683.14000000,40854.33000000,35846.28000000,23413.95000000,17103.19500000,25776.40500000,-92.50415014,-80.80745698,-86.99102800,-35.68347139,-46.55843944,-102.37265832,-70.98504064,43.10555413,69.87597488
power_01,1,POWER,1,active,1604,19.208918,-15489.54000000,44087.62500000,23796.13500000,40839.88500000,35828.05500000,23387.76000000,17085.06000000,25565.04000000,-106.05682156,-119.93079071,-162.47318366,-137.57276316,-116.25277097,-61.25683675,-9.03220772,-50.12481976,95.33752429
power_01,1,POWER,1,active,1605,19.210918,-15278.35500000,44403.88500000,24198.03000000,41148.18000000,36127.93500000,23693.31000000,17129.83500000,25616.07000000,-58.72002266,38.51416928,110.68558121,6.78951807,10.21548476,73.83243021,31.57650450,-233.09109102,70.42810021
power_01,1,POWER,1,active,1606,19.212918,-15344.73000000,44342.91000000,24120.94500000,41120.23500000,36114.93000000,23715.54000000,17092.26000000,25522.11000000,75.94434410,176.85108683,234.50657127,157.01091308,172.68063062,263.68615385,95.59402771,-83.04346567,157.41464914
power_01,1,POWER,1,active,1607,19.214918,-15417.13500000,44324.91000000,24133.32000000,41045.58000000,36006.25500000,23571.72000000,17107.83000000,25394.71500000,-62.68638376,-61.17882443,-63.76041094,-53.87724456,-23.76751085,90.17046039,74.99349185,-131.94491696,70.29740547
power_01,1,POWER,1,active,1608,19.216918,-15524.46000000,44151.93000000,23987.65500000,40951.98000000,35911.48500000,23553.58500000,17232.25500000,25551.00000000,-151.46920948,-163.24996899,-133.17873554,-142.87210682,-133.49425286,-63.57456807,111.93724308,-98.67016224,124.80578088
power_01,1,POWER,1,active,1609,19.218918,-15626.56500000,43921.89000000,23711.85000000,40768.06500000,35765.86500000,23448.33000000,17206.83000000,25730.50500000,-74.55693212,-198.09627215,-186.97421029,-100.61418402,-70.45581746,14.70348940,142.32432363,206.10291368,124.22851784
power_01,1,POWER,1,active,1610,19.220918,-15534.13500000,44065.35000000,23770.03500000,40877.64000000,35921.52000000,23593.54500000,17158.72500000,25599.87000000,-28.54662306,-177.17019000,-230.31488378,-69.83189803,-13.74155067,14.90480254,3.23217405,154.71594253,86.55725808
power_01,1,POWER,1,active,1611,19.222918,-15390.49500000,44277.75000000,23986.48500000,41023.30500000,35993.20500000,23547.64500000,17134.69500000,25499.07000000,193.07936835,191.82944777,137.81787236,195.69674742,197.64672901,88.56776435,-56.45236918,-24.93725946,135.75344474
power_01,1,POWER,1,active,1612,19.224918,-15272.59500000,44278.74000000,24013.71000000,41057.82000000,35972.73000000,23424.93000000,17103.78000000,25446.96000000,284.40211829,262.93546785,261.70481438,266.13038176,185.16586244,8.30825271,-42.70389703,-25.53703668,167.11097889
power_01,1,POWER,1,active,1613,19.226918,-15329.29500000,44237.34000000,23987.74500000,41016.55500000,35974.53000000,23512.77000000,17077.32000000,25536.87000000,172.16562133,80.61462315,99.67872392,100.82627601,33.44205810,-90.89350609,-61.44406811,37.58585203,84.58134109
power_01,1,POWER,1,active,1614,19.228918,-15443.32500000,44171.77500000,23903.73000000,40918.09500000,35935.47000000,23588.82000000,17186.80500000,25780.09500000,29.38215978,27.12538263,15.18771924,-1.18848453,18.91161467,72.34680444,10.57517599,164.30475628,42.37776219
power_01,1,POWER,1,active,1615,19.230918,-15485.89500000,44089.02000000,23859.76500000,40873.18500000,35900.55000000,23601.06000000,17198.73000000,25727.76000000,-101.23045017,-72.33461957,-94.08348845,-121.76920652,-81.63958209,46.06704280,83.78592768,178.15423617,97.38306918
power_01,1,POWER,1,active,1616,19.232918,-15359.22000000,44159.44500000,23966.77500000,41108.62500000,36091.35000000,23658.66000000,17180.32500000,25689.15000000,-37.49673386,-73.33703865,-68.47604389,-50.81406007,-45.04280942,-7.79609655,36.99939039,-24.97902175,43.11764932
power_01,1,POWER,1,active,1617,19.234918,-15306.66000000,44263.12500000,24029.68500000,41217.16500000,36170.77500000,23685.61500000,17139.64500000,25657.87500000,34.04389699,35.79492744,33.04977053,106.17396150,89.08913093,45.12600355,-19.69087141,-111.14629347,59.26435698
power_01,1,POWER,1,active,1618,19.236918,-15415.74000000,44286.07500000,24075.94500000,41062.41000000,36031.63500000,23640.88500000,17133.66000000,25532.01000000,-52.99600135,53.14916505,31.01713287,-15.02455481,-19.17006398,-20.33126591,-29.21794501,-114.62119413,41.94091539
power_01,1,POWER,1,active,1619,19.238918,-15438.01500000,44339.62500000,24211.84500000,41057.05500000,36004.27500000,23617.62000000,17178.79500000,25457.35500000,-130.30017964,24.82099985,68.81918423,-142.84943336,-125.44188555,-53.45621785,-19.27743703,-187.03591653,94.00015676
power_01,1,POWER,1,active,1620,19.240918,-15435.63000000,44211.51000000,24054.79500000,41075.73000000,36049.72500000,23638.27500000,17179.56000000,25687.84500000,-74.26201615,-14.04176096,60.92913779,-34.70280950,-28.80042412,-33.23066241,-0.65850776,-26.83869676,34.18300193
power_01,1,POWER,1,active,1621,19.242918,-15216.39000000,44388.45000000,24123.87000000,41149.66500000,36102.64500000,23618.43000000,17110.93500000,25943.67000000,59.16607305,-20.65830446,-46.60242942,49.70435455,52.93679449,-26.19770822,-45.93286389,227.74366275,66.11777385
power_01,1,POWER,1,active,1622,19.244918,-15326.19000000,44336.52000000,23964.12000000,40952.74500000,35906.80500000,23412.51000000,16871.67000000,25774.78500000,99.47526702,58.32703310,-44.18765031,-11.96415002,-25.07861175,-104.62990688,-154.61343053,149.73094465,81.00087428
power_01,1,POWER,1,active,1623,19.246918,-15511.99500000,44201.88000000,23965.38000000,40922.14500000,35876.88000000,23426.59500000,16916.13000000,25419.01500000,-77.55502281,-41.02454929,-83.45210027,-107.42922236,-132.39039597,-172.47079098,-156.24254637,-196.04276895,120.82592463
power_01,1,POWER,1,active,1624,19.248918,-15376.32000000,44198.73000000,23951.97000000,41020.24500000,35988.48000000,23571.81000000,17182.30500000,25493.13000000,-121.22182932,-157.87726373,-103.86514085,-51.61492675,-52.08298622,-6.90622815,92.75182138,-272.60318338,107.36542247
power_01,1,POWER,1,active,1625,19.250918,-15325.29000000,44186.89500000,23894.77500000,41014.26000000,36045.85500000,23714.32500000,17354.61000000,25657.87500000,77.46181353,-47.43149025,-50.78052656,39.13896772,63.31967130,146.94485378,302.47389434,24.05364334,93.95060760
power_01,1,POWER,1,active,1626,19.252918,-15443.37000000,44098.92000000,23829.88500000,40905.31500000,35965.44000000,23656.18500000,17341.92000000,25815.96000000,-2.86305842,-75.84358887,-126.44269941,-77.51357472,-17.71049212,89.62283228,192.91267065,160.93590633,92.98060285
power_01,1,POWER,1,active,1627,19.254918,-15493.00500000,44143.96500000,23895.31500000,40891.23000000,35900.05500000,23538.87000000,17186.58000000,25694.37000000,-136.57161421,-89.92026298,-60.88182453,-115.67941689,-87.07963550,-28.14085303,-7.56589920,67.57839837,74.17723809
power_01,1,POWER,1,active,1628,19.256918,-15529.59000000,44183.43000000,23991.03000000,40951.26000000,35933.85000000,23539.32000000,17200.08000000,25544.20500000,-58.22676799,43.82595707,91.59760710,7.73648564,-27.14013403,-61.27716440,-105.80654396,-80.09427977,59.46311749
power_01,1,POWER,1,active,1629,19.258918,-15450.93000000,44272.26000000,24082.96500000,41071.45500000,36015.66000000,23527.21500000,17160.03000000,25617.42000000,-7.08309360,84.75946038,149.32012301,117.94808182,84.24248382,18.61527486,-83.76795775,-102.49300858,81.02868548
power_01,1,POWER,1,active,1630,19.260918,-15372.09000000,44260.11000000,24055.60500000,41074.47000000,36015.07500000,23582.43000000,17155.21500000,25603.74000000,98.61091422,108.99814462,164.88982852,181.49707998,145.22328885,64.62789683,-70.07477281,46.82017697,110.09276285
power_01,1,POWER,1,active,1631,19.262918,-15358.99500000,44203.99500000,23963.58000000,41017.00500000,35981.73000000,23587.65000000,17181.45000000,25538.76000000,140.59042581,65.59111533,64.97140692,111.88521939,91.91097103,73.79989153,-69.91773583,22.58715459,80.15674005
power_01,1,POWER,1,active,1632,19.264918,-15505.24500000,44146.98000000,23881.00500000,40922.28000000,35914.68000000,23561.46000000,17208.27000000,25478.37000000,26.94728886,-3.04971463,-13.93995122,16.81028407,29.63685338,48.25458789,-5.26979493,-33.13534838,22.13047792
power_01,1,POWER,1,active,1633,19.266918,-15554.65500000,44044.74000000,23771.88000000,40846.63500000,35885.52000000,23536.03500000,17110.17000000,25517.65500000,-43.69447849,-13.72683758,-45.61038303,-32.48641187,-16.14992421,-28.96767381,-39.57907961,39.47864026,32.46167861
power_01,1,POWER,1,active,1634,19.268918,-15425.77500000,44140.45500000,23908.86000000,40987.84500000,35992.71000000,23547.46500000,17038.08000000,25598.88000000,23.58452524,-6.67422620,-27.60318447,-13.81027220,-4.33888480,-34.33565621,-99.80156246,84.14060199,36.78611420
power_01,1,POWER,1,active,1635,19.270918,-15374.97000000,44224.42500000,23982.43500000,41069.92500000,36043.87500000,23594.08500000,17091.36000000,25605.04500000,122.13169940,90.96086025,81.54424442,79.26548952,48.89564266,-12.78524706,-33.42732348,105.09528807,71.76322436
power_01,1,POWER,1,active,1636,19.272918,-15383.65500000,44111.65500000,23794.15500000,40926.37500000,35917.78500000,23522.58000000,17145.72000000,25597.84500000,53.77560141,50.41752851,-14.84321755,-19.06028931,-43.14362689,-25.07753457,71.88845406,39.73001959,39.74203399
power_01,1,POWER,1,active,1637,19.274918,-15329.92500000,44215.83000000,23977.84500000,41030.01000000,36034.87500000,23626.53000000,17177.08500000,25543.08000000,-13.81585288,-61.35969865,-115.65039750,-131.76797964,-100.60477610,-15.46814079,104.74547952,-24.35177272,70.97051223
power_01,1,POWER,1,active,1638,19.276918,-15331.32000000,44383.41000000,24199.29000000,41101.60500000,36065.74500000,23656.14000000,17190.45000000,25594.47000000,0.26084815,75.01749726,123.69648273,11.36613809,29.28552945,61.31053178,81.63203786,-15.94846167,49.81469088
power_01,1,POWER,1,active,1639,19.278918,-15343.60500000,44353.62000000,24137.32500000,41079.91500000,36023.89500000,23555.29500000,17184.42000000,25769.97000000,-54.96905918,93.33002842,149.69488359,34.54978034,24.67222051,35.96923574,58.62894659,62.44854933,64.28283796
power_01,1,POWER,1,active,1640,19.280918,-15414.48000000,44284.72500000,24037.38000000,41034.10500000,35999.68500000,23548.32000000,17190.85500000,25821.58500000,-87.66602086,-73.54385214,-78.75063657,-46.15494898,-40.96894988,-59.02210064,23.36562327,135.42045901,68.11157392
power_01,1,POWER,1,active,1641,19.282918,-15493.18500000,44170.15500000,23914.35000000,40922.95500000,35890.56000000,23520.55500000,17152.96500000,25655.89500000,-100.57059637,-113.64473766,-106.65013668,-34.83821353,-18.25532241,-10.34341822,-6.31656891,-14.76276696,50.67272009
power_01,1,POWER,1,active,1642,19.284918,-15587.95500000,44028.18000000,23793.12000000,40833.58500000,35839.62000000,23516.91000000,17167.09500000,25510.18500000,-113.57435307,-149.84207248,-129.42605654,-82.22961849,-70.66587880,-9.98527519,-26.22019420,-194.11234921,97.00697475
power_01,1,POWER,1,active,1643,19.286918,-15612.30000000,44013.73500000,23830.02000000,40890.64500000,35906.04000000,23565.15000000,17216.28000000,25486.29000000,-63.96742748,-135.30430270,-105.21740347,-39.68000816,-26.48227614,-19.96258834,-4.33181103,-172.33428372,70.91001263
power_01,1,POWER,1,active,1644,19.288918,-15501.15000000,44026.38000000,23908.77000000,41027.44500000,36022.05000000,23631.70500000,17228.43000000,25535.38500000,35.22622421,-10.51455512,37.85694886,90.97725448,85.14807489,43.09936404,22.88960465,-68.98371556,49.33696773
power_01,1,POWER,1,active,1645,19.290918,-15257.43000000,44132.89500000,23829.48000000,41079.33000000,36072.58500000,23594.40000000,17133.16500000,25648.24500000,187.48650775,62.19087181,17.41846816,99.39363666,71.61960804,2.26147236,-39.63136722,30.15819284,63.77001561
power_01,1,POWER,1,active,1646,19.292918,-15192.94500000,44235.40500000,23854.59000000,41084.91000000,36071.05500000,23558.58000000,16995.19500000,25757.14500000,227.62221304,119.91396555,-57.84204200,22.96443002,16.83622914,-56.09651850,-122.87252051,97.81486241,90.24534765
power_01,1,POWER,1,active,1647,19.294918,-15372.94500000,44223.52500000,23909.98500000,40948.11000000,35925.88500000,23511.64500000,17050.77000000,25663.50000000,19.09323017,101.00879325,0.41949186,-85.44250482,-81.99181167,-60.54851850,-93.49446700,46.37795686,61.04709677
power_01,1,POWER,1,active,1648,19.296918,-15483.33000000,44205.03000000,23980.32000000,40889.11500000,35832.06000000,23446.26000000,17197.96500000,25574.89500000,-179.85227983,-6.42414778,63.42149673,-150.71527598,-155.04459967,-52.38647077,69.23780402,-86.97442308,95.50706223
power_01,1,POWER,1,active,1649,19.298918,-15485.89500000,44276.13000000,24047.73000000,40976.41500000,35955.13500000,23543.73000000,17223.43500000,25566.84000000,-140.02477954,2.77389380,88.38454935,-49.29142169,-40.83068170,12.21612698,141.53194412,-88.20649167,70.40748611
power_01,1,POWER,1,active,1650,19.301194,-15518.61000000,44274.37500000,24049.48500000,40973.62500000,35975.61000000,23592.42000000,17218.08000000,25597.93500000,-46.62592084,47.37978621,107.23590887,88.27853299,121.35723241,116.90501744,51.55384440,10.18159619,73.68972992
power_01,1,POWER,1,active,1651,19.303194,-15482.43000000,44187.93000000,23953.95000000,40935.33000000,35888.49000000,23443.15500000,17137.62000000,25543.03500000,-7.18743972,-11.67794956,40.25924979,69.62815889,77.77680810,58.40239220,-17.46566531,27.80282932,38.77506161
power_01,1,POWER,1,active,1652,19.305194,-15496.20000000,44137.08000000,23905.84500000,40913.46000000,35887.90500000,23443.24500000,17112.78000000,25534.35000000,53.03427543,-58.78127937,-30.70059650,41.57448394,2.62826721,-65.35423685,-61.21759124,14.93273873,41.02793366
power_01,1,POWER,1,active,1653,19.307194,-15492.78000000,44152.74000000,23898.51000000,40915.30500000,35915.44500000,23463.36000000,17147.88000000,25620.21000000,53.12353079,-24.20599169,-17.88075782,54.28214677,47.96537233,-1.27528876,-40.99497546,62.93687817,37.83311772
power_01,1,POWER,1,active,1654,19.309194,-15380.86500000,44234.05500000,23919.57000000,40971.28500000,35977.77000000,23530.86000000,17128.57500000,25583.44500000,65.01981751,32.35824944,-9.33781270,36.08222662,45.80687251,43.98895755,11.91506190,84.30162871,41.10132837
power_01,1,POWER,1,active,1655,19.311194,-15298.83000000,44226.76500000,23978.47500000,41046.57000000,36062.73000000,23712.70500000,17174.74500000,25542.85500000,123.89239837,35.41827845,-10.78579377,47.83974419,40.06490716,75.42013010,1.64551225,-3.41714180,42.31048826
power_01,1,POWER,1,active,1656,19.313194,-15343.02000000,44136.49500000,23954.98500000,41032.48500000,36030.96000000,23663.70000000,17145.40500000,25567.56000000,44.56215038,-56.64054462,-30.02589502,10.14001760,16.62563042,108.45954593,17.49715230,-30.89544794,39.35579802
power_01,1,POWER,1,active,1657,19.315194,-15444.54000000,44083.84500000,23871.87000000,41049.40500000,36030.51000000,23606.14500000,17150.80500000,25625.11500000,-90.07843324,-131.88333410,-108.48827833,-59.37030642,-65.92554187,-45.20288986,4.21792122,30.85319855,67.00248795
power_01,1,POWER,1,active,1658,19.317194,-15408.04500000,44162.37000000,23861.74500000,41123.83500000,36127.75500000,23707.84500000,17247.82500000,25785.18000000,-101.13489188,-62.97640022,-125.85925483,-25.44409748,-22.32775481,-54.58406709,17.11565034,78.26083536,60.96286900
power_01,1,POWER,1,active,1659,19.319194,-15315.16500000,44403.79500000,24119.68500000,41126.80500000,36082.93500000,23586.88500000,17199.99000000,25835.22000000,-0.52067526,105.12131980,44.20712376,17.48370948,31.05669395,13.94707907,54.10418038,119.13662460,48.19717579
power_01,1,POWER,1,active,1660,19.321194,-15385.00500000,44393.80500000,24150.15000000,40951.53000000,35862.52500000,23349.10500000,17029.26000000,25667.55000000,31.05606060,179.46602189,199.29295059,-57.30887984,-95.53588789,-169.22235271,-83.70874065,-2.76728168,102.29477198
power_01,1,POWER,1,active,1661,19.323194,-15539.04000000,44184.42000000,23959.98000000,40860.90000000,35826.57000000,23400.67500000,17046.94500000,25540.47000000,-85.27647501,-0.36432612,56.13215468,-134.29178125,-159.08117851,-182.28266105,-135.20728601,-178.03692432,116.33409837
power_01,1,POWER,1,active,1662,19.325194,-15528.24000000,44162.68500000,23926.05000000,40918.90500000,35944.69500000,23620.14000000,17283.96000000,25620.48000000,-101.97037283,-128.16134861,-93.60541521,-45.63745373,-1.10207434,77.20152648,65.81440374,-108.83085739,77.79043154
power_01,1,POWER,1,active,1663,19.327194,-15515.86500000,44113.18500000,23869.12500000,40890.82500000,35931.46500000,23613.75000000,17313.07500000,25620.61500000,8.98454687,-30.07006992,-23.89024162,48.66678723,88.47269100,146.84124847,170.13246522,10.24581303,65.91298292
power_01,1,POWER,1,active,1664,19.329194,-15558.12000000,44074.98000000,23814.72000000,40832.28000000,35866.08000000,23493.19500000,17161.06500000,25555.18500000,16.44286867,-28.67193230,-44.52468930,-13.28345249,-12.01139360,-18.61932165,9.82152324,-33.28841423,22.08294943
power_01,1,POWER,1,active,1665,19.331194,-15502.36500000,44126.01000000,23892.57000000,40900.45500000,35907.84000000,23476.27500000,17053.69500000,25596.67500000,5.51820937,-27.47553191,-49.99261787,-21.37025331,-39.87122113,-99.75895229,-140.61629729,-53.22320367,54.72828586
power_01,1,POWER,1,active,1666,19.333194,-15452.95500000,44181.18000000,23981.98500000,40991.98500000,35957.25000000,23463.00000000,17013.42000000,25589.43000000,71.19428281,59.00182336,58.65277398,66.81223616,30.03758424,-35.79620058,-107.01616506,5.16954328,54.21007618
power_01,1,POWER,1,active,1667,19.335194,-15407.14500000,44201.29500000,24029.41500000,41058.58500000,36004.59000000,23505.79500000,17076.15000000,25564.68000000,77.62140363,35.41574832,47.82386833,83.04646041,50.38816404,14.91377403,-21.85310776,-13.17285287,43.02942242
power_01,1,POWER,1,active,1668,19.337194,-15369.84000000,44212.95000000,24019.69500000,41084.05500000,36043.20000000,23597.23500000,17186.53500000,25568.23500000,60.01481327,10.27989803,6.69481276,64.44870554,66.10111946,89.46938461,80.89608682,-18.49302052,49.54973013
power_01,1,POWER,1,active,1669,19.339194,-15414.84000000,44173.89000000,23930.41500000,41048.95500000,35994.06000000,23510.74500000,17231.49000000,25634.11500000,41.36759132,1.44987428,-31.63998557,36.86527104,59.34888445,109.16897604,130.97985956,55.13018797,58.24382878
power_01,1,POWER,1,active,1670,19.341194,-15458.04000000,44151.12000000,23868.22500000,40940.10000000,35880.21000000,23443.24500000,17188.60500000,25653.73500000,-24.63332133,-21.81851492,-69.86591240,-26.80861273,-16.93451675,-4.80768414,51.60131067,91.48581969,38.49446158
power_01,1,POWER,1,active,1671,19.343194,-15474.64500000,44239.45500000,23947.15500000,40958.55000000,35987.62500000,23708.07000000,17208.49500000,25571.11500000,-30.43195407,43.49695618,19.62041818,-33.79673243,-3.94773381,65.11883620,-7.32786663,51.91904390,31.95744268
power_01,1,POWER,1,active,1672,19.345194,-15557.26500000,44123.17500000,23861.20500000,40867.96500000,35904.01500000,23576.80500000,17170.87500000,25557.66000000,-29.06508152,67.46444679,85.18073607,-0.29320327,57.55347886,145.93831813,-12.86484663,-5.65705796,50.50214616
power_01,1,POWER,1,active,1673,19.347194,-15506.46000000,44091.81000000,23848.33500000,40924.62000000,35922.51000000,23475.19500000,17097.16500000,25564.32000000,-43.11009336,-23.85877948,20.01590406,-12.85203336,-19.95686323,-96.52709625,-60.14041054,13.59667287,36.25723165
power_01,1,POWER,1,active,1674,19.349194,-15387.93000000,44190.94500000,23927.44500000,41013.13500000,36001.93500000,23490.99000000,17040.51000000,25627.18500000,48.12271500,10.62640132,36.61949226,32.41685865,-21.18365862,-158.95071490,-91.71032562,45.86832790,55.68731178
power_01,1,POWER,1,active,1675,19.351194,-15318.09000000,44351.82000000,24079.77000000,41072.80500000,36035.55000000,23504.04000000,16952.89500000,25623.00000000,92.57730830,125.03517738,114.42356907,63.75468954,35.16239775,-26.46257918,-74.09042113,26.52492073,69.75388289
power_01,1,POWER,1,active,1676,19.353194,-15365.11500000,44353.84500000,24100.15500000,41050.93500000,36020.38500000,23603.04000000,17049.06000000,25558.87500000,-0.87503645,72.82211297,67.03084350,-29.95436986,-50.31427258,-25.57556008,-20.00579107,-32.13061621,37.33857534
power_01,1,POWER,1,active,1677,19.355194,-15458.49000000,44212.90500000,24005.07000000,41027.94000000,36009.13500000,23587.74000000,17284.86000000,25562.47500000,-100.29742394,-90.67666973,-67.50262088,-85.20651039,-72.28984103,36.64739676,148.26987350,-82.09412489,85.37305764
power_01,1,POWER,1,active,1678,19.357194,-15588.85500000,44057.52000000,23923.53000000,40996.80000000,36011.38500000,23669.64000000,17384.13000000,25520.17500000,-160.29771803,-229.27107360,-173.49429773,-86.96465071,-40.86032788,46.77491477,238.90327226,-52.83217823,128.67480415
power_01,1,POWER,1,active,1679,19.359194,-15510.78000000,44083.66500000,23914.17000000,40999.09500000,36025.65000000,23692.68000000,17275.95000000,25471.26000000,-101.08285456,-189.80838601,-138.98150906,-54.51374373,-14.69652726,43.78937337,66.25583596,-50.22008726,82.41853965
power_01,1,POWER,1,active,1680,19.361194,-15377.04000000,44196.52500000,23884.60500000,40967.50500000,35987.85000000,23617.12500000,17172.94500000,25690.18500000,83.12103482,6.06558795,-44.10767353,5.87013249,24.42854125,33.99314986,-116.15523373,32.19191896,43.24165907
power_01,1,POWER,1,active,1681,19.363194,-15464.65500000,44292.33000000,24034.90500000,40984.83000000,35967.55500000,23584.23000000,17214.07500000,25692.57000000,117.94818973,133.30466891,51.67727856,34.02789792,3.76144949,-80.49920098,-116.61227686,172.59878298,88.80371818
power_01,1,POWER,1,active,1682,19.365194,-15566.35500000,44090.64000000,23930.50500000,40893.52500000,35880.07500000,23487.79500000,17210.83500000,25732.17000000,-27.53813320,71.16180390,118.37004809,36.07549639,-16.68665587,-83.92181487,-45.14930134,82.21521921,60.13980911
power_01,1,POWER,1,active,1683,19.367194,-15477.34500000,44001.36000000,23818.27500000,40857.52500000,35854.56000000,23466.46500000,17139.51000000,25663.90500000,-16.92621946,-78.32764425,-11.82700948,-13.91108137,-44.67646983,-95.48238834,-59.06226387,-12.55439558,41.59593402
power_01,1,POWER,1,active,1684,19.369194,-15412.81500000,44047.48500000,23703.70500000,40900.90500000,35912.52000000,23497.60500000,17157.10500000,25645.00500000,91.88420275,-34.76423720,-112.30741184,-10.37255965,-21.25841198,-65.91771439,-73.21823521,-43.50649221,56.65365815
power_01,1,POWER,1,active,1685,19.371194,-15446.47500000,44137.26000000,23677.42500000,40878.67500000,35886.15000000,23482.26000000,17154.72000000,25620.57000000,40.32358383,95.00587582,-68.81134098,23.17084802,23.08546750,16.76878383,-5.66949224,-103.93016899,47.09569515
power_01,1,POWER,1,active,1686,19.373194,-15501.46500000,44280.81000000,24045.84000000,40951.39500000,35944.47000000,23536.66500000,17152.11000000,25576.60500000,-49.26822475,115.36119923,67.46811759,-6.40769458,-3.48985762,9.61758279,3.42706330,-85.63589401,42.58445423
power_01,1,POWER,1,active,1687,19.375194,-15456.10500000,44312.89500000,24189.03000000,41031.13500000,35986.09500000,23462.05500000,17120.83500000,25560.04500000,-40.16804016,116.30683905,278.60471450,47.57178223,43.36897170,40.15987939,-13.99120958,-93.69597425,84.23342636
power_01,1,POWER,1,active,1688,19.377194,-15356.20500000,44248.36500000,24072.75000000,41096.88000000,36015.79500000,23443.83000000,17086.45500000,25669.71000000,37.76261872,9.53130805,126.34469959,93.80266562,80.48072556,19.50676162,-11.11431108,-25.94783093,50.56136515
power_01,1,POWER,1,active,1689,19.379194,-15269.94000000,44279.46000000,23977.03500000,41142.33000000,36061.33500000,23505.43500000,17041.68000000,25669.17000000,100.67294845,-73.41269777,-127.98449929,70.77338947,66.95777317,49.10532134,-25.00916865,71.07516197,73.12387001
power_01,1,POWER,1,active,1690,19.381194,-15420.06000000,44184.96000000,23755.09500000,40934.65500000,35858.20500000,23248.21500000,16987.45500000,25584.03000000,26.87222376,-40.62611040,-134.32241814,6.19202022,25.82275995,54.09170120,-14.59625319,-2.14106374,38.08306883
power_01,1,POWER,1,active,1691,19.383194,-15570.63000000,44155.93500000,23878.57500000,40817.34000000,35792.05500000,23356.17000000,17098.20000000,25563.01500000,-128.90586572,-81.08920822,-114.29674924,-136.21600173,-98.90584565,-50.93934619,46.64746306,-36.98517493,86.74820684
power_01,1,POWER,1,active,1692,19.385194,-15483.51000000,44215.42500000,24002.86500000,40946.31000000,35999.91000000,23744.38500000,17262.27000000,25540.38000000,-102.14984598,-26.85108252,96.96665330,-55.84820826,10.24377187,206.20923504,177.36304816,12.45092290,86.01034600
power_01,1,POWER,1,active,1693,19.387194,-15369.66000000,44245.03500000,24001.11000000,41069.74500000,36135.18000000,23824.53000000,17314.92000000,25541.10000000,71.66280053,68.81414509,168.10577883,136.28773677,201.20172806,368.61073566,210.74440403,25.31787921,156.34315102
power_01,1,POWER,1,active,1694,19.389194,-15412.81500000,44242.11000000,24012.85500000,41021.37000000,36047.20500000,23705.37000000,17238.55500000,25501.63500000,63.63568983,16.35872726,-3.13134620,61.31714385,56.37189140,31.02757226,64.10607230,26.60815429,40.31957467
power_01,1,POWER,1,active,1695,19.391194,-15570.85500000,44073.49500000,23893.83000000,40885.15500000,35890.78500000,23515.47000000,17111.34000000,25621.02000000,-88.36300277,-72.15146448,-50.36890493,-107.21945251,-155.67567160,-200.00275771,-80.39428304,56.17939170,101.29436609
power_01,1,POWER,1,active,1696,19.393194,-15515.41500000,44116.87500000,23903.14500000,40923.49500000,35932.54500000,23554.12500000,17169.25500000,25646.85000000,-110.19935258,-128.43406634,-141.20999375,-150.14477346,-180.44935221,-221.56719092,-106.40271600,101.71927104,142.51583954
power_01,1,POWER,1,active,1697,19.395194,-15452.59500000,44222.49000000,23970.64500000,41011.33500000,36029.43000000,23632.02000000,17208.85500000,25637.17500000,13.65859373,-17.51374979,-96.14422111,-42.93140999,-51.12657485,-109.76018179,-22.98450752,53.51273426,50.95399663
power_01,1,POWER,1,active,1698,19.397194,-15450.79500000,44240.80500000,24009.39000000,41008.95000000,35964.54000000,23480.23500000,17135.95500000,25692.03000000,62.84339320,78.40001570,23.62447310,32.14044504,13.87350245,-51.77668329,-31.74047632,-1.09514101,36.93676626
power_01,1,POWER,1,active,1699,19.399194,-15521.80500000,44152.24500000,23918.08500000,40917.28500000,35864.37000000,23414.80500000,17097.52500000,25671.87000000,5.98795165,-13.12493028,-32.81793981,-21.44414321,-66.39992484,-161.57758612,-112.60940058,21.77300430,54.46686010
power_01,1,POWER,1,active,1700,19.403089,-15506.41500000,44154.76500000,23905.08000000,40961.92500000,35953.51500000,23535.04500000,17117.01000000,25622.01000000,11.01242143,-19.62916256,-25.23333520,2.15297632,-9.37329694,-36.72521464,-60.96675206,-37.96581715,25.38237204
power_01,1,POWER,1,active,1701,19.405089,-15429.19500000,44237.07000000,23981.76000000,41042.88000000,36036.58500000,23587.24500000,17188.51500000,25636.95000000,76.41463656,70.15859060,62.41606128,111.71220201,133.79951775,119.05026352,13.42187972,-59.63865436,80.82647573
power_01,1,POWER,1,active,1702,19.407089,-15389.95500000,44203.72500000,23915.11500000,40943.47500000,35938.89000000,23560.15500000,17182.03500000,25582.32000000,111.70130780,100.68508721,98.92698577,97.91626827,87.71943389,49.81791282,35.75642883,-19.12770822,75.20639160
power_01,1,POWER,1,active,1703,19.409089,-15458.71500000,44183.47500000,23895.09000000,40910.35500000,35919.85500000,23545.26000000,17163.99000000,25560.27000000,42.26496289,41.27358473,30.07396423,-22.16843521,-32.42851037,2.23427124,15.68340917,-57.50040814,30.45344325
power_01,1,POWER,1,active,1704,19.411089,-15441.84000000,44217.27000000,23993.28000000,41000.35500000,35990.28000000,23542.24500000,17220.87000000,25701.25500000,-40.93132989,12.17058189,28.28489014,-7.92396166,-8.49410713,-7.35501290,11.02459158,3.54591285,14.96629850
power_01,1,POWER,1,active,1705,19.413089,-15363.58500000,44212.68000000,24042.51000000,41063.13000000,36040.68000000,23515.60500000,17170.96500000,25762.18500000,-6.25076428,22.45412836,84.14034296,52.94312078,37.51068502,-17.59498525,35.15546275,96.93399813,44.12293594
power_01,1,POWER,1,active,1706,19.415089,-15410.11500000,44100.40500000,23925.19500000,40991.58000000,35962.60500000,23412.78000000,17028.58500000,25647.57000000,-7.80969630,-72.10949452,-39.65003565,-33.97748732,-29.84685698,-39.85503863,-58.61966410,-8.14853815,36.25210146
power_01,1,POWER,1,active,1707,19.417089,-15531.84000000,44085.73500000,23848.24500000,40893.21000000,35867.47500000,23380.06500000,17034.88500000,25547.44500000,-117.00524560,-128.60988697,-156.94846811,-131.56721533,-106.53995633,-55.21716170,-99.56620431,-142.02177075,117.18448864
power_01,1,POWER,1,active,1708,19.419089,-15586.96500000,44092.08000000,23827.09500000,40819.18500000,35784.99000000,23396.44500000,17155.26000000,25555.00500000,-148.16600553,-60.08229005,-118.54900122,-138.82240386,-111.20755554,20.88950892,41.06329759,-111.75178645,93.81648114
power_01,1,POWER,1,active,1709,19.421089,-15517.21500000,44085.06000000,23797.17000000,40886.28000000,35853.43500000,23467.00500000,17155.80000000,25579.75500000,-43.23857475,-7.70592202,-43.83644571,-42.46092660,-18.40853909,107.23021150,99.83497475,-14.08244910,47.09975544
power_01,1,POWER,1,active,1710,19.423089,-15568.83000000,44044.51500000,23790.42000000,40960.17000000,36003.10500000,23661.67500000,17222.22000000,25628.98500000,37.97615066,5.65923785,16.15232108,105.60366650,140.93075089,181.91812747,54.86700015,48.26679602,73.92175633
power_01,1,POWER,1,active,1711,19.425089,-15590.52000000,44129.02500000,23909.35500000,40908.82500000,35913.91500000,23548.86000000,17243.14500000,25591.27500000,17.79257093,59.92993284,112.68079384,127.79780647,162.13316371,162.83861430,60.76384071,65.28870032,96.15317789
power_01,1,POWER,1,active,1712,19.427089,-15466.86000000,44266.54500000,24007.86000000,40971.28500000,35970.03000000,23603.58000000,17262.22500000,25542.72000000,67.37813432,162.40737401,209.14218664,78.20338555,46.48120971,-3.25639058,38.23875680,23.85287780,78.62003943
power_01,1,POWER,1,active,1713,19.429089,-15394.59000000,44278.38000000,23961.51000000,41004.00000000,36016.02000000,23607.54000000,17207.55000000,25531.33500000,160.27003695,169.35240036,146.12627376,98.76173572,56.77315621,-23.15902713,-25.19258962,2.71568554,85.29386316
power_01,1,POWER,1,active,1714,19.431089,-15428.92500000,44208.31500000,23900.08500000,40929.39000000,35926.29000000,23504.76000000,17164.39500000,25552.35000000,81.10603771,26.61867109,-12.32016055,27.12461941,15.20422787,-48.62029733,-59.61375567,35.01298083,38.20259381
power_01,1,POWER,1,active,1715,19.433089,-15458.49000000,44192.88000000,23936.80500000,40970.74500000,35991.49500000,23629.77000000,17173.30500000,25565.22000000,-30.45645549,-74.98634150,-62.70401802,-77.53431031,-99.01496819,-119.80922668,-59.59361048,40.44188132,70.56760150
power_01,1,POWER,1,active,1716,19.435089,-15447.78000000,44218.93500000,24002.46000000,41069.56500000,36061.24500000,23603.71500000,17112.46500000,25663.86000000,-41.39771688,-69.87410845,-29.86090984,-12.38209429,-9.47162751,1.48719915,-36.60305915,55.29646328,32.04664732
power_01,1,POWER,1,active,1717,19.437089,-15432.70500000,44210.70000000,23973.25500000,41045.35500000,36000.09000000,23470.96500000,17098.38000000,25684.92000000,-33.78877561,-70.84054576,-46.77332601,-1.66917780,-11.94202418,-71.74099310,-51.28120055,75.57823646,45.45178493
power_01,1,POWER,1,active,1718,19.439089,-15457.95000000,44187.30000000,24018.21000000,41016.96000000,35956.66500000,23448.51000000,17140.14000000,25549.56000000,-32.32141901,-88.43217092,-73.05742941,-80.46527986,-108.18261499,-160.16172768,-18.68593814,-21.14289950,72.80618494
power_01,1,POWER,1,active,1719,19.441089,-15445.12500000,44244.76500000,24040.26000000,41034.01500000,36005.40000000,23564.83500000,17117.95500000,25529.13000000,-32.81340728,-57.41837587,-26.03356448,-51.37586022,-34.43133000,15.23473287,28.69730575,-111.50325477,44.68847891
power_01,1,POWER,1,active,1720,19.443089,-15393.91500000,44200.21500000,23871.42000000,40986.85500000,35978.76000000,23532.03000000,17096.80500000,25689.82500000,6.30545704,-12.45953762,-54.46191387,-15.51319328,14.99428254,57.69187865,-14.46531067,6.91110806,22.85033521
power_01,1,POWER,1,active,1721,19.445089,-15539.26500000,44139.15000000,23826.91500000,40842.00000000,35854.69500000,23453.95500000,17145.40500000,25720.74000000,-11.82715761,-42.41351555,-131.19898316,-67.08408568,-42.26558605,-22.18794557,7.92556337,114.59914159,54.93774732
power_01,1,POWER,1,active,1722,19.447089,-15575.53500000,44109.58500000,23859.18000000,40819.00500000,35856.18000000,23527.62000000,17268.52500000,25692.25500000,-103.92287593,-48.55478708,-29.02251741,-85.08352177,-68.86214346,-20.33344020,93.39734610,25.42849168,59.32564045
power_01,1,POWER,1,active,1723,19.449089,-15480.09000000,44127.40500000,23861.43000000,40870.39500000,35895.15000000,23526.45000000,17255.02500000,25643.52000000,-25.41680081,15.05116609,57.74267959,6.79540694,4.88844447,42.34624503,100.21978258,-53.09349288,38.19425230
power_01,1,POWER,1,active,1724,19.451089,-15433.42500000,44153.82000000,23892.88500000,40959.31500000,35977.23000000,23548.00500000,17214.57000000,25607.52000000,86.07749044,47.18598578,31.66176773,87.60045308,67.20818033,33.33072172,18.53208462,-74.23485002,55.72894172
power_01,1,POWER,1,active,1725,19.453089,-15310.21500000,44321.17500000,24083.41500000,41152.63500000,36139.32000000,23619.06000000,17152.78500000,25618.23000000,72.92695453,102.51490853,101.37074762,131.60857989,103.16357201,33.46392191,-47.91902735,-82.78179846,84.46868879
power_01,1,POWER,1,active,1726,19.455089,-15341.44500000,44347.86000000,24115.99500000,41140.57500000,36079.38000000,23495.13000000,17071.06500000,25622.77500000,69.43771793,137.31100675,136.48648451,129.80183462,98.17287718,37.62310343,-68.91434978,-42.69205618,90.05492880
power_01,1,POWER,1,active,1727,19.457089,-15468.34500000,44217.31500000,24004.93500000,40990.72500000,35911.39500000,23374.30500000,17028.81000000,25643.25000000,-44.46129717,-2.67980521,-11.73004055,-48.18363207,-78.91803254,-93.99782195,-87.99938620,-23.21017017,48.89752323
power_01,1,POWER,1,active,1728,19.459089,-15527.47500000,44016.88500000,23867.37000000,40909.05000000,35878.32000000,23527.44000000,17190.45000000,25726.68000000,-140.81616151,-176.61029738,-151.63591128,-170.84635877,-152.31736280,-35.35055438,3.80507280,15.07978434,105.80768791
power_01,1,POWER,1,active,1729,19.461089,-15562.17000000,43958.74500000,23798.07000000,40877.73000000,35884.39500000,23586.93000000,17249.35500000,25656.75000000,-61.80035941,-179.93504649,-142.95782803,-88.09086109,-23.44678992,145.59871912,118.14999068,35.83089187,99.47631083
power_01,1,POWER,1,active,1730,19.463089,-15608.02500000,43978.68000000,23716.48500000,40799.38500000,35826.57000000,23464.48500000,17222.89500000,25515.81000000,-30.42940130,-50.55749775,-77.94687402,-37.79112743,12.71934220,46.91522589,49.31832687,-69.07737615,46.84439645
power_01,1,POWER,1,active,1731,19.465089,-15566.67000000,44096.80500000,23732.37000000,40830.70500000,35860.09500000,23408.64000000,17148.55500000,25454.88000000,10.57506824,98.50017433,-2.51596776,5.61770605,22.04392381,-83.08719543,-56.42211436,-105.76963505,48.06647313
power_01,1,POWER,1,active,1732,19.467089,-15455.97000000,44218.71000000,23905.75500000,40993.92000000,36001.93500000,23550.88500000,17133.88500000,25486.38000000,114.55551195,199.21430644,138.40634926,136.94813632,118.48468710,0.81832911,-67.60401496,-2.20978289,97.28013975
power_01,1,POWER,1,active,1733,19.469089,-15429.33000000,44227.17000000,23951.02500000,41013.40500000,36011.83500000,23611.36500000,17140.77000000,25548.12000000,131.22588084,183.89448342,220.71224600,179.98349669,137.48446158,93.22037288,-35.65580271,85.37827026,133.44437680
power_01,1,POWER,1,active,1734,19.471089,-15471.04500000,44239.72500000,23996.29500000,40992.57000000,35954.50500000,23536.75500000,17171.82000000,25564.90500000,49.02404311,75.80892716,128.09366223,54.53749792,12.35796430,22.04450876,17.13546533,113.12100523,59.01538426
power_01,1,POWER,1,active,1735,19.473089,-15485.80500000,44240.44500000,23988.91500000,40943.83500000,35893.93500000,23436.36000000,17200.62000000,25581.19500000,-27.18601007,9.02600917,32.29616743,-53.80109572,-88.03934955,-95.23830634,48.40436685,84.06341536,54.75684006
power_01,1,POWER,1,active,1736,19.475089,-15445.53000000,44205.88500000,23955.70500000,41002.56000000,36029.11500000,23620.23000000,17197.47000000,25641.31500000,-14.74062631,-39.72727720,-33.22442928,-57.85341726,-40.25986731,-30.91600102,43.19111632,65.87665115,40.72367323
power_01,1,POWER,1,active,1737,19.477089,-15256.89000000,44384.31000000,24224.98500000,41238.18000000,36239.76000000,23817.06000000,17186.40000000,25681.32000000,66.24726518,-35.21153114,-11.40331470,39.97361986,103.27146230,155.02497504,13.05631415,72.84752798,62.12950129
power_01,1,POWER,1,active,1738,19.479089,-15193.75500000,44424.27000000,24190.69500000,41192.82000000,36171.22500000,23691.64500000,17211.78000000,25650.13500000,125.29504828,51.33408070,90.62879654,103.96460026,113.27751932,108.59036539,-6.31071883,20.14196063,77.44288624
power_01,1,POWER,1,active,1739,19.481089,-15557.67000000,44127.67500000,23865.43500000,40874.94000000,35856.72000000,23346.99000000,17138.11500000,25679.56500000,-65.82818003,-104.69520122,-134.45342280,-124.58959264,-139.89969054,-196.65645216,-26.57106595,-24.07491295,102.09606479
power_01,1,POWER,1,active,1740,19.483089,-15689.20500000,43968.51000000,23671.57500000,40736.43000000,35702.10000000,23238.63000000,17109.90000000,25749.04500000,-312.92159182,-322.45018675,-360.42930754,-294.84764130,-295.05339028,-316.11145264,-79.76134213,12.45409273,249.25362565
power_01,1,POWER,1,active,1741,19.485089,-15578.37000000,44068.32000000,23755.68000000,40837.77000000,35859.06000000,23468.53500000,17123.08500000,25666.51500000,-141.16160484,-156.05017865,-152.50114310,-92.45362548,-103.60605187,-72.27755655,-54.05818902,-4.88057846,97.12361600
power_01,1,POWER,1,active,1742,19.487089,-15560.59500000,44103.19500000,23856.57000000,40839.48000000,35882.01000000,23506.24500000,17158.54500000,25640.50500000,69.61002710,54.36237240,66.66615234,73.07123552,94.53193206,146.14081670,17.50358048,-92.55500705,76.80514045
power_01,1,POWER,1,active,1743,19.489089,-15581.52000000,44074.12500000,23890.81500000,40851.49500000,35877.46500000,23491.08000000,17193.10500000,25620.03000000,11.35445969,41.59409499,115.35623909,51.32560260,58.50389115,78.58746020,41.77083990,-86.25977025,60.59404473
power_01,1,POWER,1,active,1744,19.491089,-15456.33000000,44219.16000000,23951.34000000,41002.06500000,36007.15500000,23581.62000000,17159.17500000,25596.54000000,52.49400941,74.92725276,98.65518971,88.86292927,53.00788567,44.93069572,45.07728637,-62.88247974,65.10471608
power_01,1,POWER,1,active,1745,19.493089,-15420.24000000,44250.79500000,23904.27000000,41012.28000000,36038.38500000,23633.64000000,17163.45000000,25569.13500000,121.39405720,147.15192309,44.65745001,125.02352311,117.44659918,119.63756538,17.21968471,-82.78688491,96.91471095
power_01,1,POWER,1,active,1746,19.495089,-15545.52000000,44125.69500000,23883.43500000,40916.83500000,35925.88500000,23537.65500000,17205.61500000,25570.39500000,13.57799046,36.09221952,-20.60888236,-4.86155965,2.53414167,32.42695557,31.20929518,-50.78671184,24.01221953
power_01,1,POWER,1,active,1747,19.497089,-15512.40000000,44135.95500000,23970.55500000,40983.79500000,35966.65500000,23531.44500000,17225.59500000,25646.44500000,-52.20409983,-64.70218962,-4.70667098,-58.47608079,-65.60724264,-48.01843135,55.92495547,5.05043887,44.33626369
power_01,1,POWER,1,active,1748,19.499089,-15384.46500000,44289.94500000,24098.53500000,41105.56500000,36057.24000000,23521.68000000,17198.77500000,25646.17500000,64.63154361,60.15460425,111.84160980,77.36770709,58.24380343,-3.39803182,3.31362232,50.84025189,53.72389678
power_01,1,POWER,1,active,1749,19.501089,-15311.43000000,44409.33000000,24162.57000000,41155.78500000,36089.95500000,23523.79500000,17078.71500000,25556.22000000,145.61853781,163.74081578,140.13226564,123.80212324,101.48496084,6.22359320,-70.47740361,12.61147661,95.51139709
power_01,1,POWER,1,active,1750,19.504111,-15276.42000000,44423.46000000,24175.66500000,41163.75000000,36095.08500000,23591.07000000,17082.45000000,25570.93500000,87.24300075,109.21719528,83.17902161,66.04875745,52.82401250,21.12304011,-104.91564610,-22.63629008,68.39837049
power_01,1,POWER,1,active,1751,19.506111,-15395.08500000,44255.74500000,23966.05500000,40992.79500000,35958.24000000,23509.39500000,17153.10000000,25597.62000000,-8.95417059,-33.55182880,-43.48135483,-32.13189559,-24.22794650,17.20253523,-20.22923894,59.42123541,29.90002574
power_01,1,POWER,1,active,1752,19.508111,-15597.36000000,44037.90000000,23777.10000000,40767.43500000,35764.11000000,23306.22000000,17231.13000000,25629.52500000,-171.68440447,-214.61481466,-226.02422023,-206.20001472,-170.75401552,-127.03418343,74.50697867,88.57031037,159.92361776
power_01,1,POWER,1,active,1753,19.510111,-15648.75000000,43942.45500000,23729.13000000,40739.76000000,35787.55500000,23453.82000000,17261.37000000,25798.68000000,-237.50641188,-254.69381286,-228.08032656,-235.86125655,-187.21244144,-133.44004965,68.83939356,114.24295399,182.48458081
power_01,1,POWER,1,active,1754,19.512111,-15620.08500000,43981.02000000,23789.16000000,40857.34500000,35916.43500000,23568.84000000,17206.42500000,25658.37000000,-106.70168356,-118.95027852,-81.54873184,-57.56301304,-9.16628995,88.12197052,27.49382997,99.15854482,73.58804278
power_01,1,POWER,1,active,1755,19.514111,-15456.69000000,44123.53500000,23818.23000000,40963.09500000,36002.97000000,23591.43000000,17172.04500000,25618.18500000,31.39381151,45.75275138,5.13512395,73.45231634,93.08344230,112.10480922,-35.32247525,-85.71571858,60.24505607
power_01,1,POWER,1,active,1756,19.516111,-15330.06000000,44226.04500000,23883.03000000,41034.55500000,36060.16500000,23620.18500000,17178.03000000,25581.51000000,141.66719138,154.06622666,47.84311910,94.11495633,81.19114918,29.04991833,-34.80151870,-114.21720956,87.11891116
power_01,1,POWER,1,active,1757,19.518111,-15489.18000000,44129.16000000,23817.78000000,40970.38500000,35968.72500000,23512.54500000,17140.32000000,25488.63000000,87.32022720,104.57161632,54.54117744,53.95326820,35.48317819,17.15772405,-11.42819681,-74.30601185,54.84517501
power_01,1,POWER,1,active,1758,19.520111,-15663.69000000,44098.47000000,23871.06000000,40905.67500000,35911.08000000,23518.03500000,17151.25500000,25571.83500000,-116.69324823,-11.84984000,43.11643019,-22.46109555,-44.85301690,-53.74351532,-31.82167210,-89.03237951,51.69639972
power_01,1,POWER,1,active,1759,19.522111,-15608.83500000,44073.13500000,23830.38000000,40841.28000000,35834.40000000,23411.43000000,17176.54500000,25639.92000000,-81.98225756,5.08168063,85.90738088,-28.05156483,-46.45361404,-47.51063170,1.00471851,63.43317105,44.92812740
power_01,1,POWER,1,active,1760,19.524111,-15543.67500000,44224.33500000,24014.47500000,40914.54000000,35856.40500000,23384.52000000,17157.10500000,25593.48000000,98.96140574,89.15399196,147.15784593,48.53716157,9.96125835,-44.45274377,9.97230901,77.28718541,65.68548772
power_01,1,POWER,1,active,1761,19.526111,-15518.92500000,44216.59500000,23988.06000000,40941.40500000,35911.26000000,23466.28500000,17136.18000000,25549.74000000,121.76772058,130.49349374,179.37389386,120.82837303,67.67132053,-18.00426161,-28.68612155,-23.49015381,86.28941734
power_01,1,POWER,1,active,1762,19.528111,-15455.11500000,44201.29500000,23931.04500000,40924.66500000,35917.15500000,23514.12000000,17170.33500000,25605.22500000,102.56277033,60.99532182,67.97809305,97.56419396,95.91963671,91.33430434,-5.94308669,28.55674776,68.85676933
power_01,1,POWER,1,active,1763,19.530111,-15406.47000000,44175.64500000,23898.69000000,40936.05000000,35966.25000000,23588.37000000,17211.01500000,25676.46000000,99.39112139,-30.62545950,-68.28799352,20.05757791,44.19727287,62.86606415,38.60550635,72.85173030,54.61034075
power_01,1,POWER,1,active,1764,19.532111,-15386.85000000,44172.00000000,23960.29500000,41020.20000000,36052.20000000,23643.49500000,17221.54500000,25635.55500000,36.64499760,-40.62880389,-45.17142938,16.61792852,38.90684795,50.26694134,47.03188820,49.78648237,40.63191491
power_01,1,POWER,1,active,1765,19.534111,-15466.14000000,44126.59500000,23918.22000000,40977.81000000,35962.24500000,23476.27500000,17125.47000000,25649.28000000,-54.42746202,-83.56823190,-68.87656421,-15.65481113,-5.53840458,-15.59499667,-0.44166407,-15.89427310,32.49955096
power_01,1,POWER,1,active,1766,19.536111,-15551.59500000,44106.25500000,23825.02500000,40948.33500000,35920.84500000,23429.70000000,17072.14500000,25646.49000000,-140.31958628,-109.25406085,-156.16146020,-110.62788512,-128.67196029,-154.80641208,-61.14665006,-30.80604443,111.47425741
power_01,1,POWER,1,active,1767,19.538111,-15471.04500000,44153.59500000,23839.69500000,41003.23500000,36017.68500000,23498.19000000,17134.24500000,25663.77000000,-110.60014749,-61.65257315,-149.62910015,-90.57438324,-67.74590318,-47.11225503,-16.57433473,-18.37581149,70.28306356
power_01,1,POWER,1,active,1768,19.540111,-15459.57000000,44295.88500000,24107.40000000,41023.03500000,36013.18500000,23500.57500000,17097.48000000,25605.58500000,6.09554966,29.42021510,20.95598607,-8.47210600,37.42698628,62.62827056,40.51003734,-54.28087931,32.47375379
power_01,1,POWER,1,active,1769,19.542111,-15503.94000000,44277.25500000,24018.12000000,41004.94500000,36002.97000000,23585.98500000,17116.78500000,25614.45000000,-3.48935040,79.70644912,137.76513822,-3.09567811,1.50541041,52.55439806,2.97710566,-55.22847958,42.04025120
power_01,1,POWER,1,active,1770,19.544111,-15483.46500000,44220.64500000,23948.37000000,40936.09500000,35917.47000000,23516.37000000,17186.26500000,25591.68000000,-23.56318337,-10.17855429,-22.11459043,-19.54358522,-22.75045892,63.97291021,29.33992239,-29.13422272,27.57467844
power_01,1,POWER,1,active,1771,19.546111,-15493.81500000,44151.12000000,23917.50000000,40887.22500000,35874.36000000,23474.74500000,17248.36500000,25607.83500000,27.50949178,-67.48302299,-64.73906117,-28.65579128,-43.20250075,-27.97771814,79.42583386,-6.19887078,43.14903635
power_01,1,POWER,1,active,1772,19.548111,-15517.98000000,44114.26500000,23856.34500000,40873.36500000,35889.70500000,23496.16500000,17240.44500000,25507.30500000,-2.26054678,-51.33960799,0.98670681,-23.30051261,-39.47952084,-61.99434627,31.29735566,-17.03934968,28.46224333
power_01,1,POWER,1,active,1773,19.550111,-15507.27000000,44105.53500000,23863.59000000,40919.89500000,35936.37000000,23503.86000000,17182.62000000,25501.68000000,-20.35280976,-40.92877744,-47.66056383,16.49406969,21.50270199,-2.33861198,-29.00291175,-42.47985188,27.59503729
power_01,1,POWER,1,active,1774,19.552111,-15432.84000000,44118.09000000,23927.13000000,41035.32000000,36028.53000000,23548.86000000,17120.65500000,25687.53000000,24.27701961,0.88780775,18.14070508,59.14618654,41.90815220,-18.00262667,-76.49658641,58.20398588,37.13288377
power_01,1,POWER,1,active,1775,19.554111,-15398.86500000,44197.69500000,23908.68000000,41083.92000000,36053.68500000,23505.70500000,17112.28500000,25791.48000000,40.50099299,39.52344911,38.63219768,72.97429778,46.26220696,-8.92722755,-69.66168259,182.24465817,62.34083910
power_01,1,POWER,1,active,1776,19.556111,-15508.26000000,44187.07500000,23793.48000000,40917.19500000,35921.74500000,23424.79500000,17131.59000000,25701.21000000,-15.74989652,51.04081877,-68.78566284,-38.72220894,-32.46911745,-43.62040616,-9.80433406,76.75150092,42.11799321
power_01,1,POWER,1,active,1777,19.558111,-15592.99500000,44236.57500000,23999.98500000,40890.06000000,35895.69000000,23514.66000000,17178.84000000,25544.74500000,-104.13543241,29.17472822,-16.48505044,-149.61980069,-114.53228342,-30.66141247,29.25226671,-110.47947537,73.04255621
power_01,1,POWER,1,active,1778,19.560111,-15644.07000000,44105.04000000,23987.74500000,40922.28000000,35921.65500000,23547.06000000,17221.41000000,25483.00500000,-82.70010596,-16.33576856,114.90963807,-44.55751400,-18.14333864,97.58988064,51.95391270,-148.42024597,71.82630057
power_01,1,POWER,1,active,1779,19.562111,-15576.52500000,44016.57000000,23814.27000000,40930.56000000,35929.17000000,23484.51000000,17209.03500000,25548.43500000,17.46467192,-81.24158528,11.24975743,60.63304999,63.29949631,57.21114180,28.99752990,-58.24883073,47.29325792
power_01,1,POWER,1,active,1780,19.564111,-15480.67500000,44027.73000000,23727.46500000,40892.44500000,35895.87000000,23443.65000000,17156.88000000,25620.39000000,115.93277938,-55.31605746,-114.91344423,49.53992410,49.78837495,-27.76374687,-37.18501706,63.96180275,64.30014335
power_01,1,POWER,1,active,1781,19.566111,-15425.95500000,44159.08500000,23881.09500000,40905.90000000,35909.28000000,23506.60500000,17128.48500000,25690.68000000,158.85864617,101.00033469,47.32014861,64.91658109,52.03916839,11.67835460,-69.90908669,105.60343318,76.41571918
power_01,1,POWER,1,active,1782,19.568111,-15420.87000000,44259.57000000,23980.90500000,40942.03500000,35959.50000000,23586.88500000,17194.50000000,25729.87500000,92.10972553,179.07437761,189.48904144,80.69541604,61.29759958,54.27241575,-26.45833741,90.54464980,96.74269539
power_01,1,POWER,1,active,1783,19.570111,-15387.61500000,44267.71500000,23927.44500000,40936.81500000,35923.23000000,23458.90500000,17211.10500000,25683.48000000,29.62788784,134.88072616,117.63813129,56.29322794,35.25378792,2.73934871,36.08984484,35.26869133,55.97395575
power_01,1,POWER,1,active,1784,19.572111,-15459.57000000,44210.97000000,23930.28000000,40956.48000000,35954.01000000,23480.37000000,17160.12000000,25619.76000000,-26.00104594,18.40963572,-2.88674579,4.20810938,-24.93717029,-91.93535575,14.16856356,-62.98858558,30.69190150
power_01,1,POWER,1,active,1785,19.574111,-15448.77000000,44269.56000000,24015.10500000,41092.38000000,36127.93500000,23689.62000000,17205.12000000,25546.54500000,-92.59289070,-52.89954850,-14.74430248,11.00618857,22.53359890,23.48937170,-4.26085289,-104.49452212,40.75265948
power_01,1,POWER,1,active,1786,19.576111,-15423.39000000,44302.68000000,24044.22000000,41049.00000000,36046.98000000,23547.10500000,17218.98000000,25601.04000000,-58.65538770,-21.14490383,5.88744396,22.70088416,52.52331405,91.89550674,47.89935432,-68.26163754,46.12105404
power_01,1,POWER,1,active,1787,19.578111,-15532.11000000,44192.56500000,23959.89000000,40916.20500000,35908.51500000,23408.28000000,17139.96000000,25680.73500000,-54.34839544,-79.72361604,-82.55335192,-109.46168411,-115.34160624,-122.75759540,8.29696906,25.14427123,74.70343618
power_01,1,POWER,1,active,1788,19.580111,-15609.78000000,44100.31500000,23905.48500000,40901.58000000,35905.32000000,23491.03500000,17116.15500000,25617.19500000,-124.89378188,-174.69097599,-142.36674661,-151.10926083,-141.73630292,-96.87963762,-61.06740062,43.22322900,116.99591693
power_01,1,POWER,1,active,1789,19.582111,-15579.72000000,44103.10500000,23878.75500000,40915.17000000,35900.46000000,23496.25500000,17161.11000000,25578.54000000,-59.30059348,-120.91470735,-101.35081453,-24.77028464,-7.62144183,73.29007332,-12.22847918,-40.19133705,54.95846642
power_01,1,POWER,1,active,1790,19.584111,-15507.04500000,44132.53500000,23850.40500000,40897.12500000,35874.36000000,23457.37500000,17204.17500000,25530.79500000,61.78316991,-12.50841602,-45.09626736,23.28295162,5.73682678,8.99611056,35.47103321,-39.65243222,29.06590096
power_01,1,POWER,1,active,1791,19.586111,-15304.59000000,44350.83000000,24058.80000000,41074.92000000,36074.65500000,23635.44000000,17205.79500000,25494.03000000,142.71460458,102.78881669,63.05728929,83.44929971,76.23455312,41.82200332,24.97552066,-20.83108612,69.48414669
power_01,1,POWER,1,active,1792,19.588111,-15343.02000000,44362.93500000,24114.01500000,41113.21500000,36095.08500000,23588.82000000,17184.19500000,25655.44500000,156.98161361,179.00377072,179.57350452,165.38881185,163.43793207,107.66218231,-0.70090034,34.02966083,123.34729703
power_01,1,POWER,1,active,1793,19.590111,-15536.43000000,44122.00500000,23882.76000000,40926.78000000,35919.27000000,23424.48000000,17177.35500000,25769.29500000,-48.16623491,-8.42776876,22.25817892,0.90624734,-16.51191836,-76.55489919,-17.47008092,167.58634722,44.73520945
power_01,1,POWER,1,active,1794,19.592111,-15585.16500000,44048.16000000,23786.91000000,40801.41000000,35812.48500000,23384.07000000,17186.17500000,25621.15500000,-186.62784869,-199.34753779,-202.03492767,-204.68350568,-198.02639865,-169.64753745,0.91859409,75.60719484,154.61169311
power_01,1,POWER,1,active,1795,19.594111,-15639.70500000,44021.65500000,23787.00000000,40817.65500000,35875.30500000,23521.36500000,17199.40500000,25624.17000000,-92.61218976,-99.00156684,-122.12349972,-152.01693707,-114.77144933,-14.05298966,21.14078900,-90.37916543,88.26232335
power_01,1,POWER,1,active,1796,19.596111,-15578.23500000,44094.78000000,23873.44500000,40948.15500000,35977.50000000,23560.38000000,17158.86000000,25663.23000000,-29.54476120,0.82019209,-1.52512990,-4.90256287,28.37665329,94.95663327,9.58087680,-20.00875703,23.71444581
power_01,1,POWER,1,active,1797,19.598111,-15509.70000000,44139.55500000,23877.13500000,41011.47000000,36004.18500000,23528.56500000,17161.92000000,25691.53500000,64.16629632,62.83459004,41.68060375,92.78685266,85.49595430,60.77322838,-11.28977063,24.42295805,55.43128177
power_01,1,POWER,1,active,1798,19.600111,-15595.33500000,44163.90000000,23910.75000000,40954.54500000,35932.59000000,23480.50500000,17157.01500000,25586.59500000,92.16887576,111.13356053,73.53010072,78.59004746,49.67090423,3.81230235,-5.02213352,-46.27031567,57.52478003
power_01,1,POWER,1,active,1799,19.602111,-15615.94500000,44196.79500000,23938.56000000,40931.82000000,35909.05500000,23502.55500000,17178.34500000,25465.18500000,-8.27197661,78.03020507,78.26558293,10.33919666,-0.54642191,5.95759637,3.22665014,-106.42359243,36.38265276
power_01,1,POWER,1,active,1800,19.603031,-15455.88000000,44197.65000000,23921.86500000,40960.71000000,35960.67000000,23556.42000000,17212.59000000,25556.35500000,74.50112011,79.75654799,90.43584809,45.29835291,43.01281039,43.74535309,7.37602396,-77.36615154,57.68652601
power_01,1,POWER,1,active,1801,19.605031,-15477.30000000,44190.31500000,23932.71000000,40963.77000000,35969.08500000,23523.25500000,17190.40500000,25556.31000000,140.53351629,44.62380841,57.11299650,71.34654661,74.84835049,31.67429928,6.01328272,50.26824473,59.55263063
power_01,1,POWER,1,active,1802,19.607031,-15563.20500000,44077.45500000,23806.93500000,40824.40500000,35825.58000000,23348.43000000,17127.81000000,25661.34000000,-10.19419635,-30.05896482,3.78668162,-11.97119420,-17.65375183,-81.11869870,-43.76095578,75.26315260,34.22594949
power_01,1,POWER,1,active,1803,19.609031,-15486.84000000,44159.13000000,23849.05500000,40887.76500000,35890.06500000,23399.01000000,17104.54500000,25693.92000000,-47.77259120,-37.95862224,-37.07702123,-59.85461041,-78.82796643,-127.10235155,-61.48155717,79.31990664,66.17432836
power_01,1,POWER,1,active,1804,19.611031,-15464.52000000,44172.13500000,23888.61000000,40933.84500000,35940.87000000,23481.04500000,17105.08500000,25660.03500000,29.87383382,18.25186368,3.12173052,13.77107778,9.28983603,14.54670809,-13.42983109,58.96553658,20.15630220
power_01,1,POWER,1,active,1805,19.613031,-15497.50500000,44156.97000000,23904.27000000,40888.84500000,35899.47000000,23465.74500000,17117.82000000,25611.43500000,-17.60879879,7.29550408,30.92566967,7.97880259,12.91242108,65.74281374,23.28953346,-52.33002282,27.26044578
power_01,1,POWER,1,active,1806,19.615031,-15506.19000000,44146.08000000,23872.09500000,40922.05500000,35944.51500000,23513.22000000,17213.35500000,25625.34000000,-63.07008081,-57.23168693,-45.39021463,-59.33322845,-43.13093797,18.10810942,70.71838926,-39.84637314,49.60362758
power_01,1,POWER,1,active,1807,19.617031,-15548.13000000,44113.27500000,23845.23000000,40966.69500000,35979.12000000,23537.16000000,17239.99500000,25611.43500000,-45.32085081,-45.87996103,-62.18132254,10.06975722,32.42590334,66.80665867,104.30436684,-9.98750914,47.12204120
power_01,1,POWER,1,active,1808,19.619031,-15448.77000000,44210.92500000,24007.45500000,41072.13000000,36053.64000000,23592.51000000,17187.93000000,25584.75000000,-24.53563420,-20.64359995,0.25686280,66.64518579,66.17788489,70.72945430,31.77816256,-29.11682053,38.73545063
power_01,1,POWER,1,active,1809,19.621031,-15424.69500000,44259.34500000,24036.57000000,41033.92500000,36009.13500000,23573.29500000,17138.97000000,25495.78500000,42.72217415,44.69697459,87.20260578,57.12852031,41.47395696,34.88875417,-58.99352683,-40.75765692,50.98302121
power_01,1,POWER,1,active,1810,19.623031,-15523.06500000,44188.15500000,23950.62000000,40939.29000000,35913.87000000,23442.03000000,17134.83000000,25482.42000000,-7.55654315,26.73381710,25.74368001,-13.69011007,-22.19371305,-37.63718393,-62.32490823,-59.13328376,31.87665491
power_01,1,POWER,1,active,1811,19.625031,-15560.32500000,44104.72500000,23833.39500000,40899.87000000,35890.02000000,23394.78000000,17120.52000000,25620.21000000,-106.74794186,-86.90424452,-108.26950062,-85.58994785,-88.02570999,-133.24106311,-43.16547339,34.39169531,85.79194708
power_01,1,POWER,1,active,1812,19.627031,-15547.59000000,44082.99000000,23744.38500000,40829.80500000,35832.37500000,23387.71500000,17107.02000000,25734.28500000,-47.98180584,-69.68147792,-108.05700549,-57.59553271,-55.34725647,-81.25956288,-35.44287297,146.21261971,75.19726675
power_01,1,POWER,1,active,1813,19.629031,-15563.65500000,44125.02000000,23819.40000000,40808.43000000,35803.66500000,23359.50000000,17157.15000000,25689.06000000,-10.37733756,-9.48170485,-56.99592926,-67.53029658,-67.43509301,-36.77953020,1.19961099,88.28392454,42.26042837
power_01,1,POWER,1,active,1814,19.631031,-15532.24500000,44184.64500000,23927.67000000,40945.86000000,35992.75500000,23586.16500000,17211.19500000,25605.09000000,-4.95770675,42.85224309,62.65982447,-6.96458154,0.24246707,29.37170067,57.60590215,-47.09382936,31.46853189
power_01,1,POWER,1,active,1815,19.633031,-15457.99500000,44225.10000000,23983.92000000,41029.92000000,36067.05000000,23642.73000000,17240.44500000,25555.63500000,62.59218990,70.64640289,108.27133044,106.33116653,135.87431461,165.78591296,69.45746574,-94.93694647,101.73696619
power_01,1,POWER,1,active,1816,19.635031,-15422.94000000,44226.81000000,24030.04500000,41047.92000000,36048.46500000,23589.31500000,17212.77000000,25580.11500000,87.74363592,30.68579016,41.71099207,57.65250498,57.24833559,65.53738348,25.72565645,-53.25689006,52.44514859
power_01,1,POWER,1,active,1817,19.637031,-15489.76500000,44165.20500000,23989.68000000,41000.40000000,35983.80000000,23520.69000000,17149.41000000,25641.22500000,34.02630949,-20.85268893,6.23744837,-16.81151791,-45.66753754,-73.10971056,-33.90817461,17.76270588,31.04701166
power_01,1,POWER,1,active,1818,19.639031,-15543.76500000,44170.78500000,24003.99000000,41035.00500000,35966.56500000,23443.92000000,17132.89500000,25649.64000000,-38.18202603,-53.16903233,-44.86351545,-24.48069412,-43.71274618,-67.03743610,-66.01292406,52.52127234,48.74745583
power_01,1,POWER,1,active,1819,19.641031,-15493.00500000,44165.56500000,23991.16500000,41042.38500000,35945.68500000,23402.52000000,17175.51000000,25635.87000000,-21.26955296,-20.85342573,-33.70313252,7.45449838,-30.91244195,-84.74809728,-27.00390322,17.79622857,30.46766008
power_01,1,POWER,1,active,1820,19.643031,-15543.58500000,44057.25000000,23792.31000000,40931.46000000,35918.19000000,23510.25000000,17174.29500000,25533.40500000,19.94031471,-26.91068928,-64.87636437,-7.53168722,-4.72069233,-2.54372745,9.14344316,-40.95574694,22.07783318
power_01,1,POWER,1,active,1821,19.645031,-15576.48000000,44010.00000000,23570.23500000,40752.13500000,35815.32000000,23421.33000000,17194.00500000,25638.03000000,-29.38709999,-73.12515435,-195.85798849,-113.65807474,-29.92382639,58.47904209,-3.18775427,-39.87739286,67.93704165
power_01,1,POWER,1,active,1822,19.647031,-15566.31000000,44116.56000000,23772.96000000,40757.44500000,35824.00500000,23430.60000000,17179.78500000,25649.05500000,-26.99014817,22.27412755,-70.45319199,-107.93322947,-48.09004932,-28.15855099,-1.49502941,36.11891815,42.68915563
power_01,1,POWER,1,active,1823,19.649031,-15522.03000000,44203.63500000,23960.07000000,40848.07500000,35891.46000000,23485.77000000,17184.33000000,25605.94500000,32.68032254,138.04440360,222.95986760,34.29844282,26.18946140,7.80478387,-3.14197842,8.56943328,59.21108669
power_01,1,POWER,1,active,1824,19.651031,-15474.28500000,44286.34500000,24029.37000000,40994.82000000,36027.58500000,23587.42500000,17191.66500000,25620.03000000,46.30142444,130.80232155,238.73308064,131.77098567,97.72899312,85.03651294,0.15777243,-49.58869166,97.51497281
power_01,1,POWER,1,active,1825,19.653031,-15507.81000000,44263.98000000,24031.17000000,41044.45500000,36056.74500000,23580.63000000,17148.96000000,25560.49500000,34.24327055,70.79246448,88.78125746,133.45805629,98.00435950,50.90564026,4.22661603,-10.38169353,61.34916976
power_01,1,POWER,1,active,1826,19.655031,-15479.19000000,44228.97000000,23997.73500000,40994.23500000,35981.37000000,23480.14500000,17128.30500000,25579.89000000,-0.01116020,-23.86580331,3.65790736,40.23746123,6.92470116,-23.42061595,-22.67461090,-22.95619644,17.96855707
power_01,1,POWER,1,active,1827,19.657031,-15455.20500000,44186.80500000,23974.33500000,40972.81500000,35958.73500000,23476.54500000,17193.28500000,25707.78000000,14.41783637,-85.72631655,-72.62451302,-52.67307181,-72.84124845,-76.26859874,13.01300497,47.87119647,54.42947330
power_01,1,POWER,1,active,1828,19.659031,-15541.11000000,44113.09500000,23888.25000000,40969.98000000,35973.45000000,23541.03000000,17135.46000000,25647.93000000,-0.65436951,-94.88613064,-100.95671951,-35.81809289,-26.44035520,3.16416075,40.25424334,104.91616797,50.88627998
power_01,1,POWER,1,active,1829,19.661031,-15501.55500000,44156.43000000,23853.55500000,40929.30000000,35885.52000000,23368.86000000,17037.36000000,25606.48500000,-52.56770876,-76.81052936,-93.56974437,-13.40124310,-7.53934467,11.17645833,-48.53183942,-25.62180696,41.15233437
power_01,1,POWER,1,active,1830,19.663031,-15567.61500000,44138.52000000,23883.16500000,40854.78000000,35798.53500000,23278.99500000,17052.16500000,25497.72000000,-14.75351019,-3.29487737,-36.48322625,-34.98449586,-63.10460562,-116.24610265,-62.75771749,-72.22178992,50.48079067
power_01,1,POWER,1,active,1831,19.665031,-15580.66500000,44073.72000000,23820.30000000,40846.54500000,35858.56500000,23464.12500000,17198.55000000,25567.60500000,-35.74170538,-9.83308568,26.71800182,-21.70788819,-18.59256778,-4.13792499,62.53788366,-42.08862417,27.66971021
power_01,1,POWER,1,active,1832,19.667031,-15538.90500000,44111.74500000,23793.70500000,40902.57000000,35943.34500000,23574.55500000,17237.74500000,25544.88000000,-29.32135108,-26.75847087,-13.94724012,31.28704404,83.21598278,179.24432971,126.37091879,-0.07157237,61.27711372
power_01,1,POWER,1,active,1833,19.669031,-15457.23000000,44298.67500000,23983.38000000,41009.08500000,36049.36500000,23658.30000000,17239.63500000,25599.91500000,63.40213945,102.34795854,53.89540615,83.95583577,107.06013548,129.30156810,64.25490847,33.87669134,79.76183041
power_01,1,POWER,1,active,1834,19.671031,-15405.52500000,44297.37000000,24034.77000000,41005.80000000,36001.93500000,23511.37500000,17189.50500000,25756.15500000,61.64433560,140.21842894,152.44790393,61.20994294,46.04759591,2.98240983,-7.11989377,73.48209030,68.14407515
power_01,1,POWER,1,active,1835,19.673031,-15522.70500000,44171.86500000,23928.70500000,40880.92500000,35873.68500000,23384.25000000,17148.10500000,25611.57000000,-2.49979409,-19.25809476,6.88960201,-68.26194929,-90.16636014,-143.58137053,-46.38203777,82.00273736,57.38024325
power_01,1,POWER,1,active,1836,19.675031,-15587.95500000,44143.24500000,23931.81000000,40955.58000000,35997.75000000,23622.48000000,17179.42500000,25517.07000000,-97.09111323,-116.01761940,-111.16019637,-119.46599516,-106.63765175,-85.47315872,-43.85221596,-95.77143276,96.93367292
power_01,1,POWER,1,active,1837,19.677031,-15486.70500000,44162.37000000,23933.70000000,41010.66000000,36024.70500000,23601.69000000,17167.81500000,25583.76000000,-49.29102974,-50.54640155,-48.14304110,-1.85308248,40.33663858,117.92162441,-4.63749056,-83.56367502,49.53662293
power_01,1,POWER,1,active,1838,19.679031,-15507.94500000,44119.75500000,23915.38500000,41007.06000000,35999.82000000,23525.37000000,17165.38500000,25606.53000000,65.00217921,-15.84846036,-29.40530538,33.65917330,30.04544012,-1.43272239,-17.05884464,68.29032578,32.59280640
power_01,1,POWER,1,active,1839,19.681031,-15483.69000000,44133.48000000,23947.33500000,40994.64000000,35956.66500000,23439.78000000,17196.97500000,25681.50000000,16.16656499,-20.18382003,-9.41032054,-4.70524749,-31.35104665,-106.51431615,-18.43792600,39.00285725,30.72151239
power_01,1,POWER,1,active,1840,19.683031,-15426.76500000,44251.15500000,23983.60500000,41018.67000000,35972.19000000,23392.71000000,17198.01000000,25747.51500000,34.65331076,64.54980942,62.10829911,35.63180000,12.96453887,-47.39212589,6.64393970,73.80068163,42.21806317
power_01,1,POWER,1,active,1841,19.685031,-15520.41000000,44216.73000000,23897.07000000,40960.03500000,35937.54000000,23378.80500000,17142.25500000,25668.36000000,32.68385272,96.58561930,31.74904812,22.52684083,1.36440895,-66.44907889,-38.93710849,31.37230837,40.20853321
power_01,1,POWER,1,active,1842,19.687031,-15618.15000000,44064.81000000,23802.21000000,40816.84500000,35830.30500000,23429.74500000,17158.00500000,25620.30000000,-103.43668673,-37.29693025,-60.22055312,-67.89200581,-52.52081886,4.69896935,-53.93654218,-105.21295713,60.65193293
power_01,1,POWER,1,active,1843,19.689031,-15611.89500000,44029.17000000,23781.51000000,40834.17000000,35872.02000000,23510.29500000,17250.61500000,25578.99000000,-89.26477337,-116.64512158,-75.36822818,-98.80432555,-73.85308981,68.25256633,21.31498992,-93.71770021,79.65259937
power_01,1,POWER,1,active,1844,19.691031,-15593.67000000,44089.38000000,23772.51000000,40885.96500000,35938.12500000,23568.43500000,17231.22000000,25583.80500000,-2.37289578,-21.86362909,-33.53518195,-13.82846649,4.44684738,73.60276745,55.78697488,-67.64724758,34.13550132
power_01,1,POWER,1,active,1845,19.693031,-15598.84500000,44089.96500000,23835.78000000,40852.75500000,35909.50500000,23507.46000000,17187.39000000,25610.76000000,13.52265459,42.60207357,4.94541781,16.41573559,34.59616065,44.45036784,-5.63196140,-24.35312974,23.31468765
power_01,1,POWER,1,active,1846,19.695031,-15572.07000000,44173.84500000,23996.20500000,40912.38000000,35933.17500000,23488.60500000,17151.07500000,25539.03000000,36.48587586,48.12214674,90.16063201,-13.63209709,-17.13687597,-37.30259758,-37.96505205,6.47777321,35.91038131
power_01,1,POWER,1,active,1847,19.697031,-15542.19000000,44187.30000000,23926.99500000,40931.50500000,35934.79500000,23471.50500000,17119.48500000,25522.02000000,64.91435210,83.07757163,111.04289410,51.87195012,30.62635196,-15.94620899,-22.00770524,-30.04457015,51.19145054
power_01,1,POWER,1,active,1848,19.699031,-15549.61500000,44153.37000000,23857.69500000,40934.97000000,35934.48000000,23457.33000000,17095.32000000,25585.78500000,62.97932601,39.98460587,-20.66091614,63.21845478,48.52161945,12.50323065,-24.89704355,31.82851987,38.07421454
power_01,1,POWER,1,active,1849,19.701031,-15532.06500000,44161.87500000,23917.99500000,40948.56000000,35930.88000000,23443.47000000,17144.73000000,25626.15000000,40.62956906,-12.29632136,-17.87566821,47.63765600,38.88242691,5.39150116,10.72741129,102.81500537,34.53194492
power_01,1,POWER,1,active,1850,19.702071,-15518.74500000,44152.15500000,23930.95500000,40931.05500000,35895.87000000,23416.47000000,17177.44500000,25553.11500000,36.78271956,10.31897873,80.76523564,74.52977862,50.07563247,16.92079353,57.62386949,45.22846805,46.53068451
power_01,1,POWER,1,active,1851,19.704071,-15536.34000000,44164.84500000,23933.47500000,40934.61000000,35922.06000000,23499.31500000,17220.24000000,25597.53000000,16.39317029,-3.54605027,40.01853870,41.05924340,21.85898002,23.09257367,56.11767414,2.59515533,25.58517323
power_01,1,POWER,1,active,1852,19.706071,-15515.73000000,44135.01000000,23888.11500000,40902.25500000,35918.73000000,23517.13500000,17232.03000000,25713.40500000,-16.77811817,-20.89747170,-4.45258840,15.84262234,25.43378369,51.23353504,42.45285329,68.03581700,30.64084870
power_01,1,POWER,1,active,1853,19.708071,-15536.43000000,44079.07500000,23786.05500000,40880.79000000,35903.88000000,23449.41000000,17164.48500000,25660.17000000,-20.36012680,-48.25763240,-65.94978264,-23.42394679,-9.46141887,-12.28162531,-3.27226643,71.80682065,31.85170249
power_01,1,POWER,1,active,1854,19.710071,-15525.27000000,44115.30000000,23815.17000000,40877.23500000,35901.04500000,23447.97000000,17086.54500000,25649.32500000,-38.99906724,-62.99730325,-113.00998263,-63.90225355,-58.76637032,-89.66417885,-71.16328614,-36.83199670,66.91680483
power_01,1,POWER,1,active,1855,19.712071,-15469.38000000,44258.31000000,23982.34500000,40953.24000000,35920.21500000,23392.03500000,17091.58500000,25566.30000000,-22.61371479,36.81528284,9.28111211,-31.77027942,-41.04153802,-57.52852354,-57.33320315,-68.34125859,40.59061406
power_01,1,POWER,1,active,1856,19.714071,-15483.10500000,44297.77500000,24036.70500000,41011.11000000,35986.59000000,23494.72500000,17108.55000000,25498.48500000,3.58961565,89.11751943,86.10008826,2.46395757,-13.53605151,-17.96463003,13.08815145,-85.72635135,38.94829566
power_01,1,POWER,1,active,1857,19.716071,-15470.73000000,44218.93500000,24029.41500000,41062.32000000,36088.78500000,23677.83000000,17183.74500000,25526.70000000,-30.78281341,-6.45147847,12.01865291,13.58857409,49.33085183,112.26136910,57.56091436,-76.62671747,44.82767145
power_01,1,POWER,1,active,1858,19.718071,-15533.46000000,44104.23000000,23911.42500000,40939.33500000,35954.37000000,23496.48000000,17192.07000000,25666.24500000,-43.16935405,-109.66305339,-65.84803385,-33.78050180,29.31677518,115.23370962,73.02808912,61.51873316,66.44478127
power_01,1,POWER,1,active,1859,19.720071,-15587.55000000,44074.53000000,23858.37000000,40852.26000000,35854.11000000,23442.79500000,17155.93500000,25748.37000000,-65.14987196,-114.84869160,-104.21596201,-111.70075808,-101.13524449,-97.17731934,19.36869489,127.94705314,92.69294944
power_01,1,POWER,1,active,1860,19.722071,-15534.81000000,44158.41000000,23859.22500000,40917.33000000,35909.73000000,23455.89000000,17138.47500000,25640.64000000,-44.82155456,-16.28980030,-53.57551921,-49.32153311,-62.08098769,-62.90539142,-42.96645194,37.91239984,46.23420476
power_01,1,POWER,1,active,1861,19.724071,-15525.36000000,44261.28000000,23961.19500000,40980.96000000,35956.57500000,23432.53500000,17169.03000000,25627.90500000,40.48626446,95.94599800,58.10980610,86.23525716,63.70353786,11.91529256,-25.04820946,-73.35071454,56.84938502
power_01,1,POWER,1,active,1862,19.726071,-15564.69000000,44194.95000000,23905.66500000,40906.48500000,35913.42000000,23457.10500000,17166.64500000,25575.34500000,13.98650494,78.28889987,76.35451645,58.73135108,27.83468190,-48.97808086,-8.44403227,-75.11683147,48.46686236
power_01,1,POWER,1,active,1863,19.728071,-15508.89000000,44174.74500000,23903.37000000,40937.08500000,35969.26500000,23504.80500000,17243.01000000,25638.12000000,-1.06201775,-23.26856764,3.22876481,-17.13067865,-13.07227463,12.38140349,5.22880345,-30.77184340,13.26804423
power_01,1,POWER,1,active,1864,19.730071,-15515.59500000,44139.55500000,23890.99500000,40935.82500000,35963.46000000,23488.60500000,17277.25500000,25668.67500000,48.24163771,-40.08113718,-22.84272536,2.21626982,7.75971246,10.42913742,46.03677455,11.27083879,23.60977916
power_01,1,POWER,1,active,1865,19.732071,-15581.79000000,44075.83500000,23851.53000000,40869.45000000,35876.83500000,23443.78500000,17220.24000000,25587.27000000,-6.64513658,-46.60850422,-31.69520959,-40.39834696,-55.75474277,-49.40386094,8.34734635,12.14351891,31.37458329
power_01,1,POWER,1,active,1866,19.734071,-15607.39500000,44055.99000000,23836.68000000,40903.15500000,35922.96000000,23491.08000000,17163.27000000,25589.61000000,-46.43880652,-66.65478694,-63.16542401,-76.23961745,-78.76296360,-13.99827259,-70.01461382,-49.39248323,58.08337102
power_01,1,POWER,1,active,1867,19.736071,-15617.02500000,43996.54500000,23766.07500000,40901.49000000,35915.31000000,23487.39000000,17146.12500000,25614.76500000,-3.05288234,-23.63807606,-44.53753388,-1.24824842,11.96131421,31.35863239,-66.10777781,4.06076696,23.24565401
power_01,1,POWER,1,active,1868,19.738071,-15557.58000000,44102.83500000,23843.56500000,40920.43500000,35939.61000000,23524.60500000,17146.71000000,25533.99000000,37.62741448,33.04399175,5.45519324,25.36758540,38.55370057,51.86204206,-33.77147166,17.04671035,30.34101369
power_01,1,POWER,1,active,1869,19.740071,-15467.94000000,44273.29500000,24008.35500000,40993.96500000,35994.96000000,23536.08000000,17197.96500000,25520.85000000,100.25715087,160.23115010,137.12034080,64.91990254,67.01698351,59.46119181,-2.08056343,-50.87515434,80.24530468
power_01,1,POWER,1,active,1870,19.742071,-15513.07500000,44202.42000000,23949.13500000,40941.58500000,35944.11000000,23488.69500000,17219.43000000,25626.19500000,91.86344023,174.85616921,184.74654027,101.95508363,90.14090415,33.16579096,33.16168514,35.83323223,93.21535573
power_01,1,POWER,1,active,1871,19.744071,-15547.18500000,44139.06000000,23854.54500000,40902.03000000,35904.51000000,23430.10500000,17141.58000000,25681.90500000,-11.96870800,-11.56807969,11.39959789,16.32014080,-0.39722542,-40.37045730,-7.75516118,109.78082312,26.19502417
power_01,1,POWER,1,active,1872,19.746071,-15514.33500000,44180.05500000,23851.71000000,40896.72000000,35905.95000000,23422.05000000,17101.62000000,25601.76000000,-23.32888699,-33.35625995,-43.56491131,-5.51450069,-20.17599139,-60.09285928,-65.00956344,37.62902933,36.08400030
power_01,1,POWER,1,active,1873,19.748071,-15490.57500000,44217.63000000,23929.78500000,40893.66000000,35888.44500000,23399.68500000,17130.73500000,25593.43500000,12.68746989,28.93452615,23.49275337,10.21367043,-8.19022633,-40.10037253,-20.11672394,-34.79336484,22.31613844
power_01,1,POWER,1,active,1874,19.750071,-15495.79500000,44205.57000000,23959.93500000,40927.36500000,35921.83500000,23453.59500000,17177.76000000,25709.67000000,-15.28140836,-18.30990762,19.56778465,-19.46416709,-35.89424024,-25.09489642,55.43086471,20.60244232,26.20571393
power_01,1,POWER,1,active,1875,19.752071,-15570.76500000,44144.91000000,23923.89000000,40942.12500000,35962.47000000,23550.57000000,17172.40500000,25620.21000000,-56.59266126,-62.31617360,-28.03973825,-9.07931622,0.91196691,48.08455097,68.29363647,50.85708472,40.52189105
power_01,1,POWER,1,active,1876,19.754071,-15633.67500000,44124.07500000,23901.88500000,40927.59000000,35953.33500000,23546.83500000,17180.95500000,25566.12000000,-96.80170060,-92.13747429,-91.00062449,-32.47792411,3.96495257,74.57696497,49.99365076,-64.15366023,63.13836900
power_01,1,POWER,1,active,1877,19.756071,-15616.80000000,44118.99000000,23888.07000000,40924.21500000,35942.26500000,23502.55500000,17175.19500000,25543.53000000,-70.26812279,-68.86561017,-85.47117272,-53.63067553,-24.25181230,4.85517324,38.17501743,-73.04172254,52.31991334
power_01,1,POWER,1,active,1878,19.758071,-15566.13000000,44161.60500000,23916.28500000,40942.53000000,35945.50500000,23473.17000000,17102.56500000,25502.13000000,20.69913682,-11.89442577,-37.93293341,-13.70622437,-1.77983692,-24.16209934,-1.82910845,-25.15542584,17.14489886
power_01,1,POWER,1,active,1879,19.760071,-15470.41500000,44228.43000000,23985.76500000,41021.10000000,35985.55500000,23460.34500000,17057.07000000,25491.01500000,78.73865151,33.99982122,21.07015212,38.50751561,31.50199717,-7.47989918,-57.65242621,-47.54665299,39.56213950
power_01,1,POWER,1,active,1880,19.762071,-15431.35500000,44220.19500000,23980.14000000,40994.23500000,35924.80500000,23333.26500000,17075.61000000,25590.37500000,99.04806447,54.07121111,64.18405921,66.75908104,31.23537669,-38.86572448,-37.70663386,26.86085886,52.34137621
power_01,1,POWER,1,active,1881,19.764071,-15543.40500000,44098.20000000,23820.93000000,40829.76000000,35805.51000000,23328.99000000,17115.88500000,25638.48000000,19.10439042,-28.98246871,-23.51642717,-28.28378870,-46.98073026,-70.47792531,20.17342844,95.04268763,41.57023083
power_01,1,POWER,1,active,1882,19.766071,-15576.03000000,44100.27000000,23820.97500000,40842.94500000,35863.83000000,23454.67500000,17233.83000000,25655.80500000,-86.87363089,-79.60658974,-90.90498289,-97.37825317,-64.81952555,23.18258519,65.26617151,58.40334721,70.80438577
power_01,1,POWER,1,active,1883,19.768071,-15535.35000000,44157.55500000,23932.08000000,40932.49500000,35984.07000000,23568.70500000,17305.38000000,25706.97000000,-40.03506682,8.07105809,19.76065812,17.99382171,57.98968674,129.50298543,107.53777484,38.24599410,52.39213073
power_01,1,POWER,1,active,1884,19.770071,-15487.11000000,44244.18000000,23980.00500000,41021.23500000,36077.13000000,23640.66000000,17273.70000000,25693.38000000,29.91658727,78.03748980,93.42743386,85.05494745,104.48230967,102.43013828,53.39016672,26.63279271,71.67148322
power_01,1,POWER,1,active,1885,19.772071,-15472.89000000,44216.59500000,23891.76000000,40962.82500000,35997.25500000,23542.92000000,17197.42500000,25580.88000000,23.89145032,58.31188990,0.74938620,16.37293529,14.92017535,7.18484703,-58.73919252,-52.48922763,29.08238803
power_01,1,POWER,1,active,1886,19.774071,-15567.66000000,44130.46500000,23853.37500000,40862.11500000,35876.61000000,23447.70000000,17164.93500000,25556.44500000,-17.32956496,-23.14367157,-79.77109551,-83.43547362,-107.25979729,-111.97001884,-92.10999896,-107.38333327,77.80036925
power_01,1,POWER,1,active,1887,19.776071,-15627.42000000,44106.97500000,23897.29500000,40934.38500000,35944.15500000,23523.48000000,17204.85000000,25594.20000000,-83.60015778,-74.76590713,-38.25250166,-89.02181081,-107.68991519,-94.47642688,-54.20999295,-38.07145432,72.51102084
power_01,1,POWER,1,active,1888,19.778071,-15604.96500000,44063.59500000,23859.72000000,40947.61500000,35949.82500000,23476.18500000,17179.74000000,25632.40500000,-51.60056530,-40.17466106,15.66684334,26.15519647,20.46595920,14.44217608,-20.19269111,25.02559085,26.71546043
power_01,1,POWER,1,active,1889,19.780071,-15534.76500000,44112.10500000,23913.63000000,40915.62000000,35893.26000000,23397.52500000,17125.47000000,25648.38000000,45.58460842,-3.34785874,25.38327054,32.63898438,17.93313204,-38.92623502,-53.42868061,19.81523836,29.63225101
power_01,1,POWER,1,active,1890,19.782071,-15593.94000000,44062.78500000,23781.96000000,40795.47000000,35758.21500000,23306.17500000,17096.67000000,25635.60000000,45.55543205,25.44344883,28.51435666,-30.61184648,-56.41161936,-80.96850700,-77.56116439,1.98157740,43.38099402
power_01,1,POWER,1,active,1891,19.784071,-15556.45500000,44128.57500000,23793.52500000,40882.63500000,35874.13500000,23406.75000000,17152.83000000,25643.92500000,10.69078952,40.57221466,-7.41786584,9.96304600,-3.85457063,-1.78652167,-20.77718924,-21.45695394,14.56489394
power_01,1,POWER,1,active,1892,19.786071,-15505.24500000,44259.34500000,23958.63000000,40965.79500000,36009.13500000,23562.13500000,17210.61000000,25670.47500000,50.38025457,98.00640866,71.42880075,105.46664439,126.83396846,108.22449431,43.55840123,-9.65863020,76.69470032
power_01,1,POWER,1,active,1893,19.788071,-15548.26500000,44195.31000000,23922.04500000,40872.73500000,35918.10000000,23509.84500000,17188.56000000,25543.03500000,49.97014689,110.34317705,148.73370758,79.80333923,107.82859584,116.03114339,47.93299088,-31.97427566,86.57717207
power_01,1,POWER,1,active,1894,19.790071,-15519.78000000,44246.29500000,23998.41000000,40978.35000000,36001.21500000,23537.61000000,17123.67000000,25453.30500000,-10.49151831,-7.49800107,21.80196542,-18.47434981,-25.40863479,-14.59647401,-7.22317775,-107.91616380,26.67628562
power_01,1,POWER,1,active,1895,19.792071,-15442.38000000,44316.76500000,24095.74500000,41066.23500000,36068.08500000,23577.21000000,17183.29500000,25589.92500000,35.03073611,17.18886461,33.11875591,54.47533923,30.67910123,-7.03301155,-0.08197702,-17.08062837,24.33605175
power_01,1,POWER,1,active,1896,19.794071,-15547.14000000,44162.95500000,23925.06000000,40924.84500000,35932.27500000,23462.68500000,17172.85500000,25708.63500000,22.35764678,-10.97247852,-9.17383858,3.35072627,-3.13727716,-9.74111533,63.38120157,162.74021598,35.60681252
power_01,1,POWER,1,active,1897,19.796071,-15635.56500000,44077.86000000,23846.71500000,40872.01500000,35888.35500000,23435.14500000,17156.38500000,25630.38000000,-107.69706664,-181.14614857,-210.87865887,-166.78447185,-148.85732500,-104.74512025,36.52546449,119.10151150,134.46697090
power_01,1,POWER,1,active,1898,19.798071,-15584.04000000,44130.42000000,23913.49500000,40918.27500000,35907.84000000,23420.61000000,17131.99500000,25562.20500000,-74.17096929,-101.59564865,-110.58510021,-68.25287336,-49.39912747,-27.32061646,1.79111853,-27.54122573,57.58208496
power_01,1,POWER,1,active,1899,19.800071,-15538.09500000,44182.08000000,23945.13000000,40945.77000000,35915.17500000,23426.82000000,17108.82000000,25541.23500000,33.94951756,26.00730074,30.37440049,34.01995987,28.01239676,27.88611311,2.06880021,-46.38025005,28.58734235
power_01,1,POWER,1,active,1900,19.801232,-15535.75500000,44212.63500000,23996.29500000,41004.99000000,35961.88500000,23484.91500000,17163.04500000,25532.01000000,30.00836949,28.90639064,29.13967911,46.55866627,32.68798394,38.64573756,-1.32481256,-25.63117931,29.11285236
power_01,1,POWER,1,active,1901,19.803232,-15489.09000000,44144.28000000,23919.88500000,40928.22000000,35878.09500000,23394.33000000,17180.01000000,25594.56000000,21.41148885,13.50795296,34.98858121,54.52007547,42.89941606,47.73100895,31.04630284,-1.52113665,30.95324538
power_01,1,POWER,1,active,1902,19.805232,-15542.73000000,44017.11000000,23769.58500000,40836.55500000,35834.04000000,23391.36000000,17172.40500000,25660.30500000,13.86491162,-74.78761873,-73.64018338,-50.28720937,-49.42615681,-47.14872053,9.71490839,59.59083539,47.30756803
power_01,1,POWER,1,active,1903,19.807232,-15472.84500000,44116.92000000,23789.38500000,40913.28000000,35958.78000000,23513.89500000,17216.19000000,25665.07500000,-13.62686166,-59.12357450,-109.55025075,-54.25607608,-14.44802680,1.84639904,-13.05578352,57.96318398,40.48376954
power_01,1,POWER,1,active,1904,19.809232,-15478.06500000,44233.83000000,23902.33500000,40953.55500000,36010.17000000,23569.83000000,17241.30000000,25593.88500000,17.49654528,104.14239936,37.41007091,45.09257412,86.07939910,91.63785737,27.48887339,-13.14549778,52.81165216
power_01,1,POWER,1,active,1905,19.811232,-15679.30500000,44131.81500000,23870.88000000,40850.28000000,35923.59000000,23558.40000000,17204.53500000,25575.70500000,-55.53178802,89.00965386,75.17560304,-18.74639286,-2.56656584,17.23281098,-0.51535007,-51.76389808,38.81775784
power_01,1,POWER,1,active,1906,19.813232,-15582.87000000,44153.01000000,23953.32000000,40937.26500000,35969.94000000,23518.08000000,17182.53000000,25635.64500000,-119.82178559,-23.98531994,32.83299738,-61.04603759,-58.72476820,-30.16833344,-39.89537188,-10.03871131,47.06416567
power_01,1,POWER,1,active,1907,19.815232,-15466.59000000,44274.55500000,24044.62500000,41071.63500000,36065.88000000,23519.79000000,17123.40000000,25526.52000000,74.09483404,60.12845811,96.65763975,77.02137844,43.28384504,-30.08254275,-41.26847211,-0.76982777,52.91337475
power_01,1,POWER,1,active,1908,19.817232,-15552.49500000,44219.88000000,23963.85000000,41005.48500000,35966.74500000,23417.91000000,17081.73000000,25507.93500000,94.12612188,90.08650354,76.39648398,90.12827551,44.56864197,-41.58790697,-60.65521800,-73.30453505,71.35671086
power_01,1,POWER,1,active,1909,19.819232,-15546.42000000,44183.97000000,23894.59500000,40917.42000000,35868.96000000,23371.74000000,17119.44000000,25690.27500000,-48.95081069,-40.11780121,-54.29758369,-47.85795362,-74.41427641,-61.39113399,-30.57086039,13.61516647,46.40194831
power_01,1,POWER,1,active,1910,19.821232,-15534.22500000,44178.43500000,23932.53000000,40924.62000000,35909.73000000,23462.50500000,17238.78000000,25721.77500000,11.86632419,-46.94760003,-32.06335150,-45.81326548,-52.61554757,-8.06572516,57.17114086,130.10650980,48.08118307
power_01,1,POWER,1,active,1911,19.823232,-15596.86500000,44094.96000000,23870.20500000,40884.12000000,35906.26500000,23509.62000000,17252.59500000,25703.41500000,-1.93063879,-44.60845351,12.44455868,5.66725969,32.20418406,87.79100603,81.67112636,18.23333338,35.56882006
power_01,1,POWER,1,active,1912,19.825232,-15677.55000000,43990.78500000,23713.38000000,40820.08500000,35864.73000000,23475.73500000,17235.13500000,25626.55500000,-81.57025594,-119.11831292,-86.18622593,-34.86792599,-8.18829041,30.98581180,10.32436008,-69.95219277,55.14917198
power_01,1,POWER,1,active,1913,19.827232,-15602.80500000,44016.25500000,23748.70500000,40862.07000000,35909.41500000,23475.55500000,17191.98000000,25551.76500000,-19.06456430,-78.82696351,-101.60668996,-25.68023993,-22.95992234,-43.10606474,-45.79416584,-93.22613821,53.78309360
power_01,1,POWER,1,active,1914,19.829232,-15485.13000000,44158.00500000,23862.06000000,40939.15500000,35963.77500000,23476.50000000,17151.43500000,25604.28000000,87.85478923,57.11245556,38.55142151,47.65713330,32.99601892,-28.45071998,-55.32880604,-80.48230835,53.55420661
power_01,1,POWER,1,active,1915,19.831232,-15411.78000000,44302.00500000,23982.97500000,40997.83500000,35994.96000000,23496.79500000,17144.01000000,25643.83500000,139.24477552,164.57914228,123.61775667,68.05545815,35.13663110,-22.18984884,-44.73076846,36.11834397,79.20909062
power_01,1,POWER,1,active,1916,19.833232,-15431.53500000,44331.25500000,24076.12500000,40985.05500000,35948.43000000,23417.23500000,17096.13000000,25563.51000000,73.76543256,150.06750525,116.95817487,27.99169528,-0.58822390,-22.04245939,-13.42652625,25.91693084,53.84461854
power_01,1,POWER,1,active,1917,19.835232,-15621.03000000,44088.61500000,23886.18000000,40890.28500000,35872.33500000,23337.81000000,17042.58000000,25626.01500000,-64.68860665,-28.04935638,16.22795306,-44.29378193,-45.57618533,-49.94561376,-18.06224120,-15.29015478,35.26673664
power_01,1,POWER,1,active,1918,19.837232,-15613.92000000,44058.01500000,23837.71500000,40906.26000000,35907.34500000,23465.29500000,17124.52500000,25653.28500000,-139.69612718,-169.63641988,-137.19557920,-69.64024144,-32.03169515,13.67179849,16.20354900,62.32835479,80.05047064
power_01,1,POWER,1,active,1919,19.839232,-15611.49000000,44115.70500000,23885.05500000,40910.94000000,35907.88500000,23487.48000000,17184.28500000,25580.79000000,-54.76652370,-58.19329758,-65.35513961,3.84508361,46.63470259,141.62064933,105.00751792,20.30476168,61.96595950
power_01,1,POWER,1,active,1920,19.841232,-15611.13000000,44150.22000000,23891.80500000,40907.20500000,35905.32000000,23480.14500000,17221.63500000,25551.58500000,3.12787337,55.69772606,53.18772734,36.66032851,48.85263365,85.79961298,89.85318650,-62.22092056,54.42500112
power_01,1,POWER,1,active,1921,19.843232,-15594.25500000,44119.71000000,23877.63000000,40878.18000000,35915.08500000,23518.44000000,17214.66000000,25566.16500000,-13.08807381,10.37903357,7.94056280,14.02868100,26.10868256,20.14179361,28.82792281,-18.54401380,17.38234549
power_01,1,POWER,1,active,1922,19.845232,-15588.31500000,44080.78500000,23842.75500000,40855.23000000,35897.89500000,23475.19500000,17210.43000000,25586.50500000,29.42126989,-13.83029862,-0.08637123,8.32362433,20.79449160,12.79884618,-6.35217676,18.71445512,13.79019172
power_01,1,POWER,1,active,1923,19.847232,-15521.04000000,44170.87500000,23973.34500000,40926.01500000,35925.93000000,23467.86000000,17208.58500000,25538.89500000,39.59156536,3.31389437,23.53377874,12.10567290,-16.23015501,-72.39007139,-33.45209221,12.42058917,26.62972739
power_01,1,POWER,1,active,1924,19.849232,-15452.28000000,44202.87000000,23932.71000000,40994.59500000,36030.87000000,23603.62500000,17202.01500000,25550.10000000,68.29422321,51.81980438,34.40675448,52.80444761,14.72828827,-29.53578729,-25.73295169,8.91304582,35.77941284
power_01,1,POWER,1,active,1925,19.851232,-15480.31500000,44158.00500000,23832.36000000,40965.03000000,36011.61000000,23572.80000000,17180.64000000,25687.12500000,61.21986550,21.10891638,-61.52013405,22.40236010,31.00592880,37.13079704,-25.58776451,73.16865077,41.64305215
power_01,1,POWER,1,active,1926,19.853232,-15549.39000000,44181.45000000,23819.80500000,40877.14500000,35883.40500000,23399.28000000,17118.00000000,25724.25000000,-43.29922516,-41.64709982,-137.29064095,-84.32961183,-79.91344667,-96.09183079,-41.77811072,138.63366057,82.87295331
power_01,1,POWER,1,active,1927,19.855232,-15583.72500000,44235.31500000,23973.03000000,40864.23000000,35819.10000000,23250.06000000,17094.73500000,25666.78500000,-69.19712428,21.47981187,10.91156885,-99.54724482,-135.52686715,-184.88161274,-46.13997836,40.37888390,76.00788650
power_01,1,POWER,1,active,1928,19.857232,-15595.29000000,44206.15500000,23993.10000000,40946.26500000,35938.93500000,23477.71500000,17199.40500000,25572.01500000,-45.30198467,24.00442763,101.11279501,-12.14897381,-20.03377678,-28.57157057,10.36987931,-81.03572339,40.32239140
power_01,1,POWER,1,active,1929,19.859232,-15576.48000000,44165.65500000,23956.38000000,40966.38000000,35981.95500000,23565.91500000,17237.29500000,25576.92000000,-18.03063208,-38.13890686,40.58695132,67.64493290,106.15550591,187.56049603,80.75597228,-92.96196512,78.97942031
power_01,1,POWER,1,active,1930,19.861232,-15455.56500000,44235.36000000,24010.02000000,41031.99000000,36026.37000000,23546.52000000,17184.55500000,25603.69500000,48.18332378,-12.48418404,23.21495456,75.29752589,97.16371269,140.48329295,16.40265129,-48.74917219,57.74735217
power_01,1,POWER,1,active,1931,19.863232,-15440.26500000,44181.13500000,23930.23500000,40989.91500000,35973.13500000,23479.06500000,17168.26500000,25649.50500000,80.60820586,9.14731364,25.63198159,53.48528851,33.51997419,-18.29931593,-61.59540097,0.21811101,35.31319896
power_01,1,POWER,1,active,1932,19.865232,-15529.77000000,44095.63500000,23785.47000000,40907.29500000,35922.64500000,23449.86000000,17209.21500000,25662.19500000,-9.81462369,-66.18663110,-82.60154478,-26.45477059,-38.69724944,-50.06220117,-24.69229840,8.59154749,38.38760833
power_01,1,POWER,1,active,1933,19.867232,-15535.30500000,44161.06500000,23847.48000000,40912.56000000,35931.55500000,23437.84500000,17182.21500000,25637.35500000,-88.33967427,-70.93850523,-110.06209029,-85.77640178,-78.37133995,-70.11384442,-2.04408896,-8.80676674,64.30658895
power_01,1,POWER,1,active,1934,19.869232,-15620.40000000,44169.79500000,23872.32000000,40851.40500000,35876.65500000,23380.56000000,17096.44500000,25626.55500000,-63.95024878,24.88134204,17.00662400,-56.46798275,-58.05644948,-68.28768573,-42.16018036,-27.90064474,44.83889474
power_01,1,POWER,1,active,1935,19.871232,-15653.88000000,44146.71000000,23885.01000000,40835.52000000,35838.04500000,23343.43500000,17126.50500000,25587.13500000,-73.78864830,4.45513575,16.58359890,-77.50941671,-80.29999842,-57.82225865,-33.32628852,-29.17616000,46.62018816
power_01,1,POWER,1,active,1936,19.873232,-15633.04500000,44163.81000000,23949.04500000,40919.49000000,35918.77500000,23457.19500000,17176.63500000,25526.74500000,-28.87043534,-13.64499455,8.96096674,-27.23382158,-27.88996580,11.26271182,55.61446238,-38.49990539,26.49715795
power_01,1,POWER,1,active,1937,19.875232,-15619.36500000,44224.06500000,24041.29500000,41033.70000000,36034.51500000,23605.33500000,17222.31000000,25499.65500000,60.90351771,55.47969794,87.38239226,100.30567957,110.90619412,166.02225580,93.85010958,-43.73615512,89.82325026
power_01,1,POWER,1,active,1938,19.877232,-15564.96000000,44189.68500000,23993.23500000,41017.45500000,36011.52000000,23566.32000000,17204.58000000,25545.91500000,71.12581586,51.49370793,57.89568903,94.19603203,115.39966288,153.50029428,52.74844292,14.20979944,76.32118055
power_01,1,POWER,1,active,1939,19.879232,-15526.03500000,44082.81000000,23818.32000000,40867.51500000,35835.66000000,23331.87000000,17154.72000000,25689.87000000,97.82432057,-18.57356180,-57.24437670,-11.05986582,-11.39988333,-44.28987965,-8.13233184,101.97574636,43.81249576
power_01,1,POWER,1,active,1940,19.881232,-15515.10000000,44108.46000000,23816.83500000,40867.20000000,35833.63500000,23321.74500000,17136.54000000,25701.16500000,79.10792931,-39.72180099,-99.34141993,-67.01241182,-82.65491853,-147.35123324,-57.37249758,129.05163256,87.70173050
power_01,1,POWER,1,active,1941,19.883232,-15469.02000000,44199.27000000,23921.41500000,40924.71000000,35900.28000000,23422.68000000,17177.22000000,25649.46000000,31.98870699,52.23879277,31.79901626,23.78147382,14.65231370,-18.20846844,-31.66154757,28.92684198,29.15714519
power_01,1,POWER,1,active,1942,19.885232,-15483.91500000,44179.78500000,23912.95500000,40908.69000000,35921.65500000,23479.02000000,17203.63500000,25604.10000000,23.00854165,81.63283248,105.34269115,70.46934875,73.92961197,80.31224943,11.68769793,-59.52491168,63.23848563
power_01,1,POWER,1,active,1943,19.887232,-15565.81500000,44141.31000000,23849.01000000,40915.26000000,35953.11000000,23494.45500000,17096.58000000,25546.77000000,-54.75443277,-12.42094268,-0.87174604,5.54124201,24.03155050,28.75399241,-24.77172181,-61.75456659,26.61252435
power_01,1,POWER,1,active,1944,19.889232,-15574.27500000,44126.68500000,23860.80000000,40927.54500000,35945.91000000,23481.36000000,17060.58000000,25528.23000000,-96.36002748,-39.20318486,-40.12374467,6.71681933,13.23665156,-0.46258772,-72.37194155,-63.66776229,41.51783993
power_01,1,POWER,1,active,1945,19.891232,-15558.21000000,44165.20500000,23895.27000000,40907.07000000,35925.39000000,23446.93500000,17144.86500000,25542.58500000,-36.41143254,-12.10196337,-5.23792419,-11.77024442,-25.53174149,-34.39468209,3.73423424,-16.63362101,18.22698042
power_01,1,POWER,1,active,1946,19.893232,-15497.28000000,44260.74000000,24001.20000000,40951.84500000,35985.10500000,23565.33000000,17256.87000000,25665.48000000,11.33741491,33.05619516,26.85655755,-34.08665057,-28.56198674,-10.02074042,124.27149608,67.34721446,41.94228199
power_01,1,POWER,1,active,1947,19.895232,-15586.47000000,44184.64500000,23971.00500000,40930.96500000,35949.46500000,23533.33500000,17249.62500000,25682.40000000,1.31895403,37.93066463,40.84794833,-1.81179108,14.60413354,57.52838952,109.98841900,100.69825581,45.59106949
power_01,1,POWER,1,active,1948,19.897232,-15645.87000000,44101.84500000,23869.30500000,40906.75500000,35909.86500000,23475.64500000,17166.19500000,25627.41000000,-66.29594939,-66.48840574,-44.54045035,-25.05631631,-30.94668520,-19.39166227,-1.90426034,27.03252160,35.20703140
power_01,1,POWER,1,active,1949,19.899232,-15648.79500000,44058.82500000,23792.44500000,40874.89500000,35875.17000000,23415.88500000,17175.78000000,25622.10000000,-63.78065502,-88.57852952,-102.19719245,-30.89178892,-41.80192685,-76.32683212,-64.62608910,-54.06381053,65.28335306
power_01,1,POWER,1,active,1950,19.902148,-15600.60000000,44091.18000000,23858.37000000,40892.53500000,35874.31500000,23360.67000000,17165.43000000,25608.19500000,18.67125972,-13.03812185,-18.56560348,10.74691921,-5.10381158,-56.87713475,-42.48981477,-36.53434661,25.25337650
power_01,1,POWER,1,active,1951,19.904148,-15524.19000000,44232.30000000,24019.11000000,40972.77000000,35949.10500000,23428.17000000,17123.94000000,25545.01500000,61.89189593,63.60649854,110.73706462,55.93258358,24.05561750,-40.16256749,-51.72473703,-56.61270323,58.09045849
power_01,1,POWER,1,active,1952,19.906148,-15464.43000000,44280.40500000,23989.63500000,40987.53000000,35981.95500000,23495.67000000,17090.28000000,25457.44500000,91.99363945,125.23029293,133.99350601,85.98254341,65.72013538,47.00853769,-76.69010287,-97.90959208,90.56604373
power_01,1,POWER,1,active,1953,19.908148,-15538.77000000,44185.09500000,23880.51000000,40892.49000000,35915.85000000,23467.41000000,17106.30000000,25528.05000000,44.61324793,24.24304191,-22.63290126,-1.96934595,3.72933195,44.02017261,-29.34010865,-38.86850266,26.17708162
power_01,1,POWER,1,active,1954,19.910148,-15587.50500000,44104.72500000,23820.52500000,40854.01500000,35883.04500000,23420.74500000,17190.63000000,25671.69000000,-53.20352291,-111.81424189,-130.14156027,-96.74149920,-80.73111102,-43.64849566,40.95475523,94.84742222,81.51032605
power_01,1,POWER,1,active,1955,19.912148,-15624.76500000,44071.24500000,23814.04500000,40888.71000000,35936.32500000,23508.13500000,17220.73500000,25713.99000000,-53.22277746,-101.78199117,-91.80840086,-58.72993270,-39.60863282,-5.63133703,89.90073819,154.40264246,74.38580659
power_01,1,POWER,1,active,1956,19.914148,-15478.42500000,44274.28500000,24051.33000000,41069.61000000,36087.39000000,23600.20500000,17219.20500000,25548.07500000,22.50558429,6.15024288,15.05657893,41.39970237,58.16012761,84.92713143,63.33227554,18.85495284,38.79832449
power_01,1,POWER,1,active,1957,19.916148,-15335.95500000,44405.14500000,24198.88500000,41164.24500000,36132.70500000,23586.21000000,17229.10500000,25587.72000000,130.54417808,154.23400233,171.31929473,122.58856494,111.25609105,85.04409884,17.90541427,-81.37032510,109.28274617
power_01,1,POWER,1,active,1958,19.918148,-15522.48000000,44182.75500000,23963.85000000,41020.87500000,35995.54500000,23471.73000000,17203.41000000,25736.53500000,59.56775476,55.79820531,57.04285975,30.29272066,12.11304112,-16.41949606,3.12305907,40.30250162,34.33245479
power_01,1,POWER,1,active,1959,19.920148,-15697.53000000,44022.28500000,23772.37500000,40848.21000000,35842.00500000,23372.91000000,17136.81000000,25641.58500000,-186.46595624,-194.06997107,-215.44092709,-160.44512701,-140.04480745,-98.21541477,-54.15147783,64.58109449,139.17684699
power_01,1,POWER,1,active,1960,19.922148,-15672.64500000,44050.50000000,23759.19000000,40805.37000000,35801.10000000,23364.13500000,17154.81000000,25567.38000000,-174.29127225,-135.45627069,-161.66938733,-158.89659911,-135.46295864,-78.91176276,-70.30942315,-97.17795953,126.52195418
power_01,1,POWER,1,active,1961,19.924148,-15667.83000000,44038.75500000,23775.25500000,40785.75000000,35796.78000000,23373.94500000,17179.78500000,25623.45000000,-17.66560437,7.26228461,-0.50198075,-48.98581870,-45.65092408,-17.15236277,-12.39436116,-76.34128392,28.24432755
power_01,1,POWER,1,active,1962,19.926148,-15606.00000000,44093.20500000,23829.70500000,40861.48500000,35887.27500000,23439.06000000,17127.54000000,25635.51000000,14.79440904,20.00418205,52.10065358,26.47535003,31.48927985,28.92712422,-12.86957305,22.33220372,26.12409694
power_01,1,POWER,1,active,1963,19.928148,-15526.80000000,44137.30500000,23875.33500000,40945.63500000,35948.25000000,23443.29000000,17084.43000000,25620.25500000,86.19145509,80.04405039,104.40972736,111.15237564,98.53989912,45.19929420,-51.49104741,-12.88602324,73.73923406
power_01,1,POWER,1,active,1964,19.930148,-15455.88000000,44192.83500000,23975.73000000,41001.21000000,35989.60500000,23475.55500000,17162.23500000,25573.59000000,130.52206970,97.48573923,111.46509150,125.01119034,91.56615438,29.48879458,-0.80270831,-27.57190380,76.73920648
power_01,1,POWER,1,active,1965,19.932148,-15443.73000000,44191.71000000,23978.56500000,41012.95500000,36026.59500000,23549.62500000,17274.10500000,25523.95500000,83.92036070,57.20727515,81.29874647,62.38188337,52.85891754,42.41156864,103.61947051,-37.88133588,65.19744478
power_01,1,POWER,1,active,1966,19.934148,-15565.86000000,44128.35000000,23822.68500000,40956.57000000,36004.77000000,23560.60500000,17239.09500000,25554.10500000,3.00412453,11.45312368,-32.28439349,-3.95223599,29.88329774,67.50753539,99.05861266,-25.42866344,34.07149837
power_01,1,POWER,1,active,1967,19.936148,-15659.19000000,44144.19000000,23867.91000000,40855.00500000,35873.64000000,23397.70500000,17153.23500000,25700.53500000,-107.48571725,-32.30906760,-111.61821080,-83.69910259,-50.92379761,-24.73327865,-17.02516149,82.15699358,63.74391620
power_01,1,POWER,1,active,1968,19.938148,-15560.10000000,44211.51000000,23925.87000000,40908.10500000,35915.89500000,23439.10500000,17154.13500000,25767.49500000,-59.49310275,29.33837082,18.92208004,-70.02378521,-72.19277532,-81.30317105,-58.74067124,140.82882474,66.35534765
power_01,1,POWER,1,active,1969,19.940148,-15581.34000000,44144.64000000,23885.82000000,40886.28000000,35884.98000000,23459.67000000,17122.99500000,25607.16000000,45.28296055,40.08646236,57.76268088,24.41977791,16.03226713,24.37115238,-22.97848775,26.04714789,32.12261710
power_01,1,POWER,1,active,1970,19.942148,-15586.83000000,44097.34500000,23812.60500000,40861.21500000,35827.24500000,23320.44000000,17110.98000000,25516.71000000,-6.64264700,-51.57957541,-29.70236162,19.94423531,1.30775482,0.34486287,-32.04258759,-128.68459412,33.78107734
power_01,1,POWER,1,active,1971,19.944148,-15563.79000000,44166.69000000,23861.07000000,40889.83500000,35874.67500000,23354.01000000,17166.60000000,25541.59500000,-14.68546904,-24.86302951,0.51254687,16.34076661,-17.63167887,-85.48791316,-4.65978707,-88.40716645,31.57354470
power_01,1,POWER,1,active,1972,19.946148,-15628.23000000,44214.88500000,23969.29500000,40920.12000000,35932.99500000,23439.96000000,17184.78000000,25572.33000000,-0.28595002,42.77992581,70.98880626,64.36441531,62.71519783,28.80456397,47.57278404,19.25033395,42.09524715
power_01,1,POWER,1,active,1973,19.948148,-15542.01000000,44297.05500000,24074.64000000,40988.07000000,36009.67500000,23520.10500000,17158.68000000,25591.54500000,-28.09095314,33.83236083,101.91984724,51.64052750,62.84297984,85.02626072,12.82682573,32.14485497,51.04057625
power_01,1,POWER,1,active,1974,19.950148,-15512.80500000,44229.73500000,24004.93500000,40937.58000000,35985.42000000,23562.45000000,17181.13500000,25634.61000000,49.05538072,-6.17622536,24.84964946,12.56763335,16.63515354,40.97804623,-6.82561115,52.15433328,26.15525414
power_01,1,POWER,1,active,1975,19.952148,-15558.34500000,44117.91000000,23863.23000000,40847.98500000,35895.64500000,23470.24500000,17230.23000000,25631.77500000,33.73822786,-110.69272672,-144.34231528,-80.26457414,-60.75298882,-2.54064751,32.96382699,52.86295761,64.76978312
power_01,1,POWER,1,active,1976,19.954148,-15572.07000000,44095.77000000,23800.95000000,40874.71500000,35915.40000000,23479.02000000,17196.16500000,25617.78000000,-41.39006395,-146.31122007,-201.89628751,-111.18050675,-102.37641886,-76.48684834,25.57654585,7.28357279,89.06268302
power_01,1,POWER,1,active,1977,19.956148,-15507.00000000,44217.40500000,23896.66500000,41009.58000000,36024.12000000,23554.26000000,17156.38500000,25565.31000000,23.49317205,-9.22975630,-85.55787581,24.53484775,18.96157676,-2.29231405,-29.06664801,-27.01674849,27.51911740
power_01,1,POWER,1,active,1978,19.958148,-15482.74500000,44332.42500000,24097.41000000,41108.58000000,36075.78000000,23550.12000000,17130.73500000,25520.31000000,52.28980125,112.90816732,97.16451802,113.90935039,95.60094299,64.72388215,-44.77603615,-55.91843656,79.66139185
power_01,1,POWER,1,active,1979,19.960148,-15530.71500000,44269.11000000,24041.52000000,41030.23500000,35986.18500000,23448.69000000,17105.44500000,25612.92000000,2.73234173,89.36694218,144.02068109,59.93643095,27.22398053,-29.00776674,-32.06082102,-16.08781634,50.05459757
power_01,1,POWER,1,active,1980,19.962148,-15663.06000000,44066.43000000,23832.40500000,40873.09500000,35848.26000000,23345.95500000,17128.57500000,25627.81500000,-80.57418947,-70.26267032,-41.12336624,-79.74250512,-83.77914546,-94.31602510,-18.81205027,60.19722343,66.10089693
power_01,1,POWER,1,active,1981,19.964148,-15644.70000000,44014.41000000,23732.59500000,40802.98500000,35808.66000000,23347.89000000,17244.18000000,25644.46500000,-112.39819676,-155.83851888,-161.32766144,-147.36780853,-125.25084732,-87.86970661,46.53136604,35.72815442,109.03903250
power_01,1,POWER,1,active,1982,19.966148,-15569.23500000,44054.55000000,23769.31500000,40844.07000000,35901.49500000,23504.62500000,17264.65500000,25647.79500000,-2.23401241,-43.03050253,-56.43945095,-61.44617329,-30.17453922,17.57357958,86.17328286,4.40909273,37.68507919
power_01,1,POWER,1,active,1983,19.968148,-15633.67500000,44097.79500000,23892.70500000,40855.63500000,35896.90500000,23491.12500000,17199.31500000,25608.55500000,32.02383169,51.51723267,67.26252435,13.15869328,39.18244259,87.56669623,2.30543000,-5.24944273,37.28328669
power_01,1,POWER,1,active,1984,19.970148,-15609.82500000,44110.03500000,23934.24000000,40913.91000000,35915.98500000,23444.05500000,17172.67500000,25567.06500000,-21.26302591,59.90607251,117.44143376,29.72550882,5.63593404,-14.43300508,-67.05032143,-58.68746793,46.76784619
power_01,1,POWER,1,active,1985,19.972148,-15528.01500000,44084.20500000,23889.87000000,41003.91000000,35991.40500000,23466.46500000,17173.93500000,25619.44500000,52.77789526,49.93609287,58.06665942,69.50609228,28.34069109,-41.92415052,-38.51201588,-33.87602958,46.61745336
power_01,1,POWER,1,active,1986,19.974148,-15441.12000000,44165.61000000,23900.04000000,41049.72000000,36037.84500000,23487.43500000,17127.72000000,25685.82000000,122.62453000,52.74532830,-13.29767986,87.12363123,81.25897957,31.98071804,-26.36359187,39.03813241,56.80407391
power_01,1,POWER,1,active,1987,19.976148,-15545.07000000,44201.97000000,23839.69500000,40888.17000000,35905.68000000,23388.52500000,17043.12000000,25659.58500000,50.72225945,100.46387733,-4.00677720,-10.15248156,12.35435913,5.83342492,-56.26145741,28.48254861,33.53464820
power_01,1,POWER,1,active,1988,19.978148,-15590.88000000,44238.73500000,23891.44500000,40857.16500000,35855.59500000,23326.65000000,17062.87500000,25566.57000000,-49.02515758,91.39901909,-0.09023982,-103.54925068,-68.97568281,-37.90007189,-38.01026761,-48.58415746,54.69173087
power_01,1,POWER,1,active,1989,19.980148,-15531.79500000,44262.63000000,24025.18500000,40928.35500000,35923.68000000,23419.03500000,17139.87000000,25563.51000000,-33.14499592,50.07621500,86.61831951,-9.30427756,2.64150771,31.13492706,51.06888619,-78.96107331,42.86877528
power_01,1,POWER,1,active,1990,19.982148,-15522.21000000,44257.54500000,24006.28500000,41011.47000000,36010.39500000,23481.40500000,17185.23000000,25653.91500000,31.81759474,29.15311185,133.91929283,110.46503456,108.19018813,125.32180329,101.71231673,6.64940325,80.90359317
power_01,1,POWER,1,active,1991,19.984148,-15543.63000000,44194.99500000,23870.29500000,40880.20500000,35845.11000000,23287.81500000,17166.46500000,25609.77000000,-13.67563259,-48.16054652,-26.27309051,48.33456628,36.59588829,30.77428392,56.40815130,48.89860425,38.64009546
power_01,1,POWER,1,active,1992,19.986148,-15623.73000000,44137.84500000,23802.93000000,40765.63500000,35761.63500000,23325.12000000,17177.58000000,25572.91500000,-69.53864568,-110.67832158,-126.37048649,-83.27314320,-115.15766366,-101.90690513,10.88725157,-20.08000097,79.73655229
power_01,1,POWER,1,active,1993,19.988148,-15617.29500000,44203.00500000,23947.78500000,40914.49500000,35982.18000000,23657.26500000,17259.57000000,25642.44000000,-70.47204553,-86.70522889,-44.90427959,-47.94878513,-30.63628621,82.49850678,29.98343652,-0.95841284,49.26337269
power_01,1,POWER,1,active,1994,19.990148,-15541.83000000,44256.73500000,24039.63000000,41039.28000000,36092.38500000,23687.64000000,17267.58000000,25703.73000000,-11.55229323,-17.38237156,59.98646392,111.01243180,149.00165875,216.30080246,47.55822046,79.55014661,86.54304860
power_01,1,POWER,1,active,1995,19.992148,-15553.75500000,44198.19000000,23964.30000000,40942.48500000,35963.77500000,23483.07000000,17212.05000000,25661.16000000,49.50965642,-26.80289282,8.51584178,53.71637737,32.14034315,-48.17842970,-16.09396564,41.13735725,34.51185802
power_01,1,POWER,1,active,1996,19.994148,-15589.93500000,44163.00000000,23927.31000000,40917.64500000,35929.26000000,23421.78000000,17166.42000000,25506.67500000,-1.08427701,-92.33131949,-111.05825670,-95.16605802,-122.13132454,-208.57226178,-75.63007775,-68.81391805,96.84843667
power_01,1,POWER,1,active,1997,19.996148,-15535.30500000,44154.67500000,23928.70500000,40966.74000000,35987.26500000,23525.50500000,17178.25500000,25460.01000000,5.73895250,-58.52057357,-78.61693613,-36.52852815,-35.08591925,-64.30248495,-52.83664963,-120.10079306,56.46635466
power_01,1,POWER,1,active,1998,19.998148,-15541.42500000,44137.93500000,23899.18500000,40945.68000000,35947.44000000,23485.63500000,17140.36500000,25570.93500000,59.04659827,-10.80718256,-31.43967753,14.31371297,17.78437291,19.56664416,-33.12390527,-16.95546986,25.37969544
power_01,1,POWER,1,active,1999,20.000148,-15639.25500000,44073.81000000,23804.91000000,40877.14500000,35869.36500000,23402.02500000,17083.93500000,25612.38000000,-9.89739489,-12.69126907,-52.05746552,-32.32034415,-37.34502843,-41.81129665,-57.68554487,103.60177214,43.42626447
power_01,1,POWER,1,active,2000,20.002135,-15566.40000000,44198.10000000,23942.97000000,40945.81500000,35915.67000000,23409.58500000,17116.96500000,25536.37500000,-30.62811649,45.26705810,15.93438410,-2.15179074,-19.21318515,-56.84165612,-45.44107041,44.92001144,32.54965907
power_01,1,POWER,1,active,2001,20.004135,-15506.05500000,44278.87500000,24042.91500000,40975.47000000,35938.08000000,23424.34500000,17170.96500000,25628.89500000,61.31560478,147.35169598,150.50830562,68.59782455,45.03077582,1.89378319,27.04625797,8.84458538,63.82360416
power_01,1,POWER,1,active,2002,20.006135,-15600.19500000,44128.71000000,23833.44000000,40854.15000000,35888.80500000,23456.65500000,17234.19000000,25705.93500000,24.01059074,76.24040085,69.04376600,9.27608825,11.96015420,10.65377227,64.88354129,96.59134183,45.33245693
power_01,1,POWER,1,active,2003,20.008135,-15647.67000000,44047.98000000,23736.55500000,40807.39500000,35869.86000000,23450.62500000,17269.02000000,25683.03000000,-86.63641148,-96.31977549,-143.45469283,-98.31796203,-53.22934307,-1.62307766,62.04838958,67.08010854,76.08872008
power_01,1,POWER,1,active,2004,20.010135,-15572.11500000,44131.68000000,23876.41500000,40919.98500000,35957.92500000,23492.38500000,17211.87000000,25600.23000000,-29.95156495,-40.98969829,-50.68663887,-29.32111630,-11.08115223,4.87725701,25.69136981,-50.14332185,30.34276491
power_01,1,POWER,1,active,2005,20.012135,-15479.95500000,44207.37000000,23950.30500000,40996.84500000,36018.36000000,23508.58500000,17130.19500000,25564.63500000,70.72394382,80.84329733,114.52206491,76.86774576,54.07342717,19.89592611,-53.15697025,-84.12185889,69.27565428
power_01,1,POWER,1,active,2006,20.014135,-15438.69000000,44228.20500000,23999.17500000,41041.71000000,36031.00500000,23469.66000000,17135.82000000,25643.29500000,77.91785505,64.22038022,74.41595151,58.35213631,44.77552387,22.23164821,-52.98177691,-37.40212240,54.03717431
power_01,1,POWER,1,active,2007,20.016135,-15502.36500000,44105.62500000,23883.88500000,40973.71500000,35960.44500000,23395.00500000,17137.84500000,25634.38500000,21.79901119,-3.80931596,13.98123324,5.55212952,-4.60072632,-17.49753284,10.79949400,18.87992582,12.11492111
power_01,1,POWER,1,active,2008,20.018135,-15617.79000000,44136.04500000,23827.00500000,40890.19500000,35894.52000000,23406.75000000,17127.85500000,25592.76000000,-78.12890863,-54.39296380,-62.08450178,-62.66431114,-48.15110836,-2.48602222,18.32372509,-21.24077920,43.43404003
power_01,1,POWER,1,active,2009,20.020135,-15595.96500000,44229.60000000,23919.70500000,40920.48000000,35916.93000000,23456.38500000,17167.00500000,25621.29000000,-92.38655435,32.51037311,-20.56642355,-56.21197805,-25.56718225,69.29691879,21.64321544,-45.47429498,45.45711757
power_01,1,POWER,1,active,2010,20.022135,-15590.52000000,44226.81000000,24008.35500000,40937.17500000,35913.69000000,23424.03000000,17161.42500000,25601.89500000,-10.23636343,87.21699703,119.29146520,36.30843210,33.00803987,70.04485360,35.12840590,-0.75222259,48.99834747
power_01,1,POWER,1,active,2011,20.024135,-15564.33000000,44223.88500000,23973.79500000,40954.50000000,35951.67000000,23438.97000000,17143.92000000,25608.64500000,12.98370746,0.37008253,77.14441420,46.25405639,35.76883524,13.74949305,-4.28726119,-19.48929935,26.25589367
power_01,1,POWER,1,active,2012,20.026135,-15522.48000000,44174.83500000,23858.28000000,40940.10000000,35970.84000000,23476.23000000,17210.61000000,25700.62500000,21.19978362,-31.56783193,-47.54704923,19.13483120,28.87625180,7.70665664,-5.54934799,16.66091910,22.28033394
power_01,1,POWER,1,active,2013,20.028135,-15614.05500000,44125.69500000,23839.06500000,40869.40500000,35877.28500000,23361.25500000,17162.95500000,25578.27000000,7.53368897,-70.90345163,-102.74729240,-22.16534680,-21.52887751,-34.22015430,18.36598631,30.21759191,38.46029873
power_01,1,POWER,1,active,2014,20.030135,-15648.34500000,44120.65500000,23893.02000000,40845.78000000,35833.50000000,23310.58500000,17092.66500000,25549.33500000,-69.98377069,-91.37200792,-58.26468113,-80.41152589,-109.61343161,-128.46700400,-47.93185208,-74.67687565,82.59014362
power_01,1,POWER,1,active,2015,20.032135,-15583.36500000,44140.68000000,23943.06000000,40910.22000000,35918.68500000,23436.49500000,17174.38500000,25639.87500000,-19.63875186,-29.93133749,11.57542512,-31.37420098,-46.69866191,-39.50942914,-30.45896549,-8.28935912,27.18451639
power_01,1,POWER,1,active,2016,20.034135,-15577.47000000,44159.89500000,23957.32500000,40940.46000000,35948.52000000,23518.75500000,17218.44000000,25635.60000000,64.60009443,-4.43202469,6.10064298,34.75141218,56.54955245,113.35887745,81.09976141,86.94502316,55.97967359
power_01,1,POWER,1,active,2017,20.036135,-15573.01500000,44151.97500000,23950.08000000,40988.92500000,36028.08000000,23630.67000000,17230.32000000,25621.96500000,33.51553125,8.88121913,-6.21487186,40.45527375,69.83803926,128.90686671,63.34821482,12.39389340,45.44423877
power_01,1,POWER,1,active,2018,20.038135,-15573.42000000,44137.53000000,23878.12500000,40956.39000000,35993.65500000,23579.01000000,17224.11000000,25619.98500000,34.22988765,9.82244438,-29.23154123,41.54057724,77.26947386,94.96517665,13.06101458,1.96617418,37.76078622
power_01,1,POWER,1,active,2019,20.040135,-15581.65500000,44158.77000000,23908.54500000,40959.04500000,35962.65000000,23480.50500000,17203.95000000,25584.79500000,33.88036769,15.34028980,-32.19245366,18.38054815,25.45742908,-24.72619137,-9.15145022,2.08109958,20.15122869
power_01,1,POWER,1,active,2020,20.042135,-15550.38000000,44158.32000000,23804.50500000,40912.56000000,35925.34500000,23440.86000000,17167.63500000,25547.31000000,16.17574941,43.07200627,-1.79033437,4.15952113,-25.42741376,-115.85176017,-61.06918934,-44.41227605,38.99478131
power_01,1,POWER,1,active,2021,20.044135,-15621.97500000,44143.38000000,23781.55500000,40818.78000000,35846.23500000,23373.40500000,17149.86000000,25582.05000000,5.58312327,24.46351968,-32.14134255,-28.07781312,-39.45406503,-94.31240395,-72.91889000,-13.74561029,38.83709598
power_01,1,POWER,1,active,2022,20.046135,-15633.00000000,44166.78000000,23882.22000000,40820.53500000,35846.68500000,23338.71000000,17127.49500000,25656.07500000,-51.49445071,13.59691482,22.96578024,-60.32892379,-75.67787430,-116.12708626,-61.80168895,45.24593054,55.90483120
power_01,1,POWER,1,active,2023,20.048135,-15571.84500000,44208.54000000,23941.80000000,40886.64000000,35903.20500000,23388.70500000,17126.73000000,25648.02000000,-21.57491754,36.05383811,123.17603780,12.45316534,-21.77460390,-72.52655635,-43.90164881,59.01615234,48.80961502
power_01,1,POWER,1,active,2024,20.050135,-15574.09500000,44198.82000000,23931.90000000,40915.89000000,35953.96500000,23491.21500000,17172.63000000,25618.86000000,31.31637637,20.40862662,57.49622454,51.64131709,34.23706526,39.75682372,9.09327028,6.20021118,31.26873938
power_01,1,POWER,1,active,2025,20.052135,-15595.24500000,44219.43000000,23989.99500000,40997.20500000,36022.99500000,23545.35000000,17187.21000000,25542.58500000,-20.00172236,-12.49998863,8.52718429,32.18960324,30.84702411,77.69560902,52.73853529,-44.81207056,34.91396719
power_01,1,POWER,1,active,2026,20.054135,-15504.39000000,44210.70000000,23962.50000000,41011.15500000,36030.06000000,23536.62000000,17205.21000000,25497.85500000,2.78052255,-17.43901359,11.76489219,42.67458285,42.39491954,62.33032053,54.55514283,-60.18805368,36.76593097
power_01,1,POWER,1,active,2027,20.056135,-15434.73000000,44218.30500000,23949.63000000,40976.59500000,35983.66500000,23494.86000000,17193.28500000,25583.22000000,77.19481563,-23.44347025,-45.30188585,-9.56063036,-5.35760269,14.00455092,40.49841314,-14.01567883,28.67213096
power_01,1,POWER,1,active,2028,20.058135,-15539.67000000,44181.76500000,23978.61000000,40931.50500000,35935.11000000,23461.83000000,17179.24500000,25686.54000000,15.83021368,-34.25730909,-32.04830052,-60.87410657,-47.47795267,-8.16496521,18.27472082,93.92756002,38.85689107
power_01,1,POWER,1,active,2029,20.060135,-15626.79000000,44105.58000000,23887.84500000,40883.67000000,35874.99000000,23359.36500000,17140.90500000,25618.99500000,-100.44990178,-55.30683114,-15.99399704,-49.61764078,-39.53089408,-23.86175465,-14.89706607,69.48032387,46.14230118
power_01,1,POWER,1,active,2030,20.062135,-15588.67500000,44125.38000000,23854.36500000,40931.23500000,35903.25000000,23339.56500000,17141.40000000,25559.68500000,-78.82435813,-53.26132457,-69.40091493,-17.56630904,-19.81950590,-47.54236680,-26.80264541,-54.04548594,45.90786384
power_01,1,POWER,1,active,2031,20.064135,-15475.99500000,44228.61000000,23959.93500000,41028.66000000,35994.01500000,23406.75000000,17148.33000000,25605.72000000,37.15251225,43.10794948,-0.07049474,68.20360700,55.91957451,15.94332432,-13.23104322,-45.77243957,34.92511814
power_01,1,POWER,1,active,2032,20.066135,-15476.89500000,44191.35000000,23905.17000000,40979.88000000,35972.77500000,23457.64500000,17153.91000000,25658.37000000,60.87412198,77.24649321,61.30940387,69.17149612,68.60044121,77.31177375,-2.32537120,27.16902773,55.50101613
power_01,1,POWER,1,active,2033,20.068135,-15585.57000000,44078.04000000,23791.90500000,40825.62000000,35892.94500000,23506.92000000,17155.89000000,25655.40000000,-35.54592584,-38.02568263,-63.34250221,-82.02155417,-42.62795703,52.99108299,-2.09966174,22.20053254,42.35686239
power_01,1,POWER,1,active,2034,20.070135,-15634.84500000,44117.46000000,23794.78500000,40787.46000000,35863.56000000,23434.06500000,17138.07000000,25655.98500000,-108.79462972,-64.71537624,-99.53460389,-151.85332101,-97.08300304,-1.02035794,-2.56056812,-7.60139026,66.64540628
power_01,1,POWER,1,active,2035,20.072135,-15562.08000000,44271.81000000,23996.65500000,40905.13500000,35907.93000000,23367.87000000,17096.44500000,25562.56500000,-40.26329624,65.60368882,49.29761749,-40.84227228,-44.06968769,-79.48542113,-14.17728357,-40.18597407,46.74065516
power_01,1,POWER,1,active,2036,20.074135,-15530.94000000,44267.58000000,24020.10000000,40989.37500000,35947.93500000,23333.22000000,17138.38500000,25543.75500000,52.50385023,111.23768959,132.85527612,80.65458599,21.38746348,-85.85583280,0.03372978,-76.64898653,70.14717681
power_01,1,POWER,1,active,2037,20.076135,-15549.97500000,44171.41500000,23939.64000000,40960.26000000,35939.79000000,23430.96000000,17190.72000000,25652.52000000,40.47080651,-7.78760014,31.99848898,67.82831355,44.08796775,19.60464942,61.46202942,-3.86475322,34.63807612
power_01,1,POWER,1,active,2038,20.078135,-15610.72500000,44100.90000000,23890.54500000,40960.84500000,35974.75500000,23550.25500000,17223.48000000,25657.11000000,0.10770609,-86.74759450,-60.42426999,15.34828865,47.80381586,129.81690888,75.07597894,75.33414623,61.33233864
power_01,1,POWER,1,active,2039,20.080135,-15656.94000000,44094.64500000,23926.23000000,40939.02000000,35932.77000000,23510.29500000,17243.68500000,25672.54500000,-18.39345964,-52.41051934,-6.49109239,25.37870792,54.72639414,131.19592359,39.55614802,20.63268187,43.59811587
power_01,1,POWER,1,active,2040,20.082135,-15599.88000000,44121.73500000,23949.81000000,40927.50000000,35916.16500000,23484.73500000,17233.78500000,25665.70500000,11.58715459,2.31943362,43.96250894,22.90025847,19.16932357,13.46555198,6.11522223,-4.95120963,15.55883288
power_01,1,POWER,1,active,2041,20.084135,-15596.41500000,44100.36000000,23788.71000000,40908.96000000,35935.38000000,23496.12000000,17191.26000000,25632.31500000,66.53456091,29.15432231,-12.67373440,9.20728694,6.32614376,-29.30490328,-48.87798659,-14.04549844,27.01555458
power_01,1,POWER,1,active,2042,20.086135,-15616.35000000,44180.64000000,23804.37000000,40879.62000000,35927.05500000,23476.45500000,17147.61000000,25587.09000000,35.81921921,39.08456609,-79.57871469,1.58863067,16.51478799,-32.75759641,-88.80631938,-61.66304026,44.47660934
power_01,1,POWER,1,active,2043,20.088135,-15548.62500000,44273.83500000,24020.68500000,40927.09500000,35919.81000000,23392.93500000,17117.91000000,25437.60000000,19.67871495,88.92675485,47.50138990,-7.85211863,-30.05800226,-111.79723827,-84.46075536,-85.21069657,59.43570885
power_01,1,POWER,1,active,2044,20.090135,-15379.56000000,44346.24000000,24125.17500000,41041.48500000,36026.14500000,23454.63000000,17194.90500000,25489.71000000,105.55977305,101.74326681,179.08020441,43.93123926,-13.36091234,-106.57518358,-30.37195501,-75.50994800,82.01656031
power_01,1,POWER,1,active,2045,20.092135,-15378.57000000,44286.88500000,24006.42000000,41051.92500000,36083.65500000,23579.68500000,17272.30500000,25724.43000000,108.22180606,11.42616620,23.87429889,54.51685353,45.48305675,11.87433882,60.34771614,107.00718284,52.84392741
power_01,1,POWER,1,active,2046,20.094135,-15563.43000000,44165.29500000,23877.04500000,40944.06000000,35977.54500000,23479.06500000,17177.80500000,25784.23500000,-62.67944367,-103.40102942,-153.13428130,-59.61568277,-23.81463477,30.78629594,39.86316427,236.27488972,88.69617773
power_01,1,POWER,1,active,2047,20.096135,-15741.99000000,44117.46000000,23871.19500000,40833.27000000,35842.05000000,23360.35500000,17059.63500000,25612.92000000,-221.50084970,-151.99271686,-143.81390485,-149.42765003,-138.43715547,-90.72204329,-82.02398857,42.06531174,127.49795256
power_01,1,POWER,1,active,2048,20.098135,-15706.62000000,44108.55000000,23828.35500000,40846.54500000,35851.41000000,23360.13000000,17108.19000000,25534.57500000,-165.37610510,-85.53897992,-64.27717220,-106.41370584,-110.10626533,-79.22065765,-65.26251228,-122.92466669,99.89000813
power_01,1,POWER,1,active,2049,20.100135,-15581.02500000,44151.48000000,23883.79500000,40909.77000000,35907.88500000,23416.56000000,17154.00000000,25541.82000000,26.44246121,-4.42115506,1.74575668,20.21709729,24.42992774,54.01057575,51.39572280,-77.72314488,32.54823018
power_01,1,POWER,1,active,2050,20.102077,-15516.85500000,44185.50000000,23924.74500000,40907.52000000,35905.59000000,23409.13500000,17167.14000000,25612.06500000,121.44060085,43.69593614,75.68659765,84.90941283,78.97996125,81.40860947,63.75307992,2.25528908,69.01618590
power_01,1,POWER,1,active,2051,20.104077,-15539.17500000,44190.81000000,23896.71000000,40898.20500000,35908.38000000,23422.41000000,17172.13500000,25632.63000000,72.74751720,58.43032147,86.00202814,56.48321299,49.95777422,57.99477545,34.78709928,44.53385005,57.61707235
power_01,1,POWER,1,active,2052,20.106077,-15596.23500000,44148.15000000,23854.50000000,40860.09000000,35871.88500000,23383.12500000,17187.93000000,25647.07500000,-10.13846284,9.70192342,5.43257537,27.60599885,23.61287377,29.79398448,34.09702814,35.68487500,22.00846524
power_01,1,POWER,1,active,2053,20.108077,-15555.60000000,44172.04500000,23899.90500000,40912.06500000,35936.14500000,23453.41500000,17223.07500000,25674.43500000,-31.00820854,-10.82996839,0.17064853,19.12613421,10.40013566,10.78142439,29.25868342,20.84808880,16.55291149
power_01,1,POWER,1,active,2054,20.110077,-15524.05500000,44231.98500000,23979.33000000,40989.42000000,36031.45500000,23543.59500000,17177.98500000,25582.77000000,12.25041527,29.28788767,48.12442021,48.45358058,52.52284874,59.32689806,12.94434840,-8.89459325,33.97562402
power_01,1,POWER,1,active,2055,20.112077,-15600.06000000,44200.98000000,23962.41000000,40952.43000000,35985.51000000,23500.71000000,17099.91000000,25511.22000000,-6.14934068,33.09311261,33.09551647,35.39229681,45.93360808,48.50223768,-47.73348031,-86.66370004,42.07041158
power_01,1,POWER,1,active,2056,20.114077,-15590.20500000,44199.40500000,23956.11000000,40928.80500000,35941.36500000,23455.03500000,17130.19500000,25491.37500000,-51.01702434,-10.64552331,-20.29828498,-51.48672509,-54.96001765,-48.47200227,-53.54980622,-79.67241275,46.26272458
power_01,1,POWER,1,active,2057,20.116077,-15539.62500000,44235.18000000,24001.74000000,40992.30000000,35994.60000000,23500.08000000,17222.80500000,25583.13000000,17.94724553,7.76918416,-13.84625435,-29.96472694,-34.86075400,-32.79046157,45.28309406,16.64928024,24.88887511
power_01,1,POWER,1,active,2058,20.118077,-15586.51500000,44156.74500000,23918.89500000,40925.52000000,35941.90500000,23473.75500000,17230.77000000,25708.95000000,41.58653865,14.03691490,-0.81167844,8.51963986,19.37518210,20.66233371,73.23832248,102.32077376,35.06892299
power_01,1,POWER,1,active,2059,20.120077,-15671.34000000,44060.98500000,23808.82500000,40846.09500000,35860.45500000,23398.47000000,17180.82000000,25719.48000000,-41.22979081,-70.05736393,-81.88338621,-64.39961103,-46.15663272,-33.74571185,-1.80576710,115.94625084,56.90306431
power_01,1,POWER,1,active,2060,20.122077,-15644.16000000,44100.40500000,23828.22000000,40907.02500000,35900.46000000,23379.25500000,17163.36000000,25682.22000000,-38.43509200,-53.50836495,-72.90477867,-35.41434720,-36.60284541,-58.15935947,-50.03208239,14.65685457,44.96421558
power_01,1,POWER,1,active,2061,20.124077,-15571.75500000,44132.80500000,23869.03500000,40925.07000000,35897.98500000,23345.01000000,17100.85500000,25635.06000000,40.13624503,40.91828018,35.54825215,59.91836043,33.05301369,-31.85341791,-59.85702268,-59.22385853,45.06355632
power_01,1,POWER,1,active,2062,20.126077,-15480.27000000,44191.71000000,23909.98500000,40911.66000000,35924.31000000,23459.44500000,17142.43500000,25662.42000000,83.85951542,56.19454823,57.41028503,28.02614461,13.77787372,0.67187476,-51.51882010,-48.88659955,42.54320768
power_01,1,POWER,1,active,2063,20.128077,-15482.61000000,44232.70500000,23939.82000000,40938.57000000,35960.62500000,23481.36000000,17200.17000000,25653.51000000,63.24673646,57.98008283,45.42483078,-4.21391938,10.64390420,57.03174399,18.63580472,-28.59895786,35.72199753
power_01,1,POWER,1,active,2064,20.130077,-15596.05500000,44129.97000000,23863.77000000,40898.43000000,35916.84000000,23403.55500000,17175.96000000,25579.08000000,-36.43892860,7.28567109,-0.52435365,-7.16779035,-0.02987217,-1.92520734,43.66863626,-44.76334410,17.72547545
power_01,1,POWER,1,active,2065,20.132077,-15619.00500000,44127.27000000,23893.60500000,40922.32500000,35969.04000000,23500.84500000,17155.98000000,25487.32500000,-105.61130890,-75.57271492,-56.90539905,-44.47778358,-37.35464805,-45.81737351,-12.45821232,-96.45219112,59.33120393
power_01,1,POWER,1,active,2066,20.134077,-15605.19000000,44174.88000000,23958.36000000,40946.08500000,35953.56000000,23426.59500000,17088.12000000,25575.34500000,-42.90834774,-12.52282748,9.04081665,-13.27522335,4.49374920,28.56674976,-26.00272640,-44.10466072,22.61438766
power_01,1,POWER,1,active,2067,20.136077,-15582.96000000,44167.41000000,23944.54500000,40966.74000000,35924.40000000,23328.36000000,17056.08000000,25647.43500000,17.95212142,41.57834539,47.02916961,21.64046064,-0.95732129,-45.49888671,-36.60508938,79.81228447,36.38420986
power_01,1,POWER,1,active,2068,20.138077,-15559.51500000,44137.93500000,23898.10500000,40972.86000000,35947.48500000,23437.71000000,17126.01000000,25617.96000000,30.05241321,-5.81941238,-12.86312893,13.84570416,-8.88233031,-32.79797630,1.74784899,73.03951815,22.38104155
power_01,1,POWER,1,active,2069,20.140077,-15547.59000000,44131.68000000,23863.90500000,40956.12000000,35944.96500000,23478.43500000,17205.25500000,25551.31500000,44.68396707,-4.20421889,-20.79359776,22.89088758,49.89060855,129.96581718,95.88302911,-15.59706737,47.98864919
power_01,1,POWER,1,active,2070,20.142077,-15523.15500000,44260.47000000,23946.57000000,40980.46500000,36014.08500000,23569.74000000,17244.99000000,25555.18500000,27.92825885,44.38874033,21.95492828,17.82014889,50.21946734,104.18852906,91.52911009,-25.15856740,47.89846878
power_01,1,POWER,1,active,2071,20.144077,-15539.94000000,44297.05500000,24016.63500000,40956.93000000,35979.16500000,23521.09500000,17252.73000000,25611.66000000,3.91565071,85.29981531,79.36637840,16.86685623,39.54890640,48.45016619,41.29329748,30.21039634,43.11893338
power_01,1,POWER,1,active,2072,20.146077,-15537.91500000,44286.03000000,24042.19500000,40948.02000000,35977.68000000,23513.13000000,17215.24500000,25637.58000000,-23.56386407,23.46630578,66.93547096,-8.38679686,-14.04421680,-22.92790464,-10.24764513,67.10747512,29.58495992
power_01,1,POWER,1,active,2073,20.148077,-15505.29000000,44253.09000000,23983.74000000,40969.53000000,36015.84000000,23557.23000000,17222.76000000,25733.29500000,-25.15931056,-69.30066050,-32.26605333,-27.29068315,-46.19727879,-75.32307201,-52.96660783,79.18417705,50.96098040
power_01,1,POWER,1,active,2074,20.150077,-15596.28000000,44162.37000000,23896.84500000,40866.84000000,35883.27000000,23392.17000000,17189.91000000,25745.35500000,-30.41267435,-100.96732151,-114.56856725,-43.60725750,-56.40563276,-79.25358646,-45.80619685,80.63477628,68.95700162
power_01,1,POWER,1,active,2075,20.152077,-15651.09000000,44089.24500000,23849.23500000,40833.18000000,35852.53500000,23360.44500000,17139.91500000,25639.56000000,-89.95846562,-142.62686326,-144.74722006,-107.50628850,-140.74057757,-175.14087915,-62.88734055,-10.31887058,109.24081316
power_01,1,POWER,1,active,2076,20.154077,-15608.43000000,44122.63500000,23900.80500000,40914.54000000,35942.44500000,23442.57000000,17142.57000000,25604.19000000,-41.43351324,-85.10237683,-73.64688117,-37.71034000,-44.38546549,-64.80062550,-62.24154626,-112.24251445,65.19540787
power_01,1,POWER,1,active,2077,20.156077,-15627.42000000,44059.59000000,23821.02000000,40890.46500000,35892.72000000,23363.37000000,17144.46000000,25626.96000000,44.24005765,2.32618415,-5.28160656,58.10920175,67.67417572,57.52047669,-7.74710530,-67.44527159,38.79300993
power_01,1,POWER,1,active,2078,20.158077,-15612.12000000,44084.20500000,23768.86500000,40899.01500000,35892.49500000,23377.23000000,17142.84000000,25565.49000000,28.90566637,4.34918264,-31.52049561,23.76600930,9.37309522,-10.97247548,4.45062457,-42.86974944,19.52591233
power_01,1,POWER,1,active,2079,20.160077,-15655.99500000,44155.98000000,23853.87000000,40921.96500000,35913.33000000,23416.20000000,17126.95500000,25482.33000000,29.81198009,79.51916018,34.99075651,55.05574974,55.97995062,72.02008470,-0.23762996,-97.75721472,53.17156581
power_01,1,POWER,1,active,2080,20.162077,-15698.83500000,44231.76000000,24041.47500000,40945.72500000,35945.37000000,23441.80500000,17144.37000000,25524.54000000,5.33121881,145.10824797,190.72994229,90.16143977,95.72897009,114.57244639,11.26636538,-58.16970800,88.88354234
power_01,1,POWER,1,active,2081,20.164077,-15587.10000000,44237.61000000,24029.37000000,40952.83500000,35964.49500000,23507.68500000,17185.63500000,25617.78000000,17.49314133,98.41776491,192.38772432,55.86534664,58.30143492,70.91094398,32.34169144,57.73116134,72.93115111
power_01,1,POWER,1,active,2082,20.166077,-15484.59000000,44238.55500000,23971.77000000,40959.04500000,35984.83500000,23518.08000000,17209.62000000,25629.07500000,124.15170508,41.73633261,36.25494743,39.22231479,48.51942870,81.90931563,54.12181536,100.01906835,65.74186599
power_01,1,POWER,1,active,2083,20.168077,-15444.63000000,44250.84000000,24023.83500000,40987.75500000,35998.60500000,23496.03000000,17243.32500000,25658.32500000,105.95936141,1.74087158,-35.58743425,9.79153374,5.32168631,0.08753698,45.88697365,64.40249394,33.59723648
power_01,1,POWER,1,active,2084,20.170077,-15521.76000000,44157.55500000,23922.27000000,40877.05500000,35887.32000000,23423.22000000,17199.18000000,25652.07000000,-1.41519453,-42.32964340,-40.68080031,-46.98415593,-59.16234112,-72.18476810,20.86442655,48.82429961,41.55570369
power_01,1,POWER,1,active,2085,20.172077,-15669.85500000,44018.82000000,23758.47000000,40813.96500000,35853.30000000,23378.53500000,17089.02000000,25544.97000000,-105.25458526,-124.34003139,-162.58218845,-126.16071472,-117.60251796,-89.51512976,-47.87529334,-7.40045302,97.59136424
power_01,1,POWER,1,active,2086,20.174077,-15594.12000000,44135.50500000,23789.74500000,40912.24500000,35965.62000000,23481.45000000,17141.89500000,25569.81000000,-118.36630719,-88.13594543,-164.73555265,-76.68236494,-41.97493773,-38.81815803,-62.45301192,-59.59699664,81.34540932
power_01,1,POWER,1,active,2087,20.176077,-15531.03000000,44307.40500000,24014.74500000,41001.12000000,35990.14500000,23447.20500000,17160.30000000,25607.70000000,26.47850412,116.12354635,67.03239985,70.24239048,78.73483345,50.97039585,31.21878408,14.73497568,56.94197873
power_01,1,POWER,1,active,2088,20.178077,-15497.28000000,44273.43000000,23996.52000000,41020.92000000,35983.84500000,23427.54000000,17147.83500000,25608.06000000,61.33728072,135.35560275,160.00656925,72.43423572,36.70676882,1.75301049,28.27733225,35.97393144,66.48059143
power_01,1,POWER,1,active,2089,20.180077,-15558.48000000,44167.50000000,23887.21500000,40971.42000000,35956.62000000,23451.57000000,17140.45500000,25560.72000000,-16.17220002,-37.83934846,13.04192125,11.30998354,0.05241277,-8.51845646,-17.43702528,-26.30515733,16.33456314
power_01,1,POWER,1,active,2090,20.182077,-15640.92000000,44134.83000000,23857.92000000,40913.41500000,35917.33500000,23434.15500000,17162.01000000,25589.65500000,-67.99680250,-95.99986814,-69.39528654,-33.77302976,-10.58897250,32.50539086,6.62735681,-25.25470853,42.76767696
power_01,1,POWER,1,active,2091,20.184077,-15653.74500000,44099.86500000,23836.59000000,40807.44000000,35818.33500000,23351.71500000,17154.27000000,25690.77000000,-100.76954711,-69.35054082,-23.94670332,-83.03152331,-71.40003891,-44.39524626,-0.37243995,28.00119030,52.65840375
power_01,1,POWER,1,active,2092,20.186077,-15564.91500000,44122.95000000,23863.18500000,40870.48500000,35875.08000000,23367.91500000,17139.28500000,25641.72000000,-15.75396411,-46.39843208,-10.02272956,-54.29924528,-57.42869256,-61.65353343,-15.57904368,41.47634622,37.82649837
power_01,1,POWER,1,active,2093,20.188077,-15525.76500000,44153.68500000,23862.73500000,40917.19500000,35936.82000000,23413.86000000,17157.64500000,25627.54500000,63.62585245,10.42887242,10.07988009,37.93318343,29.81666077,7.01385134,-5.63561272,-32.91757177,24.68143562
power_01,1,POWER,1,active,2094,20.190077,-15517.48500000,44217.31500000,23879.47500000,40933.57500000,35968.95000000,23447.74500000,17185.23000000,25643.02500000,40.85038182,56.62791420,23.18589265,55.68461298,58.42275294,38.05403394,20.82978866,-34.31257366,40.99599386
power_01,1,POWER,1,active,2095,20.192077,-15579.13500000,44257.18500000,23971.99500000,40930.56000000,35948.97000000,23407.24500000,17096.35500000,25674.93000000,6.65665508,71.90751957,38.00793005,8.32929495,14.91387927,20.91238529,6.11589385,20.01560760,23.35739571
power_01,1,POWER,1,active,2096,20.194077,-15592.00500000,44255.74500000,24052.00500000,40958.41500000,35945.73000000,23416.11000000,17090.01000000,25660.84500000,-22.31627179,55.21422739,97.92551206,9.69880342,-5.73743240,-3.34826220,-44.30360786,-0.91053893,29.93183201
power_01,1,POWER,1,active,2097,20.196077,-15570.31500000,44254.48500000,24016.18500000,40984.06500000,35983.57500000,23546.74500000,17226.63000000,25615.75500000,5.45320456,8.78847249,53.36757058,20.61858793,12.17030686,58.24997248,34.57314042,-27.32569497,27.56836879
power_01,1,POWER,1,active,2098,20.198077,-15540.84000000,44256.15000000,24033.69000000,41016.96000000,36019.17000000,23575.63500000,17274.69000000,25604.10000000,48.09838398,-7.68472654,-24.97517157,25.82882897,43.79154817,116.45904843,117.66415782,-48.01155234,54.06417723
power_01,1,POWER,1,active,2099,20.200077,-15542.23500000,44220.33000000,23990.80500000,40978.84500000,35978.71500000,23498.68500000,17222.26500000,25657.38000000,33.62930641,-26.86269103,-31.55935819,16.73030593,28.98204303,18.59804604,22.70041194,-16.97798568,24.50501853
power_01,1,POWER,1,active,2100,20.201869,-15614.46000000,44155.53000000,23911.83000000,40892.26500000,35899.47000000,23430.64500000,17199.72000000,25694.77500000,-13.20322002,-73.02529937,-82.22187332,-44.89452267,-44.38757281,-90.46344996,-65.14078638,35.58777807,56.11556283
power_01,1,POWER,1,active,2101,20.203869,-15672.01500000,44065.44000000,23785.15500000,40803.84000000,35829.81000000,23349.19500000,17178.97500000,25634.61000000,-70.90404488,-101.54707503,-142.76363811,-87.96829105,-84.73545280,-109.96221108,-63.12022189,-1.50654459,82.81343493
power_01,1,POWER,1,active,2102,20.205869,-15627.19500000,44120.34000000,23814.36000000,40850.86500000,35864.95500000,23322.78000000,17120.29500000,25548.97500000,-47.69817164,-67.03237958,-107.18890914,-48.48081603,-56.06228513,-112.43442028,-77.39561072,-67.77368285,73.00828442
power_01,1,POWER,1,active,2103,20.207869,-15605.19000000,44138.56500000,23875.02000000,40921.38000000,35943.48000000,23423.22000000,17134.74000000,25542.18000000,28.18381461,26.43427008,3.62802862,45.66312483,24.03872006,-31.44344890,-65.73241723,-64.44342126,36.19590570
power_01,1,POWER,1,active,2104,20.209869,-15634.17000000,44134.83000000,23915.38500000,40873.09500000,35912.25000000,23471.46000000,17168.26500000,25528.18500000,20.48383522,44.96864199,70.54985741,49.90835987,43.03718828,71.09686906,6.37311959,-1.60720391,38.50313441
power_01,1,POWER,1,active,2105,20.211869,-15605.59500000,44172.63000000,23909.44500000,40901.71500000,35919.49500000,23423.89500000,17144.37000000,25570.30500000,11.07542075,34.52784201,49.32745450,-12.07605607,-10.78483581,36.52005714,32.47776695,43.40062889,28.77375777
power_01,1,POWER,1,active,2106,20.213869,-15573.15000000,44264.11500000,23990.76000000,40989.78000000,35992.62000000,23449.63500000,17122.27500000,25583.58000000,57.23305676,97.29386514,57.54398915,38.62258848,24.86496150,-2.90694466,3.49603979,74.98519513,44.61833008
power_01,1,POWER,1,active,2107,20.215869,-15603.16500000,44217.94500000,23998.90500000,40970.74500000,35949.73500000,23384.34000000,17105.44500000,25618.23000000,46.78583670,83.99752898,83.82885503,64.14179505,54.17239642,16.63237395,4.32348304,83.74018473,54.70280674
power_01,1,POWER,1,active,2108,20.217869,-15586.78500000,44143.56000000,24005.16000000,40982.17500000,35949.64500000,23446.08000000,17111.07000000,25597.71000000,9.83235728,-18.83433831,45.91152062,-1.06785160,-4.29494602,13.30582630,15.82299738,51.14978680,20.02745304
power_01,1,POWER,1,active,2109,20.219869,-15541.15500000,44110.84500000,23899.18500000,41006.61000000,36007.42500000,23543.86500000,17159.80500000,25583.98500000,31.16961326,-56.14276197,-15.32310974,16.33933225,27.30448109,81.35501722,34.97248894,12.78920796,34.42450155
power_01,1,POWER,1,active,2110,20.221869,-15522.84000000,44095.99500000,23709.06000000,40930.83000000,35964.81000000,23484.15000000,17225.64000000,25594.29000000,33.53412642,-29.95205648,-109.54946590,5.96370012,47.73873911,90.84127966,73.00003502,-8.36742853,49.86835391
power_01,1,POWER,1,active,2111,20.223869,-15565.54500000,44293.23000000,23929.92000000,40966.56000000,35999.50500000,23513.08500000,17249.35500000,25620.03000000,-24.35759828,45.97565709,-66.72485069,-42.34500957,-15.10621067,-20.77397381,67.57731444,6.37002552,36.15383001
power_01,1,POWER,1,active,2112,20.225869,-15569.95500000,44315.05500000,24085.53000000,40917.96000000,35915.58000000,23416.56000000,17164.44000000,25630.24500000,-65.31422281,123.85546103,172.71477445,-11.91872434,-30.24210348,-42.38784769,-2.56338882,9.22308617,57.27745110
power_01,1,POWER,1,active,2113,20.227869,-15529.90500000,44189.95500000,23892.34500000,40853.97000000,35883.94500000,23409.36000000,17143.83000000,25557.12000000,-43.20592630,-3.85216932,91.56590747,-56.05227687,-81.31793059,-80.44977912,-65.74071569,-30.22086473,56.55069626
power_01,1,POWER,1,active,2114,20.229869,-15504.70500000,44234.01000000,23927.67000000,40939.33500000,35957.25000000,23465.65500000,17207.95500000,25579.75500000,-6.32524865,-117.29999235,-134.13809900,-62.58207231,-64.00740974,-61.71766200,-20.14987339,-50.97770119,64.64975733
power_01,1,POWER,1,active,2115,20.231869,-15647.98500000,44116.29000000,23826.10500000,40864.23000000,35888.58000000,23384.07000000,17180.14500000,25693.78500000,-54.87291600,-58.15105309,-59.20861571,6.71674444,5.62303921,1.36755809,26.89964414,22.81773302,29.45716296
power_01,1,POWER,1,active,2116,20.233869,-15686.50500000,44119.75500000,23865.52500000,40880.02500000,35912.65500000,23441.44500000,17176.59000000,25697.74500000,-117.71195631,-97.41985459,-58.06843690,-47.77061029,-43.01383297,-46.08177214,-20.62011059,72.29262900,62.87240035
power_01,1,POWER,1,active,2117,20.235869,-15616.75500000,44178.12000000,23948.95500000,40951.17000000,35967.78000000,23491.75500000,17176.81500000,25677.85500000,-25.38625640,-34.63632725,-9.57262621,2.52490466,20.17193062,40.07902027,-20.29630820,-10.73837804,20.42571896
power_01,1,POWER,1,active,2118,20.237869,-15590.52000000,44180.28000000,23937.25500000,40957.78500000,35955.85500000,23437.62000000,17127.58500000,25629.84000000,78.90506606,74.12761244,104.04611874,89.26488410,82.01281299,66.06622703,-20.54059285,-64.06058742,72.37798770
power_01,1,POWER,1,active,2119,20.239869,-15602.44500000,44135.73000000,23858.46000000,40901.98500000,35894.61000000,23382.18000000,17131.90500000,25601.17500000,48.64794734,-1.86109677,-11.93514908,13.50070502,0.78770492,-41.90300768,-54.58349824,-73.89277939,30.88898605
power_01,1,POWER,1,active,2120,20.241869,-15575.67000000,44163.18000000,23886.58500000,40904.95500000,35893.89000000,23380.38000000,17159.04000000,25607.07000000,33.94286125,6.00292330,-16.18092893,7.05989615,0.56205772,-9.58964971,-7.47557794,-70.75965044,18.94669318
power_01,1,POWER,1,active,2121,20.243869,-15598.75500000,44108.01000000,23811.03000000,40901.58000000,35899.74000000,23398.24500000,17172.58500000,25570.21500000,34.39743420,21.14133342,18.80796911,36.53908719,24.83043986,20.03274152,22.21361213,-33.93880438,26.48767773
power_01,1,POWER,1,active,2122,20.245869,-15567.61500000,44111.61000000,23828.94000000,40924.57500000,35930.70000000,23439.19500000,17180.05500000,25583.94000000,5.49320072,-22.85329896,-35.38533365,28.78485627,27.67538489,33.63147986,12.53662077,-27.06006999,24.17753064
power_01,1,POWER,1,active,2123,20.247869,-15461.95500000,44281.30500000,23984.01000000,41010.12000000,36026.14500000,23506.33500000,17217.22500000,25717.00500000,50.06340131,61.86209340,55.32872356,55.83561427,57.55181812,67.07016225,33.88993471,48.98821557,53.82374540
power_01,1,POWER,1,active,2124,20.249869,-15511.59000000,44352.63000000,24080.04000000,40962.87000000,35966.74500000,23434.83000000,17192.61000000,25674.03000000,59.20840001,145.59272702,135.35431271,33.28776361,33.41145930,21.33961353,30.32131167,102.23209099,70.09345985
power_01,1,POWER,1,active,2125,20.251869,-15647.62500000,44193.73500000,23974.78500000,40877.50500000,35904.73500000,23409.99000000,17110.71000000,25561.12500000,-69.55575035,21.75830514,26.72609415,-75.30842567,-66.83695581,-51.69857998,-22.68330238,-24.90222154,44.93370438
power_01,1,POWER,1,active,2126,20.253869,-15682.23000000,44095.72500000,23886.67500000,40874.22000000,35900.28000000,23411.79000000,17120.02500000,25598.29500000,-120.71302273,-142.70758428,-118.22114565,-112.88537067,-89.27962769,-46.16156382,-45.27833833,-58.71933858,91.74574897
power_01,1,POWER,1,active,2127,20.255869,-15599.29500000,44169.48000000,23950.75500000,40962.06000000,35962.60500000,23468.08500000,17159.49000000,25580.56500000,-11.66958530,-79.23139473,-92.28560096,-17.16398712,-3.48021456,14.98705925,14.68967183,28.51671037,32.75302801
power_01,1,POWER,1,active,2128,20.257869,-15574.90500000,44237.88000000,23991.12000000,40987.08000000,36002.16000000,23524.02000000,17200.17000000,25590.96000000,63.51267248,50.88951472,17.89511749,46.37057006,44.21792674,49.32709765,50.58189745,14.37069002,42.14568583
power_01,1,POWER,1,active,2129,20.259869,-15647.58000000,44188.33500000,23931.00000000,40943.29500000,35953.24500000,23447.47500000,17193.73500000,25678.62000000,16.88225678,32.16786774,3.70482712,16.68778200,28.10376619,25.93584846,24.75340475,42.19475059,23.80381295
power_01,1,POWER,1,active,2130,20.261869,-15610.05000000,44157.19500000,23889.78000000,40938.03000000,35935.24500000,23421.51000000,17116.42500000,25686.99000000,-23.38747878,-33.01085388,-51.87226309,-11.99775698,-18.53180986,-49.43088536,-25.18873946,89.74876552,37.89606912
power_01,1,POWER,1,active,2131,20.263869,-15594.57000000,44169.21000000,23881.81500000,40903.15500000,35893.39500000,23349.91500000,17066.97000000,25521.25500000,20.91846733,-28.18129411,-32.48417138,-3.94983283,-32.53528389,-67.72251985,-79.32770227,-31.19421537,37.03918588
power_01,1,POWER,1,active,2132,20.265869,-15597.49500000,44180.14500000,23892.84000000,40886.23500000,35881.60500000,23339.65500000,17109.27000000,25505.46000000,19.12358723,-0.07002312,-6.28660962,-12.59846751,-30.10530953,-54.76398441,-37.71910759,-113.16143652,34.22856569
power_01,1,POWER,1,active,2133,20.267869,-15537.46500000,44217.27000000,23929.38000000,40879.57500000,35908.78500000,23450.49000000,17140.63500000,25544.47500000,6.51560214,8.66388413,12.77104277,-17.79541380,-21.69858106,-3.88666986,42.72501887,-17.86667460,16.49036090
power_01,1,POWER,1,active,2134,20.269869,-15454.39500000,44305.33500000,24017.67000000,40980.96000000,35997.25500000,23471.46000000,17176.63500000,25591.14000000,69.18979820,46.35923821,51.94431417,28.89792157,38.96741641,82.70581516,57.24935396,57.22996471,54.06797780
power_01,1,POWER,1,active,2135,20.271869,-15478.02000000,44300.38500000,24050.07000000,41025.51000000,36037.08000000,23502.87000000,17164.35000000,25679.38500000,52.16610967,58.85109314,67.38023142,66.41956736,64.51028983,42.77467387,48.72248208,77.25547457,59.75999024
power_01,1,POWER,1,active,2136,20.273869,-15565.54500000,44202.73500000,23951.70000000,40955.94000000,35954.50500000,23429.34000000,17093.20500000,25730.59500000,-45.73597624,-28.04580797,-2.35389020,8.68727627,3.47497118,-9.84128038,-0.57480914,104.47602158,25.39875412
power_01,1,POWER,1,active,2137,20.275869,-15562.66500000,44158.54500000,23963.49000000,40979.38500000,35963.28000000,23397.79500000,17111.20500000,25599.60000000,-76.43801943,-89.51948675,-63.35096517,-57.05132486,-51.94338968,-37.43711121,-37.17766447,12.10397703,53.12774232
power_01,1,POWER,1,active,2138,20.277869,-15474.78000000,44196.25500000,23972.31000000,41030.50500000,36035.01000000,23543.68500000,17243.41500000,25544.83500000,-7.92109586,-34.04115686,-3.92819114,2.96036154,9.68861558,3.21481707,42.73414325,-114.30072510,27.34863830
power_01,1,POWER,1,active,2139,20.279869,-15620.71500000,44164.57500000,23819.76000000,40919.26500000,35939.16000000,23487.97500000,17267.85000000,25632.13500000,-11.76664103,10.83252853,-19.51677159,1.40771272,29.87922351,88.55354527,88.98813017,-53.27795851,38.02781392
power_01,1,POWER,1,active,2140,20.281869,-15828.16500000,44013.06000000,23655.87000000,40759.78500000,35809.69500000,23377.18500000,17225.46000000,25646.98500000,-173.03775190,-56.06265093,-135.72517353,-119.19481435,-90.90420806,-40.66260668,-3.85322727,34.41299047,81.73167790
power_01,1,POWER,1,active,2141,20.283869,-15690.55500000,44143.15500000,23912.59500000,40815.76500000,35852.62500000,23411.11500000,17164.35000000,25578.22500000,-136.08979546,-49.71781213,-12.60412358,-83.30074765,-78.06638653,-89.46060050,-82.68218523,-24.30725658,69.52861346
power_01,1,POWER,1,active,2142,20.285869,-15598.12500000,44205.88500000,23960.20500000,40885.56000000,35904.06000000,23405.40000000,17142.25500000,25608.28500000,105.08956010,100.64740510,201.61354211,70.61893508,46.69752726,16.95417343,-87.74099303,-52.49164887,85.23172312
power_01,1,POWER,1,active,2143,20.287869,-15532.33500000,44220.10500000,23924.61000000,40889.83500000,35894.97000000,23348.43000000,17145.18000000,25696.75500000,136.42885445,100.20351168,100.15836312,93.99662203,49.00982227,-32.62358352,-59.40078440,29.19664938,75.12727386
power_01,1,POWER,1,active,2144,20.289869,-15508.53000000,44238.19500000,23960.92500000,40950.63000000,35955.90000000,23419.08000000,17152.15500000,25617.24000000,88.61322810,23.59806690,-12.57698961,56.02015116,28.84087558,-27.51330232,-14.09458035,27.32171931,34.82236417
power_01,1,POWER,1,active,2145,20.291869,-15593.44500000,44184.69000000,23911.74000000,40951.08000000,35979.66000000,23477.04000000,17155.39500000,25607.29500000,57.78506176,25.07763666,21.24890426,59.41419188,57.34875575,67.68416917,6.57881445,-53.61649574,43.59425371
power_01,1,POWER,1,active,2146,20.293869,-15563.52000000,44182.53000000,23908.23000000,40973.13000000,35990.73000000,23451.03000000,17186.44500000,25660.21500000,-20.70376585,-27.12691340,-46.26560129,17.57183259,33.07836487,45.12836101,22.83691789,-13.36088246,28.25907992
power_01,1,POWER,1,active,2147,20.295869,-15564.69000000,44226.04500000,23971.99500000,41010.34500000,35983.03500000,23353.02000000,17072.46000000,25620.12000000,22.55275502,1.78449211,-10.19932017,4.31294539,2.77007163,-29.41554515,0.56164224,26.67861334,12.28442313
power_01,1,POWER,1,active,2148,20.297869,-15547.68000000,44253.36000000,24003.27000000,41014.30500000,35959.23000000,23325.43500000,17016.21000000,25633.26000000,33.55311486,55.64819069,69.58964045,23.43138727,-3.12477132,-54.99808880,-72.44812912,-23.13654853,41.99123388
power_01,1,POWER,1,active,2149,20.299869,-15595.87500000,44183.02500000,23920.69500000,40883.76000000,35826.97500000,23287.68000000,17110.48500000,25578.72000000,-23.84411207,-10.32500692,-5.81150780,-50.40480108,-57.30643416,-20.69165828,-12.77764621,-14.46426783,24.45317929
power_01,1,POWER,1,active,2150,20.301790,-15638.67000000,44151.52500000,23903.23500000,40856.53500000,35861.44500000,23396.85000000,17178.34500000,25500.82500000,-43.16502062,-59.81070201,-52.36020150,-99.91470364,-70.87735921,44.80812833,109.21080625,-41.90348367,65.25630065
power_01,1,POWER,1,active,2151,20.303790,-15560.41500000,44226.63000000,23971.36500000,40948.78500000,36008.01000000,23617.08000000,17191.17000000,25611.88500000,-44.33919593,-33.39834203,-17.83749891,-11.10284396,54.63679808,163.64386391,88.72502146,-25.42398435,54.88844358
power_01,1,POWER,1,active,2152,20.305790,-15520.77000000,44217.40500000,23971.45500000,40943.47500000,35971.60500000,23513.67000000,17181.67500000,25653.28500000,26.06068256,10.64318957,12.83467307,58.18525785,100.17654784,154.08207145,38.33932681,100.61838905,62.61751727
power_01,1,POWER,1,active,2153,20.307790,-15560.05500000,44185.09500000,23917.90500000,40940.10000000,35985.42000000,23505.66000000,17230.95000000,25621.02000000,1.55069671,-33.72717006,-46.65309145,-0.18744857,-14.69901749,-51.33602232,35.73663058,59.10615119,30.37452855
power_01,1,POWER,1,active,2154,20.309790,-15595.33500000,44201.43000000,23892.34500000,40921.11000000,35982.04500000,23525.23500000,17242.15500000,25592.89500000,-70.04844378,-53.26164552,-96.10983198,-34.63549948,-33.89709624,-74.16839844,33.64721900,-20.36147586,52.01620129
power_01,1,POWER,1,active,2155,20.311790,-15644.20500000,44155.35000000,23841.54000000,40857.39000000,35913.96000000,23453.59500000,17185.95000000,25659.94500000,-49.89888839,-13.79243053,-72.10289104,-51.75965714,-46.60248936,-49.65780925,-8.17108369,22.35217104,39.29217755
power_01,1,POWER,1,active,2156,20.313790,-15704.14500000,44125.38000000,23891.67000000,40867.42500000,35903.65500000,23421.01500000,17150.35500000,25682.31000000,-55.21981322,-37.73711883,-38.44143072,-75.25281182,-98.81557322,-137.95667693,-70.98487310,45.36448754,69.97159817
power_01,1,POWER,1,active,2157,20.315790,-15606.18000000,44162.32500000,23941.53000000,40937.13000000,35937.09000000,23407.87500000,17169.52500000,25632.85500000,3.87750481,1.01107512,51.59344143,11.64550174,-17.80721963,-77.03682324,-53.99529190,9.98335812,28.36877700
power_01,1,POWER,1,active,2158,20.317790,-15529.00500000,44223.66000000,23955.57000000,40980.60000000,35971.83000000,23437.80000000,17151.93000000,25611.70500000,120.87668058,81.37156118,93.02628831,81.09252452,44.34531640,-14.79463430,-25.85408290,-43.73908967,63.13752223
power_01,1,POWER,1,active,2159,20.319790,-15598.44000000,44197.15500000,23945.13000000,40957.33500000,35961.66000000,23461.74000000,17149.95000000,25575.57000000,82.14172132,67.66304009,54.85644093,58.03113548,41.94046443,12.02612340,-41.26962655,-45.34390645,50.40905733
power_01,1,POWER,1,active,2160,20.321790,-15675.61500000,44188.33500000,23948.01000000,40894.83000000,35899.56000000,23408.95500000,17152.60500000,25636.41000000,-41.22639864,16.45041832,44.49763995,13.31523075,16.73971756,30.52991687,-25.90583755,-13.64992928,25.28938611
power_01,1,POWER,1,active,2161,20.323790,-15638.98500000,44191.71000000,23915.56500000,40912.78500000,35922.64500000,23420.88000000,17192.88000000,25685.73000000,-43.31824445,-2.63018137,15.11821839,-8.55925219,-16.13963609,-16.80335132,3.62563622,31.41588497,17.20130062
power_01,1,POWER,1,active,2162,20.325790,-15532.29000000,44191.53000000,23893.15500000,40918.18500000,35937.13500000,23426.55000000,17188.02000000,25644.55500000,41.66017574,-4.16153209,-26.25225158,21.04514597,20.17710163,15.62462970,17.99245117,26.17172950,21.63562717
power_01,1,POWER,1,active,2163,20.327790,-15562.93500000,44150.89500000,23896.71000000,40898.92500000,35905.50000000,23362.78500000,17106.93000000,25544.70000000,51.84325694,-31.33923285,-31.19095448,6.01127811,5.64554657,7.57103896,-13.00408988,-69.66842290,27.03422759
power_01,1,POWER,1,active,2164,20.329790,-15646.59000000,44113.09500000,23870.92500000,40877.28000000,35898.48000000,23371.56000000,17084.29500000,25535.92500000,-39.53586124,-54.49653607,-30.52860137,-38.72097148,-39.74530831,-33.28732798,-47.61381241,-84.83087984,46.09491234
power_01,1,POWER,1,active,2165,20.331790,-15573.69000000,44148.06000000,23912.14500000,40961.07000000,35966.02500000,23393.61000000,17111.38500000,25623.13500000,-46.92261175,-24.51793166,-21.06311983,-8.76610064,6.12551666,31.10760283,7.80175093,7.75473541,19.25742122
power_01,1,POWER,1,active,2166,20.333790,-15518.34000000,44147.74500000,23875.29000000,40940.46000000,35952.48000000,23361.61500000,17074.12500000,25611.07500000,56.90893467,25.74422008,1.86532796,18.95102509,34.58645142,41.23340577,41.61898323,60.76835324,35.20958768
power_01,1,POWER,1,active,2167,20.335790,-15561.49500000,44189.10000000,23853.96000000,40949.82000000,35965.84500000,23374.71000000,17072.73000000,25648.47000000,39.58174241,42.41114891,-10.35672149,-13.36345938,10.41149566,19.80449558,12.07674837,38.91006800,23.36448497
power_01,1,POWER,1,active,2168,20.337790,-15571.80000000,44291.61000000,23962.81500000,40971.24000000,35938.30500000,23377.81500000,17144.55000000,25631.73000000,-31.54926739,78.88503717,30.05599132,-4.51121091,9.17856361,51.62064853,49.78235478,31.30385138,35.86086564
power_01,1,POWER,1,active,2169,20.339790,-15574.81500000,44256.55500000,24010.38000000,40955.58000000,35951.08500000,23524.47000000,17244.36000000,25633.80000000,-16.48891168,83.41523444,119.12794597,22.79915989,11.74296078,89.47995114,106.60630457,19.27435352,58.61685275
power_01,1,POWER,1,active,2170,20.341790,-15583.14000000,44247.51000000,24055.15500000,40963.99500000,35972.10000000,23528.16000000,17213.53500000,25591.63500000,-23.52751199,-15.91286315,85.73670351,2.28562002,19.97105047,113.55994607,70.26989346,-19.84051861,43.88801341
power_01,1,POWER,1,active,2171,20.343790,-15664.50000000,44122.68000000,23866.24500000,40848.39000000,35854.02000000,23354.64000000,17167.27500000,25543.89000000,-62.51336006,-83.53157947,-31.03892274,-23.15914466,-10.24247425,-21.98515871,-27.88238085,-38.23465351,37.32345928
power_01,1,POWER,1,active,2172,20.345790,-15575.89500000,44169.34500000,23892.70500000,40948.60500000,35980.87500000,23488.33500000,17161.38000000,25527.82500000,-46.27858925,-92.97915835,-117.48151592,-28.94141412,-40.47113040,-111.17135006,-64.05866612,-48.49167838,68.73418782
power_01,1,POWER,1,active,2173,20.347790,-15547.18500000,44163.49500000,23903.82000000,40964.44500000,36001.48500000,23514.93000000,17135.19000000,25604.50500000,31.48633171,-41.79199946,-62.93798252,37.35322290,46.54128803,30.47191052,-40.67402961,6.49206815,37.21860411
power_01,1,POWER,1,active,2174,20.349790,-15587.28000000,44127.63000000,23846.53500000,40900.99500000,35936.19000000,23451.66000000,17137.98000000,25633.75500000,24.26799914,-14.38818578,-24.26423608,10.82235638,4.87235046,-17.15695452,-39.70530143,66.91001483,25.29842483
power_01,1,POWER,1,active,2175,20.351790,-15551.41500000,44260.47000000,23933.07000000,40949.28000000,35957.38500000,23397.57000000,17168.17500000,25587.94500000,-17.46737354,-2.34633517,-54.47967519,-65.85794133,-87.15726730,-130.57735876,-7.45397341,22.91585137,48.53197201
power_01,1,POWER,1,active,2176,20.353790,-15553.80000000,44377.51500000,24098.04000000,41013.85500000,36001.80000000,23436.04500000,17124.34500000,25600.32000000,36.65393415,128.21107770,90.61089519,27.19618922,7.27024225,-49.35991290,5.98802466,-16.96391796,45.28177425
power_01,1,POWER,1,active,2177,20.355790,-15585.12000000,44280.13500000,24084.58500000,40993.20000000,35959.41000000,23383.35000000,17066.38500000,25676.37000000,17.73162854,82.66230953,125.45052684,31.09153302,7.42853028,-30.85222792,-51.50959067,28.70888224,46.92940363
power_01,1,POWER,1,active,2178,20.357790,-15653.29500000,44135.28000000,23896.71000000,40867.24500000,35858.74500000,23318.82000000,17155.53000000,25721.14500000,-34.49133710,-109.26708901,-61.52955254,-65.21757497,-62.92171683,-57.25758450,-24.28967213,64.89904077,59.98419598
power_01,1,POWER,1,active,2179,20.359790,-15604.78500000,44139.91500000,23868.49500000,40902.93000000,35926.47000000,23447.65500000,17246.02500000,25648.78500000,-5.68214264,-107.77709495,-130.21948869,-54.16714462,-23.96881153,4.31740175,73.43728302,4.82509709,50.54930804
power_01,1,POWER,1,active,2180,20.361790,-15537.10500000,44218.39500000,23943.78000000,40968.36000000,35996.53500000,23545.53000000,17234.95500000,25585.42500000,47.96085886,-0.42425762,-26.12384103,40.18121612,69.06922215,123.06395205,60.78243370,-79.93278144,55.94232037
power_01,1,POWER,1,active,2181,20.363790,-15488.10000000,44239.50000000,23972.49000000,40984.47000000,35984.79000000,23457.33000000,17205.75000000,25639.69500000,76.53578469,57.04955490,65.82293574,93.37426764,85.28920422,85.46051694,-20.42699255,-61.41327326,68.17156624
power_01,1,POWER,1,active,2182,20.365790,-15594.12000000,44237.70000000,23966.10000000,40939.78500000,35934.75000000,23357.16000000,17156.38500000,25650.09000000,-3.09151908,30.32032776,33.04295027,25.24015660,-9.05375124,-76.56199004,-48.96186806,6.55200943,29.10307156
power_01,1,POWER,1,active,2183,20.367790,-15755.62500000,44108.19000000,23822.82000000,40789.57500000,35800.38000000,23258.16000000,17086.86000000,25612.87500000,-129.68025777,-38.39765029,-41.76249073,-63.21108275,-79.13056397,-103.10561453,-66.48961811,-17.13691042,67.36427357
power_01,1,POWER,1,active,2184,20.369790,-15631.51500000,44144.77500000,23846.62500000,40806.36000000,35828.73000000,23306.76000000,17117.23500000,25589.43000000,-96.82996010,-64.92171828,-80.73967164,-98.96004669,-93.01234315,-51.91288714,-46.21333957,-51.69972131,73.03621099
power_01,1,POWER,1,active,2185,20.371790,-15579.76500000,44220.19500000,23935.63500000,40930.60500000,35992.08000000,23505.70500000,17126.95500000,25611.97500000,75.01835758,26.57954287,11.28029486,10.30284445,34.36447720,90.45187946,29.75392975,-16.90258591,36.83173901
power_01,1,POWER,1,active,2186,20.373790,-15595.06500000,44237.70000000,24001.60500000,40986.90000000,36019.66500000,23531.22000000,17078.31000000,25572.60000000,81.58634811,90.35259804,107.81826270,114.65365389,142.23001506,189.71066599,23.82776693,-2.82672531,94.12575450
power_01,1,POWER,1,active,2187,20.375790,-15557.80500000,44252.55000000,24023.83500000,41004.67500000,36002.43000000,23488.60500000,17125.92000000,25580.38500000,23.43170414,40.36971546,71.37450329,58.82689247,47.44244174,58.62158166,4.34954213,-8.51010840,39.11581116
power_01,1,POWER,1,active,2188,20.377790,-15532.11000000,44205.79500000,23968.84500000,40980.87000000,35981.46000000,23450.76000000,17213.94000000,25706.38500000,72.48002705,21.67472133,32.10232010,23.39572239,-0.56897770,-32.73491456,74.85213143,58.20670981,39.50194055
power_01,1,POWER,1,active,2189,20.379790,-15570.49500000,44163.49500000,23856.70500000,40953.37500000,35988.75000000,23493.55500000,17215.24500000,25720.11000000,21.38389266,-20.37438034,-45.15501756,-5.71541675,6.42437018,-15.10746142,77.40535565,116.30211562,38.48350127
power_01,1,POWER,1,active,2190,20.381790,-15646.63500000,44073.54000000,23760.76500000,40864.23000000,35890.11000000,23372.50500000,17153.10000000,25617.42000000,-59.90963245,-66.24392534,-105.19568240,-52.87799513,-40.67421832,-50.36355041,-13.56445778,16.13172994,50.62014897
power_01,1,POWER,1,active,2191,20.383790,-15641.14500000,44141.35500000,23837.44500000,40818.78000000,35832.82500000,23325.48000000,17143.92000000,25510.32000000,-65.02939914,-28.72792334,-31.76387272,-64.86178958,-82.89601583,-108.81903962,-51.07513922,-97.30994926,66.31039109
power_01,1,POWER,1,active,2192,20.385790,-15612.12000000,44208.04500000,23933.92500000,40875.57000000,35910.72000000,23440.14000000,17171.14500000,25571.61000000,-29.42000476,49.07574480,82.71429900,-25.75046721,-44.27606603,-42.10742060,-14.78707147,-56.31154062,43.05532681
power_01,1,POWER,1,active,2193,20.387790,-15615.94500000,44160.16500000,23900.58000000,40889.25000000,35937.49500000,23471.59500000,17175.82500000,25640.50500000,5.16764630,52.98956984,86.74727449,42.03420424,44.53432752,75.98750454,17.03090256,46.34270047,46.35426624
power_01,1,POWER,1,active,2194,20.389790,-15555.64500000,44163.72000000,23902.02000000,40920.66000000,35955.04500000,23452.15500000,17182.57500000,25654.54500000,6.62539405,-24.86157851,-5.10394233,26.46990988,26.09021556,26.40919495,13.40537423,68.76853301,24.71676782
power_01,1,POWER,1,active,2195,20.391790,-15601.63500000,44133.79500000,23874.21000000,40910.08500000,35939.20500000,23396.49000000,17139.37500000,25630.51500000,20.51575478,-18.37783234,-23.27008441,-0.16645920,-10.24429323,-39.05292793,-3.20363160,13.24719310,16.00977207
power_01,1,POWER,1,active,2196,20.393790,-15588.40500000,44192.07000000,23916.06000000,40946.98500000,35943.88500000,23334.88500000,17100.36000000,25595.86500000,-6.34875557,7.96989989,-11.50641719,0.89612132,-4.72639644,-48.62199563,-36.29195581,-22.86557562,17.40338968
power_01,1,POWER,1,active,2197,20.395790,-15602.35500000,44264.65500000,23980.23000000,40976.19000000,35981.28000000,23405.31000000,17113.72500000,25531.56000000,-8.94117955,43.56279788,18.45304461,4.94490825,1.12776282,-32.90216359,-38.40896641,-49.36073595,24.71269488
power_01,1,POWER,1,active,2198,20.397790,-15645.78000000,44266.00500000,24032.56500000,40968.58500000,35973.58500000,23485.68000000,17163.72000000,25586.82000000,0.83354439,71.69289972,68.22717260,17.32182396,31.59466400,76.24552360,10.97398569,-34.52371054,38.92666556
power_01,1,POWER,1,active,2199,20.399790,-15653.83500000,44214.43500000,23971.41000000,40928.62500000,35926.74000000,23449.90500000,17164.30500000,25646.98500000,-33.95404918,-14.78151131,16.11092371,-16.53382654,0.41019470,76.73841672,22.63233936,51.92700933,29.13603386
power_01,1,POWER,1,active,2200,20.401975,-15630.93000000,44151.12000000,23887.26000000,40881.51000000,35884.98000000,23389.60500000,17135.86500000,25609.41000000,5.86015112,-68.91714444,-67.26948040,-36.24451402,-35.64800525,-22.92138490,-11.55024666,52.42101200,37.60399235
power_01,1,POWER,1,active,2201,20.403975,-15608.34000000,44180.95500000,23931.31500000,40913.82000000,35929.30500000,23431.27500000,17153.46000000,25608.64500000,32.42492118,-56.50222175,-66.64909602,-11.01081409,-2.40990923,-17.54634680,-17.08936941,-10.13832135,26.72137498
power_01,1,POWER,1,active,2202,20.405975,-15569.86500000,44220.73500000,23948.91000000,40934.11500000,35956.03500000,23431.14000000,17210.83500000,25602.21000000,25.34312742,-11.38357720,-4.91786391,25.19658595,32.08621119,19.13759321,29.19628553,-1.87890749,18.64251899
power_01,1,POWER,1,active,2203,20.407975,-15543.85500000,44214.93000000,23932.62000000,40936.05000000,35970.88500000,23463.72000000,17229.64500000,25547.35500000,38.81609064,10.19637851,-12.68643870,23.33551880,26.02574405,11.34527076,57.73464744,-19.57304410,24.96414162
power_01,1,POWER,1,active,2204,20.409975,-15520.32000000,44256.64500000,24007.14000000,41021.59500000,36042.25500000,23493.60000000,17185.41000000,25601.40000000,18.44005008,-14.87052405,-28.40630442,10.54541692,14.86768543,16.41167902,16.92954963,-34.15720994,19.32855244
power_01,1,POWER,1,active,2205,20.411975,-15570.45000000,44182.71000000,23930.95500000,40957.24500000,35972.55000000,23391.13500000,17100.00000000,25695.76500000,-12.81856873,-17.81783576,-7.78409975,7.37218880,0.50372879,-16.94292523,-47.64231910,50.46620007,20.16848328
power_01,1,POWER,1,active,2206,20.413975,-15633.40500000,44153.14500000,23885.32500000,40870.57500000,35888.13000000,23317.02000000,16981.56000000,25651.93500000,-61.49995831,-60.51691797,-78.76237348,-88.80944769,-87.25899428,-103.95819968,-100.05729966,49.97656100,78.85496901
power_01,1,POWER,1,active,2207,20.415975,-15601.36500000,44217.13500000,23973.79500000,40920.66000000,35923.41000000,23401.62000000,17092.30500000,25638.79500000,-54.83813903,-25.47293469,-39.20812520,-92.54526800,-84.23079221,-49.91998778,-58.26242262,-38.65194804,55.39120220
power_01,1,POWER,1,active,2208,20.417975,-15618.06000000,44170.47000000,23919.21000000,40925.56500000,35914.95000000,23415.48000000,17206.47000000,25655.58000000,7.64425679,47.38251100,59.05714317,25.45484133,18.70997796,60.77266754,89.60978235,-27.73585641,42.04587957
power_01,1,POWER,1,active,2209,20.419975,-15609.10500000,44083.39500000,23811.79500000,40910.98500000,35913.33000000,23412.51000000,17192.38500000,25614.40500000,2.04366830,-27.84586313,-30.07818905,22.54603847,18.97181516,33.72306904,100.05076555,-15.13351578,31.29911556
power_01,1,POWER,1,active,2210,20.421975,-15574.14000000,44118.58500000,23847.43500000,40937.85000000,35948.61000000,23406.48000000,17148.37500000,25509.33000000,13.48740028,-25.07882466,-28.08087172,29.73274548,36.03484109,12.15141163,-16.08529617,-77.67977295,29.79139550
power_01,1,POWER,1,active,2211,20.423975,-15570.63000000,44270.10000000,23991.12000000,40940.19000000,35941.32000000,23389.87500000,17137.89000000,25515.36000000,36.20382069,104.48044824,118.81082539,70.70832966,64.23153246,16.95131452,-32.11451505,-75.40782461,64.86357633
power_01,1,POWER,1,active,2212,20.425975,-15645.69000000,44267.80500000,23942.07000000,40890.06000000,35914.32000000,23415.61500000,17183.16000000,25626.10500000,-25.51550168,128.76289187,124.38808817,18.37465969,6.44226060,0.96284233,2.03118824,31.75332527,42.27884473
power_01,1,POWER,1,active,2213,20.427975,-15717.24000000,44107.47000000,23825.74500000,40835.61000000,35887.54500000,23445.36000000,17195.53500000,25685.28000000,-77.49021959,-11.48218673,-17.76646871,-32.93552275,-23.35418563,29.71326272,29.64930840,110.60539534,41.62456873
power_01,1,POWER,1,active,2214,20.429975,-15622.83000000,44064.27000000,23826.19500000,40897.98000000,35945.14500000,23453.91000000,17191.89000000,25679.38500000,-26.38412345,-123.48508490,-80.99410256,-20.41261842,-7.55799937,28.80167911,28.49997856,67.98832293,48.01548866
power_01,1,POWER,1,active,2215,20.431975,-15609.55500000,44132.67000000,23863.14000000,40906.62000000,35959.54500000,23469.66000000,17161.60500000,25609.54500000,67.84335497,-33.57680606,-3.65831097,23.99503822,21.65873457,3.28438770,-8.31807604,-14.54021356,22.10936526
power_01,1,POWER,1,active,2216,20.433975,-15614.19000000,44266.23000000,23989.18500000,40934.79000000,35979.25500000,23451.70500000,17139.24000000,25584.84000000,55.65265124,88.70701656,62.89678119,20.25983483,21.37185097,-3.17645602,-25.45526124,-55.39429000,41.61426776
power_01,1,POWER,1,active,2217,20.435975,-15523.60500000,44316.27000000,24057.22500000,40995.90000000,36004.05000000,23423.22000000,17126.37000000,25650.63000000,48.28000967,114.95567108,105.95544008,24.84382975,12.62394651,-35.68064419,-37.38456129,-18.49432717,49.77730372
power_01,1,POWER,1,active,2218,20.437975,-15497.41500000,44300.88000000,24053.44500000,40995.49500000,35967.55500000,23373.99000000,17094.19500000,25591.50000000,101.49982330,62.30620455,76.78691224,52.38188634,14.22638390,-56.53455810,-43.11555289,19.99057487,53.35523702
power_01,1,POWER,1,active,2219,20.439975,-15602.22000000,44218.84500000,23972.31000000,40933.26000000,35917.11000000,23360.04000000,17107.29000000,25525.08000000,4.82559687,-40.37593548,-32.96871306,-9.60227300,-34.45935880,-49.79911805,-37.75384510,-43.81352486,31.69979565
power_01,1,POWER,1,active,2220,20.441975,-15622.42500000,44221.59000000,23987.38500000,40937.04000000,35938.12500000,23416.15500000,17144.64000000,25603.69500000,-91.66708736,-77.89956714,-64.61927604,-39.66289085,-33.88817380,-5.94206267,-1.08032752,-22.92687424,42.21078245
power_01,1,POWER,1,active,2221,20.443975,-15574.99500000,44189.73000000,23912.28000000,40933.35000000,35924.31000000,23365.75500000,17165.52000000,25677.18000000,-34.36362379,-58.02941590,-60.41874462,-1.56846161,6.10908025,26.00245211,36.50742405,90.33685240,39.16700684
power_01,1,POWER,1,active,2222,20.445975,-15586.69500000,44112.55500000,23809.32000000,40874.98500000,35899.56000000,23338.75500000,17165.29500000,25720.02000000,-6.94110061,-79.57374150,-115.17746616,-25.95044949,-21.82635524,-21.18788176,28.38637152,82.97024266,47.75170112
power_01,1,POWER,1,active,2223,20.447975,-15557.22000000,44205.70500000,23910.88500000,40931.14500000,35979.93000000,23455.12500000,17115.07500000,25625.88000000,-25.15059785,-59.43577346,-88.40970717,-36.21080756,-7.84861177,18.48868408,9.35717408,3.09606726,30.99967790
power_01,1,POWER,1,active,2224,20.449975,-15534.94500000,44301.60000000,24026.58000000,40980.15000000,36021.96000000,23516.46000000,17116.92000000,25529.80500000,-0.30814355,61.25483732,61.99705395,22.52858994,48.50529543,113.98105922,-3.16253550,-91.59698199,50.41681211
power_01,1,POWER,1,active,2225,20.451975,-15545.74500000,44265.73500000,24065.05500000,41012.23500000,36041.58000000,23521.95000000,17165.79000000,25534.26000000,0.99105531,61.89227094,87.35368182,26.29542895,25.67764121,65.48852888,32.58655598,-104.30076625,50.57324117
power_01,1,POWER,1,active,2226,20.453975,-15630.61500000,44115.66000000,23928.12000000,40933.39500000,35964.99000000,23458.36500000,17164.84500000,25538.98500000,-48.08044443,-73.90678492,-31.08124772,-36.84987781,-32.40060366,-16.34519686,57.79075036,-14.40021908,38.85689061
power_01,1,POWER,1,active,2227,20.455975,-15597.94500000,44122.09500000,23873.76000000,40943.88000000,35965.39500000,23468.71500000,17149.45500000,25633.44000000,-47.82099225,-96.28781475,-104.81431946,-65.32626715,-57.04481956,-42.57384990,5.87121827,38.94264403,57.33524067
power_01,1,POWER,1,active,2228,20.457975,-15591.19500000,44129.92500000,23793.61500000,40938.39000000,35968.00500000,23451.70500000,17145.76500000,25633.75500000,14.81066679,-3.62326985,-86.55540503,-25.97422294,-22.64182916,-36.18616549,-22.76955063,76.02779433,36.07361303
power_01,1,POWER,1,active,2229,20.459975,-15638.76000000,44177.26500000,23801.80500000,40848.70500000,35871.21000000,23340.46500000,17145.09000000,25636.45500000,15.08225524,57.19380427,-21.72857495,-16.15551074,-13.25267774,-58.42222835,-24.64120922,49.97793902,32.05677494
power_01,1,POWER,1,active,2230,20.461975,-15652.80000000,44208.72000000,23942.52000000,40910.31000000,35921.43000000,23382.72000000,17165.07000000,25570.89000000,-21.84946445,79.50765014,85.94357602,-17.32988014,-31.68879499,-81.00942599,-27.42320925,-15.95531435,45.08841442
power_01,1,POWER,1,active,2231,20.463975,-15568.02000000,44340.88500000,24101.82000000,40999.36500000,35996.22000000,23432.35500000,17184.82500000,25613.37000000,33.53449039,118.67624169,216.61334132,93.90186613,63.19511544,19.37713755,-5.09283451,-12.81903716,70.40125802
power_01,1,POWER,1,active,2232,20.465975,-15510.73500000,44314.78500000,24009.84000000,40932.72000000,35921.43000000,23348.70000000,17163.63000000,25731.58500000,90.29564272,104.74617920,152.23028108,95.27372294,64.82314546,26.97390844,-5.11605670,44.23294021,72.96148459
power_01,1,POWER,1,active,2233,20.467975,-15602.85000000,44134.06500000,23835.01500000,40857.03000000,35899.38000000,23420.97000000,17165.88000000,25710.34500000,27.78613122,-51.88274403,-78.15945471,-45.09127943,-49.84990961,-29.39730393,-15.47574579,68.79646188,45.80487883
power_01,1,POWER,1,active,2234,20.469975,-15647.04000000,44096.53500000,23782.72500000,40849.74000000,35903.07000000,23409.94500000,17127.00000000,25622.23500000,-63.15488627,-164.20369917,-160.60821387,-56.08190756,-23.19405230,47.75513716,-7.69144495,-45.78976788,71.05988864
power_01,1,POWER,1,active,2235,20.471975,-15614.19000000,44183.38500000,23865.03000000,40910.85000000,35947.89000000,23424.16500000,17108.01000000,25574.62500000,-35.37657466,-49.26315212,-58.44822562,-0.08975016,18.46619692,34.77451045,-16.94425493,-115.53187504,41.11181749
power_01,1,POWER,1,active,2236,20.473975,-15639.84000000,44208.49500000,23994.72000000,40934.29500000,35959.54500000,23432.13000000,17155.44000000,25626.10500000,19.08625158,50.58847284,66.59521258,31.27850424,25.64416136,8.85918914,5.55807160,-47.03623973,31.83076288
power_01,1,POWER,1,active,2237,20.475975,-15580.80000000,44266.18500000,24045.57000000,40969.62000000,35983.53000000,23453.28000000,17141.17500000,25663.18500000,16.29879590,37.79705860,109.91564046,41.08514666,45.31597866,51.42089387,36.90963129,11.40491101,43.76850706
power_01,1,POWER,1,active,2238,20.477975,-15572.20500000,44249.67000000,23953.81500000,40965.21000000,35958.33000000,23386.50000000,17127.85500000,25624.93500000,52.76390553,45.53004770,31.61445625,28.73846148,24.19228653,1.52704021,-4.81995561,14.06037332,25.40581583
power_01,1,POWER,1,active,2239,20.479975,-15642.22500000,44190.76500000,23926.14000000,40944.51000000,35953.92000000,23424.03000000,17128.08000000,25533.49500000,17.34286173,-9.83988399,-59.32233380,13.19951162,9.05011959,-14.55503761,-21.70388804,-47.69849267,24.08901613
power_01,1,POWER,1,active,2240,20.481975,-15604.38000000,44212.77000000,23970.55500000,40934.34000000,35944.56000000,23409.45000000,17168.76000000,25594.60500000,-39.20250059,-45.39441714,-22.61510888,-7.49705899,3.03653542,16.31828056,9.21938363,-40.05682564,22.91751386
power_01,1,POWER,1,active,2241,20.483975,-15562.44000000,44279.55000000,24024.73500000,40951.53000000,35956.84500000,23419.17000000,17196.21000000,25650.99000000,27.19961660,26.11784397,37.03283905,4.01579945,-0.19940862,-1.60128336,24.35778397,60.55575007,22.63504064
power_01,1,POWER,1,active,2242,20.485975,-15557.04000000,44247.42000000,23972.76000000,40960.53000000,36000.22500000,23495.40000000,17194.86000000,25639.24500000,25.56382118,25.52952141,1.16221341,12.69942308,8.52236104,12.07265012,25.97969271,63.44191938,21.87145029
power_01,1,POWER,1,active,2243,20.487975,-15468.79500000,44312.31000000,24029.86500000,41005.17000000,36035.23500000,23477.31000000,17170.33500000,25533.54000000,6.11092396,-10.08980151,-35.31070749,4.11949101,13.53208190,29.67212979,0.42409094,-21.16499730,15.05302799
power_01,1,POWER,1,active,2244,20.489975,-15451.92000000,44340.30000000,24073.78500000,41045.98500000,36064.98000000,23440.81500000,17128.57500000,25598.47500000,43.47562453,23.14289030,-2.11662131,10.97074423,-0.06443559,-38.62378286,-21.97894018,-29.28858395,21.20770287
power_01,1,POWER,1,active,2245,20.491975,-15624.04500000,44187.21000000,23934.10500000,40927.63500000,35922.69000000,23277.78000000,17052.57000000,25673.80500000,-62.22285794,-42.81436162,-49.68836123,-49.95514416,-69.90041162,-113.41506466,-43.02628138,61.86208900,61.61057145
power_01,1,POWER,1,active,2246,20.493975,-15753.10500000,44094.82500000,23818.18500000,40845.64500000,35857.35000000,23295.06000000,17066.88000000,25526.88000000,-189.23982813,-161.90112513,-174.08772250,-149.31193897,-148.38795848,-113.77017030,-42.81981217,34.38515237,126.73796350
power_01,1,POWER,1,active,2247,20.495975,-15660.13500000,44184.78000000,23903.95500000,40944.42000000,35983.30500000,23483.97000000,17148.42000000,25576.11000000,-95.96923960,-71.24046214,-97.67203224,-81.74143746,-54.44563770,38.47520968,34.15649290,-62.46211235,67.02032801
power_01,1,POWER,1,active,2248,20.497975,-15596.46000000,44211.28500000,23968.30500000,40938.48000000,35978.76000000,23511.33000000,17168.58000000,25772.62500000,69.00838183,66.35178244,73.90859017,46.77763046,85.09763833,170.28013086,73.33687853,79.08796026,82.98112411
power_01,1,POWER,1,active,2249,20.499975,-15590.65500000,44171.28000000,23948.10000000,40931.23500000,35963.37000000,23454.58500000,17168.49000000,25754.17500000,81.40845088,38.40028019,80.53241771,25.90089959,35.40719115,51.09226518,22.23706723,151.68445484,60.83287835
power_01,1,POWER,1,active,2250,20.502245,-15525.63000000,44239.68000000,24007.72500000,40998.06000000,36008.23500000,23461.24500000,17183.74500000,25695.72000000,55.86102411,32.12444980,63.42350015,43.29465957,25.64611368,-24.83245664,-2.24558100,-27.75954565,34.39841632
power_01,1,POWER,1,active,2251,20.504245,-15625.75500000,44138.83500000,23886.54000000,40891.99500000,35883.00000000,23271.79500000,17134.29000000,25593.03000000,38.11987312,48.47249148,52.71922210,63.29312716,29.30849616,-51.63107161,-16.26189475,-103.44830941,50.40681072
power_01,1,POWER,1,active,2252,20.506245,-15677.14500000,44053.83000000,23795.41500000,40846.41000000,35850.64500000,23296.95000000,17129.97000000,25595.23500000,-62.35572858,-48.57076559,-56.76867414,-44.57174820,-78.63797630,-132.64873846,-44.90482914,-100.76019975,71.15233252
power_01,1,POWER,1,active,2253,20.508245,-15652.57500000,44031.15000000,23774.62500000,40858.65000000,35927.14500000,23474.38500000,17171.91000000,25573.77000000,-49.60821395,-59.04914567,-67.28834376,-26.90580074,-15.57926574,28.50592435,-0.97748520,-72.41342675,40.04095077
power_01,1,POWER,1,active,2254,20.510245,-15547.99500000,44212.09500000,23975.50500000,40994.95500000,36049.45500000,23533.69500000,17170.56000000,25514.64000000,65.24490363,79.66153625,78.06484628,74.89152828,105.92164610,163.21536257,40.13261574,-38.79383001,80.74078361
power_01,1,POWER,1,active,2255,20.512245,-15514.69500000,44278.11000000,23989.23000000,41016.64500000,36055.93500000,23508.99000000,17155.30500000,25602.16500000,88.95900824,165.16741209,149.59595843,90.30820833,85.41699473,46.37974944,8.24220790,-23.46851621,82.19225692
power_01,1,POWER,1,active,2256,20.514245,-15588.54000000,44171.91000000,23839.47000000,40924.44000000,35970.61500000,23424.93000000,17098.15500000,25678.30500000,35.29491805,75.66802155,21.36825791,12.99941828,4.30701283,-33.40385012,-22.42491891,88.77291326,36.77991386
power_01,1,POWER,1,active,2257,20.516245,-15716.20500000,44108.14500000,23793.84000000,40876.60500000,35909.59500000,23349.28500000,17084.16000000,25682.58000000,-73.33626040,-71.65379677,-107.76212216,-88.23689998,-78.87140876,-85.40883804,-43.61190359,96.14499012,80.62827748
power_01,1,POWER,1,active,2258,20.518245,-15675.88500000,44205.12000000,23938.60500000,40915.53000000,35920.08000000,23356.62000000,17090.50500000,25592.17500000,-82.14245018,-28.19312261,7.10523928,-39.93103762,-52.07994571,-82.41440450,-31.54755273,-10.93612124,41.79373424
power_01,1,POWER,1,active,2259,20.520245,-15545.65500000,44284.32000000,24018.66000000,40949.68500000,35941.77000000,23400.49500000,17155.03500000,25541.50500000,52.08297680,72.71715238,129.36872775,37.75500095,16.00668551,13.01493193,15.47484491,-51.99172260,48.55150535
power_01,1,POWER,1,active,2260,20.522245,-15568.96500000,44260.38000000,23978.07000000,40918.68000000,35943.70500000,23463.85500000,17227.80000000,25595.95500000,83.45144277,30.40954940,61.69846110,23.38237481,24.43640569,56.01904525,52.97342586,-25.05877321,44.67868476
power_01,1,POWER,1,active,2261,20.524245,-15633.94500000,44212.23000000,23961.87000000,40874.13000000,35898.79500000,23402.74500000,17206.38000000,25707.69000000,-25.71384397,-50.67757277,-23.63122608,-8.53183584,5.74967894,38.26883194,47.35676231,77.18655696,34.63953860
power_01,1,POWER,1,active,2262,20.526245,-15584.08500000,44226.85500000,23940.58500000,40893.34500000,35925.34500000,23400.67500000,17126.14500000,25641.45000000,-47.74867191,-72.82133761,-47.78404072,-18.18652823,-14.94497355,-19.31516142,-31.21760676,77.00575065,41.12800886
power_01,1,POWER,1,active,2263,20.528245,-15507.31500000,44261.95500000,23965.60500000,40959.72000000,35994.51000000,23423.04000000,17115.21000000,25534.08000000,33.80392770,-36.25591670,-50.15058187,28.40514575,24.95742254,-14.40899122,-61.35623721,-56.15832088,38.18706798
power_01,1,POWER,1,active,2264,20.530245,-15534.72000000,44259.03000000,24022.35000000,40976.37000000,35982.40500000,23384.92500000,17111.38500000,25566.57000000,28.07633226,-24.02445442,-27.65842975,42.89865587,37.17753362,7.20958532,-7.72067140,-71.04699217,30.72658185
power_01,1,POWER,1,active,2265,20.532245,-15660.09000000,44144.23500000,23850.54000000,40885.78500000,35904.10500000,23328.76500000,17074.39500000,25679.88000000,-65.76911175,-79.02952943,-66.40277392,-32.18453352,-44.05656878,-49.86742688,0.33261153,41.31676484,47.36991508
power_01,1,POWER,1,active,2266,20.534245,-15675.75000000,44117.59500000,23719.63500000,40850.46000000,35912.65500000,23407.20000000,17088.57000000,25619.85000000,-99.81318801,-113.74539186,-192.64869531,-92.79626223,-64.81785775,-12.60229132,-3.67337221,53.93146979,79.25356606
power_01,1,POWER,1,active,2267,20.536245,-15600.55500000,44249.31000000,23961.82500000,40943.16000000,35991.22500000,23479.74000000,17159.35500000,25608.91500000,-8.34023056,-10.84844230,-71.71471671,-29.30465033,17.28461959,85.36081350,44.41233797,-33.84922654,37.63937969
power_01,1,POWER,1,active,2268,20.538245,-15663.42000000,44226.22500000,24070.27500000,40972.36500000,35998.69500000,23474.38500000,17235.63000000,25644.24000000,40.44211172,85.09201242,186.22320577,62.91670018,64.20368687,74.14567599,79.10303018,-17.40363350,76.19125708
power_01,1,POWER,1,active,2269,20.540245,-15702.93000000,44190.76500000,23994.85500000,40976.19000000,36007.29000000,23521.50000000,17233.06500000,25579.75500000,-30.80495725,10.98898315,104.63156158,41.66296594,32.15311097,30.80911502,47.75815103,2.80313550,37.70149755
power_01,1,POWER,1,active,2270,20.542245,-15621.79500000,44246.25000000,23967.40500000,40964.80500000,35991.27000000,23485.36500000,17186.22000000,25544.52000000,2.28033917,5.11325664,-36.11383802,10.72257185,7.43572114,14.34561809,-29.25788340,-60.79260811,20.75772955
power_01,1,POWER,1,active,2271,20.544245,-15484.32000000,44226.90000000,23917.54500000,40918.09500000,35952.30000000,23428.03500000,17163.63000000,25624.62000000,114.20932353,61.46374927,-13.22367062,-5.64020087,-21.55403603,-53.00131303,-72.10903508,-7.89386695,43.63689942
power_01,1,POWER,1,active,2272,20.546245,-15606.67500000,44126.82000000,23836.45500000,40834.53000000,35875.71000000,23345.41500000,17148.42000000,25680.33000000,64.87847557,-21.74055110,-58.36457066,-64.39996029,-76.25769838,-111.78207842,-52.03811652,80.01623275,66.18471046
power_01,1,POWER,1,active,2273,20.548245,-15596.59500000,44153.05500000,23861.29500000,40874.71500000,35908.60500000,23355.40500000,17156.88000000,25656.43500000,-54.32541435,-45.23374412,-53.21669648,-55.93874098,-68.63584901,-84.90045784,-22.21841056,42.17133708,53.33008130
power_01,1,POWER,1,active,2274,20.550245,-15550.42500000,44216.37000000,23933.65500000,40939.11000000,35980.11000000,23431.18500000,17178.12000000,25662.06000000,-10.52703112,49.26469892,48.21904759,26.39524930,10.37150638,-6.93362065,12.06856542,-7.04277406,21.35281168
power_01,1,POWER,1,active,2275,20.552245,-15616.08000000,44184.24000000,23908.68000000,40893.57000000,35934.12000000,23384.65500000,17126.14500000,25625.07000000,21.60150096,57.42967371,58.96421689,30.03466764,29.85869528,35.84115187,15.02208850,-22.09441186,33.85580084
power_01,1,POWER,1,active,2276,20.554245,-15637.86000000,44214.70500000,23952.51000000,40932.49500000,35955.85500000,23392.93500000,17087.13000000,25590.82500000,-56.77317591,15.94184052,25.30577445,-13.85525400,-12.87222105,-3.96508133,-31.11793802,-51.98979312,26.47763480
power_01,1,POWER,1,active,2277,20.556245,-15572.02500000,44274.33000000,24055.38000000,41020.29000000,36019.62000000,23434.11000000,17073.49500000,25578.18000000,-0.40083857,48.74551908,68.03363548,45.26787555,36.32583542,24.14171995,-32.83319876,-54.40999837,38.76982765
power_01,1,POWER,1,active,2278,20.558245,-15605.68500000,44216.95500000,24007.36500000,40988.79000000,35969.85000000,23363.05500000,17067.33000000,25568.50500000,42.21191426,37.17170639,68.42491687,65.67018411,58.13656604,43.26320580,-8.94076326,-22.38974030,43.27612463
power_01,1,POWER,1,active,2279,20.560245,-15597.04500000,44198.14500000,23911.02000000,40960.03500000,35971.92000000,23408.73000000,17125.15500000,25648.33500000,-22.28882324,-43.52468382,-54.25160083,-19.03115703,-9.79701240,-8.61007808,12.50970119,18.49411396,23.56339632
power_01,1,POWER,1,active,2280,20.562245,-15585.61500000,44235.94500000,23899.63500000,40932.94500000,35955.31500000,23408.82000000,17113.41000000,25689.33000000,-5.82672893,-20.58904576,-86.73140429,-28.48177297,3.68963449,41.54484035,43.86641857,73.34927156,38.00988962
power_01,1,POWER,1,active,2281,20.564245,-15614.50500000,44254.12500000,23981.17500000,40903.92000000,35919.99000000,23356.48500000,17134.74000000,25714.17000000,-11.00209430,22.44176512,6.06971244,-21.36904048,-4.01092126,23.48963870,29.94927089,65.03192411,22.92054591
power_01,1,POWER,1,active,2282,20.566245,-15625.21500000,44202.51000000,23924.56500000,40876.96500000,35916.12000000,23389.02000000,17181.90000000,25622.23500000,-46.80849931,-19.67193656,28.05409871,-39.11233959,-38.68450275,-27.01491463,44.96991866,-9.22280928,31.69237743
power_01,1,POWER,1,active,2283,20.568245,-15508.84500000,44290.71000000,23990.08500000,40968.63000000,36007.15500000,23478.34500000,17155.71000000,25567.65000000,17.64996864,-17.00640069,-2.85381358,9.49527781,20.15932814,57.71498634,62.93368361,-70.77280373,32.32328282
power_01,1,POWER,1,active,2284,20.570245,-15390.09000000,44370.67500000,24077.61000000,41035.18500000,36071.23500000,23529.96000000,17178.88500000,25662.37500000,108.34236973,54.35454777,48.45855808,68.34602117,64.86340428,77.13748009,17.48848548,-34.11532496,59.13827394
power_01,1,POWER,1,active,2285,20.572245,-15523.24500000,44255.38500000,23972.17500000,40944.55500000,35985.37500000,23441.17500000,17203.05000000,25671.10500000,52.72738157,8.35546852,25.54780263,16.47001460,9.29146669,-2.73213894,28.95200792,54.17135741,24.78095479
power_01,1,POWER,1,active,2286,20.574245,-15746.89500000,44079.12000000,23797.62000000,40815.18000000,35855.91000000,23334.93000000,17127.58500000,25565.35500000,-145.35331221,-155.95301254,-149.34026209,-114.18640533,-107.04101388,-102.94717760,-0.84221123,-13.71128752,98.67183530
power_01,1,POWER,1,active,2287,20.576245,-15733.84500000,44144.91000000,23897.74500000,40923.27000000,35974.89000000,23484.78000000,17142.57000000,25516.71000000,-172.64057499,-139.49197019,-128.38752823,-82.45661961,-77.06341930,-70.78489441,-74.11355698,-93.22982475,104.77104856
power_01,1,POWER,1,active,2288,20.578245,-15658.47000000,44230.09500000,24000.93000000,40973.17500000,36015.70500000,23511.28500000,17130.33000000,25559.91000000,10.64172916,39.11676478,69.37184591,70.72413590,76.94728831,72.01568925,-43.52884739,-18.94617458,50.16155941
power_01,1,POWER,1,active,2289,20.580245,-15561.18000000,44267.94000000,24014.43000000,40980.51000000,35981.14500000,23444.82000000,17125.02000000,25553.74500000,102.30834898,89.92190303,98.36784081,72.97768493,54.40769637,9.27540214,-44.28166981,33.76984675,63.16379910
power_01,1,POWER,1,active,2290,20.582245,-15509.11500000,44270.64000000,23971.90500000,40967.50500000,35946.22500000,23335.33500000,17128.39500000,25584.03000000,105.89591214,53.21258129,25.46859615,25.36248550,-21.92584736,-104.10771257,-54.73064509,35.58344126,53.28590267
power_01,1,POWER,1,active,2291,20.584245,-15556.36500000,44247.24000000,23962.27500000,40951.21500000,35949.55500000,23356.75500000,17102.65500000,25569.18000000,59.63591494,30.33084457,2.41528514,24.71056497,-0.52286340,-68.07660347,-20.79266462,45.13488705,31.45245352
power_01,1,POWER,1,active,2292,20.586245,-15630.48000000,44203.86000000,23949.27000000,40929.30000000,35984.52000000,23458.18500000,17128.93500000,25599.19500000,-51.23404617,-15.51420302,-3.61423671,-10.39328562,7.03490729,17.45768208,-14.58805039,38.40965034,19.78075770
power_01,1,POWER,1,active,2293,20.588245,-15647.80500000,44150.26500000,23867.91000000,40845.46500000,35906.80500000,23342.98500000,17124.03000000,25666.92000000,-70.03995214,-42.03639696,-28.55685268,-44.06364326,-9.64975078,41.04403654,26.17586853,57.03165085,39.82476897
power_01,1,POWER,1,active,2294,20.590245,-15658.24500000,44125.69500000,23850.63000000,40838.22000000,35898.48000000,23309.37000000,17087.31000000,25675.29000000,-23.53716824,-37.44990419,-57.00701131,-64.09936774,-52.67909634,-55.18012037,28.69969060,68.72624126,48.42232500
power_01,1,POWER,1,active,2295,20.592245,-15611.98500000,44173.35000000,23915.29500000,40937.80500000,35987.67000000,23411.65500000,17119.17000000,25607.56500000,15.44195204,3.70723665,-2.41948687,-1.22711447,-6.35619605,-1.09238873,13.71078075,-9.83610693,6.72390781
power_01,1,POWER,1,active,2296,20.594245,-15602.26500000,44207.68500000,23954.80500000,40990.86000000,36036.54000000,23484.96000000,17188.69500000,25660.98000000,59.68811650,63.30058632,66.48762279,85.22347155,84.20270460,129.96359243,75.05558217,-45.91239905,76.22925943
power_01,1,POWER,1,active,2297,20.596245,-15620.49000000,44141.35500000,23898.10500000,40921.15500000,35939.61000000,23378.40000000,17140.32000000,25669.17000000,41.50282710,34.10035295,24.08878258,24.90869959,16.04168773,43.78706492,54.61596838,1.72306717,30.09605630
power_01,1,POWER,1,active,2298,20.598245,-15640.47000000,44124.88500000,23875.51500000,40915.44000000,35936.05500000,23393.25000000,17080.51500000,25608.28500000,-0.69381271,-23.96515545,-27.20364080,-38.28409283,-47.61411802,-30.06658156,-44.01151662,-37.00728764,31.10577570
power_01,1,POWER,1,active,2299,20.600245,-15633.18000000,44178.21000000,23882.35500000,40917.55500000,35948.61000000,23421.46500000,17103.64500000,25607.79000000,-4.83020344,13.81938277,-6.31136690,-3.35576569,3.13967320,21.90483840,-53.73464250,-82.61469682,23.71382121
power_01,1,POWER,1,active,2300,20.602156,-15618.01500000,44300.88000000,23999.85000000,40953.06000000,35979.57000000,23454.09000000,17132.58000000,25549.56000000,-5.13395670,88.32734390,57.37304784,25.55271792,34.27910477,44.71569743,-1.20696469,-54.25126380,38.85501213
power_01,1,POWER,1,active,2301,20.604156,-15618.42000000,44275.68000000,24036.25500000,40961.16000000,35986.05000000,23417.50500000,17184.28500000,25585.65000000,-9.17728849,82.39513423,104.15819974,34.58885647,28.07240985,9.90670010,24.23810207,-45.75135765,42.28600608
power_01,1,POWER,1,active,2302,20.606156,-15631.83000000,44198.05500000,23939.14500000,40885.96500000,35917.83000000,23355.27000000,17160.52500000,25642.80000000,-22.78108233,-24.50909251,24.71438062,0.34082512,-8.12765197,-42.64573108,22.97766924,15.52900006,20.20317912
power_01,1,POWER,1,active,2303,20.608156,-15586.65000000,44193.06000000,23906.65500000,40909.95000000,35959.95000000,23398.42500000,17155.71000000,25672.99500000,-12.54108071,-81.07055774,-81.69378621,-44.67907357,-42.41700719,-49.91261499,-1.81390843,67.94134569,47.75867182
power_01,1,POWER,1,active,2304,20.610156,-15515.95500000,44231.98500000,23939.50500000,40962.37500000,36024.84000000,23454.99000000,17176.90500000,25733.97000000,42.56442318,-23.59596818,-46.22985663,5.40705844,15.05277396,16.18006578,-0.54631240,46.38142811,24.49473583
power_01,1,POWER,1,active,2305,20.612156,-15539.98500000,44235.36000000,23942.38500000,40985.28000000,36059.53500000,23491.08000000,17145.27000000,25691.35500000,44.36151901,-2.70091874,-8.22266817,30.71203376,45.97715140,40.01367743,11.99084444,37.69784234,27.70958191
power_01,1,POWER,1,active,2306,20.614156,-15650.46000000,44156.25000000,23890.32000000,40935.01500000,35985.19500000,23421.33000000,17073.45000000,25583.80500000,-43.82615555,-47.60455005,-48.71339263,-29.16319914,-22.67543456,-16.95369015,-43.91342437,-49.77255208,37.82779982
power_01,1,POWER,1,active,2307,20.616156,-15667.38000000,44127.58500000,23883.48000000,40909.00500000,35931.87000000,23394.37500000,17094.19500000,25566.48000000,-88.13909219,-80.04438103,-59.42509098,-59.42536396,-73.70335876,-62.24102067,-55.46406790,-99.21409421,72.20705871
power_01,1,POWER,1,active,2308,20.618156,-15620.04000000,44227.98000000,23990.31000000,40956.25500000,35950.27500000,23399.73000000,17129.29500000,25608.51000000,-20.24280115,-20.05814033,3.86499092,-29.11147173,-52.55866997,-45.17261476,7.06929521,-7.91077631,23.24859505
power_01,1,POWER,1,active,2309,20.620156,-15563.83500000,44290.84500000,24012.85500000,41023.17000000,36058.41000000,23494.99500000,17206.11000000,25504.33500000,39.78234092,75.69284902,70.34908748,43.59258470,41.62637778,27.80025176,38.90747248,-1.40265087,42.39420188
power_01,1,POWER,1,active,2310,20.622156,-15516.99000000,44300.07000000,24038.41500000,41050.35000000,36109.89000000,23561.50500000,17248.32000000,25647.79500000,42.26637932,54.23998243,42.46853259,67.65900632,99.62783568,81.49260578,53.07806254,-1.40640971,55.27985180
power_01,1,POWER,1,active,2311,20.624156,-15484.14000000,44279.28000000,24028.65000000,41028.70500000,36061.92000000,23485.18500000,17221.63500000,25847.77500000,33.20088265,-2.06726219,9.73529219,24.27521921,37.81637386,33.82029501,22.05216551,159.52569996,40.31164882
power_01,1,POWER,1,active,2312,20.626156,-15613.47000000,44102.07000000,23835.55500000,40839.79500000,35880.25500000,23336.73000000,17108.01000000,25640.01000000,-37.34008932,-69.97928138,-57.22105368,-68.51775992,-92.29122031,-98.88963136,-65.70199165,114.26389615,75.52561547
power_01,1,POWER,1,active,2313,20.628156,-15731.73000000,44028.13500000,23740.24500000,40757.94000000,35827.24500000,23304.60000000,17091.58500000,25544.16000000,-141.59012165,-148.89139526,-167.69809986,-161.34256756,-163.07676948,-138.48677174,-91.08623239,-148.59096267,145.09536508
power_01,1,POWER,1,active,2314,20.630156,-15639.52500000,44169.75000000,23849.19000000,40840.33500000,35924.98500000,23397.57000000,17138.65500000,25584.79500000,-80.78856248,-25.50702463,-56.83048642,-68.12617303,-51.36385359,-20.84083428,-10.74237553,-97.43478658,51.45426207
power_01,1,POWER,1,active,2315,20.632156,-15648.30000000,44256.87000000,23960.43000000,40912.15500000,35992.30500000,23449.09500000,17150.58000000,25597.93500000,61.96033577,148.55422238,124.85860867,82.48546317,85.78264504,76.93013972,52.59968563,37.04577184,83.77710903
power_01,1,POWER,1,active,2316,20.634156,-15657.70500000,44228.38500000,23924.43000000,40913.01000000,35976.24000000,23411.61000000,17129.47500000,25631.82000000,47.67626317,101.45050958,99.18217653,75.23981372,70.99902999,54.22886804,28.19911141,10.91465250,60.98630312
power_01,1,POWER,1,active,2317,20.636156,-15593.89500000,44290.89000000,24029.05500000,40970.07000000,35993.65500000,23407.33500000,17104.86000000,25597.03500000,50.73797556,38.28256254,53.22410081,57.53846397,36.50778685,6.65896603,-2.08905671,37.86184524,35.36259471
power_01,1,POWER,1,active,2318,20.638156,-15541.15500000,44345.34000000,24114.96000000,40998.33000000,35994.96000000,23399.46000000,17105.53500000,25558.83000000,115.12628349,68.94981506,103.49170950,79.69756851,47.67687501,16.60764239,-7.90537912,-3.17252466,55.32847472
power_01,1,POWER,1,active,2319,20.640156,-15637.32000000,44232.70500000,23988.28500000,40930.29000000,35952.97500000,23399.68500000,17085.15000000,25606.39500000,32.11653575,-2.15097618,34.23701348,28.66419780,19.67906081,22.73676068,-12.23577421,-15.21354474,20.87923296
power_01,1,POWER,1,active,2320,20.642156,-15629.22000000,44220.91500000,23929.60500000,40886.68500000,35918.28000000,23367.01500000,17116.33500000,25704.40500000,-51.62956995,-100.32559655,-114.59480045,-38.57467652,-17.78581192,8.40425672,-1.83054526,75.45970706,51.07562055
power_01,1,POWER,1,active,2321,20.644156,-15629.35500000,44201.47500000,23886.85500000,40850.14500000,35888.08500000,23342.26500000,17153.82000000,25617.96000000,-19.94015969,-58.88575805,-91.98647790,-35.28357599,-20.28918873,-1.51868677,32.36576424,36.59768916,37.10841257
power_01,1,POWER,1,active,2322,20.646156,-15620.67000000,44211.10500000,23929.06500000,40909.14000000,35946.31500000,23391.40500000,17138.88000000,25557.70500000,-6.31060858,-19.85446940,-22.98758100,5.00601019,5.43213885,12.23421281,42.00223899,-68.96167886,22.84861734
power_01,1,POWER,1,active,2323,20.648156,-15617.25000000,44224.33500000,23954.26500000,40938.88500000,35982.76500000,23410.84500000,17134.33500000,25561.08000000,-9.52267443,-10.27315611,13.07594172,45.49829456,47.02802058,49.93469323,12.35425683,-65.90907615,31.69951420
power_01,1,POWER,1,active,2324,20.650156,-15579.13500000,44231.22000000,23959.75500000,40949.37000000,35971.69500000,23341.63500000,17078.71500000,25636.99500000,21.06318059,24.48587790,39.68373631,35.08179306,29.21328459,6.82160621,-2.22136067,17.06629488,21.95464178
power_01,1,POWER,1,active,2325,20.652156,-15566.89500000,44211.37500000,23946.88500000,40944.42000000,35966.29500000,23358.55500000,17083.03500000,25618.68000000,33.83719107,3.05171337,-3.72297681,-15.11301695,-22.90188042,-45.12818672,-12.21727229,42.32634831,22.28732324
power_01,1,POWER,1,active,2326,20.654156,-15630.12000000,44179.47000000,23930.46000000,40918.00500000,35970.25500000,23396.31000000,17091.63000000,25587.85500000,-1.54633316,-21.66333846,-23.20697076,-40.21255445,-21.74871766,6.78888100,3.28436370,-2.14225395,15.07417664
power_01,1,POWER,1,active,2327,20.656156,-15634.93500000,44183.07000000,23928.25500000,40920.93000000,35947.89000000,23342.80500000,17099.32500000,25575.93000000,-41.59927062,-18.56449500,-25.50609110,-55.37464976,-23.91821751,6.50751690,19.95296708,-22.32238903,26.71819963
power_01,1,POWER,1,active,2328,20.658156,-15669.22500000,44121.37500000,23888.74500000,40916.20500000,35940.28500000,23371.83000000,17119.03500000,25568.59500000,-34.99187736,-23.54602302,-34.07927823,-38.04469999,-32.60368509,-31.24888495,0.33212097,-9.37272336,25.52741162
power_01,1,POWER,1,active,2329,20.660156,-15622.92000000,44098.51500000,23847.21000000,40940.01000000,35994.10500000,23462.01000000,17177.22000000,25675.15500000,-14.95529388,-31.21224828,-32.27863495,-4.72642935,6.68396358,39.56787130,16.42836150,24.63697513,21.31122225
power_01,1,POWER,1,active,2330,20.662156,-15588.13500000,44075.20500000,23756.13000000,40901.76000000,35975.20500000,23484.06000000,17200.39500000,25708.72500000,13.57462112,-12.03571909,-43.89379383,0.80091999,30.58960262,74.87983492,24.82858830,69.80808939,33.80139616
power_01,1,POWER,1,active,2331,20.664156,-15577.74000000,44230.41000000,23886.45000000,40936.32000000,36010.80000000,23500.03500000,17212.54500000,25678.12500000,27.10522965,75.72623422,22.47920299,9.19421860,9.85561349,17.55915212,-4.18984929,20.84375023,23.36915632
power_01,1,POWER,1,active,2332,20.666156,-15538.50000000,44439.75000000,24152.67000000,40956.03000000,36005.35500000,23468.98500000,17200.62000000,25676.59500000,5.80801797,203.42199817,207.68793173,36.33231671,7.22101720,-18.66895833,-21.23315388,-48.87447836,68.65598405
power_01,1,POWER,1,active,2333,20.668156,-15576.84000000,44309.16000000,24050.07000000,40906.08000000,35968.90500000,23429.16000000,17136.45000000,25622.91000000,3.54560013,156.71097746,215.91531834,18.99325495,-19.94825961,-64.24821801,-50.19785097,-45.21381829,71.84666222
power_01,1,POWER,1,active,2334,20.670156,-15638.80500000,44227.71000000,23970.46500000,40880.88000000,35934.93000000,23369.53500000,17068.00500000,25521.48000000,-42.37733536,-79.73935675,-40.04423582,-42.89463763,-69.15259083,-101.78789147,-83.65046066,-92.12510996,68.97145231
power_01,1,POWER,1,active,2335,20.672156,-15574.54500000,44256.78000000,24003.81000000,40965.21000000,36005.31000000,23403.51000000,17111.61000000,25555.90500000,-37.58934254,-104.90943343,-95.05344903,-9.72870428,-29.04278768,-72.18971887,-47.83729519,-83.46968954,59.97755257
power_01,1,POWER,1,active,2336,20.674156,-15526.98000000,44280.76500000,24031.30500000,41042.07000000,36076.50000000,23445.63000000,17122.77000000,25568.23500000,58.44736281,-13.85268680,-12.07008963,62.85081843,44.05952020,-7.37563277,24.71512363,22.07056580,30.68022501
power_01,1,POWER,1,active,2337,20.676156,-15563.07000000,44230.23000000,23992.60500000,41020.11000000,36056.88000000,23457.42000000,17061.30000000,25622.68500000,34.52575477,-67.25287964,-72.64167965,33.25950766,39.56113575,25.60616618,3.26259192,52.30392211,41.05170471
power_01,1,POWER,1,active,2338,20.678156,-15562.44000000,44274.01500000,24004.84500000,41005.62000000,36027.94500000,23453.14500000,17114.44500000,25650.76500000,-25.23455011,-63.36896223,-77.02420210,-27.53482530,-16.71726971,7.97976542,-21.85247575,64.17611872,37.98602117
power_01,1,POWER,1,active,2339,20.680156,-15554.52000000,44289.22500000,24006.55500000,41025.19500000,36050.89500000,23486.44500000,17232.16500000,25682.22000000,-9.70043724,-13.11207967,-40.54544475,-23.68361416,-18.45339441,16.29834037,68.22752527,67.19329746,32.15176667
power_01,1,POWER,1,active,2340,20.682156,-15612.66000000,44248.68000000,23952.19500000,40910.31000000,35940.73500000,23369.94000000,17190.04500000,25688.43000000,-33.88257685,-30.68233383,-50.09189104,-33.85789993,-20.63244908,-2.31986555,76.54107925,27.81451482,34.47782629
power_01,1,POWER,1,active,2341,20.684156,-15674.08500000,44217.18000000,23976.40500000,40897.75500000,35934.30000000,23358.37500000,17118.40500000,25632.04500000,-80.40349081,-56.59618572,-38.14849008,-78.86964353,-68.93131106,-58.83359181,-38.17332219,-9.38406774,53.66751286
power_01,1,POWER,1,active,2342,20.686156,-15644.43000000,44187.07500000,23933.11500000,40891.00500000,35941.41000000,23393.83500000,17122.77000000,25564.72500000,-48.71495276,-43.73932118,-7.03130987,-25.65455499,-17.87885351,2.82461469,-49.38517423,-67.37849426,32.82590944
power_01,1,POWER,1,active,2343,20.688156,-15621.12000000,44162.50500000,23872.63500000,40857.66000000,35929.30500000,23405.31000000,17154.40500000,25632.31500000,26.96479306,-19.76941713,-21.98569174,11.24319761,26.14885416,66.59835829,21.21886055,-42.73993344,29.58363825
power_01,1,POWER,1,active,2344,20.690156,-15673.81500000,44174.74500000,23885.14500000,40880.92500000,35960.67000000,23423.49000000,17137.39500000,25664.26500000,32.86061844,6.71917201,-26.03325185,-8.16841935,8.54780185,40.44940453,34.30679355,49.19426231,25.78496549
power_01,1,POWER,1,active,2345,20.692156,-15701.76000000,44182.66500000,23918.22000000,40917.15000000,35985.78000000,23442.43500000,17122.81500000,25651.21500000,0.60810636,49.17103009,46.77164287,45.31791667,51.15319373,49.02239223,14.33591585,34.44762637,36.35347802
power_01,1,POWER,1,active,2346,20.694156,-15613.47000000,44219.43000000,23952.78000000,40950.18000000,36005.31000000,23413.95000000,17100.85500000,25661.92500000,53.20825749,66.40808729,72.45534058,59.05585020,51.73346904,27.85292664,0.49451204,-0.88260822,41.51138144
power_01,1,POWER,1,active,2347,20.696156,-15550.15500000,44252.01000000,23998.00500000,40955.58000000,35984.29500000,23316.03000000,17087.22000000,25645.95000000,123.86086819,76.62003072,72.84591531,36.64112494,22.36912106,-44.00353751,-13.13549224,3.65542665,49.14143958
power_01,1,POWER,1,active,2348,20.698156,-15600.19500000,44234.46000000,23997.78000000,40945.77000000,35947.75500000,23301.63000000,17057.97000000,25564.90500000,72.97993078,59.20732556,72.72709576,28.57544167,5.79465067,-62.31645987,-27.94077907,-46.10606222,46.95596820
power_01,1,POWER,1,active,2349,20.700156,-15612.48000000,44252.82000000,24010.96500000,40977.13500000,35997.07500000,23444.86500000,17122.32000000,25547.58000000,-16.83355201,16.07101429,31.29514616,17.55655014,3.86406754,30.01511189,-10.71566061,-77.18509883,25.44202518
power_01,1,POWER,1,active,2350,20.702756,-15571.66500000,44262.27000000,23973.25500000,40976.95500000,36017.68500000,23477.53500000,17211.87000000,25652.88000000,-10.78977490,18.70052849,8.76038541,38.51252258,53.85326621,124.29953309,55.00803063,3.90546876,39.22868876
power_01,1,POWER,1,active,2351,20.704756,-15602.35500000,44193.73500000,23869.44000000,40886.82000000,35935.69500000,23382.54000000,17160.88500000,25626.19500000,-5.14524841,-11.57020202,-45.50518909,-5.00187006,11.76198761,31.83122355,51.14358119,62.01608360,27.99692319
power_01,1,POWER,1,active,2352,20.706756,-15643.57500000,44185.90500000,23889.28500000,40890.78000000,35961.30000000,23393.20500000,17120.61000000,25602.39000000,-60.89128929,-58.11769691,-71.55020499,-54.82888434,-48.75431699,-55.06660908,-35.22608937,3.80480074,48.52998646
power_01,1,POWER,1,active,2353,20.708756,-15642.63000000,44176.90500000,23909.17500000,40903.42500000,35968.18500000,23381.68500000,17114.35500000,25673.62500000,-60.07388832,-24.71012250,6.70933165,-7.19622932,-1.53637794,-9.21059367,-33.81023535,11.77534632,19.37776563
power_01,1,POWER,1,active,2354,20.710756,-15615.18000000,44193.82500000,23908.23000000,40838.22000000,35886.37500000,23315.80500000,17108.23500000,25630.15500000,-11.19287492,-0.65624281,22.16077681,-19.63303252,-32.85202126,-38.87093712,6.30541132,55.06399908,23.34191198
power_01,1,POWER,1,active,2355,20.712756,-15586.56000000,44243.91000000,23978.25000000,40925.43000000,35981.82000000,23416.24500000,17144.32500000,25464.19500000,15.48174477,16.58810093,13.39103802,-40.20241297,-54.79704284,-38.35320667,12.35249254,-60.02349896,31.39869221
power_01,1,POWER,1,active,2356,20.714756,-15532.96500000,44305.33500000,24072.43500000,41060.74500000,36097.60500000,23496.34500000,17150.22000000,25444.84500000,36.84420082,56.43359447,72.17477279,68.26408660,71.04653983,71.78079319,33.97954949,-115.56096946,65.76056333
power_01,1,POWER,1,active,2357,20.716756,-15524.73000000,44287.24500000,24042.96000000,41058.27000000,36082.84500000,23471.10000000,17090.73000000,25677.09000000,36.35336868,28.26478788,43.17858936,83.39990111,77.39681236,47.03572323,-10.19433167,58.89487824,48.08979907
power_01,1,POWER,1,active,2358,20.718756,-15552.90000000,44227.03500000,23968.75500000,41008.23000000,36033.48000000,23422.81500000,17040.55500000,25719.70500000,-9.94313380,-44.93192355,-62.57209802,-32.48253863,-34.04588099,-51.54901878,-77.51332187,180.74740642,61.72316526
power_01,1,POWER,1,active,2359,20.720756,-15565.23000000,44274.01500000,23988.42000000,41022.85500000,36066.78000000,23497.33500000,17128.53000000,25708.18500000,-48.54039109,-56.25505150,-79.38812230,-51.51993000,-34.84293259,-31.45368735,-35.08636914,71.04833552,51.01685244
power_01,1,POWER,1,active,2360,20.722756,-15677.32500000,44173.93500000,23865.57000000,40850.01000000,35899.33500000,23344.83000000,17184.42000000,25726.77000000,-76.83054374,-38.83077639,-62.32265889,-68.09665336,-54.10531924,-34.84431228,45.73088452,-15.82342723,49.57307196
power_01,1,POWER,1,active,2361,20.724756,-15719.13000000,44110.53000000,23809.90500000,40812.88500000,35889.75000000,23391.18000000,17174.38500000,25607.47500000,-110.99456008,-90.65400562,-103.05180408,-131.22811434,-121.21114061,-91.47142158,37.70440673,-43.30354476,91.20237472
power_01,1,POWER,1,active,2362,20.726756,-15626.52000000,44162.64000000,23854.05000000,40898.52000000,35975.43000000,23423.49000000,17138.65500000,25562.74500000,-28.42808556,-54.16728898,-42.64002908,-22.94007882,-17.97992309,-5.26633945,-15.61056075,-133.86740315,40.11246361
power_01,1,POWER,1,active,2363,20.728756,-15560.86500000,44183.43000000,23896.03500000,40927.18500000,35978.89500000,23344.33500000,17144.01000000,25660.30500000,97.14627991,60.03424868,72.20411861,94.45824752,75.44372591,24.84337185,-12.65765525,-57.82022492,61.82598408
power_01,1,POWER,1,active,2364,20.730756,-15588.85500000,44180.73000000,23955.84000000,40882.09500000,35945.91000000,23364.09000000,17139.42000000,25683.03000000,72.57362997,43.17968847,77.33271644,27.31218814,-0.67566826,-51.55908726,9.44931034,61.01607487,42.88729547
power_01,1,POWER,1,active,2365,20.732756,-15679.89000000,44196.93000000,23997.51000000,40905.00000000,35992.53000000,23466.96000000,17132.35500000,25581.28500000,-9.36031597,30.37224083,81.74434697,-6.37069671,-0.72098097,49.42054856,8.61508091,-19.04941809,25.70670363
power_01,1,POWER,1,active,2366,20.734756,-15632.73000000,44292.55500000,24013.84500000,40975.92000000,36049.09500000,23494.00500000,17114.62500000,25550.14500000,-15.75477410,73.73662882,59.86492652,38.89420271,55.50558077,101.83606132,-1.87336377,-75.68158939,52.89339093
power_01,1,POWER,1,active,2367,20.736756,-15590.20500000,44280.49500000,23973.34500000,40983.03000000,36037.66500000,23466.37500000,17109.18000000,25579.93500000,49.98980887,66.60720768,-8.82860787,47.45444305,39.95042655,17.62212042,-14.20384109,-22.53264080,33.39863704
power_01,1,POWER,1,active,2368,20.738756,-15647.71500000,44234.82000000,23934.73500000,40924.93500000,35973.18000000,23403.46500000,17134.92000000,25674.34500000,44.69158428,-1.71563283,-43.74181425,1.54448854,-7.47767827,-24.13250939,-9.62572324,46.49826337,22.42846177
power_01,1,POWER,1,active,2369,20.740756,-15674.85000000,44239.63500000,23975.14500000,40946.94000000,35974.35000000,23366.43000000,17132.85000000,25664.31000000,-30.72010731,-46.66920904,-32.81065668,-20.95617948,-30.61916086,-58.43806873,-2.41082573,66.74563586,36.17123046
power_01,1,POWER,1,active,2370,20.742756,-15634.39500000,44161.33500000,23909.44500000,40933.89000000,35962.02000000,23349.42000000,17105.40000000,25619.98500000,0.34801755,-36.93758454,-2.46183273,23.72005775,5.83061748,-38.30479101,-23.47104727,2.84144090,16.73942365
power_01,1,POWER,1,active,2371,20.744756,-15583.59000000,44159.67000000,23929.38000000,40940.59500000,35966.79000000,23365.93500000,17126.55000000,25639.38000000,51.83012484,-59.05386648,-20.82477978,26.15742589,17.56231245,7.59736566,-23.53509618,-23.02898739,28.69874484
power_01,1,POWER,1,active,2372,20.746756,-15557.22000000,44221.90500000,24027.12000000,40997.97000000,36039.10500000,23454.58500000,17172.90000000,25599.55500000,43.75226755,-5.16701008,30.63639281,32.00194041,32.59195240,53.52888599,29.66342138,6.54461867,29.23581116
power_01,1,POWER,1,active,2373,20.748756,-15617.97000000,44249.44500000,23932.57500000,40972.36500000,36053.59500000,23499.94500000,17180.14500000,25597.48500000,3.88068084,65.11374452,50.52869519,40.84372389,60.21355091,99.68668846,54.37946652,-9.97141957,48.07724624
power_01,1,POWER,1,active,2374,20.750756,-15660.49500000,44200.17000000,23807.43000000,40920.70500000,36034.33500000,23489.46000000,17165.47500000,25648.56000000,-62.37093997,5.44933782,-105.13747353,-46.93733888,-1.73715478,50.13448963,28.85638028,20.42236838,40.13068541
power_01,1,POWER,1,active,2375,20.752756,-15611.80500000,44212.68000000,23884.24500000,40834.89000000,35946.45000000,23403.15000000,17143.29000000,25660.53000000,-40.94071478,-26.85701741,-97.15345701,-109.45292791,-74.84020228,-40.92079927,5.55099599,64.44191418,57.51975360
power_01,1,POWER,1,active,2376,20.754756,-15602.22000000,44207.91000000,23983.15500000,40872.78000000,35927.01000000,23353.06500000,17102.20500000,25601.94000000,18.87903201,-7.65290233,60.67066752,-87.36259606,-94.47256004,-91.50714712,-19.05006402,3.00439230,47.82492018
power_01,1,POWER,1,active,2377,20.756756,-15636.87000000,44224.78500000,23987.83500000,40912.11000000,35962.42500000,23387.67000000,17121.51000000,25623.49500000,-9.87909575,-6.29061431,69.56801077,-12.54583883,-44.05654435,-62.38972323,-28.71928414,-31.21511302,33.08302805
power_01,1,POWER,1,active,2378,20.758756,-15649.83000000,44238.87000000,23978.11500000,40927.59000000,35983.89000000,23423.26500000,17123.76000000,25601.08500000,-35.91726772,6.75534685,19.38773272,41.37880411,33.11790412,17.84351991,-7.89102723,-10.65099362,21.61782454
power_01,1,POWER,1,active,2379,20.760756,-15630.16500000,44251.60500000,23962.81500000,40934.52000000,35987.76000000,23404.86000000,17118.85500000,25577.82000000,-9.52840253,18.59336466,7.85130687,34.22001569,39.79071355,25.91280490,-14.04269242,-32.17451653,22.76422715
power_01,1,POWER,1,active,2380,20.762756,-15591.19500000,44251.51500000,23977.35000000,40935.06000000,35982.18000000,23406.34500000,17140.86000000,25610.31000000,17.04191526,12.67248710,8.24867832,47.91623793,35.27599318,3.84191793,-19.39876666,-24.72587499,21.14023392
power_01,1,POWER,1,active,2381,20.764756,-15587.05500000,44215.60500000,23929.29000000,40917.19500000,35963.91000000,23376.19500000,17140.77000000,25649.01000000,24.96621774,-4.84904038,4.05687411,40.61715926,27.05660604,7.13380338,5.17338117,32.25900623,18.26401104
power_01,1,POWER,1,active,2382,20.766756,-15558.43500000,44211.91500000,23923.93500000,40963.86000000,36013.45500000,23382.81000000,17102.97000000,25600.77000000,13.31106995,-22.17271140,-19.74596539,31.83018529,19.21593144,-3.64021781,-8.06882289,21.02958976,17.37681174
power_01,1,POWER,1,active,2383,20.768756,-15554.29500000,44153.50500000,23863.32000000,40937.71500000,36009.58500000,23355.18000000,17060.71500000,25603.42500000,9.61241779,-29.27856969,-33.21086881,37.91991362,33.96263641,-3.62109143,-26.49055389,-15.16517542,23.65765338
power_01,1,POWER,1,active,2384,20.770756,-15566.58000000,44197.15500000,23880.46500000,40915.84500000,35985.24000000,23347.03500000,17072.05500000,25666.11000000,-4.75718803,-22.97577150,-34.30393849,-22.86032972,-11.43146756,-8.25388490,0.73862344,28.13480252,16.68200077
power_01,1,POWER,1,active,2385,20.772756,-15634.66500000,44329.59000000,24050.65500000,40925.16000000,35973.90000000,23363.05500000,17098.92000000,25629.48000000,-46.06471489,53.46724816,38.06764367,-48.26805616,-48.76168287,-4.31502962,43.71529480,42.89326719,40.69411717
power_01,1,POWER,1,active,2386,20.774756,-15632.77500000,44286.25500000,24100.56000000,40947.57000000,35981.91000000,23440.05000000,17121.87000000,25530.07500000,-54.08603214,83.31384606,121.32120220,-20.07247968,-26.71717184,44.08218926,62.14437283,-45.96872730,57.21325266
power_01,1,POWER,1,active,2387,20.776756,-15525.45000000,44320.77000000,24088.50000000,41059.93500000,36105.66000000,23554.57500000,17167.00500000,25566.12000000,17.67272532,-9.30278432,35.68274935,11.01469916,22.24198590,92.88763919,53.50494281,-67.07947177,38.67337473
power_01,1,POWER,1,active,2388,20.778756,-15549.57000000,44300.61000000,23991.61500000,41040.63000000,36086.13000000,23449.00500000,17137.84500000,25676.64000000,64.93728250,-14.67479770,-68.77675869,41.05198762,65.19182554,52.08972322,25.18675480,38.67521570,46.32304322
power_01,1,POWER,1,active,2389,20.780756,-15673.23000000,44245.21500000,23987.65500000,40945.05000000,35995.54500000,23377.05000000,17041.27500000,25683.75000000,-37.74650204,-27.42153344,-80.91645764,-38.77502459,-20.29372173,-82.44393114,-59.11123032,72.12016466,52.35357069
power_01,1,POWER,1,active,2390,20.782756,-15617.47500000,44278.83000000,24009.75000000,40921.56000000,35946.18000000,23295.33000000,17026.69500000,25604.91000000,-75.67595361,-62.40647311,-40.24295362,-93.47143422,-94.15422751,-116.66379560,-104.54025661,-18.67045378,75.72819351
power_01,1,POWER,1,active,2391,20.784756,-15568.02000000,44251.65000000,23926.95000000,40907.43000000,35970.12000000,23383.48500000,17149.95000000,25668.18000000,40.46944118,3.50369231,-11.17901416,-23.66567060,-31.23576718,-36.24015110,-4.28699952,-43.27855760,24.23241171
power_01,1,POWER,1,active,2392,20.786756,-15669.09000000,44188.06500000,23890.36500000,40861.93500000,35949.06000000,23396.22000000,17189.23500000,25667.73000000,18.21583294,-31.43179009,-60.55077964,-15.96748359,-2.22167989,30.45652892,85.85654392,18.68023299,32.92260900
power_01,1,POWER,1,active,2393,20.788756,-15627.69000000,44223.12000000,23956.65000000,40926.46500000,36019.53000000,23484.78000000,17219.52000000,25645.63500000,-42.96690130,-45.28614277,-11.58440865,-0.05986462,11.70872004,61.48171094,58.37265089,-1.33446960,29.09935860
power_01,1,POWER,1,active,2394,20.790756,-15549.93000000,44261.95500000,23978.25000000,40935.87000000,36030.69000000,23493.33000000,17190.36000000,25679.34000000,59.80800964,42.95470783,64.55019605,59.49939508,48.27760548,51.57739286,17.98205020,-19.18371440,45.47913394
power_01,1,POWER,1,active,2395,20.792756,-15613.96500000,44186.53500000,23927.44500000,40901.40000000,35980.65000000,23395.50000000,17120.88000000,25614.31500000,66.09341337,9.68646573,5.01395716,14.77706777,2.98635021,-16.05865878,-32.52982008,2.87822153,18.75299433
power_01,1,POWER,1,active,2396,20.794756,-15638.26500000,44197.47000000,23992.06500000,40990.14000000,36045.58500000,23443.65000000,17104.09500000,25604.50500000,-29.19838359,-34.97514389,-7.46235054,0.71214146,-21.69470778,-73.23797063,-77.43995884,-46.74296843,36.43295315
power_01,1,POWER,1,active,2397,20.796756,-15635.61000000,44175.60000000,23977.53000000,41029.42500000,36078.16500000,23509.26000000,17120.34000000,25575.79500000,-6.22183355,3.95998993,36.79583645,67.77856524,44.94611035,11.57472141,-38.53521170,-41.21636186,31.37857881
power_01,1,POWER,1,active,2398,20.798756,-15645.24000000,44158.99500000,23879.25000000,40988.43000000,36045.09000000,23466.46500000,17175.28500000,25532.28000000,12.78756450,8.51637849,-15.08930193,26.96064416,27.54486754,32.87320926,2.38983870,-25.12556934,18.91092174
power_01,1,POWER,1,active,2399,20.800756,-15725.20500000,44196.88500000,23866.33500000,40920.07500000,35999.73000000,23401.57500000,17165.47500000,25627.41000000,-31.09779925,23.83628948,-50.14813448,-47.54093126,-34.32875095,-62.20172949,4.04402961,-12.57691981,33.22182304
power_01,1,POWER,1,active,2400,20.801964,-15651.85500000,44245.30500000,24005.34000000,40880.29500000,35943.48000000,23372.86500000,17139.91500000,25688.79000000,-16.35732209,84.61231505,67.56829927,-44.73482192,-35.47193309,-53.13108776,-23.46801793,90.27534824,51.95239317
power_01,1,POWER,1,active,2401,20.803964,-15561.04500000,44184.87000000,23882.13000000,40832.28000000,35905.32000000,23341.63500000,17124.66000000,25673.17500000,69.42703806,58.85825357,101.74832338,-33.54278096,-44.87984351,-29.97213764,-45.04608619,72.09985787,56.94679015
power_01,1,POWER,1,active,2402,20.805964,-15578.55000000,44234.91000000,23890.00500000,40858.38000000,35932.50000000,23336.82000000,17102.29500000,25635.33000000,78.61342870,11.18699692,-14.71765330,-1.96927397,-13.71991512,-17.78064756,-21.15478902,-9.10236500,21.03063370
power_01,1,POWER,1,active,2403,20.807964,-15562.21500000,44299.48500000,24011.01000000,40952.79000000,36007.11000000,23351.04000000,17069.08500000,25640.46000000,-0.26037878,56.64074765,38.67918476,66.79852326,54.45251819,22.21716514,-13.98990691,-1.88310504,31.86519122
power_01,1,POWER,1,active,2404,20.809964,-15452.68500000,44387.10000000,24102.36000000,41036.22000000,36071.59500000,23373.85500000,17041.68000000,25650.00000000,29.65047066,74.88024195,128.18979805,108.86543314,81.06838538,40.57757669,-4.17468597,7.14064074,59.31840407
power_01,1,POWER,1,active,2405,20.811964,-15431.85000000,44374.36500000,24089.31000000,41042.74500000,36076.63500000,23382.85500000,17085.96000000,25657.78500000,62.81267745,20.99341687,29.57000703,64.65419088,56.41162966,47.44900732,40.36713139,16.45888349,42.33961801
power_01,1,POWER,1,active,2406,20.813964,-15578.55000000,44261.95500000,23993.05500000,40985.37000000,36048.64500000,23433.79500000,17147.56500000,25676.28000000,-60.69667335,-79.77791085,-78.40222472,-33.24754441,-7.61745927,51.63472113,91.09874206,14.59343229,52.13358851
power_01,1,POWER,1,active,2407,20.815964,-15665.94000000,44215.78500000,23971.32000000,40956.57000000,36045.04500000,23492.88000000,17148.06000000,25625.38500000,-167.53390529,-161.67433545,-133.25601331,-89.91928995,-38.41441726,73.26261714,90.49710149,-13.85607633,96.05171953
power_01,1,POWER,1,active,2408,20.817964,-15663.06000000,44226.76500000,23982.61500000,40951.08000000,36029.52000000,23480.37000000,17135.28000000,25566.57000000,-122.45818493,-105.98990649,-93.22229401,-72.33187328,-27.10931184,60.31719775,24.26165706,-63.67039996,71.17010316
power_01,1,POWER,1,active,2409,20.819964,-15637.81500000,44226.54000000,23959.53000000,40944.28500000,36009.18000000,23436.85500000,17168.35500000,25625.16000000,-29.27326812,-34.65432565,-29.85544153,-32.72384670,-26.65892977,-10.34768005,-0.17228924,-54.28769932,27.24668505
power_01,1,POWER,1,active,2410,20.821964,-15661.84500000,44180.77500000,23902.38000000,40875.07500000,35939.20500000,23362.78500000,17156.97000000,25678.12500000,-4.18897659,-34.53556838,-48.69706036,-29.39660780,-39.20188803,-59.62959583,1.04729904,32.40679159,31.13797345
power_01,1,POWER,1,active,2411,20.823964,-15672.15000000,44190.13500000,23903.68500000,40872.10500000,35918.37000000,23305.90500000,17090.05500000,25594.38000000,-6.57271717,-14.66151190,-26.21040590,-27.82524461,-46.46574703,-82.02290824,-50.25815863,11.00940569,33.12826240
power_01,1,POWER,1,active,2412,20.825964,-15613.06500000,44233.38000000,23937.21000000,40926.64500000,36004.63500000,23401.30500000,17061.70500000,25492.99500000,30.26519020,35.00917727,28.10315910,29.95941355,8.86231098,-35.45568911,-77.38973424,-81.03450581,40.75989753
power_01,1,POWER,1,active,2413,20.827964,-15547.54500000,44294.53500000,24008.49000000,40993.15500000,36080.01000000,23440.23000000,17083.21500000,25486.60500000,87.53191283,79.59208590,65.77662467,83.07517425,86.17484804,54.85400007,-28.95795488,-60.83298539,68.34944825
power_01,1,POWER,1,active,2414,20.829964,-15621.66000000,44198.50500000,23915.20500000,40901.76000000,35997.57000000,23400.58500000,17096.76000000,25671.19500000,62.66186151,41.91027741,38.35142571,28.88137365,33.00972754,16.64317429,20.46968485,74.42311883,39.54383047
power_01,1,POWER,1,active,2415,20.831964,-15626.29500000,44145.13500000,23890.36500000,40924.44000000,36019.26000000,23423.53500000,17118.81000000,25672.23000000,-8.80886397,-48.16604502,-51.04946657,-48.19364343,-51.47040513,-40.79299086,32.22509260,160.23293600,55.11743045
power_01,1,POWER,1,active,2416,20.833964,-15558.39000000,44203.77000000,23989.18500000,41053.50000000,36133.06500000,23536.98000000,17132.44500000,25658.86500000,35.29998909,-16.16070776,-3.14454614,20.26035515,19.36330929,29.37130886,33.98373321,66.46771260,28.00645776
power_01,1,POWER,1,active,2417,20.835964,-15571.62000000,44181.36000000,23952.55500000,41017.23000000,36099.13500000,23528.29500000,17121.78000000,25695.72000000,73.47908650,53.83924555,68.79085604,68.72021099,60.13348144,53.54579883,14.35058344,5.11196824,49.74640388
power_01,1,POWER,1,active,2418,20.837964,-15626.92500000,44224.65000000,23914.75500000,40932.27000000,35995.86000000,23376.19500000,17138.97000000,25622.05500000,-5.65352034,34.13217561,-6.18280431,-46.89901978,-51.73063057,-57.56392952,-10.91139671,2.42671478,26.93752395
power_01,1,POWER,1,active,2419,20.839964,-15625.39500000,44343.18000000,24021.58500000,40914.22500000,35954.50500000,23334.66000000,17169.57000000,25659.58500000,-35.35541000,86.18031053,25.81553657,-72.10386297,-88.05035171,-126.89731821,-0.88249791,-67.49019027,62.84693477
power_01,1,POWER,1,active,2420,20.841964,-15707.07000000,44213.85000000,23951.29500000,40879.98000000,35962.02000000,23409.58500000,17144.64000000,25627.23000000,-36.73718904,77.14325139,85.78720339,-11.44445476,-23.23147115,-26.05471161,-8.29158585,-43.54520220,39.02938367
power_01,1,POWER,1,active,2421,20.843964,-15660.76500000,44212.86000000,23939.59500000,40935.96000000,36023.53500000,23452.42500000,17138.79000000,25512.12000000,-55.60481194,-66.91510171,-13.65127580,8.10421839,29.85099245,74.09411139,-38.17149052,-68.62750182,44.37743800
power_01,1,POWER,1,active,2422,20.845964,-15660.49500000,44166.87000000,23871.06000000,40906.75500000,35989.15500000,23404.54500000,17170.74000000,25564.23000000,-0.59707076,-51.54187169,-39.69974821,44.80284046,46.22669321,35.42359469,-14.04973650,-103.30664151,41.95602463
power_01,1,POWER,1,active,2423,20.847964,-15672.24000000,44118.81000000,23810.89500000,40876.56000000,35968.23000000,23380.47000000,17112.55500000,25619.89500000,8.36762364,-40.18575665,-51.36641791,4.52964913,-8.19016231,-20.34109529,-2.07559520,41.49021327,22.06831417
power_01,1,POWER,1,active,2424,20.849964,-15629.80500000,44104.45500000,23839.24500000,40917.19500000,36012.96000000,23407.06500000,17090.73000000,25672.99500000,-4.20983402,-79.50786327,-70.03236846,-21.57823841,-14.35598578,-11.92333782,-40.71398447,80.76691456,40.38606585
power_01,1,POWER,1,active,2425,20.851964,-15609.55500000,44131.72500000,23875.29000000,40879.30500000,35985.42000000,23386.68000000,17121.64500000,25693.69500000,52.03315023,0.63311049,19.88956829,11.17236280,17.11036805,3.31879488,-10.34378321,51.54378139,20.75561492
power_01,1,POWER,1,active,2426,20.853964,-15611.62500000,44227.26000000,23946.93000000,40896.36000000,35983.62000000,23347.62000000,17135.14500000,25661.83500000,36.06435504,51.43534676,50.22925883,-26.97930068,-19.76607591,-23.15381308,36.10335013,36.82691069,35.06980139
power_01,1,POWER,1,active,2427,20.855964,-15554.88000000,44349.25500000,24096.73500000,41013.22500000,36053.77500000,23329.39500000,17073.54000000,25603.06500000,27.17412807,110.10153356,95.35542593,30.17710536,17.72186935,-27.22043982,-4.80263720,-47.68890552,45.03025560
power_01,1,POWER,1,active,2428,20.857964,-15566.26500000,44359.60500000,24139.08000000,40995.63000000,36001.26000000,23276.74500000,17048.07000000,25579.17000000,46.96887177,114.57252005,138.09278909,92.48510412,56.10299023,-3.57839216,-42.70727866,-62.89850927,69.67580692
power_01,1,POWER,1,active,2429,20.859964,-15610.63500000,44259.66000000,23986.26000000,40917.51000000,35952.97500000,23355.04500000,17091.85500000,25565.08500000,-23.40617177,-23.45021522,-7.92072195,-10.76102237,-17.46782148,30.04967966,-7.91683395,-38.02797152,19.87505474
power_01,1,POWER,1,active,2430,20.861964,-15645.24000000,44172.76500000,23879.11500000,40931.19000000,36050.62500000,23533.11000000,17148.78000000,25601.62500000,-68.86926697,-114.94343949,-148.54763751,-36.71585230,13.82860180,147.87517927,52.78255031,-10.14152771,74.21300692
power_01,1,POWER,1,active,2431,20.863964,-15677.37000000,44136.49500000,23925.28500000,40939.02000000,36023.35500000,23458.09500000,17130.15000000,25630.33500000,-66.53029096,-114.69408503,-102.67400751,20.28666225,74.41610345,155.03647821,53.74312512,39.98154961,78.42028777
power_01,1,POWER,1,active,2432,20.865964,-15617.92500000,44131.32000000,23869.39500000,40915.62000000,35987.80500000,23376.10500000,17127.81000000,25671.37500000,-44.11326650,-66.37670418,-26.67077927,-0.82461924,-14.87820732,-35.47012905,14.30440720,51.25849159,31.73707554
power_01,1,POWER,1,active,2433,20.867964,-15592.90500000,44141.53500000,23754.51000000,40896.04500000,36028.03500000,23470.38000000,17155.53000000,25664.22000000,16.41271681,-16.41584278,-84.00554150,-32.79648325,-40.74895759,-58.27531306,23.30260105,39.84937505,38.97585389
power_01,1,POWER,1,active,2434,20.869964,-15641.82000000,44202.87000000,23780.65500000,40829.62500000,35988.43500000,23444.19000000,17138.43000000,25618.00500000,0.33577430,25.44800878,-92.05090240,-56.87484564,-12.92152956,14.53470265,29.98614799,-1.96653733,29.26480608
power_01,1,POWER,1,active,2435,20.871964,-15591.51000000,44383.00500000,24077.29500000,40915.93500000,36042.57000000,23464.26000000,17128.30500000,25585.83000000,-21.86062574,107.66208642,102.16980498,-48.74576845,-46.26686385,-56.16256040,-6.32384771,-44.53612822,54.21596072
power_01,1,POWER,1,active,2436,20.873964,-15613.96500000,44374.86000000,24134.98500000,40978.26000000,36072.85500000,23451.03000000,17105.71500000,25589.74500000,29.19344619,126.82445700,221.65263704,38.58916085,0.66746893,-58.51294880,-21.96012365,-27.08184082,65.56026041
power_01,1,POWER,1,active,2437,20.875964,-15589.17000000,44350.06500000,24114.82500000,41023.66500000,36084.01500000,23398.78500000,17064.54000000,25578.72000000,20.71912861,5.55762664,82.58560754,63.28613121,23.46089958,-51.56074536,-39.27827961,-5.41113364,36.48244402
power_01,1,POWER,1,active,2438,20.877964,-15549.39000000,44361.04500000,24119.91000000,41060.74500000,36111.78000000,23430.19500000,17037.90000000,25664.76000000,31.31551313,-50.81943783,-24.34739750,36.78217595,-1.66563131,-73.46095576,-61.34402514,22.47687612,37.77650159
power_01,1,POWER,1,active,2439,20.879964,-15497.91000000,44357.17500000,24105.15000000,41036.08500000,36083.61000000,23427.04500000,17023.00500000,25779.51000000,71.26250112,-19.51167760,-8.82544080,33.70686754,17.82689402,2.30299596,-42.73475467,93.51832584,36.21118219
power_01,1,POWER,1,active,2440,20.881964,-15520.23000000,44273.52000000,24018.70500000,41001.57000000,36031.18500000,23330.61000000,17073.31500000,25665.66000000,24.42964957,-66.53199101,-67.27685363,-20.15349058,-30.10965814,-22.60702300,-2.59512521,52.10004814,35.72547991
power_01,1,POWER,1,active,2441,20.883964,-15622.56000000,44152.74000000,23873.67000000,40923.31500000,35979.66000000,23332.99500000,17143.47000000,25547.35500000,-54.06482221,-119.51020779,-131.51261428,-58.66365796,-64.26452263,-61.85716969,57.82751132,-112.21097235,82.48893478
power_01,1,POWER,1,active,2442,20.885964,-15668.86500000,44115.97500000,23832.58500000,40900.77000000,36034.02000000,23531.89500000,17215.24500000,25571.38500000,-112.34369253,-110.28385673,-130.26139996,-64.03078224,-22.84694574,76.18203943,96.79459523,-112.21241152,90.61946542
power_01,1,POWER,1,active,2443,20.887964,-15630.39000000,44170.87500000,23850.85500000,40887.40500000,36010.03500000,23449.14000000,17216.46000000,25654.14000000,-65.18455489,-23.19523293,-56.18742197,-51.33589616,4.17836865,122.46159347,70.67961014,21.50809395,51.84134652
power_01,1,POWER,1,active,2444,20.889964,-15662.83500000,44210.65500000,23873.13000000,40844.65500000,35939.74500000,23313.96000000,17140.54500000,25695.85500000,1.55863463,70.29653373,25.30730913,-32.70373803,-32.80146618,-53.69829456,-3.99638617,63.74225767,35.51307751
power_01,1,POWER,1,active,2445,20.891964,-15643.66500000,44260.24500000,23968.21500000,40882.81500000,35989.87500000,23377.41000000,17112.78000000,25659.40500000,-6.79012446,79.35796404,54.70519080,-31.67803084,-44.66081134,-88.22102506,-67.66483298,33.22564702,50.78795332
power_01,1,POWER,1,active,2446,20.893964,-15631.51500000,44320.54500000,24074.68500000,40954.41000000,36039.55500000,23400.90000000,17102.88000000,25633.93500000,34.49193241,90.22417940,118.42870033,38.81964923,49.11179649,50.14744021,-52.36918393,-17.86859648,56.43268481
power_01,1,POWER,1,active,2447,20.895964,-15621.39000000,44317.08000000,24095.83500000,41005.48500000,36077.49000000,23479.29000000,17123.98500000,25591.41000000,60.43217198,80.35190457,117.17072003,87.94320831,80.25871994,62.63601461,-22.78772185,-40.97347769,69.06924237
power_01,1,POWER,1,active,2448,20.897964,-15647.58000000,44254.57500000,24019.69500000,40976.82000000,36060.52500000,23472.90000000,17129.88000000,25593.70500000,32.49694006,7.82177773,20.34957279,51.90340391,51.11318976,62.11250122,-15.06743521,-29.85911762,33.84049229
power_01,1,POWER,1,active,2449,20.899964,-15606.04500000,44264.29500000,24005.34000000,40972.99500000,36034.56000000,23384.83500000,17133.66000000,25645.95000000,40.60098217,-16.89651004,-24.03716675,25.25944580,33.94583826,19.17118052,-9.70263115,5.72769717,21.91768148
power_01,1,POWER,1,active,2450,20.902072,-15557.04000000,44275.99500000,24006.78000000,40979.47500000,36039.46500000,23380.38000000,17148.01500000,25647.66000000,63.50050343,22.27746030,5.15009628,28.41656203,9.62586310,-62.52905977,-14.24262927,43.51956787,31.15771776
power_01,1,POWER,1,active,2451,20.904072,-15604.56000000,44258.62500000,23974.20000000,40954.00500000,36034.02000000,23374.75500000,17140.95000000,25570.08000000,37.90396629,24.55811285,19.32991565,29.55360678,20.45928938,-6.55018988,-6.41016067,-6.61372491,18.92237080
power_01,1,POWER,1,active,2452,20.906072,-15603.16500000,44275.72500000,23969.38500000,40926.19500000,36016.29000000,23379.75000000,17092.26000000,25560.18000000,-27.76960815,1.78583543,-6.82220221,-5.60851221,-0.23347236,2.63093981,-21.15994622,-46.40937360,14.05248625
power_01,1,POWER,1,active,2453,20.908072,-15618.01500000,44242.47000000,23947.65000000,40910.58000000,36017.91000000,23401.84500000,17102.97000000,25673.76000000,-32.66002451,-6.48474522,-15.55690019,-27.43022043,-28.58424059,-6.32160571,-24.67484057,34.42624186,22.01735239
power_01,1,POWER,1,active,2454,20.910072,-15596.28000000,44259.25500000,23981.04000000,40947.57000000,36055.08000000,23431.05000000,17145.27000000,25686.40500000,-18.30266713,-35.77752466,-24.69129368,-16.90161449,-10.72495387,29.40766012,35.59820661,92.44736230,32.98141036
power_01,1,POWER,1,active,2455,20.912072,-15626.56500000,44232.66000000,23965.02000000,40941.63000000,36057.51000000,23445.54000000,17136.49500000,25628.35500000,-30.99647074,-46.16678503,-36.47538137,-16.39616124,-9.93466945,10.51352106,57.95212829,18.85661520,28.41146655
power_01,1,POWER,1,active,2456,20.914072,-15689.79000000,44173.57500000,23923.39500000,40905.81000000,36015.88500000,23412.10500000,17115.48000000,25541.19000000,-47.92991288,-64.54326585,-61.47979985,-45.39372256,-37.66157817,-8.59010216,19.96083593,-64.89789678,43.80713927
power_01,1,POWER,1,active,2457,20.916072,-15634.03500000,44233.02000000,23976.85500000,40954.45500000,36040.90500000,23430.42000000,17109.72000000,25562.65500000,-41.08860349,-58.08791947,-55.79143046,-44.81430662,-42.38528832,-23.18392400,3.35510359,-54.68991040,40.42456079
power_01,1,POWER,1,active,2458,20.918072,-15637.36500000,44234.46000000,23980.81500000,40969.21500000,36050.35500000,23430.78000000,17111.65500000,25625.16000000,26.27632573,27.89843850,22.77061668,17.24796674,5.14837056,-5.90315296,3.43839718,15.20521627,15.48606058
power_01,1,POWER,1,active,2459,20.920072,-15676.92000000,44195.89500000,23939.82000000,40932.13500000,36011.61000000,23393.97000000,17097.88500000,25639.15500000,10.47640569,22.59036990,25.14297548,15.61223613,11.05784985,-3.10788685,-8.03579668,53.38128165,18.67560028
power_01,1,POWER,1,active,2460,20.922072,-15635.74500000,44204.58000000,23936.22000000,40926.46500000,35983.93500000,23318.50500000,17085.15000000,25667.23500000,-13.81146523,2.16669992,11.71975265,-6.26501689,-18.53696576,-51.79745765,-19.23697172,28.07798672,18.95153957
power_01,1,POWER,1,active,2461,20.924072,-15578.32500000,44214.03000000,23931.58500000,40927.45500000,35984.07000000,23295.10500000,17078.08500000,25700.04000000,59.22105574,55.39364672,57.51173188,30.70215858,2.59009796,-52.10111181,-17.93833471,26.38566903,37.73047580
power_01,1,POWER,1,active,2462,20.926072,-15535.89000000,44291.97000000,24000.66000000,40949.19000000,36036.49500000,23435.28000000,17066.20500000,25695.18000000,61.54045739,66.34643715,68.43092848,38.50068443,32.67594256,27.79893013,-6.87668682,17.99406330,40.02051628
power_01,1,POWER,1,active,2463,20.928072,-15597.40500000,44253.27000000,23940.09000000,40897.39500000,36012.51000000,23418.76500000,17109.63000000,25664.58000000,6.39448617,54.28181978,48.41206897,12.05733566,32.55587666,92.08100528,18.24472991,-33.16296054,37.14878537
power_01,1,POWER,1,active,2464,20.930072,-15632.86500000,44231.44500000,23926.72500000,40923.90000000,36053.91000000,23424.75000000,17165.79000000,25584.57000000,-51.71878281,-16.46068760,-30.63483370,-18.87115217,5.55840243,24.01330369,64.26724193,-69.26412784,35.09856652
power_01,1,POWER,1,active,2465,20.932072,-15649.06500000,44228.43000000,24015.78000000,40992.97500000,36112.09500000,23514.12000000,17206.33500000,25584.79500000,-63.60045167,-60.26074366,-37.33116956,4.25684017,19.72992860,11.46184235,78.94423437,-77.35900318,44.11802669
power_01,1,POWER,1,active,2466,20.934072,-15663.42000000,44186.17500000,24002.91000000,41017.90500000,36127.71000000,23508.40500000,17158.59000000,25585.92000000,-26.83977434,-43.40141191,14.08145082,33.05547184,35.62709734,59.41551546,25.46021636,-28.12970410,33.25133027
power_01,1,POWER,1,active,2467,20.936072,-15602.26500000,44177.17500000,23886.04500000,40968.13500000,36060.25500000,23393.43000000,17091.27000000,25576.96500000,-0.81857030,-67.14283521,-83.60194521,-28.32670102,-30.76605250,-51.98665600,-54.22154217,4.47730030,40.16770034
power_01,1,POWER,1,active,2468,20.938072,-15558.16500000,44239.32000000,23918.40000000,40977.81000000,36078.34500000,23440.45500000,17136.49500000,25575.84000000,54.94404857,-8.98262772,-103.26238593,-53.74536560,-53.26175447,-85.92790112,-65.02712431,-2.71871039,53.48373976
power_01,1,POWER,1,active,2469,20.940072,-15560.55000000,44255.16000000,23944.32000000,40971.33000000,36071.59500000,23457.87000000,17184.55500000,25653.10500000,49.12725138,59.21898316,22.93124040,-12.99466118,-7.90990584,13.93529949,1.22401638,42.29568058,26.20462980
power_01,1,POWER,1,active,2470,20.942072,-15611.94000000,44215.33500000,23912.82000000,40922.55000000,36010.30500000,23374.89000000,17141.04000000,25700.53500000,-19.98539889,21.90998638,43.87995172,-12.73190663,-18.86102997,-13.53613645,-8.21459879,82.37406522,27.68663426
power_01,1,POWER,1,active,2471,20.944072,-15653.07000000,44223.66000000,23911.60500000,40883.98500000,35969.08500000,23341.45500000,17104.27500000,25637.13000000,-49.78654378,3.78722316,24.80174959,-28.33537395,-52.71200774,-70.99181173,-70.14624662,34.80547843,41.92080438
power_01,1,POWER,1,active,2472,20.946072,-15633.85500000,44218.71000000,23916.87000000,40872.82500000,35981.95500000,23399.37000000,17128.53000000,25661.43000000,-41.47008860,16.35490274,47.68186200,-9.28507281,-23.25885920,-10.86295839,-43.18960991,-21.83517044,26.74231551
power_01,1,POWER,1,active,2473,20.948072,-15638.17500000,44152.51500000,23855.76000000,40856.71500000,36005.44500000,23403.24000000,17114.71500000,25649.73000000,-1.04081661,-16.53504260,11.44153882,6.21537565,17.30796073,37.33629719,-1.39480674,0.22869750,11.43756698
power_01,1,POWER,1,active,2474,20.950072,-15587.05500000,44328.64500000,24087.10500000,40958.05500000,36064.53000000,23394.60000000,17067.55500000,25600.50000000,22.50084443,3.17108120,32.60917575,33.12460929,37.05184584,8.19287880,-16.91180053,-13.13451232,20.83709352
power_01,1,POWER,1,active,2475,20.952072,-15514.02000000,44411.71500000,24152.98500000,41053.63500000,36139.99500000,23463.27000000,17082.40500000,25547.35500000,59.13811273,111.41474028,135.63107991,95.99877875,67.17687743,19.14286213,-10.18896226,-61.54999845,70.03017649
power_01,1,POWER,1,active,2476,20.954072,-15546.37500000,44364.28500000,24107.40000000,41073.66000000,36165.73500000,23484.06000000,17124.75000000,25541.73000000,61.17423221,47.14579428,27.25266292,77.68900082,64.78063011,59.43543108,45.02087074,-34.22182631,52.09005606
power_01,1,POWER,1,active,2477,20.956072,-15565.95000000,44329.05000000,24093.04500000,41041.75500000,36128.20500000,23439.46500000,17124.39000000,25710.88500000,-18.98485190,-89.86408663,-112.00367831,-12.51767289,8.80444517,18.98796588,60.35650614,48.97090326,46.31126377
power_01,1,POWER,1,active,2478,20.958072,-15541.06500000,44313.21000000,24060.19500000,41019.48000000,36078.03000000,23352.79500000,17059.00500000,25764.25500000,-20.62473371,-70.13276760,-75.21032312,-50.31484462,-43.90086797,-46.67759668,6.79971882,129.35253718,55.37667371
power_01,1,POWER,1,active,2479,20.960072,-15629.04000000,44204.35500000,23940.13500000,40982.22000000,36031.54500000,23284.71000000,17015.40000000,25646.58000000,-21.10667600,-87.36228301,-112.47101820,-53.72403680,-56.39755919,-64.91163026,-39.63157270,28.72371078,58.04106087
power_01,1,POWER,1,active,2480,20.962072,-15681.33000000,44074.71000000,23853.37500000,40885.83000000,35950.99500000,23279.62500000,17108.10000000,25618.95000000,-90.39895975,-139.73954555,-139.27650995,-68.55618488,-59.19161050,-38.33243229,2.26343482,-108.74500046,80.81295977
power_01,1,POWER,1,active,2481,20.964072,-15658.24500000,43956.18000000,23792.94000000,40844.11500000,35980.60500000,23451.57000000,17200.03500000,25681.72500000,-50.49347563,-123.32666044,-72.94876251,-73.59811239,-39.33362268,69.87866896,94.78472971,-33.85931643,69.77791859
power_01,1,POWER,1,active,2482,20.966072,-15664.99500000,44042.31000000,23737.14000000,40855.50000000,36028.48500000,23533.51500000,17218.75500000,25595.19000000,16.70330465,-29.87490398,-35.85129612,-20.57526104,35.84930533,163.78896900,91.69070866,-7.41453122,50.21853500
power_01,1,POWER,1,active,2483,20.968072,-15681.69000000,44174.38500000,23683.09500000,40879.75500000,36070.02000000,23518.21500000,17212.18500000,25557.25500000,4.07397557,145.03881980,-7.12482584,38.49215550,66.73403808,86.14663311,19.69286598,-76.22792997,55.44140548
power_01,1,POWER,1,active,2484,20.970072,-15604.51500000,44419.27500000,24003.13500000,40903.96500000,36050.89500000,23430.19500000,17173.08000000,25689.28500000,37.76619574,258.07160375,120.70642149,42.95153750,23.87881863,-52.50971697,-22.74470404,9.84741547,71.05955170
power_01,1,POWER,1,active,2485,20.972072,-15595.92000000,44463.42000000,24285.64500000,40983.52500000,36087.16500000,23451.57000000,17128.39500000,25715.34000000,82.81223249,241.41040949,341.85931049,56.83158504,1.00531563,-86.88728633,-63.62131503,109.36274022,122.97377434
power_01,1,POWER,1,active,2486,20.974072,-15671.92500000,44342.86500000,24128.37000000,40983.79500000,36091.26000000,23455.98000000,17114.22000000,25629.12000000,20.71967311,60.59728202,231.12346933,58.82282780,7.04036377,-47.92593747,-72.26310285,19.81161674,64.78803414
power_01,1,POWER,1,active,2487,20.976072,-15564.55500000,44387.59500000,24152.76000000,41048.46000000,36118.30500000,23419.53000000,17056.48500000,25597.93500000,2.87988219,-88.70354960,-71.66551327,29.70793014,11.02143609,-37.00053013,-58.33718991,-65.96892727,45.66061983
power_01,1,POWER,1,active,2488,20.978072,-15490.71000000,44362.84500000,24146.50500000,41084.73000000,36137.25000000,23424.07500000,17050.18500000,25506.49500000,98.15705301,-34.34111843,-38.31557478,45.97193228,21.40363497,-42.86098617,-62.28813597,-59.92916657,50.40845027
power_01,1,POWER,1,active,2489,20.980072,-15490.30500000,44283.60000000,24047.19000000,41037.57000000,36103.09500000,23426.59500000,17105.22000000,25516.39500000,73.57947363,-73.21532609,-47.06056568,26.10114766,16.92338075,-1.45264242,-8.08922677,-63.73688140,38.76983055
power_01,1,POWER,1,active,2490,20.982072,-15537.64500000,44174.34000000,23872.32000000,40897.17000000,36000.00000000,23378.85000000,17196.48000000,25695.67500000,-32.19839803,-151.55362917,-188.27733821,-75.48751793,-44.07543213,-1.04457919,68.83702932,50.23286447,76.46334856
power_01,1,POWER,1,active,2491,20.984072,-15654.51000000,44185.99500000,23831.37000000,40823.68500000,35954.59500000,23350.63500000,17186.22000000,25767.76500000,-91.76106320,-93.91419161,-146.41391742,-118.22485895,-84.14953316,-36.94344608,65.16567287,172.94369771,101.18954762
power_01,1,POWER,1,active,2492,20.986072,-15693.70500000,44229.73500000,23903.19000000,40870.62000000,36004.63500000,23393.34000000,17150.89500000,25706.38500000,-140.01485805,-24.34299013,-46.81248859,-52.05622448,-29.43874197,-2.70876500,2.35145410,71.63308296,46.16982566
power_01,1,POWER,1,active,2493,20.988072,-15606.13500000,44260.69500000,23964.43500000,40908.51000000,36026.86500000,23383.62000000,17120.25000000,25706.65500000,-58.33248443,27.55229398,50.86442490,32.60824580,27.84866170,26.19666914,-33.69117635,-27.02570904,35.51495817
power_01,1,POWER,1,active,2494,20.990072,-15576.25500000,44257.41000000,23972.08500000,40924.17000000,36057.55500000,23416.02000000,17113.18500000,25662.33000000,46.48431073,11.76456444,47.87833299,33.95192669,21.85016529,15.09120686,-18.28905994,-23.40266943,27.33902954
power_01,1,POWER,1,active,2495,20.992072,-15619.68000000,44247.60000000,23979.37500000,40926.06000000,36052.33500000,23416.33500000,17104.68000000,25622.23500000,4.60532062,-17.48933586,-12.34535574,-1.24157130,7.41544337,25.98737859,-0.96481892,-61.46838304,16.43970093
power_01,1,POWER,1,active,2496,20.994072,-15610.32000000,44301.55500000,24041.47500000,40973.89500000,36101.07000000,23486.17500000,17099.50500000,25599.42000000,-21.75924779,9.04411192,13.23990449,4.77337214,12.62573959,46.63419278,9.37151030,-68.56072605,23.25110063
power_01,1,POWER,1,active,2497,20.996072,-15598.26000000,44326.71000000,24087.64500000,41019.34500000,36129.96000000,23497.33500000,17118.13500000,25640.68500000,14.35659047,46.59399790,45.75060890,28.06952111,34.55301642,60.67267693,21.24543779,-19.39747244,33.82991525
power_01,1,POWER,1,active,2498,20.998072,-15589.89000000,44300.65500000,24044.76000000,40998.28500000,36089.32500000,23434.06500000,17134.20000000,25688.70000000,23.81249740,47.12863220,41.44183772,28.58963927,27.50228011,21.26704879,28.65963122,20.14851989,29.81876083
power_01,1,POWER,1,active,2499,21.000072,-15644.70000000,44230.36500000,23971.27500000,40942.84500000,36039.91500000,23399.28000000,17096.80500000,25602.43500000,5.02169771,0.63029635,-5.84762342,-12.13728840,-23.40232170,-44.91099004,6.17349780,1.78042392,12.48801742
power_01,1,POWER,1,active,2500,21.002511,-15591.55500000,44277.25500000,24010.33500000,40977.04500000,36067.90500000,23392.17000000,17121.37500000,25612.20000000,5.61629812,10.05714668,5.76612009,-5.32439300,-10.24079968,-30.30901878,-21.48694734,-54.61401040,17.92684176
power_01,1,POWER,1,active,2501,21.004511,-15538.72500000,44315.41500000,24024.96000000,40999.05000000,36091.08000000,23407.96500000,17170.60500000,25696.71000000,59.01244779,67.55521489,70.80288408,51.49659299,36.04871471,-5.54986656,14.33602028,10.64217342,39.43048934
power_01,1,POWER,1,active,2502,21.006511,-15568.15500000,44286.03000000,23993.68500000,40954.68000000,36058.86000000,23395.18500000,17154.72000000,25725.60000000,53.25921682,41.33211391,32.55574778,23.92295660,7.93100725,-13.29939794,26.34177034,81.59181212,35.02925285
power_01,1,POWER,1,active,2503,21.008511,-15656.22000000,44193.78000000,23914.93500000,40887.67500000,36034.69500000,23397.61500000,17141.31000000,25635.87000000,-43.47247144,-57.29538110,-56.66870646,-55.44130341,-44.19050834,-18.31493878,-16.63800076,4.43878174,37.05751150
power_01,1,POWER,1,active,2504,21.010511,-15623.82000000,44228.52000000,23939.68500000,40901.80500000,36046.98000000,23396.62500000,17134.69500000,25640.14500000,-57.64658649,-83.25572661,-84.09568046,-71.15052690,-49.22478050,-23.67155295,-12.96558825,-38.53015047,52.56757408
power_01,1,POWER,1,active,2505,21.012511,-15597.18000000,44273.83500000,24005.07000000,40967.41500000,36086.76000000,23372.64000000,17090.37000000,25624.35000000,6.88790051,-16.02487326,-36.26417186,-21.93201184,-19.19720566,-20.51020038,-12.12379857,-1.29502433,16.77939830
power_01,1,POWER,1,active,2506,21.014511,-15625.75500000,44280.18000000,24020.59500000,40975.29000000,36072.85500000,23343.84000000,17010.13500000,25549.69500000,6.27687210,11.26589748,3.86930116,7.75552470,-6.13424173,-27.65271115,-51.72095516,-17.57097115,16.53080933
power_01,1,POWER,1,active,2507,21.016511,-15613.02000000,44287.51500000,24036.70500000,40992.21000000,36057.55500000,23304.28500000,17019.45000000,25564.09500000,-16.79830070,-1.33665925,-5.71011499,-7.16079815,-17.36470623,-21.11377252,-44.83214644,-37.89710424,19.02670031
power_01,1,POWER,1,active,2508,21.018511,-15607.62000000,44253.27000000,23987.38500000,40955.44500000,36023.53500000,23313.19500000,17075.65500000,25591.54500000,11.49352077,9.97233663,1.57522397,-6.77581114,-12.44765707,10.00022575,23.53671025,22.19481415,12.24953747
power_01,1,POWER,1,active,2509,21.020511,-15642.31500000,44187.70500000,23925.60000000,40922.46000000,36044.05500000,23445.67500000,17169.25500000,25656.88500000,6.67249987,-9.69454108,-6.73060388,-7.53822688,17.22423428,85.57875681,81.88356542,59.79120347,34.38920396
power_01,1,POWER,1,active,2510,21.022511,-15629.49000000,44194.54500000,23941.26000000,40942.84500000,36077.31000000,23483.43000000,17193.10500000,25611.48000000,-11.08284624,-10.58609860,9.27487419,12.67556568,59.11692639,147.85524393,80.02831286,34.62542568,45.65566170
power_01,1,POWER,1,active,2511,21.024511,-15580.84500000,44263.44000000,24004.44000000,40990.77000000,36120.24000000,23522.35500000,17183.92500000,25612.02000000,33.94532494,59.45944696,89.96949318,76.35181606,81.47944280,85.01079039,24.45806294,-4.83038992,56.93809590
power_01,1,POWER,1,active,2512,21.026511,-15641.05500000,44204.35500000,23944.90500000,40937.67000000,36076.41000000,23439.01500000,17146.35000000,25670.16000000,26.64721285,55.47362478,72.19004901,58.97193526,38.58048171,-10.58762785,-32.49510908,8.70436445,37.95630062
power_01,1,POWER,1,active,2513,21.028511,-15630.75000000,44233.74000000,23950.84500000,40933.48500000,36079.92000000,23421.51000000,17122.86000000,25653.24000000,-26.84140383,-14.09891709,-16.46323349,-12.15407645,-25.21548393,-81.86802162,-50.45610323,44.74604107,33.98041009
power_01,1,POWER,1,active,2514,21.030511,-15597.99000000,44252.59500000,23940.94500000,40918.23000000,36071.91000000,23411.65500000,17114.80500000,25649.46000000,3.73994993,-4.34763150,-34.08717111,-26.29809468,-39.43544044,-96.13869877,-39.30796767,-0.07091982,30.42823424
power_01,1,POWER,1,active,2515,21.032511,-15584.22000000,44244.94500000,23953.54500000,40937.35500000,36057.51000000,23351.31000000,17088.70500000,25627.41000000,27.66180387,-6.67081826,-43.69696732,-31.29170098,-45.95122621,-74.63691670,-22.14779531,-16.00698997,33.50802733
power_01,1,POWER,1,active,2516,21.034511,-15593.49000000,44203.18500000,23946.12000000,41010.34500000,36134.68500000,23463.09000000,17122.09500000,25685.73000000,-6.91264614,-57.33263521,-55.85210814,-12.50671682,-28.57629664,-49.68153312,-4.28925001,9.44835030,28.07494205
power_01,1,POWER,1,active,2517,21.036511,-15657.25500000,44063.01000000,23811.07500000,40948.24500000,36083.70000000,23491.30500000,17119.39500000,25660.84500000,-33.20816151,-85.33091061,-70.69102169,3.60522605,11.75055728,51.70063031,18.22242358,2.54609360,34.63187808
power_01,1,POWER,1,active,2518,21.038511,-15623.01000000,44164.26000000,23862.91500000,40975.06500000,36119.11500000,23513.76000000,17113.68000000,25610.80500000,-40.33515229,-55.76830782,-66.88960457,-33.79867780,-8.02905393,55.16503414,4.19585986,-40.47501463,38.08208813
power_01,1,POWER,1,active,2519,21.040511,-15561.54000000,44368.20000000,24045.75000000,41027.26500000,36157.86000000,23469.03000000,17130.51000000,25612.83000000,22.66882969,137.05919618,112.67903436,23.82193084,27.63601107,-11.86584174,-15.05426702,-75.94758118,53.34158651
power_01,1,POWER,1,active,2520,21.042511,-15589.48500000,44402.89500000,24139.48500000,40997.74500000,36107.10000000,23399.37000000,17137.53000000,25676.68500000,45.51457605,222.70990940,242.89752219,67.37448950,48.03847453,-33.05641889,0.46794976,-15.82448227,84.48547782
power_01,1,POWER,1,active,2521,21.044511,-15636.19500000,44274.96000000,24013.93500000,40896.49500000,36012.24000000,23370.21000000,17127.36000000,25697.07000000,-29.85160128,29.01143103,98.16290201,-26.10865416,-55.90239858,-75.60036158,-11.50663958,25.22924384,43.92165401
power_01,1,POWER,1,active,2522,21.046511,-15620.13000000,44243.59500000,23945.31000000,40890.64500000,36027.58500000,23411.83500000,17162.64000000,25625.56500000,-30.20851866,-92.48256279,-66.06440431,-49.27943713,-61.68727703,-22.96623191,-4.76026656,-19.16642726,43.32689071
power_01,1,POWER,1,active,2523,21.048511,-15654.69000000,44248.09500000,23992.47000000,40957.69500000,36110.20500000,23482.71000000,17198.01000000,25601.98500000,-6.59549347,-75.94107581,-77.76097785,11.49612954,19.91975792,51.43991697,39.31317494,-50.89484507,41.67017144
power_01,1,POWER,1,active,2524,21.050511,-15584.17500000,44275.77000000,24017.22000000,40991.13000000,36147.64500000,23491.80000000,17186.22000000,25633.30500000,-4.75121225,-58.23060722,-37.69459012,40.42822016,49.96657243,51.81898507,36.23938779,-9.17061200,36.03752338
power_01,1,POWER,1,active,2525,21.052511,-15419.43000000,44333.95500000,24112.66500000,41054.13000000,36167.67000000,23484.19500000,17154.76500000,25668.81000000,87.12536062,-29.05495454,-34.16344124,26.44193384,27.67414053,25.55464700,0.12479938,53.14509919,35.41054704
power_01,1,POWER,1,active,2526,21.054511,-15489.63000000,44289.72000000,24060.64500000,41046.88500000,36153.99000000,23463.36000000,17112.64500000,25629.93000000,94.34326183,-23.07903345,-41.38160787,1.88848187,-8.36576827,-10.07720144,-26.28464766,37.60607383,30.37825953
power_01,1,POWER,1,active,2527,21.056511,-15641.14500000,44230.90500000,23987.92500000,40988.97000000,36091.17000000,23393.88000000,17072.28000000,25608.15000000,-90.11076483,-70.80268255,-100.20213282,-47.88449834,-37.75983200,-28.01481749,-43.63792419,-5.87641028,53.03613281
power_01,1,POWER,1,active,2528,21.058511,-15650.28000000,44243.68500000,23856.75000000,40888.75500000,36017.32500000,23352.21000000,17072.37000000,25715.38500000,-143.56160762,-56.59460620,-146.92045093,-105.23642731,-71.98796567,-49.51453438,-38.84759817,25.00936962,79.70906999
power_01,1,POWER,1,active,2529,21.060511,-15611.26500000,44350.38000000,24027.57000000,40936.99500000,36056.34000000,23390.55000000,17099.46000000,25663.90500000,-23.22254999,53.11594331,-26.16889630,-58.30905799,-31.24014049,-6.70626592,-4.00919100,50.90081885,31.70910798
power_01,1,POWER,1,active,2530,21.062511,-15592.81500000,44371.71000000,24093.58500000,40942.39500000,36051.16500000,23362.24500000,17083.62000000,25561.17000000,23.35761409,105.97651971,147.10912917,43.43863746,47.33208047,46.71944934,10.08932673,-55.01784316,59.88007502
power_01,1,POWER,1,active,2531,21.064511,-15556.32000000,44380.17000000,24075.27000000,40964.40000000,36071.14500000,23378.31000000,17105.80500000,25528.50000000,36.16710371,62.64622100,134.40238171,69.09970913,50.52704371,24.33865229,3.21424711,-106.06418622,60.80744311
power_01,1,POWER,1,active,2532,21.066511,-15523.38000000,44372.07000000,24046.92000000,40987.08000000,36108.94500000,23438.88000000,17134.69500000,25622.86500000,57.61854757,15.54018979,20.27531326,62.42939870,51.36359140,50.06779972,32.44297229,5.17399579,36.86397607
power_01,1,POWER,1,active,2533,21.068511,-15654.69000000,44206.60500000,23898.51000000,40871.65500000,36007.56000000,23352.88500000,17111.38500000,25678.48500000,-6.17157303,-63.12933051,-44.48378688,17.26496088,17.79959608,40.38502585,40.77426414,86.56214540,39.57133535
power_01,1,POWER,1,active,2534,21.070511,-15710.80500000,44118.00000000,23837.08500000,40834.48500000,35981.55000000,23352.39000000,17149.41000000,25673.31000000,-93.89520518,-164.49327123,-131.73127202,-81.26437278,-74.73141452,-44.87109402,26.03283150,76.27768775,86.66214362
power_01,1,POWER,1,active,2535,21.072511,-15670.39500000,44110.35000000,23865.25500000,40888.35000000,36052.60500000,23428.62000000,17156.20500000,25703.10000000,-43.70140293,-111.13182539,-88.34687014,-44.29454998,-26.45213400,8.09960190,51.59260969,40.00047598,51.70243375
power_01,1,POWER,1,active,2536,21.074511,-15691.86000000,44141.71500000,23872.72500000,40951.48500000,36121.00500000,23486.80500000,17133.79500000,25690.36500000,36.68279977,9.57764868,24.44758241,48.85372051,70.23912323,82.24148071,28.76535808,25.34127100,40.76862305
power_01,1,POWER,1,active,2537,21.076511,-15690.42000000,44135.14500000,23797.80000000,40944.78000000,36115.47000000,23465.11500000,17130.51000000,25669.57500000,18.02218748,49.19191406,1.57626654,35.80624015,50.48895219,34.40689847,-17.34825822,-12.34335794,27.39800938
power_01,1,POWER,1,active,2538,21.078511,-15620.49000000,44265.51000000,23949.99000000,40956.79500000,36091.71000000,23424.25500000,17116.92000000,25639.92000000,58.29520362,116.05749810,64.43060093,25.51558443,15.90366982,-17.43463196,-18.07027098,-55.33492996,46.38029872
power_01,1,POWER,1,active,2539,21.080511,-15580.57500000,44387.59500000,24178.99500000,40988.34000000,36091.57500000,23411.97000000,17116.42500000,25636.86000000,110.35931098,204.52633119,246.46403067,43.92863842,1.99786523,-43.18224606,-37.97238225,-50.22385461,92.33183243
power_01,1,POWER,1,active,2540,21.082511,-15495.52500000,44426.70000000,24186.78000000,41017.23000000,36110.97000000,23382.22500000,17077.95000000,25654.00500000,90.40696270,185.73307844,259.69992969,61.35711152,12.56632163,-43.59380435,-53.79463716,-36.07974158,92.90394838
power_01,1,POWER,1,active,2541,21.084511,-15499.98000000,44413.92000000,24133.41000000,41027.80500000,36118.98000000,23350.23000000,17035.69500000,25683.43500000,72.10991890,72.29808515,65.07883714,51.10278956,18.84353721,-50.29511225,-65.48585683,-6.20841871,50.17781947
power_01,1,POWER,1,active,2542,21.086511,-15559.42500000,44315.91000000,24023.88000000,40951.39500000,36060.66000000,23335.02000000,17025.39000000,25621.96500000,-17.03500764,-40.44315850,-80.89812785,-12.39937668,-28.07924369,-57.48398547,-59.01393484,-12.25378320,38.45082723
power_01,1,POWER,1,active,2543,21.088511,-15593.49000000,44294.67000000,24015.78000000,40945.36500000,36053.73000000,23307.61500000,17066.79000000,25555.09500000,-97.20499060,-117.16579691,-130.35349967,-72.05192529,-69.85182332,-38.46836781,8.67890725,-63.32350847,74.63735242
power_01,1,POWER,1,active,2544,21.090511,-15596.23500000,44316.85500000,24045.12000000,40967.77500000,36070.33500000,23296.18500000,17121.28500000,25635.42000000,-76.00054748,-100.29794174,-118.75933661,-60.45033342,-52.86597716,-33.75994433,69.73447210,-20.60653099,66.55938548
power_01,1,POWER,1,active,2545,21.092511,-15611.17500000,44254.89000000,24021.58500000,40982.17500000,36144.27000000,23514.61500000,17187.70500000,25729.02000000,-63.92100203,-77.84936421,-84.52546027,-36.68937694,-5.99728334,58.39682839,101.17860006,94.39636858,65.36928548
power_01,1,POWER,1,active,2546,21.094511,-15600.10500000,44222.44500000,23977.48500000,40996.53000000,36157.68000000,23540.04000000,17205.07500000,25729.92000000,-50.63079128,-121.83291409,-123.16447956,-48.45706979,17.57932878,163.40673749,93.11912291,99.56222023,89.71908302
power_01,1,POWER,1,active,2547,21.096511,-15635.92500000,44172.58500000,23933.20500000,40986.27000000,36120.87000000,23479.11000000,17186.71500000,25617.28500000,-32.17683543,-96.89764441,-118.27372497,-38.06861132,-8.29766022,49.21404833,30.29140381,-9.35653395,47.82205780
power_01,1,POWER,1,active,2548,21.098511,-15636.96000000,44150.62500000,23853.55500000,40927.00500000,36077.98500000,23455.03500000,17148.91500000,25610.40000000,-36.51377454,-56.18084003,-84.85686604,-45.11121092,-43.38152907,-56.41121672,-34.53683713,-68.55961165,53.19398576
power_01,1,POWER,1,active,2549,21.100511,-15653.97000000,44208.40500000,23901.12000000,40892.13000000,36046.17000000,23417.59500000,17125.33500000,25616.65500000,-14.12640070,-0.89507837,-35.97411423,-51.06228533,-31.41302269,-28.35556432,-68.83347151,-26.96899373,32.20361636
